step,time_s,ps0_raw,ps7_raw,ps1_raw,ps2_raw,ps5_raw,ps6_raw,front_m_raw,front_filtered,left_enc,right_enc,delta_d,kalman_estimate,kalman_gain,action
0,0.0,65.12,66.82,70.24,69.97,66.6,62.72,0.1476,0.1143,0.0,0.0,0.0,0.1473,0.995,AVANZAR
1,0.05,65.8,63.39,65.05,62.82,67.43,64.48,0.1476,0.1243,0.4019,0.4019,0.008239,0.1434,0.5037,AVANZAR
2,0.1,72.76,64.94,68.85,63.73,64.21,74.83,0.1475,0.1312,0.8038,0.8038,0.008239,0.1394,0.3437,AVANZAR
3,0.15,57.4,72.76,68.63,58.9,59.89,67.06,0.1476,0.1362,1.1995,1.1995,0.008111,0.1356,0.2667,AVANZAR
4,0.2,61.55,66.33,67.64,67.55,66.83,67.13,0.1477,0.1396,1.6014,1.6014,0.008239,0.1319,0.2228,AVANZAR
5,0.25,64.85,64.64,72.53,70.14,69.83,65.33,0.1476,0.142,2.0033,2.0033,0.008239,0.1284,0.1954,AVANZAR
6,0.3,63.28,63.75,63.42,74.12,70.78,68.15,0.1477,0.1437,2.4052,2.4052,0.008239,0.125,0.1772,AVANZAR
7,0.35,69.68,66.61,65.88,73.49,66.56,68.16,0.1475,0.1448,2.8009,2.8009,0.008111,0.1219,0.1647,AVANZAR
8,0.4,67.73,61.46,67.0,67.11,68.68,62.18,0.1476,0.1457,3.2028,3.2028,0.008239,0.119,0.1559,AVANZAR
9,0.45,67.58,70.97,68.49,69.81,71.24,65.37,0.1475,0.1462,3.6047,3.6047,0.008239,0.1162,0.1496,AVANZAR
10,0.5,67.51,65.36,67.67,69.3,68.28,71.32,0.1476,0.1466,4.0066,4.0066,0.008239,0.1137,0.145,AVANZAR
11,0.55,67.12,66.11,63.06,63.23,63.58,61.21,0.1476,0.1469,4.4086,4.4086,0.008239,0.1115,0.1416,AVANZAR
12,0.6,65.99,62.78,69.81,70.84,67.03,63.98,0.1476,0.1471,4.8042,4.8042,0.008111,0.1095,0.1391,AVANZAR
13,0.65,67.9,66.03,67.01,67.69,68.93,60.3,0.1475,0.1473,5.2061,5.2061,0.008239,0.1076,0.1373,AVANZAR
14,0.7,63.68,70.42,66.65,65.77,69.96,66.86,0.1475,0.1473,5.608,5.608,0.008239,0.1059,0.1359,AVANZAR
15,0.75,62.88,63.62,62.22,69.93,65.16,67.52,0.1477,0.1474,6.01,6.01,0.008239,0.1044,0.1349,AVANZAR
16,0.8,66.72,67.76,66.48,65.9,70.76,62.48,0.1475,0.1475,6.4056,6.4056,0.008111,0.1032,0.1341,AVANZAR
17,0.85,66.86,63.79,71.37,70.3,68.84,67.59,0.1476,0.1475,6.8075,6.8075,0.008239,0.102,0.1335,AVANZAR
18,0.9,61.14,67.01,71.63,66.47,64.54,71.64,0.1477,0.1476,7.2094,7.2094,0.008239,0.1009,0.1331,AVANZAR
19,0.95,70.12,66.98,64.93,64.93,71.0,71.0,0.1475,0.1475,7.6114,7.6114,0.008239,0.1,0.1328,GIRAR_DERECHA
20,1.0,65.18,67.38,68.79,64.52,69.52,64.08,0.1476,0.1475,7.7998,7.4167,-6.4e-05,0.1063,0.1325,AVANZAR
21,1.05,68.43,69.33,61.03,68.19,64.83,66.6,0.1475,0.1475,8.2017,7.8186,0.008239,0.1046,0.1323,AVANZAR
22,1.1,67.39,71.83,69.15,68.03,75.06,72.14,0.1475,0.1475,8.6036,8.2205,0.008239,0.1031,0.1322,AVANZAR
23,1.15,68.11,63.98,69.47,64.82,67.69,68.27,0.1476,0.1475,9.0055,8.6224,0.008239,0.1019,0.1321,AVANZAR
24,1.2,68.53,67.67,60.44,65.41,64.82,68.83,0.1475,0.1475,9.4012,9.0181,0.008111,0.1008,0.132,AVANZAR
25,1.25,71.23,65.15,62.7,67.84,65.63,66.26,0.1475,0.1475,9.8031,9.42,0.008239,0.0998,0.132,GIRAR_DERECHA
26,1.3,66.71,68.11,69.58,68.46,63.89,70.21,0.1475,0.1475,9.9978,9.2316,6.4e-05,0.1061,0.1319,AVANZAR
27,1.35,65.59,67.97,70.75,65.12,72.8,68.88,0.1476,0.1475,10.3934,9.6272,0.008111,0.1045,0.1319,AVANZAR
28,1.4,106.76,66.58,63.82,71.87,64.38,73.34,0.1468,0.1473,10.7953,10.0292,0.008239,0.1029,0.1319,AVANZAR
29,1.45,133.36,75.59,111.0,69.43,65.25,67.81,0.1462,0.147,11.1972,10.4311,0.008239,0.1015,0.1318,AVANZAR
30,1.5,177.93,107.54,141.01,64.7,62.99,75.48,0.1448,0.1463,11.5992,10.833,0.008239,0.1,0.1318,AVANZAR
31,1.55,265.65,134.33,210.08,62.03,61.12,64.77,0.1427,0.1452,11.9948,11.2286,0.008111,0.0986,0.1318,GIRAR_IZQUIERDA
32,1.6,265.51,109.07,248.9,69.99,68.81,69.93,0.1431,0.1446,11.8064,11.4233,6.4e-05,0.1044,0.1318,AVANZAR
33,1.65,389.61,139.15,378.95,65.15,67.94,62.09,0.1403,0.1433,12.2083,11.8252,0.008239,0.102,0.1318,AVANZAR
34,1.7,1596.7,228.8,1558.57,69.27,56.09,70.22,0.1166,0.1353,12.604,12.2272,0.008175,0.0968,0.1318,GIRAR_IZQUIERDA
35,1.75,1534.05,153.91,2003.13,144.95,66.73,65.14,0.1191,0.1304,12.4156,12.4156,-0.0,0.0998,0.1318,GIRAR_IZQUIERDA
36,1.8,939.3,98.26,2057.97,219.91,67.82,69.41,0.131,0.1306,12.2209,12.6102,0.0,0.1039,0.1318,AVANZAR
37,1.85,1526.59,122.12,2611.71,215.91,70.96,69.35,0.1198,0.1274,12.6228,13.0059,0.008175,0.0989,0.1318,GIRAR_IZQUIERDA
38,1.9,728.73,66.01,2568.95,354.17,64.03,67.94,0.1354,0.1298,12.4344,13.2006,6.4e-05,0.1036,0.1318,AVANZAR
39,1.95,656.31,70.03,2423.94,338.79,65.08,61.15,0.1367,0.1319,12.83,13.6025,0.008175,0.1009,0.1318,AVANZAR
40,2.0,638.84,56.3,2339.5,330.04,69.22,61.74,0.1373,0.1335,13.232,13.9981,0.008175,0.0986,0.1318,GIRAR_IZQUIERDA
41,2.05,380.09,68.12,2104.72,501.16,63.57,65.9,0.1418,0.136,13.0436,14.1928,6.4e-05,0.1042,0.1318,AVANZAR
42,2.1,355.76,67.04,2085.65,474.39,63.22,67.88,0.1423,0.1379,13.4455,14.5947,0.008239,0.1021,0.1318,AVANZAR
43,2.15,370.16,70.76,2093.24,493.68,62.88,68.74,0.1419,0.1391,13.8411,14.9904,0.008111,0.1003,0.1318,AVANZAR
44,2.2,363.58,69.6,2081.63,481.31,65.24,66.92,0.1421,0.14,14.243,15.3923,0.008239,0.0986,0.1318,GIRAR_IZQUIERDA
45,2.25,227.98,72.42,1848.14,960.9,69.03,71.59,0.1445,0.1413,14.0546,15.587,6.4e-05,0.1046,0.1318,AVANZAR
46,2.3,208.1,71.34,1736.77,753.43,65.99,66.02,0.1449,0.1424,14.4503,15.9889,0.008175,0.1028,0.1318,AVANZAR
47,2.35,223.77,61.35,1782.36,815.09,74.62,70.77,0.1448,0.1431,14.8522,16.3845,0.008175,0.1013,0.1318,AVANZAR
48,2.4,232.7,64.87,1828.78,885.09,61.83,73.23,0.1446,0.1435,15.2541,16.7864,0.008239,0.0998,0.1318,GIRAR_IZQUIERDA
49,2.45,173.41,65.39,1651.02,1156.02,66.49,66.95,0.1456,0.1442,15.0594,16.9811,0.0,0.1059,0.1318,AVANZAR
50,2.5,283.66,69.96,2100.59,1144.66,68.22,69.37,0.1435,0.144,15.4614,17.3768,0.008175,0.1037,0.1318,AVANZAR
51,2.55,231.67,68.97,1765.04,703.32,68.18,70.51,0.1445,0.1441,15.8633,17.7787,0.008239,0.1019,0.1318,AVANZAR
52,2.6,157.57,69.44,1557.96,1263.34,65.96,69.95,0.1458,0.1446,16.2589,18.1806,0.008175,0.1006,0.1318,AVANZAR
53,2.65,153.14,67.96,1548.75,1285.22,68.5,65.13,0.146,0.145,16.6608,18.5762,0.008175,0.0995,0.1318,GIRAR_IZQUIERDA
54,2.7,130.8,74.72,1408.52,1310.57,65.79,63.58,0.1462,0.1454,16.4724,18.7709,6.4e-05,0.1056,0.1318,AVANZAR
55,2.75,139.65,66.31,1540.64,1489.66,69.1,68.36,0.1462,0.1456,16.8681,19.1728,0.008175,0.1039,0.1318,AVANZAR
56,2.8,139.55,67.11,1526.03,1430.97,73.35,71.5,0.1462,0.1458,17.27,19.5685,0.008175,0.1023,0.1318,AVANZAR
57,2.85,134.36,67.16,1489.51,1450.05,64.54,73.11,0.1463,0.146,17.6719,19.9704,0.008239,0.101,0.1318,AVANZAR
58,2.9,139.93,68.44,1485.48,1407.42,68.14,72.64,0.1462,0.146,18.0738,20.3723,0.008239,0.0998,0.1318,GIRAR_IZQUIERDA
59,2.95,67.03,64.44,677.71,1663.38,64.71,69.04,0.1476,0.1465,17.8792,20.567,0.0,0.1061,0.1318,AVANZAR
60,3.0,71.27,67.16,668.97,1653.0,64.19,69.21,0.1475,0.1468,18.2811,20.9626,0.008175,0.1044,0.1318,AVANZAR
61,3.05,70.91,70.92,643.13,1647.24,64.74,66.09,0.1474,0.147,18.683,21.3646,0.008239,0.1029,0.1318,AVANZAR
62,3.1,74.6,65.6,699.4,1650.0,72.15,62.53,0.1474,0.1471,19.0849,21.7665,0.008239,0.1017,0.1318,AVANZAR
63,3.15,72.45,65.22,647.87,1642.47,71.12,59.83,0.1475,0.1472,19.4806,22.1684,0.008175,0.1006,0.1318,AVANZAR
64,3.2,71.43,66.5,692.64,1645.95,67.63,71.74,0.1475,0.1473,19.8825,22.564,0.008175,0.0997,0.1318,GIRAR_IZQUIERDA
65,3.25,68.68,74.53,453.93,1722.12,70.53,61.79,0.1474,0.1473,19.6941,22.7587,6.4e-05,0.1059,0.1318,AVANZAR
66,3.3,67.94,69.75,376.04,1730.79,67.27,66.38,0.1475,0.1474,20.0897,23.1606,0.008175,0.1043,0.1318,AVANZAR
67,3.35,64.45,62.74,382.21,1738.66,70.98,63.31,0.1477,0.1475,20.4916,23.5563,0.008175,0.1029,0.1318,AVANZAR
68,3.4,66.05,70.69,507.04,1673.8,66.67,68.67,0.1475,0.1475,20.8936,23.9582,0.008239,0.1016,0.1318,AVANZAR
69,3.45,70.1,62.42,507.95,1738.8,66.85,67.55,0.1476,0.1475,21.2955,24.3601,0.008239,0.1005,0.1318,AVANZAR
70,3.5,61.35,70.25,526.67,1718.14,72.05,59.6,0.1476,0.1475,21.6911,24.762,0.008175,0.0996,0.1318,GIRAR_IZQUIERDA
71,3.55,71.45,65.32,320.27,1684.34,75.59,69.6,0.1475,0.1475,21.5027,24.9504,0.0,0.1059,0.1318,AVANZAR
72,3.6,69.92,67.96,355.86,1659.59,74.41,78.15,0.1475,0.1475,21.9046,25.3524,0.008239,0.1043,0.1318,AVANZAR
73,3.65,61.61,68.12,367.17,1687.11,63.95,71.89,0.1476,0.1475,22.3003,25.7543,0.008175,0.1029,0.1318,AVANZAR
74,3.7,68.33,66.87,358.58,1709.86,60.77,70.2,0.1475,0.1475,22.7022,26.1562,0.008239,0.1016,0.1318,AVANZAR
75,3.75,70.23,64.55,369.22,1709.52,68.13,67.25,0.1475,0.1475,23.1041,26.5518,0.008175,0.1006,0.1318,AVANZAR
76,3.8,70.3,63.07,378.18,1734.35,62.29,68.14,0.1476,0.1475,23.506,26.9538,0.008239,0.0996,0.1318,GIRAR_IZQUIERDA
77,3.85,64.98,70.56,219.55,1688.6,67.15,64.19,0.1475,0.1475,23.3114,27.1484,0.0,0.1059,0.1318,AVANZAR
78,3.9,66.78,67.79,205.16,1554.71,69.37,72.66,0.1475,0.1475,23.7133,27.5441,0.008175,0.1043,0.1318,AVANZAR
79,3.95,71.6,72.71,181.02,1340.49,65.08,73.94,0.1474,0.1475,24.1152,27.946,0.008239,0.1028,0.1318,AVANZAR
80,4.0,70.5,69.33,171.53,1076.74,65.43,67.25,0.1474,0.1475,24.5171,28.3479,0.008239,0.1015,0.1318,AVANZAR
81,4.05,62.98,63.91,154.8,827.9,65.44,72.38,0.1477,0.1475,24.9128,28.7498,0.008175,0.1005,0.1318,AVANZAR
82,4.1,66.28,61.19,161.09,654.38,69.64,59.81,0.1477,0.1476,25.3147,29.1518,0.008239,0.0996,0.1318,GIRAR_IZQUIERDA
83,4.15,69.26,67.14,103.26,538.92,68.91,63.69,0.1475,0.1476,25.12,29.3402,-6.4e-05,0.106,0.1318,AVANZAR
84,4.2,64.69,65.47,83.45,438.88,70.86,67.22,0.1476,0.1476,25.5219,29.7421,0.008239,0.1043,0.1318,AVANZAR
85,4.25,67.19,67.65,68.71,351.68,69.81,66.35,0.1475,0.1476,25.9238,30.144,0.008239,0.1028,0.1318,AVANZAR
86,4.3,59.12,68.6,67.32,313.55,63.28,61.23,0.1477,0.1476,26.3258,30.5396,0.008175,0.1016,0.1318,AVANZAR
87,4.35,63.67,65.72,66.23,268.4,64.44,74.04,0.1476,0.1476,26.7277,30.9416,0.008239,0.1006,0.1318,AVANZAR
88,4.4,67.89,69.7,60.83,227.23,70.28,64.1,0.1475,0.1476,27.1233,31.3435,0.008175,0.0996,0.1318,GIRAR_IZQUIERDA
89,4.45,63.89,65.2,62.15,201.04,66.78,73.46,0.1476,0.1476,26.9349,31.5319,0.0,0.106,0.1318,AVANZAR
90,4.5,68.3,64.78,68.67,172.75,66.26,64.26,0.1476,0.1476,27.3368,31.9338,0.008239,0.1043,0.1318,AVANZAR
91,4.55,68.76,66.26,67.9,144.47,65.18,67.06,0.1475,0.1476,27.7325,32.3357,0.008175,0.1029,0.1318,AVANZAR
92,4.6,60.97,66.87,65.11,137.25,73.14,65.22,0.1477,0.1476,28.1344,32.7376,0.008239,0.1016,0.1318,AVANZAR
93,4.65,64.76,64.83,65.87,120.65,65.05,64.65,0.1476,0.1476,28.5363,33.1333,0.008175,0.1006,0.1318,AVANZAR
94,4.7,70.02,68.02,71.71,108.27,69.83,72.8,0.1475,0.1476,28.9382,33.5352,0.008239,0.0996,0.1318,GIRAR_IZQUIERDA
95,4.75,64.95,67.92,70.39,91.87,67.11,62.22,0.1476,0.1476,28.7436,33.7299,-0.0,0.1059,0.1318,AVANZAR
96,4.8,66.34,57.35,67.48,70.04,65.31,69.72,0.1477,0.1476,29.1455,34.1318,0.008239,0.1043,0.1318,AVANZAR
97,4.85,67.67,66.86,66.52,62.74,64.42,64.4,0.1475,0.1476,29.5474,34.5274,0.008175,0.1029,0.1318,AVANZAR
98,4.9,68.65,70.4,65.65,69.81,68.15,72.52,0.1475,0.1476,29.9493,34.9294,0.008239,0.1016,0.1318,AVANZAR
99,4.95,61.44,61.85,66.01,67.45,60.42,67.29,0.1477,0.1476,30.345,35.3313,0.008175,0.1006,0.1318,AVANZAR
100,5.0,69.61,66.11,68.75,65.14,69.41,72.76,0.1475,0.1476,30.7469,35.7332,0.008239,0.0996,0.1318,GIRAR_DERECHA
101,5.05,67.83,67.78,63.51,70.16,67.81,63.36,0.1475,0.1476,30.9416,35.5385,0.0,0.1059,0.1318,AVANZAR
102,5.1,64.34,67.24,74.68,69.19,64.93,67.43,0.1476,0.1476,31.3372,35.9404,0.008175,0.1043,0.1318,AVANZAR
103,5.15,64.15,68.85,65.86,66.65,64.65,64.35,0.1476,0.1476,31.7391,36.3424,0.008239,0.1029,0.1318,AVANZAR
104,5.2,72.4,66.58,69.03,71.64,67.49,69.75,0.1475,0.1475,32.141,36.738,0.008175,0.1016,0.1318,AVANZAR
105,5.25,68.88,56.24,65.29,60.98,66.56,64.17,0.1477,0.1476,32.543,37.1399,0.008239,0.1006,0.1318,AVANZAR
106,5.3,67.24,69.66,68.14,63.76,62.34,60.39,0.1475,0.1476,32.9386,37.5418,0.008175,0.0996,0.1318,GIRAR_IZQUIERDA
107,5.35,66.12,67.25,71.11,64.07,65.51,66.85,0.1476,0.1476,32.7502,37.7365,6.4e-05,0.1059,0.1318,AVANZAR
108,5.4,70.26,63.29,70.91,67.18,66.32,63.28,0.1476,0.1476,33.1521,38.1322,0.008175,0.1043,0.1318,AVANZAR
109,5.45,66.33,71.99,59.25,65.25,66.06,65.38,0.1475,0.1475,33.5478,38.5341,0.008175,0.1029,0.1318,AVANZAR
110,5.5,68.59,68.63,63.19,69.15,66.25,62.65,0.1475,0.1475,33.9497,38.936,0.008239,0.1016,0.1318,AVANZAR
111,5.55,65.39,67.58,68.36,69.38,69.06,72.87,0.1476,0.1475,34.3516,39.3379,0.008239,0.1005,0.1318,AVANZAR
112,5.6,132.04,66.91,141.14,69.96,64.11,69.48,0.1464,0.1472,34.7535,39.7336,0.008175,0.0995,0.1318,GIRAR_IZQUIERDA
113,5.65,112.29,65.95,165.73,62.0,72.75,69.51,0.1467,0.147,34.5588,39.9282,0.0,0.1057,0.1318,AVANZAR
114,5.7,212.07,69.66,381.92,66.8,70.99,68.1,0.1448,0.1464,34.9608,40.3302,0.008239,0.1037,0.1318,AVANZAR
115,5.75,345.1,63.59,774.12,68.48,65.7,70.65,0.1425,0.1452,35.3627,40.7258,0.008175,0.1017,0.1318,AVANZAR
116,5.8,351.08,62.16,725.52,76.35,72.27,70.65,0.1424,0.1444,35.7646,41.1277,0.008239,0.0999,0.1318,GIRAR_IZQUIERDA
117,5.85,326.23,64.87,573.16,63.25,68.37,67.14,0.1428,0.1439,35.5699,41.3224,0.0,0.1056,0.1318,AVANZAR
118,5.9,483.12,66.89,2086.94,71.07,68.33,60.6,0.1399,0.1427,35.9718,41.718,0.008175,0.103,0.1318,AVANZAR
119,5.95,374.25,69.89,1062.13,60.5,67.38,73.9,0.1419,0.1425,36.3738,42.12,0.008239,0.101,0.1318,AVANZAR
120,6.0,346.02,64.81,754.39,65.44,73.2,67.09,0.1425,0.1425,36.7694,42.5219,0.008175,0.0993,0.1318,GIRAR_IZQUIERDA
121,6.05,223.89,66.42,1115.78,70.0,68.99,69.58,0.1447,0.1431,36.581,42.7103,0.0,0.1053,0.1318,AVANZAR
122,6.1,212.22,72.58,1093.69,68.46,67.19,68.85,0.1448,0.1436,36.9829,43.1122,0.008239,0.1034,0.1318,AVANZAR
123,6.15,212.51,69.73,1081.61,65.7,61.42,66.28,0.1448,0.144,37.3786,43.5141,0.008175,0.1017,0.1318,AVANZAR
124,6.2,219.28,72.52,1093.86,70.15,71.77,67.5,0.1447,0.1442,37.7805,43.916,0.008239,0.1002,0.1318,AVANZAR
125,6.25,216.61,68.78,1009.03,66.06,59.75,66.52,0.1448,0.1444,38.1824,44.318,0.008239,0.099,0.1318,GIRAR_IZQUIERDA
126,6.3,140.55,68.42,1001.59,116.87,58.66,63.46,0.1462,0.1449,37.9877,44.5064,-6.4e-05,0.1052,0.1318,AVANZAR
127,6.35,155.28,71.26,1012.44,109.41,63.48,72.95,0.1459,0.1452,38.3896,44.9083,0.008239,0.1034,0.1318,AVANZAR
128,6.4,154.57,72.08,1018.85,114.61,67.83,73.11,0.1458,0.1454,38.7916,45.3102,0.008239,0.1019,0.1318,AVANZAR
129,6.45,68.01,67.88,1079.54,117.39,67.29,69.68,0.1475,0.146,39.1935,45.7121,0.008239,0.1007,0.1318,AVANZAR
130,6.5,66.62,69.01,980.64,125.99,73.14,62.14,0.1475,0.1465,39.5954,46.1078,0.008175,0.0998,0.1318,GIRAR_IZQUIERDA
131,6.55,71.39,64.28,606.51,156.38,68.23,66.79,0.1475,0.1468,39.4007,46.3024,0.0,0.1061,0.1318,AVANZAR
132,6.6,78.57,67.72,448.8,142.79,67.3,60.47,0.1473,0.1469,39.8026,46.7044,0.008239,0.1044,0.1318,AVANZAR
133,6.65,67.83,65.35,69.3,147.62,72.6,64.39,0.1476,0.1471,40.2046,47.1,0.008175,0.103,0.1318,AVANZAR
134,6.7,67.12,67.28,73.66,155.96,71.23,69.6,0.1475,0.1473,40.6002,47.5019,0.008175,0.1017,0.1318,AVANZAR
135,6.75,60.94,62.06,64.48,238.91,65.8,67.89,0.1477,0.1474,41.0021,47.9038,0.008239,0.1006,0.1318,AVANZAR
136,6.8,61.5,64.45,72.06,291.32,71.76,69.95,0.1477,0.1475,41.404,48.3058,0.008239,0.0997,0.1318,GIRAR_IZQUIERDA
137,6.85,62.31,67.11,72.28,66.7,62.98,61.4,0.1476,0.1475,41.2094,48.4942,-6.4e-05,0.1061,0.1318,AVANZAR
138,6.9,65.41,70.1,63.78,69.28,64.97,64.87,0.1475,0.1475,41.6113,48.8961,0.008239,0.1044,0.1318,AVANZAR
139,6.95,66.95,62.89,69.14,67.58,67.15,70.41,0.1476,0.1476,42.0132,49.298,0.008239,0.1029,0.1318,AVANZAR
140,7.0,67.15,66.49,68.82,70.93,64.7,74.35,0.1476,0.1476,42.4151,49.6936,0.008175,0.1017,0.1318,AVANZAR
141,7.05,61.32,71.64,67.63,66.84,66.22,63.99,0.1476,0.1476,42.8108,50.0956,0.008175,0.1006,0.1318,AVANZAR
142,7.1,69.89,66.86,63.64,66.79,70.42,60.58,0.1475,0.1475,43.2127,50.4975,0.008239,0.0997,0.1318,GIRAR_DERECHA
143,7.15,66.9,62.17,70.26,66.57,60.75,73.27,0.1476,0.1476,43.4074,50.3091,6.4e-05,0.1059,0.1318,AVANZAR
144,7.2,65.52,63.23,72.58,61.46,65.01,70.47,0.1476,0.1476,43.8093,50.7047,0.008175,0.1043,0.1318,AVANZAR
145,7.25,63.99,67.36,70.46,64.59,63.1,64.89,0.1476,0.1476,44.2049,51.1066,0.008175,0.1029,0.1318,AVANZAR
146,7.3,63.94,66.73,66.61,67.24,66.24,71.8,0.1476,0.1476,44.6068,51.5086,0.008239,0.1017,0.1318,AVANZAR
147,7.35,70.59,69.51,71.39,65.66,70.48,67.35,0.1474,0.1475,45.0088,51.9042,0.008175,0.1006,0.1318,AVANZAR
148,7.4,68.14,71.76,69.98,65.81,74.47,62.81,0.1474,0.1475,45.4107,52.3061,0.008239,0.0996,0.1318,GIRAR_DERECHA
149,7.45,73.28,73.02,69.14,63.5,65.46,67.42,0.1473,0.1475,45.5991,52.1177,0.0,0.1059,0.1318,AVANZAR
150,7.5,69.39,66.27,65.73,72.8,66.97,68.47,0.1475,0.1475,46.001,52.5196,0.008239,0.1042,0.1318,AVANZAR
151,7.55,70.15,67.31,67.25,66.4,64.76,65.92,0.1475,0.1475,46.4029,52.9153,0.008175,0.1028,0.1318,AVANZAR
152,7.6,62.7,70.06,64.53,64.71,64.12,67.72,0.1476,0.1475,46.7986,53.3172,0.008175,0.1016,0.1318,AVANZAR
153,7.65,67.18,69.48,68.07,62.26,66.04,67.14,0.1475,0.1475,47.2005,53.7191,0.008239,0.1005,0.1318,AVANZAR
154,7.7,63.77,64.13,66.92,64.8,65.42,66.36,0.1477,0.1475,47.6024,54.121,0.008239,0.0996,0.1318,GIRAR_DERECHA
155,7.75,69.4,66.71,63.76,68.34,64.42,70.2,0.1475,0.1475,47.7908,53.9264,-6.4e-05,0.106,0.1318,AVANZAR
156,7.8,66.66,69.22,69.69,71.76,67.6,67.72,0.1475,0.1475,48.1927,54.3283,0.008239,0.1043,0.1318,AVANZAR
157,7.85,63.84,75.33,63.47,65.3,67.55,63.84,0.1475,0.1475,48.5946,54.7302,0.008239,0.1028,0.1318,AVANZAR
158,7.9,64.87,66.4,68.59,66.19,61.24,66.07,0.1476,0.1475,48.9966,55.1258,0.008175,0.1016,0.1318,AVANZAR
159,7.95,67.87,65.18,65.76,64.54,68.41,65.74,0.1476,0.1475,49.3985,55.5278,0.008239,0.1005,0.1318,AVANZAR
160,8.0,64.03,64.48,70.54,66.47,66.21,66.89,0.1476,0.1476,49.7941,55.9297,0.008175,0.0996,0.1318,GIRAR_IZQUIERDA
161,8.05,64.01,74.83,68.59,63.35,66.23,65.1,0.1475,0.1475,49.6057,56.1181,0.0,0.1059,0.1318,AVANZAR
162,8.1,69.6,70.45,65.5,65.87,66.35,61.97,0.1474,0.1475,50.0076,56.52,0.008239,0.1042,0.1318,AVANZAR
163,8.15,71.92,61.75,69.36,66.78,65.59,68.17,0.1476,0.1475,50.4033,56.9219,0.008175,0.1029,0.1318,AVANZAR
164,8.2,110.65,61.9,68.05,64.47,69.76,70.45,0.1468,0.1473,50.8052,57.3238,0.008239,0.1015,0.1318,AVANZAR
165,8.25,124.87,69.07,73.64,71.23,65.86,59.98,0.1464,0.1471,51.2071,57.7195,0.008175,0.1003,0.1318,AVANZAR
166,8.3,126.27,64.35,65.48,66.48,73.28,67.0,0.1465,0.1469,51.609,58.1214,0.008239,0.0993,0.1318,GIRAR_DERECHA
167,8.35,198.97,68.36,65.94,71.09,62.55,68.05,0.1451,0.1464,51.7974,57.933,0.0,0.1053,0.1318,AVANZAR
168,8.4,341.39,66.66,71.71,67.92,67.75,66.72,0.1425,0.1452,52.1994,58.3349,0.008239,0.1031,0.1318,AVANZAR
169,8.45,320.55,67.4,68.61,71.48,69.79,69.49,0.1429,0.1445,52.6013,58.7306,0.008175,0.1012,0.1318,AVANZAR
170,8.5,230.31,68.28,71.73,71.5,70.86,65.36,0.1445,0.1445,52.9969,59.1325,0.008175,0.0998,0.1318,GIRAR_IZQUIERDA
171,8.55,146.31,68.87,58.37,63.26,73.79,64.55,0.1461,0.145,52.8085,59.3272,6.4e-05,0.1059,0.1318,AVANZAR
172,8.6,120.67,69.7,916.34,69.53,64.16,67.58,0.1465,0.1454,53.2104,59.7228,0.008175,0.1041,0.1318,AVANZAR
173,8.65,173.8,66.68,1590.85,71.91,73.99,63.48,0.1456,0.1455,53.6124,60.1247,0.008239,0.1024,0.1318,AVANZAR
174,8.7,158.44,70.76,1416.67,65.43,63.74,64.27,0.1458,0.1456,54.008,60.5266,0.008175,0.101,0.1318,AVANZAR
175,8.75,156.2,68.6,1363.05,72.02,69.59,64.9,0.1459,0.1457,54.4099,60.9286,0.008239,0.0998,0.1318,GIRAR_IZQUIERDA
176,8.8,102.32,62.56,804.59,73.7,74.53,68.61,0.147,0.1461,54.2215,61.117,0.0,0.106,0.1318,AVANZAR
177,8.85,107.63,68.41,727.63,145.56,66.24,69.48,0.1468,0.1463,54.6172,61.5189,0.008175,0.1043,0.1318,AVANZAR
178,8.9,109.45,69.96,1042.65,170.37,67.13,68.84,0.1467,0.1464,55.0191,61.9208,0.008239,0.1027,0.1318,AVANZAR
179,8.95,100.55,65.94,851.92,150.18,63.44,59.54,0.147,0.1466,55.421,62.3227,0.008239,0.1014,0.1318,AVANZAR
180,9.0,105.02,67.64,756.73,152.62,69.47,57.41,0.1468,0.1467,55.8229,62.7184,0.008175,0.1003,0.1318,AVANZAR
181,9.05,108.96,69.51,645.45,157.26,67.77,65.7,0.1467,0.1467,56.2186,63.1203,0.008175,0.0993,0.1318,GIRAR_IZQUIERDA
182,9.1,66.46,66.61,392.92,234.01,64.54,68.5,0.1476,0.1469,56.0302,63.315,6.4e-05,0.1056,0.1318,AVANZAR
183,9.15,68.36,66.81,358.69,211.06,66.38,56.67,0.1475,0.1471,56.4321,63.7169,0.008239,0.104,0.1318,AVANZAR
184,9.2,64.68,69.53,361.23,210.82,68.7,70.21,0.1475,0.1472,56.834,64.1125,0.008175,0.1026,0.1318,AVANZAR
185,9.25,62.09,63.44,383.42,210.75,68.77,63.13,0.1477,0.1474,57.2296,64.5144,0.008175,0.1015,0.1318,AVANZAR
186,9.3,63.36,67.18,390.68,224.21,69.44,64.41,0.1476,0.1475,57.6316,64.9164,0.008239,0.1004,0.1318,AVANZAR
187,9.35,69.63,69.24,62.24,223.45,62.16,63.16,0.1475,0.1475,58.0335,65.3183,0.008239,0.0994,0.1318,GIRAR_IZQUIERDA
188,9.4,65.27,66.67,62.97,345.23,67.72,69.28,0.1476,0.1475,57.8388,65.5067,-6.4e-05,0.1058,0.1318,AVANZAR
189,9.45,68.09,68.17,72.15,326.33,62.36,71.97,0.1475,0.1475,58.2407,65.9086,0.008239,0.1042,0.1318,AVANZAR
190,9.5,63.71,71.56,73.01,346.13,64.37,62.74,0.1475,0.1475,58.6426,66.3105,0.008239,0.1027,0.1318,AVANZAR
191,9.55,67.84,66.21,67.13,65.56,62.2,67.6,0.1475,0.1475,59.0446,66.7062,0.008175,0.1015,0.1318,AVANZAR
192,9.6,62.89,72.15,65.7,64.7,60.17,65.16,0.1475,0.1475,59.4402,67.1081,0.008175,0.1005,0.1318,AVANZAR
193,9.65,68.22,65.17,70.5,69.22,65.65,71.6,0.1476,0.1475,59.8421,67.51,0.008239,0.0996,0.1318,GIRAR_IZQUIERDA
194,9.7,71.95,69.51,65.24,64.74,59.87,63.31,0.1474,0.1475,59.6537,67.7047,6.4e-05,0.1058,0.1318,AVANZAR
195,9.75,67.58,58.77,69.13,66.42,66.18,70.04,0.1477,0.1476,60.0556,68.1003,0.008175,0.1042,0.1318,AVANZAR
196,9.8,72.97,68.56,71.19,68.12,68.05,66.43,0.1474,0.1475,60.4513,68.5022,0.008175,0.1028,0.1318,AVANZAR
197,9.85,65.28,65.19,66.65,66.14,65.3,64.19,0.1476,0.1475,60.8532,68.9042,0.008239,0.1016,0.1318,AVANZAR
198,9.9,64.72,62.02,69.8,64.48,64.46,65.35,0.1477,0.1476,61.2551,69.3061,0.008239,0.1005,0.1318,AVANZAR
199,9.95,64.81,68.18,68.11,74.97,71.52,66.56,0.1476,0.1476,61.657,69.7017,0.008175,0.0996,0.1318,GIRAR_IZQUIERDA
200,10.0,71.4,64.21,69.68,64.77,64.55,65.65,0.1475,0.1476,61.4624,69.8964,0.0,0.1059,0.1318,AVANZAR
201,10.05,58.61,66.5,69.33,70.86,66.78,58.44,0.1477,0.1476,61.8643,70.2983,0.008239,0.1043,0.1318,AVANZAR
202,10.1,64.82,69.12,73.57,67.9,67.14,68.73,0.1475,0.1476,62.2662,70.694,0.008175,0.1029,0.1318,AVANZAR
203,10.15,69.02,69.8,61.3,65.96,60.56,63.35,0.1475,0.1475,62.6618,71.0959,0.008175,0.1016,0.1318,AVANZAR
204,10.2,65.56,70.96,68.67,67.83,61.68,63.72,0.1475,0.1475,63.0638,71.4978,0.008239,0.1005,0.1318,AVANZAR
205,10.25,70.2,67.88,68.27,66.14,69.51,69.26,0.1475,0.1475,63.4657,71.8997,0.008239,0.0996,0.1318,GIRAR_DERECHA
206,10.3,66.09,66.87,63.52,65.32,65.84,67.32,0.1476,0.1475,63.6541,71.705,-6.4e-05,0.1059,0.1318,AVANZAR
207,10.35,65.31,68.26,73.81,65.02,70.64,67.0,0.1476,0.1475,64.056,72.107,0.008239,0.1043,0.1318,AVANZAR
208,10.4,66.39,67.79,64.75,66.34,68.02,64.92,0.1475,0.1475,64.4579,72.5089,0.008239,0.1028,0.1318,AVANZAR
209,10.45,63.48,65.17,71.9,67.89,70.9,68.81,0.1476,0.1476,64.8598,72.9045,0.008175,0.1016,0.1318,AVANZAR
210,10.5,66.85,65.72,72.91,69.36,70.03,65.53,0.1476,0.1476,65.2555,73.3064,0.008175,0.1006,0.1318,AVANZAR
211,10.55,72.62,63.43,67.88,65.66,67.68,63.12,0.1475,0.1476,65.6574,73.7084,0.008239,0.0996,0.1318,GIRAR_IZQUIERDA
212,10.6,65.72,72.45,63.8,72.89,66.18,70.01,0.1475,0.1475,65.469,73.903,6.4e-05,0.1059,0.1318,AVANZAR
213,10.65,73.29,68.47,68.16,70.28,70.18,64.69,0.1474,0.1475,65.8709,74.2987,0.008175,0.1042,0.1318,AVANZAR
214,10.7,69.72,67.4,62.23,65.69,63.61,67.45,0.1475,0.1475,66.2666,74.7006,0.008175,0.1028,0.1318,AVANZAR
215,10.75,65.05,68.32,68.48,65.61,68.94,71.22,0.1476,0.1475,66.6685,75.1025,0.008239,0.1016,0.1318,AVANZAR
216,10.8,71.49,67.86,64.85,67.93,69.85,63.72,0.1474,0.1475,67.0704,75.5044,0.008239,0.1005,0.1318,AVANZAR
217,10.85,67.11,63.48,71.54,67.92,61.35,69.39,0.1476,0.1475,67.4723,75.9001,0.008175,0.0996,0.1318,GIRAR_IZQUIERDA
218,10.9,61.26,66.1,63.21,69.92,62.44,69.51,0.1477,0.1476,67.2776,76.0948,0.0,0.1059,0.1318,AVANZAR
219,10.95,67.31,69.3,63.05,66.45,66.9,66.65,0.1475,0.1475,67.6796,76.4967,0.008239,0.1042,0.1318,AVANZAR
220,11.0,67.03,72.51,70.85,70.45,70.43,64.22,0.1474,0.1475,68.0815,76.8923,0.008175,0.1028,0.1318,AVANZAR
221,11.05,70.39,67.45,63.67,65.86,67.87,64.02,0.1475,0.1475,68.4771,77.2942,0.008175,0.1016,0.1318,AVANZAR
222,11.1,60.6,63.04,76.0,62.98,65.95,67.09,0.1477,0.1476,68.879,77.6962,0.008239,0.1005,0.1318,AVANZAR
223,11.15,71.46,65.35,60.51,69.94,70.33,64.3,0.1475,0.1476,69.281,78.0981,0.008239,0.0996,0.1318,GIRAR_DERECHA
224,11.2,73.33,68.11,70.87,66.58,70.52,64.28,0.1474,0.1475,69.4694,77.9034,-6.4e-05,0.1059,0.1318,AVANZAR
225,11.25,74.26,67.58,70.6,68.19,71.39,66.49,0.1474,0.1475,69.8713,78.3053,0.008239,0.1043,0.1318,AVANZAR
226,11.3,66.35,70.61,62.01,66.0,62.15,61.81,0.1475,0.1475,70.2732,78.7072,0.008239,0.1028,0.1318,AVANZAR
227,11.35,68.47,66.22,64.88,62.56,65.54,64.75,0.1475,0.1475,70.6751,79.1092,0.008239,0.1015,0.1318,AVANZAR
228,11.4,64.19,68.85,65.86,66.57,60.29,68.49,0.1476,0.1475,71.0708,79.5048,0.008111,0.1006,0.1318,AVANZAR
229,11.45,67.2,66.61,68.98,65.92,65.21,60.27,0.1475,0.1475,71.4727,79.9067,0.008239,0.0996,0.1318,GIRAR_IZQUIERDA
230,11.5,66.81,65.97,67.17,66.47,70.49,71.54,0.1476,0.1475,71.2843,80.1014,6.4e-05,0.1059,0.1318,AVANZAR
231,11.55,62.44,69.16,66.98,73.53,66.71,65.65,0.1476,0.1476,71.6862,80.497,0.008175,0.1043,0.1318,AVANZAR
232,11.6,63.04,68.62,66.45,60.59,69.95,66.59,0.1476,0.1476,72.0818,80.899,0.008175,0.1029,0.1318,AVANZAR
233,11.65,63.27,73.43,68.31,68.43,66.06,73.2,0.1475,0.1475,72.4838,81.3009,0.008239,0.1016,0.1318,AVANZAR
234,11.7,70.78,67.62,62.13,72.82,67.86,64.04,0.1475,0.1475,72.8857,81.7028,0.008239,0.1005,0.1318,AVANZAR
235,11.75,68.16,62.97,65.96,70.37,67.67,66.56,0.1476,0.1475,73.2876,82.0984,0.008175,0.0996,0.1318,GIRAR_IZQUIERDA
236,11.8,65.65,64.23,71.18,69.01,64.57,62.21,0.1476,0.1476,73.0929,82.2931,0.0,0.1059,0.1318,AVANZAR
237,11.85,65.34,65.18,66.14,67.8,61.74,67.59,0.1476,0.1476,73.4948,82.695,0.008239,0.1043,0.1318,AVANZAR
238,11.9,64.88,67.39,72.1,71.02,63.51,69.7,0.1476,0.1476,73.8968,83.0907,0.008175,0.1029,0.1318,AVANZAR
239,11.95,61.7,67.69,68.65,65.47,67.52,68.04,0.1476,0.1476,74.2924,83.4926,0.008175,0.1017,0.1318,AVANZAR
240,12.0,72.41,69.59,62.62,62.96,67.96,69.54,0.1474,0.1475,74.6943,83.8945,0.008239,0.1005,0.1318,AVANZAR
241,12.05,72.74,70.86,63.23,63.58,67.31,66.28,0.1474,0.1475,75.0962,84.2964,0.008239,0.0996,0.1318,GIRAR_DERECHA
242,12.1,63.57,65.02,65.74,69.99,71.45,64.01,0.1476,0.1475,75.2846,84.1018,-6.4e-05,0.106,0.1318,AVANZAR
243,12.15,67.25,75.02,67.8,69.64,69.84,66.9,0.1474,0.1475,75.6866,84.5037,0.008239,0.1043,0.1318,AVANZAR
244,12.2,63.79,64.34,68.22,72.86,65.57,66.4,0.1477,0.1475,76.0885,84.9056,0.008239,0.1028,0.1318,AVANZAR
245,12.25,68.15,71.6,66.76,65.52,63.65,67.3,0.1474,0.1475,76.4904,85.3075,0.008239,0.1016,0.1318,AVANZAR
246,12.3,66.31,65.36,66.25,66.83,69.28,65.98,0.1476,0.1475,76.8923,85.7032,0.008175,0.1005,0.1318,AVANZAR
247,12.35,64.14,65.62,65.71,69.94,61.46,68.39,0.1476,0.1476,77.288,86.1051,0.008175,0.0996,0.1318,GIRAR_IZQUIERDA
248,12.4,66.22,61.78,62.05,68.37,66.47,69.92,0.1477,0.1476,77.0996,86.2998,6.4e-05,0.1059,0.1318,AVANZAR
249,12.45,68.45,66.7,63.06,68.56,68.33,66.75,0.1475,0.1476,77.5015,86.6954,0.008175,0.1043,0.1318,AVANZAR
250,12.5,68.46,63.09,61.65,72.45,65.68,68.21,0.1476,0.1476,77.8971,87.0973,0.008175,0.1029,0.1318,AVANZAR
251,12.55,63.41,66.39,71.43,64.62,65.54,72.18,0.1476,0.1476,78.299,87.4992,0.008239,0.1016,0.1318,AVANZAR
252,12.6,67.87,69.4,66.89,70.42,76.16,67.0,0.1475,0.1476,78.701,87.9012,0.008239,0.1005,0.1318,AVANZAR
253,12.65,66.79,60.02,64.78,68.69,61.63,64.59,0.1477,0.1476,79.1029,88.3031,0.008239,0.0996,0.1318,GIRAR_IZQUIERDA
254,12.7,66.46,68.25,65.26,66.38,64.36,67.26,0.1475,0.1476,78.9082,88.4915,-6.4e-05,0.106,0.1318,AVANZAR
255,12.75,68.34,63.03,69.02,67.26,64.86,67.55,0.1476,0.1476,79.3101,88.8934,0.008239,0.1043,0.1318,AVANZAR
256,12.8,63.03,63.61,67.9,67.87,68.44,62.2,0.1477,0.1476,79.712,89.2953,0.008239,0.1029,0.1318,AVANZAR
257,12.85,67.13,70.12,60.26,67.82,66.3,65.18,0.1475,0.1476,80.1077,89.691,0.008111,0.1017,0.1318,AVANZAR
258,12.9,69.85,68.59,67.19,61.69,62.14,67.4,0.1475,0.1475,80.5096,90.0929,0.008239,0.1006,0.1318,AVANZAR
259,12.95,71.38,60.55,68.94,62.89,67.31,69.96,0.1476,0.1476,80.9115,90.4948,0.008239,0.0996,0.1318,GIRAR_DERECHA
260,13.0,68.63,67.1,64.99,66.47,66.27,71.92,0.1475,0.1475,81.0999,90.3001,-6.4e-05,0.106,0.1318,AVANZAR
261,13.05,71.24,66.39,64.88,66.2,68.34,71.1,0.1475,0.1475,81.5018,90.702,0.008239,0.1043,0.1318,AVANZAR
262,13.1,62.85,69.33,65.64,65.29,63.11,70.54,0.1476,0.1475,81.9038,91.104,0.008239,0.1028,0.1318,AVANZAR
263,13.15,67.07,67.98,64.59,67.41,62.12,72.53,0.1475,0.1475,82.3057,91.5059,0.008239,0.1016,0.1318,AVANZAR
264,13.2,65.58,75.48,65.91,64.24,62.2,68.12,0.1474,0.1475,82.7076,91.9015,0.008175,0.1005,0.1318,AVANZAR
265,13.25,67.07,72.06,63.61,66.78,64.35,66.21,0.1475,0.1475,83.1032,92.3034,0.008175,0.0996,0.1318,GIRAR_DERECHA
266,13.3,69.78,66.41,69.4,69.07,65.77,69.94,0.1475,0.1475,83.2979,92.115,6.4e-05,0.1059,0.1318,AVANZAR
267,13.35,67.91,66.68,69.45,62.74,70.8,65.02,0.1475,0.1475,83.6998,92.5107,0.008175,0.1043,0.1318,AVANZAR
268,13.4,63.04,68.82,66.94,69.23,69.03,60.51,0.1476,0.1475,84.0955,92.9126,0.008175,0.1029,0.1318,AVANZAR
269,13.45,68.66,67.92,67.89,66.2,63.06,67.32,0.1475,0.1475,84.4974,93.3145,0.008239,0.1016,0.1318,AVANZAR
270,13.5,65.66,63.6,66.49,69.38,67.63,67.01,0.1476,0.1476,84.8993,93.7164,0.008239,0.1005,0.1318,AVANZAR
271,13.55,63.85,67.0,67.77,68.76,70.68,69.95,0.1476,0.1476,85.3012,94.1184,0.008239,0.0996,0.1318,GIRAR_DERECHA
272,13.6,65.31,68.94,61.65,64.83,70.94,72.47,0.1475,0.1476,85.4896,93.9237,-6.4e-05,0.1059,0.1318,AVANZAR
273,13.65,64.18,68.21,67.71,62.46,70.68,64.2,0.1476,0.1476,85.8916,94.3256,0.008239,0.1043,0.1318,AVANZAR
274,13.7,67.59,69.98,61.72,71.42,65.18,67.15,0.1475,0.1475,86.2935,94.7275,0.008239,0.1028,0.1318,AVANZAR
275,13.75,67.69,62.36,66.55,64.94,68.94,67.89,0.1476,0.1476,86.6891,95.1232,0.008111,0.1017,0.1318,AVANZAR
276,13.8,66.9,61.27,62.64,67.99,63.46,70.23,0.1477,0.1476,87.091,95.5251,0.008239,0.1006,0.1318,AVANZAR
277,13.85,69.15,66.14,68.27,65.39,74.0,67.38,0.1475,0.1476,87.493,95.927,0.008239,0.0996,0.1318,GIRAR_DERECHA
278,13.9,62.64,73.44,66.37,68.59,62.5,65.88,0.1475,0.1476,87.6876,95.7323,0.0,0.1059,0.1318,AVANZAR
279,13.95,62.45,73.63,64.29,69.57,68.12,69.83,0.1475,0.1475,88.0833,96.1342,0.008175,0.1043,0.1318,AVANZAR
280,14.0,69.7,66.46,64.28,67.88,66.96,67.17,0.1475,0.1475,88.4852,96.5362,0.008239,0.1028,0.1318,AVANZAR
281,14.05,62.82,72.38,69.49,66.93,67.89,73.37,0.1475,0.1475,88.8871,96.9381,0.008239,0.1016,0.1318,AVANZAR
282,14.1,69.63,68.22,68.22,71.58,70.32,68.24,0.1475,0.1475,89.289,97.3337,0.008175,0.1005,0.1318,AVANZAR
283,14.15,67.18,90.43,70.04,70.09,70.03,71.64,0.1471,0.1474,89.6847,97.7356,0.008175,0.0996,0.1318,GIRAR_DERECHA
284,14.2,63.84,99.72,71.1,69.08,72.07,61.97,0.147,0.1473,89.8794,97.5472,6.4e-05,0.1058,0.1318,AVANZAR
285,14.25,63.94,114.27,65.79,68.82,65.39,71.13,0.1467,0.1471,90.2813,97.9429,0.008175,0.1041,0.1318,AVANZAR
286,14.3,109.65,151.37,68.14,68.97,69.28,109.02,0.1452,0.1465,90.6769,98.3448,0.008175,0.1024,0.1318,AVANZAR
287,14.35,144.9,235.08,68.88,66.86,70.65,160.11,0.143,0.1455,91.0788,98.7467,0.008239,0.1006,0.1318,AVANZAR
288,14.4,218.79,396.77,65.93,70.56,68.08,247.48,0.1387,0.1435,91.4808,99.1486,0.008239,0.0985,0.1318,GIRAR_DERECHA
289,14.45,157.12,391.84,71.54,75.03,70.51,328.47,0.1399,0.1424,91.6692,98.954,-6.4e-05,0.104,0.1318,AVANZAR
290,14.5,245.06,1226.84,65.63,73.86,69.16,734.06,0.123,0.1366,92.0711,99.3559,0.008239,0.0993,0.1318,GIRAR_DERECHA
291,14.55,211.47,1504.89,68.85,67.91,94.63,1546.59,0.1186,0.1312,92.2658,99.1612,0.0,0.1019,0.1318,AVANZAR
292,14.6,224.93,1376.02,68.24,73.72,68.9,1172.84,0.1207,0.128,92.6614,99.5631,0.008175,0.0973,0.1318,GIRAR_DERECHA
293,14.65,223.47,1459.37,67.1,70.95,66.2,1237.53,0.1192,0.1254,92.8561,99.3684,0.0,0.1001,0.1318,AVANZAR
294,14.7,373.83,1936.24,65.82,69.69,68.86,1472.82,0.1077,0.1201,93.2517,99.7704,0.008175,0.094,0.1318,GIRAR_DERECHA
295,14.75,362.83,1891.46,65.78,67.27,68.07,1409.7,0.1087,0.1167,93.4464,99.582,6.4e-05,0.0959,0.1318,GIRAR_DERECHA
296,14.8,231.36,1751.18,67.73,64.36,106.6,1840.85,0.1137,0.1158,93.6348,99.3873,-6.4e-05,0.0983,0.1318,GIRAR_DERECHA
297,14.85,139.76,1435.61,65.5,67.76,164.13,2058.71,0.1212,0.1174,93.8295,99.1926,0.0,0.1013,0.1318,AVANZAR
298,14.9,135.62,1416.31,65.27,71.19,144.35,2042.34,0.1216,0.1186,94.2314,99.5945,0.008239,0.0968,0.1318,GIRAR_DERECHA
299,14.95,77.64,875.45,71.11,67.95,254.44,2146.95,0.1325,0.1228,94.4198,99.4061,0.0,0.1016,0.1318,AVANZAR
300,15.0,72.97,863.69,69.02,62.29,261.7,2160.51,0.1328,0.1258,94.8217,99.808,0.008239,0.0985,0.1318,GIRAR_DERECHA
301,15.05,71.36,419.77,63.18,65.44,380.51,2116.6,0.141,0.1304,95.0101,99.6134,-6.4e-05,0.1042,0.1318,AVANZAR
302,15.1,63.48,438.25,71.71,63.53,389.51,2109.31,0.1408,0.1335,95.412,100.0153,0.008239,0.1019,0.1318,AVANZAR
303,15.15,71.41,443.03,61.85,66.32,376.57,2124.26,0.1406,0.1356,95.814,100.4172,0.008239,0.0998,0.1318,GIRAR_DERECHA
304,15.2,67.86,290.26,68.58,63.11,588.28,1958.14,0.1434,0.138,96.0086,100.2225,0.0,0.1056,0.1318,AVANZAR
305,15.25,64.26,278.36,59.04,71.11,518.11,1839.33,0.1437,0.1397,96.4043,100.6244,0.008175,0.1035,0.1318,AVANZAR
306,15.3,67.61,290.03,67.5,64.65,550.86,1909.75,0.1435,0.1408,96.8062,101.0264,0.008239,0.1016,0.1318,AVANZAR
307,15.35,57.26,297.92,64.27,66.19,660.3,1936.13,0.1435,0.1416,97.2081,101.422,0.008175,0.1,0.1318,AVANZAR
308,15.4,65.55,292.9,69.91,69.06,577.54,1943.27,0.1434,0.1422,97.61,101.8239,0.008239,0.0986,0.1318,GIRAR_DERECHA
309,15.45,71.07,170.56,63.67,65.02,1225.1,1629.51,0.1456,0.1432,97.7984,101.6355,0.0,0.1048,0.1318,AVANZAR
310,15.5,61.99,173.89,62.51,71.21,1194.06,1649.63,0.1457,0.1439,98.2004,102.0312,0.008175,0.1031,0.1318,AVANZAR
311,15.55,66.16,176.07,69.2,63.96,1203.52,1652.85,0.1456,0.1444,98.6023,102.4331,0.008239,0.1015,0.1318,AVANZAR
312,15.6,68.78,173.09,67.45,66.28,1218.48,1659.37,0.1456,0.1448,99.0042,102.835,0.008239,0.1002,0.1318,AVANZAR
313,15.65,70.44,171.97,60.67,65.21,1209.72,1655.07,0.1456,0.145,99.3998,103.2369,0.008175,0.0991,0.1318,GIRAR_DERECHA
314,15.7,70.32,111.03,65.28,63.73,1580.32,1042.77,0.1467,0.1455,99.5945,103.0422,0.0,0.1053,0.1318,AVANZAR
315,15.75,71.17,98.62,63.58,62.32,1506.63,992.98,0.1469,0.1459,99.9964,103.4442,0.008239,0.1037,0.1318,AVANZAR
316,15.8,65.62,110.68,62.54,74.9,1551.8,1021.16,0.1468,0.1462,100.3921,103.8461,0.008175,0.1022,0.1318,AVANZAR
317,15.85,69.61,110.89,69.56,71.32,1552.94,1011.73,0.1467,0.1463,100.794,104.248,0.008239,0.1009,0.1318,AVANZAR
318,15.9,66.57,106.12,73.49,63.52,1567.49,1038.7,0.1468,0.1465,101.1959,104.6436,0.008175,0.0999,0.1318,GIRAR_DERECHA
319,15.95,64.63,66.46,66.61,62.26,1702.07,460.7,0.1476,0.1468,101.3843,104.4552,0.0,0.1062,0.1318,AVANZAR
320,16.0,68.05,71.35,63.58,64.2,1708.62,464.69,0.1474,0.147,101.7862,104.8572,0.008239,0.1045,0.1318,AVANZAR
321,16.05,64.68,65.43,59.82,69.07,1716.42,459.16,0.1476,0.1472,102.1882,105.2528,0.008175,0.1031,0.1318,AVANZAR
322,16.1,69.72,67.05,67.83,69.04,1693.08,453.76,0.1475,0.1473,102.5901,105.6547,0.008239,0.1018,0.1318,AVANZAR
323,16.15,62.31,62.47,68.97,67.56,1727.3,447.49,0.1477,0.1474,102.992,106.0566,0.008239,0.1007,0.1318,AVANZAR
324,16.2,67.95,68.92,64.23,67.32,1698.72,451.06,0.1475,0.1474,103.3876,106.4586,0.008175,0.0997,0.1318,GIRAR_DERECHA
325,16.25,71.34,71.62,67.62,61.54,1708.9,273.06,0.1474,0.1474,103.5823,106.2639,-0.0,0.106,0.1318,AVANZAR
326,16.3,64.02,73.9,61.13,68.4,1618.46,262.73,0.1475,0.1474,103.9842,106.6658,0.008239,0.1043,0.1318,AVANZAR
327,16.35,68.77,65.22,69.31,64.75,1541.75,248.29,0.1475,0.1475,104.3799,107.0677,0.008175,0.1029,0.1318,AVANZAR
328,16.4,71.92,68.0,67.78,69.07,1430.11,228.58,0.1474,0.1475,104.7818,107.4634,0.008175,0.1017,0.1318,AVANZAR
329,16.45,63.92,72.98,69.22,62.52,1256.94,217.68,0.1475,0.1475,105.1837,107.8653,0.008239,0.1006,0.1318,AVANZAR
330,16.5,69.82,69.6,65.52,73.34,1190.87,215.96,0.1474,0.1475,105.5856,108.2672,0.008239,0.0996,0.1318,GIRAR_DERECHA
331,16.55,71.65,72.63,65.76,71.32,1002.63,134.98,0.1474,0.1474,105.774,108.0788,0.0,0.1059,0.1318,AVANZAR
332,16.6,68.08,70.8,67.34,67.24,642.91,111.29,0.1475,0.1474,106.176,108.4744,0.008175,0.1043,0.1318,AVANZAR
333,16.65,64.05,74.17,61.05,67.13,520.2,104.2,0.1475,0.1474,106.5779,108.8764,0.008239,0.1028,0.1318,AVANZAR
334,16.7,68.15,66.35,64.36,67.29,405.05,106.14,0.1475,0.1475,106.9735,109.2783,0.008175,0.1016,0.1318,AVANZAR
335,16.75,68.05,67.69,66.04,64.46,355.97,87.76,0.1475,0.1475,107.3754,109.6802,0.008239,0.1005,0.1318,AVANZAR
336,16.8,63.77,67.61,69.05,67.98,332.13,71.49,0.1476,0.1475,107.7774,110.0758,0.008175,0.0996,0.1318,GIRAR_DERECHA
337,16.85,64.03,67.63,65.44,66.12,290.16,60.96,0.1476,0.1475,107.972,109.8874,6.4e-05,0.1059,0.1318,AVANZAR
338,16.9,71.27,63.5,71.68,72.4,237.79,65.13,0.1475,0.1475,108.3677,110.2894,0.008175,0.1043,0.1318,AVANZAR
339,16.95,70.69,64.89,65.71,63.84,203.31,65.21,0.1475,0.1475,108.7696,110.685,0.008175,0.1029,0.1318,AVANZAR
340,17.0,67.08,67.72,67.14,64.59,168.46,68.44,0.1475,0.1475,109.1715,111.0869,0.008239,0.1016,0.1318,AVANZAR
341,17.05,67.55,66.68,64.22,67.01,147.28,68.87,0.1475,0.1475,109.5734,111.4888,0.008239,0.1005,0.1318,AVANZAR
342,17.1,64.35,70.1,64.88,62.62,133.09,65.92,0.1475,0.1475,109.9691,111.8908,0.008175,0.0996,0.1318,GIRAR_DERECHA
343,17.15,66.14,62.08,62.99,70.19,117.55,68.09,0.1477,0.1476,110.1638,111.6961,-0.0,0.1059,0.1318,AVANZAR
344,17.2,67.3,68.49,67.26,66.69,107.11,72.33,0.1475,0.1476,110.5657,112.098,0.008239,0.1043,0.1318,AVANZAR
345,17.25,70.32,67.54,68.54,60.5,84.85,64.57,0.1475,0.1475,110.9613,112.4999,0.008175,0.1029,0.1318,AVANZAR
346,17.3,56.39,74.66,70.81,69.73,63.03,66.91,0.1476,0.1476,111.3632,112.8956,0.008175,0.1017,0.1318,AVANZAR
347,17.35,63.7,100.15,64.02,66.62,70.4,107.84,0.147,0.1474,111.7652,113.2975,0.008239,0.1005,0.1318,AVANZAR
348,17.4,67.87,132.69,61.44,63.17,66.75,129.47,0.1463,0.1471,112.1671,113.6994,0.008239,0.0994,0.1318,GIRAR_DERECHA
349,17.45,63.94,119.33,62.76,71.32,68.23,137.51,0.1466,0.1469,112.3555,113.511,0.0,0.1056,0.1318,AVANZAR
350,17.5,69.75,155.22,66.54,64.43,69.84,167.86,0.1459,0.1466,112.7574,113.9066,0.008175,0.1038,0.1318,AVANZAR
351,17.55,66.44,212.47,70.25,77.53,72.06,260.68,0.1449,0.1461,113.1593,114.3086,0.008239,0.1021,0.1318,AVANZAR
352,17.6,96.78,345.12,61.77,63.62,89.64,458.4,0.1419,0.1448,113.5612,114.7105,0.008239,0.1002,0.1318,AVANZAR
353,17.65,129.51,897.3,65.0,66.12,114.96,1522.54,0.1312,0.1408,113.9569,115.1124,0.008175,0.0972,0.1318,GIRAR_DERECHA
354,17.7,63.72,533.61,63.35,63.47,201.44,1672.91,0.1391,0.1402,114.1516,114.9177,0.0,0.1027,0.1318,AVANZAR
355,17.75,70.04,569.61,66.37,66.53,198.86,1780.23,0.1383,0.1397,114.5535,115.3196,0.008239,0.1002,0.1318,AVANZAR
356,17.8,114.72,1349.45,66.51,65.55,212.78,2334.63,0.1232,0.1347,114.9491,115.7153,0.008111,0.0962,0.1318,GIRAR_DERECHA
357,17.85,114.02,1051.42,61.15,69.66,202.06,2012.56,0.1287,0.1329,115.1438,115.5269,6.4e-05,0.1004,0.1318,AVANZAR
358,17.9,106.74,1132.0,69.32,66.59,194.06,2030.95,0.1273,0.1312,115.5457,115.9288,0.008239,0.0968,0.1318,GIRAR_DERECHA
359,17.95,72.93,828.55,69.59,69.69,251.1,2104.63,0.1335,0.1319,115.7341,115.7341,-6.4e-05,0.1017,0.1318,AVANZAR
360,18.0,80.26,815.07,66.86,65.38,252.9,2096.56,0.1336,0.1324,116.136,116.136,0.008239,0.0988,0.1318,GIRAR_DERECHA
361,18.05,71.81,455.45,65.56,67.45,377.52,2111.0,0.1403,0.1348,116.3244,115.9414,-6.4e-05,0.1043,0.1318,AVANZAR
362,18.1,68.72,356.5,67.12,66.8,356.92,1907.35,0.1422,0.137,116.7264,116.3433,0.008239,0.1021,0.1318,AVANZAR
363,18.15,62.03,382.47,64.38,71.14,379.76,1985.07,0.1419,0.1385,117.1283,116.7452,0.008239,0.1002,0.1318,AVANZAR
364,18.2,64.88,383.58,68.78,68.06,396.84,2028.21,0.1418,0.1395,117.5302,117.1471,0.008239,0.0985,0.1318,GIRAR_DERECHA
365,18.25,64.71,264.36,61.86,66.46,683.97,1908.74,0.144,0.1408,117.7186,116.9524,-6.4e-05,0.1046,0.1318,AVANZAR
366,18.3,68.9,265.45,68.2,64.94,705.23,1914.86,0.1439,0.1417,118.1205,117.3544,0.008239,0.1026,0.1318,AVANZAR
367,18.35,60.85,272.64,67.63,66.93,676.91,1945.32,0.1439,0.1424,118.5224,117.7563,0.008239,0.1009,0.1318,AVANZAR
368,18.4,65.84,256.53,64.09,71.73,644.66,1933.15,0.1441,0.1429,118.9181,118.1519,0.008111,0.0995,0.1318,GIRAR_DERECHA
369,18.45,64.22,158.14,67.67,70.45,1258.91,1598.44,0.1459,0.1438,119.1128,117.9635,6.4e-05,0.1056,0.1318,AVANZAR
370,18.5,66.58,164.59,69.41,73.27,1310.11,1581.24,0.1458,0.1444,119.5147,118.3654,0.008239,0.1037,0.1318,AVANZAR
371,18.55,64.33,163.15,65.58,64.23,1258.63,1593.23,0.1458,0.1448,119.9166,118.7611,0.008175,0.1022,0.1318,AVANZAR
372,18.6,71.44,151.02,69.78,70.97,1254.82,1604.4,0.1459,0.1452,120.3122,119.163,0.008175,0.1009,0.1318,AVANZAR
373,18.65,67.61,150.36,66.16,67.11,1275.67,1598.46,0.146,0.1454,120.7142,119.5649,0.008239,0.0997,0.1318,GIRAR_DERECHA
374,18.7,63.48,102.12,67.68,66.43,1600.55,885.35,0.147,0.1459,120.9088,119.3702,-0.0,0.1059,0.1318,AVANZAR
375,18.75,67.06,98.28,67.3,64.97,1537.53,835.32,0.147,0.1462,121.3045,119.7722,0.008175,0.1042,0.1318,AVANZAR
376,18.8,68.47,100.09,70.13,67.6,1579.94,947.26,0.1469,0.1464,121.7064,120.1741,0.008239,0.1027,0.1318,AVANZAR
377,18.85,69.78,102.87,62.68,66.9,1574.12,956.2,0.1468,0.1465,122.1083,120.576,0.008239,0.1013,0.1318,AVANZAR
378,18.9,68.56,108.84,66.33,71.97,1581.86,918.79,0.1468,0.1466,122.5102,120.9779,0.008239,0.1002,0.1318,AVANZAR
379,18.95,69.82,99.8,69.53,68.03,1562.66,936.67,0.1469,0.1467,122.9059,121.3736,0.008111,0.0993,0.1318,GIRAR_DERECHA
380,19.0,67.74,75.02,69.75,72.44,1711.02,460.99,0.1474,0.1469,123.1006,121.1852,6.4e-05,0.1056,0.1318,AVANZAR
381,19.05,63.72,65.53,65.16,63.88,1692.19,442.17,0.1476,0.1471,123.5025,121.5871,0.008239,0.104,0.1318,AVANZAR
382,19.1,70.07,68.49,68.22,67.26,1704.46,500.77,0.1475,0.1472,123.9044,121.9827,0.008175,0.1026,0.1318,AVANZAR
383,19.15,65.72,69.72,66.2,68.26,1708.82,498.82,0.1475,0.1473,124.3,122.3846,0.008175,0.1014,0.1318,AVANZAR
384,19.2,66.07,71.46,70.05,66.12,1678.58,478.66,0.1475,0.1474,124.702,122.7866,0.008239,0.1003,0.1318,AVANZAR
385,19.25,72.49,63.28,69.25,64.97,1706.52,477.06,0.1475,0.1474,125.1039,123.1885,0.008239,0.0994,0.1318,GIRAR_DERECHA
386,19.3,72.53,64.82,68.44,68.32,1711.83,279.76,0.1475,0.1474,125.2923,122.9938,-6.4e-05,0.1058,0.1318,AVANZAR
387,19.35,73.17,64.64,65.81,64.31,1633.51,267.28,0.1475,0.1474,125.6942,123.3957,0.008239,0.1041,0.1318,AVANZAR
388,19.4,65.18,64.87,62.74,72.22,1553.01,268.7,0.1476,0.1475,126.0961,123.7976,0.008239,0.1027,0.1318,AVANZAR
389,19.45,67.9,68.0,63.72,67.81,1459.19,247.81,0.1475,0.1475,126.498,124.1996,0.008239,0.1015,0.1318,AVANZAR
390,19.5,66.29,62.91,68.44,67.04,1395.98,242.6,0.1476,0.1475,126.8937,124.5952,0.008111,0.1005,0.1318,AVANZAR
391,19.55,65.2,66.88,68.77,68.29,1246.1,217.91,0.1476,0.1476,127.2956,124.9971,0.008239,0.0996,0.1318,GIRAR_DERECHA
392,19.6,66.38,65.77,67.41,67.77,1114.45,146.84,0.1476,0.1476,127.4903,124.8087,6.4e-05,0.1058,0.1318,AVANZAR
393,19.65,69.41,66.12,64.39,69.89,731.72,117.42,0.1475,0.1475,127.8922,125.2044,0.008175,0.1042,0.1318,AVANZAR
394,19.7,65.1,63.69,66.33,67.93,536.36,111.62,0.1476,0.1476,128.2878,125.6063,0.008175,0.1028,0.1318,AVANZAR
395,19.75,67.34,70.5,66.27,66.56,442.27,106.72,0.1475,0.1475,128.6898,126.0082,0.008239,0.1016,0.1318,AVANZAR
396,19.8,69.02,67.8,62.58,67.63,367.79,97.69,0.1475,0.1475,129.0917,126.4101,0.008239,0.1005,0.1318,AVANZAR
397,19.85,73.23,64.68,69.31,69.99,337.14,88.54,0.1475,0.1475,129.4936,126.8058,0.008175,0.0996,0.1318,GIRAR_DERECHA
398,19.9,69.25,67.44,65.14,73.51,310.2,65.58,0.1475,0.1475,129.682,126.6174,0.0,0.1059,0.1318,AVANZAR
399,19.95,70.6,64.97,71.99,66.1,251.6,64.52,0.1475,0.1475,130.0839,127.0193,0.008239,0.1042,0.1318,AVANZAR
400,20.0,72.88,67.03,66.7,67.44,212.39,72.2,0.1474,0.1475,130.4858,127.4149,0.008175,0.1028,0.1318,AVANZAR
401,20.05,67.97,65.93,69.36,67.86,185.44,68.0,0.1475,0.1475,130.8815,127.8168,0.008175,0.1016,0.1318,AVANZAR
402,20.1,67.31,69.61,70.21,66.58,146.16,62.94,0.1475,0.1475,131.2834,128.2188,0.008239,0.1005,0.1318,AVANZAR
403,20.15,63.15,67.47,65.48,63.03,139.13,66.69,0.1476,0.1475,131.6853,128.6207,0.008239,0.0996,0.1318,GIRAR_DERECHA
404,20.2,69.46,62.95,65.81,67.15,113.19,68.28,0.1476,0.1475,131.8737,128.426,-6.4e-05,0.1059,0.1318,AVANZAR
405,20.25,73.07,72.36,70.08,71.15,119.98,67.12,0.1473,0.1475,132.2756,128.8279,0.008239,0.1042,0.1318,AVANZAR
406,20.3,69.75,60.43,66.39,66.75,98.36,64.81,0.1476,0.1475,132.6776,129.2298,0.008239,0.1028,0.1318,AVANZAR
407,20.35,71.75,65.71,65.19,68.18,70.08,64.29,0.1475,0.1475,133.0795,129.6318,0.008239,0.1015,0.1318,AVANZAR
408,20.4,71.48,73.52,70.41,66.09,73.46,66.95,0.1473,0.1475,133.4814,130.0274,0.008175,0.1005,0.1318,AVANZAR
409,20.45,68.74,68.99,62.43,72.23,63.01,62.6,0.1475,0.1475,133.877,130.4293,0.008175,0.0996,0.1318,GIRAR_IZQUIERDA
410,20.5,66.68,66.3,73.05,72.8,65.58,67.92,0.1476,0.1475,133.6886,130.624,6.4e-05,0.1058,0.1318,AVANZAR
411,20.55,67.8,63.87,66.61,64.37,62.38,66.43,0.1476,0.1475,134.0906,131.0196,0.008175,0.1042,0.1318,AVANZAR
412,20.6,64.82,66.97,63.84,68.9,68.38,67.49,0.1476,0.1475,134.4862,131.4216,0.008175,0.1029,0.1318,AVANZAR
413,20.65,69.83,68.39,69.09,66.61,61.2,67.91,0.1475,0.1475,134.8881,131.8235,0.008239,0.1016,0.1318,AVANZAR
414,20.7,62.14,61.63,74.25,65.96,70.31,69.58,0.1477,0.1476,135.29,132.2254,0.008239,0.1005,0.1318,AVANZAR
415,20.75,66.7,65.99,70.18,63.38,67.98,67.14,0.1476,0.1476,135.692,132.621,0.008175,0.0996,0.1318,GIRAR_DERECHA
416,20.8,67.09,62.21,72.49,63.79,66.78,68.07,0.1476,0.1476,135.8804,132.4326,0.0,0.1059,0.1318,AVANZAR
417,20.85,71.47,66.26,61.82,71.82,72.95,70.33,0.1475,0.1476,136.2823,132.8346,0.008239,0.1043,0.1318,AVANZAR
418,20.9,60.07,69.9,64.98,65.76,69.39,66.51,0.1476,0.1476,136.6842,133.2302,0.008175,0.1029,0.1318,AVANZAR
419,20.95,63.61,65.13,65.46,62.54,68.96,71.43,0.1476,0.1476,137.0798,133.6321,0.008175,0.1017,0.1318,AVANZAR
420,21.0,60.58,76.71,62.76,71.25,67.42,60.4,0.1475,0.1476,137.4818,134.034,0.008239,0.1006,0.1318,AVANZAR
421,21.05,67.86,65.25,67.81,68.14,64.41,68.36,0.1476,0.1476,137.8837,134.436,0.008239,0.0996,0.1318,GIRAR_IZQUIERDA
422,21.1,76.52,66.85,69.63,65.84,67.74,68.8,0.1474,0.1475,137.689,134.6244,-6.4e-05,0.106,0.1318,AVANZAR
423,21.15,66.76,71.0,61.73,62.84,69.71,65.59,0.1475,0.1475,138.0909,135.0263,0.008239,0.1043,0.1318,AVANZAR
424,21.2,64.49,69.27,70.88,67.73,65.03,70.6,0.1476,0.1475,138.4928,135.4282,0.008239,0.1028,0.1318,AVANZAR
425,21.25,69.59,68.81,67.79,70.68,66.69,70.57,0.1475,0.1475,138.8948,135.8301,0.008239,0.1015,0.1318,AVANZAR
426,21.3,68.61,68.8,59.1,69.29,66.33,71.08,0.1475,0.1475,139.2967,136.2258,0.008175,0.1005,0.1318,AVANZAR
427,21.35,64.03,70.79,66.12,65.02,66.71,65.18,0.1475,0.1475,139.6923,136.6277,0.008175,0.0996,0.1318,GIRAR_DERECHA
428,21.4,63.52,67.87,67.92,73.54,67.35,65.15,0.1476,0.1475,139.887,136.4393,6.4e-05,0.1059,0.1318,AVANZAR
429,21.45,64.43,74.16,64.3,65.24,68.53,64.24,0.1475,0.1475,140.2889,136.8349,0.008175,0.1043,0.1318,AVANZAR
430,21.5,69.28,58.65,62.97,67.97,69.02,70.27,0.1477,0.1476,140.6846,137.2368,0.008175,0.1029,0.1318,AVANZAR
431,21.55,67.08,66.82,72.25,58.27,65.67,72.2,0.1475,0.1476,141.0865,137.6388,0.008239,0.1016,0.1318,AVANZAR
432,21.6,61.09,70.31,68.5,60.14,64.92,63.75,0.1476,0.1476,141.4884,138.0407,0.008239,0.1005,0.1318,AVANZAR
433,21.65,65.14,66.05,66.86,62.16,65.27,64.95,0.1476,0.1476,141.8903,138.4363,0.008175,0.0996,0.1318,GIRAR_DERECHA
434,21.7,62.57,66.53,63.29,71.44,72.27,68.83,0.1476,0.1476,142.0787,138.2479,0.0,0.1059,0.1318,AVANZAR
435,21.75,67.14,64.98,66.7,67.89,70.86,66.14,0.1476,0.1476,142.4806,138.6498,0.008239,0.1043,0.1318,AVANZAR
436,21.8,70.58,70.18,64.28,64.02,73.47,71.63,0.1474,0.1475,142.8826,139.0455,0.008175,0.1029,0.1318,AVANZAR
437,21.85,72.57,67.36,64.56,72.73,65.88,72.72,0.1474,0.1475,143.2782,139.4474,0.008175,0.1016,0.1318,AVANZAR
438,21.9,60.19,70.86,70.22,63.64,64.48,69.42,0.1476,0.1475,143.6801,139.8493,0.008239,0.1005,0.1318,AVANZAR
439,21.95,71.46,69.14,66.16,66.26,70.0,67.25,0.1474,0.1475,144.082,140.2512,0.008239,0.0996,0.1318,GIRAR_DERECHA
440,22.0,66.06,65.69,70.44,67.64,65.62,61.29,0.1476,0.1475,144.2767,140.0566,0.0,0.1059,0.1318,AVANZAR
441,22.05,64.23,66.44,70.79,65.38,68.68,66.48,0.1476,0.1476,144.6724,140.4585,0.008175,0.1043,0.1318,AVANZAR
442,22.1,66.18,66.5,70.12,67.21,64.54,65.97,0.1476,0.1476,145.0743,140.8604,0.008239,0.1028,0.1318,AVANZAR
443,22.15,73.41,67.13,69.26,72.39,66.74,67.37,0.1474,0.1475,145.4762,141.2623,0.008239,0.1016,0.1318,AVANZAR
444,22.2,71.3,66.57,57.48,66.6,69.71,64.18,0.1475,0.1475,145.8781,141.658,0.008175,0.1005,0.1318,AVANZAR
445,22.25,64.7,62.94,71.4,65.19,69.7,68.43,0.1477,0.1476,146.2738,142.0599,0.008175,0.0996,0.1318,GIRAR_DERECHA
446,22.3,70.99,62.71,66.23,63.82,64.98,66.19,0.1476,0.1476,146.4684,141.8715,6.4e-05,0.1059,0.1318,AVANZAR
447,22.35,65.47,69.26,70.0,67.48,64.76,61.63,0.1475,0.1475,146.8704,142.2671,0.008175,0.1043,0.1318,AVANZAR
448,22.4,75.39,64.97,70.99,67.87,66.11,67.6,0.1474,0.1475,147.266,142.669,0.008175,0.1029,0.1318,AVANZAR
449,22.45,65.69,68.18,67.81,67.21,57.88,71.93,0.1475,0.1475,147.6679,143.071,0.008239,0.1016,0.1318,AVANZAR
450,22.5,67.23,70.1,65.4,70.92,71.45,74.75,0.1475,0.1475,148.0698,143.4729,0.008239,0.1005,0.1318,AVANZAR
451,22.55,64.9,62.4,65.69,68.39,66.36,108.2,0.1477,0.1476,148.4718,143.8685,0.008175,0.0996,0.1318,GIRAR_DERECHA
452,22.6,66.85,63.76,67.84,63.93,68.34,103.74,0.1476,0.1476,148.6602,143.6801,0.0,0.1059,0.1318,AVANZAR
453,22.65,68.91,67.65,67.77,66.19,65.56,147.3,0.1475,0.1476,149.0621,144.082,0.008239,0.1043,0.1318,AVANZAR
454,22.7,64.96,65.96,67.54,64.85,112.6,296.71,0.1476,0.1476,149.464,144.4777,0.008175,0.1029,0.1318,AVANZAR
455,22.75,65.17,109.8,66.15,68.89,188.52,1127.68,0.1468,0.1473,149.8659,144.8796,0.008239,0.1015,0.1318,AVANZAR
456,22.8,64.09,118.06,63.51,71.02,213.92,1578.15,0.1467,0.1471,150.2616,145.2815,0.008175,0.1004,0.1318,AVANZAR
457,22.85,65.6,70.28,67.2,66.19,190.93,927.9,0.1475,0.1472,150.6635,145.6834,0.008239,0.0994,0.1318,GIRAR_DERECHA
458,22.9,69.57,67.27,64.32,65.82,252.22,431.65,0.1475,0.1473,150.8582,145.4888,0.0,0.1058,0.1318,AVANZAR
459,22.95,64.71,65.72,66.12,63.83,262.81,427.34,0.1476,0.1474,151.2538,145.8907,0.008175,0.1042,0.1318,AVANZAR
460,23.0,63.08,64.38,70.46,68.31,237.53,67.14,0.1477,0.1475,151.6557,146.2926,0.008239,0.1028,0.1318,AVANZAR
461,23.05,63.71,66.15,59.56,64.78,227.82,69.18,0.1476,0.1475,152.0576,146.6945,0.008239,0.1015,0.1318,AVANZAR
462,23.1,70.16,70.15,70.42,66.23,234.34,71.85,0.1474,0.1475,152.4596,147.0902,0.008175,0.1005,0.1318,AVANZAR
463,23.15,69.52,63.47,68.97,65.22,339.92,64.47,0.1476,0.1475,152.8615,147.4921,0.008239,0.0995,0.1318,GIRAR_DERECHA
464,23.2,64.25,64.79,67.24,70.19,179.82,69.46,0.1476,0.1476,153.0499,147.3037,0.0,0.1059,0.1318,AVANZAR
465,23.25,67.15,71.26,66.1,65.84,67.61,67.04,0.1475,0.1475,153.4518,147.6993,0.008175,0.1042,0.1318,AVANZAR
466,23.3,71.4,71.09,68.4,66.96,64.3,66.93,0.1474,0.1475,153.8537,148.1012,0.008239,0.1028,0.1318,AVANZAR
467,23.35,61.28,67.42,70.26,59.62,69.41,67.29,0.1476,0.1475,154.2494,148.5032,0.008175,0.1016,0.1318,AVANZAR
468,23.4,63.78,63.32,67.75,65.47,74.36,72.08,0.1477,0.1476,154.6513,148.9051,0.008239,0.1005,0.1318,AVANZAR
469,23.45,71.28,68.45,71.41,69.22,70.17,66.43,0.1474,0.1475,155.0532,149.307,0.008239,0.0995,0.1318,GIRAR_IZQUIERDA
470,23.5,60.92,68.83,61.23,74.18,62.55,66.25,0.1476,0.1476,154.8585,149.4954,-6.4e-05,0.1059,0.1318,AVANZAR
471,23.55,65.84,64.02,66.84,64.63,63.18,66.68,0.1476,0.1476,155.2604,149.8973,0.008239,0.1043,0.1318,AVANZAR
472,23.6,62.2,63.95,65.18,71.35,69.74,70.2,0.1477,0.1476,155.6624,150.2992,0.008239,0.1028,0.1318,AVANZAR
473,23.65,69.3,65.53,66.46,63.7,64.08,67.52,0.1475,0.1476,156.0643,150.6949,0.008175,0.1016,0.1318,AVANZAR
474,23.7,59.73,65.66,68.03,69.8,65.21,73.32,0.1477,0.1476,156.4662,151.0968,0.008239,0.1005,0.1318,AVANZAR
475,23.75,69.01,65.82,75.63,65.61,69.05,63.45,0.1475,0.1476,156.8618,151.4987,0.008175,0.0996,0.1318,GIRAR_IZQUIERDA
476,23.8,64.27,65.78,67.07,67.75,65.06,69.69,0.1476,0.1476,156.6734,151.6871,0.0,0.106,0.1318,AVANZAR
477,23.85,71.44,67.55,67.0,66.96,68.09,66.29,0.1475,0.1476,157.0691,152.089,0.008175,0.1043,0.1318,AVANZAR
478,23.9,66.33,68.46,68.89,69.42,70.03,68.95,0.1475,0.1476,157.471,152.491,0.008239,0.1029,0.1318,AVANZAR
479,23.95,64.45,68.55,64.6,62.38,68.96,70.97,0.1476,0.1476,157.8729,152.8929,0.008239,0.1016,0.1318,AVANZAR
480,24.0,68.32,68.62,64.15,68.47,64.71,68.88,0.1475,0.1475,158.2748,153.2948,0.008239,0.1005,0.1318,AVANZAR
481,24.05,68.38,63.42,72.18,62.24,68.7,71.35,0.1476,0.1476,158.6768,153.6904,0.008175,0.0996,0.1318,GIRAR_DERECHA
482,24.1,65.52,71.35,71.6,60.42,64.85,65.4,0.1475,0.1475,158.8652,153.502,0.0,0.1059,0.1318,AVANZAR
483,24.15,69.87,63.35,68.49,67.6,65.23,62.5,0.1476,0.1475,159.2671,153.904,0.008239,0.1043,0.1318,AVANZAR
484,24.2,63.72,70.24,66.75,67.3,71.59,65.33,0.1475,0.1475,159.669,154.2996,0.008175,0.1029,0.1318,AVANZAR
485,24.25,67.05,64.28,64.95,63.61,58.72,66.03,0.1476,0.1476,160.0646,154.7015,0.008175,0.1017,0.1318,AVANZAR
486,24.3,63.54,68.79,69.4,62.47,65.59,69.7,0.1476,0.1476,160.4666,155.1034,0.008239,0.1006,0.1318,AVANZAR
487,24.35,68.4,67.23,69.98,68.17,73.61,67.72,0.1475,0.1476,160.8685,155.5054,0.008239,0.0996,0.1318,GIRAR_DERECHA
488,24.4,66.85,63.49,59.16,66.47,63.9,67.03,0.1476,0.1476,161.0632,155.3107,0.0,0.1059,0.1318,AVANZAR
489,24.45,66.46,66.28,67.25,68.33,70.75,60.54,0.1476,0.1476,161.4588,155.7126,0.008175,0.1043,0.1318,AVANZAR
490,24.5,65.93,66.4,69.81,63.81,65.83,68.95,0.1476,0.1476,161.8607,156.1145,0.008239,0.1029,0.1318,AVANZAR
491,24.55,70.74,68.37,67.6,66.29,70.02,63.91,0.1475,0.1475,162.2626,156.5102,0.008175,0.1016,0.1318,AVANZAR
492,24.6,68.66,68.45,64.38,68.79,62.57,68.29,0.1475,0.1475,162.6646,156.9121,0.008239,0.1005,0.1318,AVANZAR
493,24.65,63.76,57.73,61.23,67.49,64.7,61.34,0.1478,0.1476,163.0602,157.314,0.008175,0.0997,0.1318,GIRAR_IZQUIERDA
494,24.7,65.48,71.2,70.37,71.06,66.61,67.75,0.1475,0.1476,162.8718,157.5087,6.4e-05,0.1059,0.1318,AVANZAR
495,24.75,63.65,66.2,66.12,67.6,65.99,62.17,0.1476,0.1476,163.2737,157.9043,0.008175,0.1043,0.1318,AVANZAR
496,24.8,64.44,68.93,71.92,72.01,73.9,61.99,0.1476,0.1476,163.6694,158.3062,0.008175,0.1029,0.1318,AVANZAR
497,24.85,65.28,68.15,74.42,68.11,70.37,114.51,0.1476,0.1476,164.0713,158.7082,0.008239,0.1016,0.1318,AVANZAR
498,24.9,60.18,67.68,68.2,65.64,96.28,114.42,0.1477,0.1476,164.4732,159.1101,0.008239,0.1005,0.1318,AVANZAR
499,24.95,60.11,73.68,70.74,71.95,121.3,147.94,0.1476,0.1476,164.8751,159.5057,0.008175,0.0996,0.1318,GIRAR_DERECHA
500,25.0,72.24,60.78,67.88,63.39,136.49,107.18,0.1476,0.1476,165.0635,159.3173,0.0,0.106,0.1318,AVANZAR
501,25.05,65.73,64.48,68.37,65.81,177.21,125.27,0.1476,0.1476,165.4654,159.7192,0.008239,0.1043,0.1318,AVANZAR
502,25.1,67.78,71.46,69.24,71.88,223.74,168.14,0.1475,0.1475,165.8674,160.1149,0.008175,0.1029,0.1318,AVANZAR
503,25.15,64.78,65.55,66.31,64.01,321.52,229.45,0.1476,0.1476,166.263,160.5168,0.008175,0.1017,0.1318,AVANZAR
504,25.2,64.87,68.9,70.85,65.69,353.86,242.74,0.1476,0.1476,166.6649,160.9187,0.008239,0.1006,0.1318,AVANZAR
505,25.25,68.7,64.74,62.34,70.54,336.7,261.01,0.1476,0.1476,167.0668,161.3206,0.008239,0.0996,0.1318,GIRAR_DERECHA
506,25.3,69.5,69.32,65.06,64.77,394.5,156.63,0.1475,0.1475,167.2615,161.126,-0.0,0.1059,0.1318,AVANZAR
507,25.35,67.62,71.62,69.18,67.37,373.02,63.55,0.1475,0.1475,167.6572,161.5279,0.008175,0.1043,0.1318,AVANZAR
508,25.4,68.57,67.74,67.71,65.2,371.32,65.75,0.1475,0.1475,168.0591,161.9298,0.008239,0.1028,0.1318,AVANZAR
509,25.45,63.26,68.06,71.05,64.23,362.17,77.03,0.1476,0.1475,168.461,162.3317,0.008239,0.1016,0.1318,AVANZAR
510,25.5,63.27,68.49,65.35,68.27,371.94,66.18,0.1476,0.1475,168.8629,162.7274,0.008175,0.1005,0.1318,AVANZAR
511,25.55,67.31,68.17,65.25,67.18,73.46,61.23,0.1475,0.1475,169.2648,163.1293,0.008239,0.0996,0.1318,GIRAR_DERECHA
512,25.6,69.53,62.66,69.17,71.35,66.46,69.69,0.1476,0.1476,169.4532,162.9409,0.0,0.1059,0.1318,AVANZAR
513,25.65,70.57,59.54,69.36,71.66,67.32,61.51,0.1476,0.1476,169.8552,163.3365,0.008175,0.1043,0.1318,AVANZAR
514,25.7,69.01,69.32,64.94,61.52,63.83,59.82,0.1475,0.1475,170.2571,163.7384,0.008239,0.1028,0.1318,AVANZAR
515,25.75,71.47,66.36,69.87,61.68,65.08,67.04,0.1475,0.1475,170.6527,164.1404,0.008175,0.1016,0.1318,AVANZAR
516,25.8,70.77,64.91,64.46,74.0,70.17,67.83,0.1475,0.1475,171.0546,164.5423,0.008239,0.1005,0.1318,AVANZAR
517,25.85,67.48,65.62,65.37,61.47,69.88,69.25,0.1476,0.1475,171.4566,164.9379,0.008175,0.0996,0.1318,GIRAR_DERECHA
518,25.9,67.17,69.08,63.73,69.86,65.09,63.02,0.1475,0.1475,171.645,164.7495,0.0,0.1059,0.1318,AVANZAR
519,25.95,68.27,67.8,72.26,72.73,70.73,71.81,0.1475,0.1475,172.0469,165.1514,0.008239,0.1043,0.1318,AVANZAR
520,26.0,68.56,64.12,65.9,63.75,67.19,66.84,0.1476,0.1475,172.4488,165.5471,0.008175,0.1029,0.1318,AVANZAR
521,26.05,67.45,69.14,61.09,65.24,64.81,71.45,0.1475,0.1475,172.8507,165.949,0.008239,0.1016,0.1318,AVANZAR
522,26.1,71.28,62.62,77.72,65.33,70.66,66.55,0.1475,0.1475,173.2464,166.3509,0.008175,0.1006,0.1318,AVANZAR
523,26.15,67.92,67.17,69.31,66.25,66.34,76.45,0.1475,0.1475,173.6483,166.7528,0.008239,0.0996,0.1318,GIRAR_DERECHA
524,26.2,59.86,70.5,60.39,69.57,67.81,66.28,0.1476,0.1476,173.843,166.5582,0.0,0.1059,0.1318,AVANZAR
525,26.25,68.82,73.36,68.8,65.64,65.22,66.89,0.1474,0.1475,174.2449,166.9601,0.008239,0.1042,0.1318,AVANZAR
526,26.3,68.69,69.02,64.74,65.14,71.56,68.26,0.1475,0.1475,174.6405,167.362,0.008175,0.1028,0.1318,AVANZAR
527,26.35,69.03,65.37,66.48,63.6,57.99,71.08,0.1475,0.1475,175.0424,167.7576,0.008175,0.1016,0.1318,AVANZAR
528,26.4,68.44,68.87,67.9,62.79,68.21,62.48,0.1475,0.1475,175.4444,168.1596,0.008239,0.1005,0.1318,AVANZAR
529,26.45,66.63,69.05,71.68,64.04,67.54,71.69,0.1475,0.1475,175.8463,168.5615,0.008239,0.0996,0.1318,GIRAR_DERECHA
530,26.5,71.38,70.97,61.98,61.89,65.17,71.76,0.1474,0.1475,176.0347,168.3731,0.0,0.1059,0.1318,AVANZAR
531,26.55,61.31,68.44,64.74,68.18,67.28,70.19,0.1476,0.1475,176.4366,168.7687,0.008175,0.1043,0.1318,AVANZAR
532,26.6,71.31,65.62,72.92,69.55,61.03,67.87,0.1475,0.1475,176.8385,169.1706,0.008239,0.1028,0.1318,AVANZAR
533,26.65,62.08,63.23,68.54,68.82,67.52,65.99,0.1477,0.1476,177.2342,169.5726,0.008175,0.1016,0.1318,AVANZAR
534,26.7,65.67,67.17,72.46,67.09,69.19,73.33,0.1476,0.1476,177.6361,169.9745,0.008239,0.1005,0.1318,AVANZAR
535,26.75,74.15,65.81,68.86,68.46,61.53,70.94,0.1474,0.1475,178.038,170.3701,0.008175,0.0996,0.1318,GIRAR_IZQUIERDA
536,26.8,69.81,70.95,69.33,64.97,68.42,65.0,0.1474,0.1475,177.8433,170.5648,0.0,0.1059,0.1318,AVANZAR
537,26.85,69.22,66.09,65.45,69.06,65.84,71.02,0.1475,0.1475,178.2452,170.9667,0.008239,0.1042,0.1318,AVANZAR
538,26.9,66.42,66.33,65.26,65.7,68.0,68.61,0.1476,0.1475,178.6472,171.3624,0.008175,0.1029,0.1318,AVANZAR
539,26.95,63.68,66.89,66.34,69.73,60.07,68.83,0.1476,0.1475,179.0491,171.7643,0.008239,0.1016,0.1318,AVANZAR
540,27.0,70.78,66.98,67.85,68.72,63.01,67.39,0.1475,0.1475,179.4447,172.1662,0.008175,0.1005,0.1318,AVANZAR
541,27.05,67.43,68.66,64.56,64.39,70.48,59.68,0.1475,0.1475,179.8466,172.5681,0.008239,0.0996,0.1318,GIRAR_DERECHA
542,27.1,66.57,66.2,65.31,65.67,71.86,62.17,0.1476,0.1475,180.0413,172.3734,0.0,0.1059,0.1318,AVANZAR
543,27.15,69.6,62.16,59.56,68.09,64.88,68.79,0.1476,0.1476,180.4432,172.7754,0.008239,0.1042,0.1318,AVANZAR
544,27.2,67.04,66.85,62.11,71.09,65.81,65.63,0.1475,0.1476,180.8389,173.1773,0.008175,0.1029,0.1318,AVANZAR
545,27.25,64.21,68.31,67.82,65.1,61.24,67.77,0.1476,0.1476,181.2408,173.5792,0.008239,0.1016,0.1318,AVANZAR
546,27.3,65.08,66.55,69.88,70.52,70.9,67.66,0.1476,0.1476,181.6427,173.9748,0.008175,0.1006,0.1318,AVANZAR
547,27.35,62.52,68.03,67.08,62.03,66.64,71.28,0.1476,0.1476,182.0446,174.3768,0.008239,0.0996,0.1318,GIRAR_DERECHA
548,27.4,63.65,66.5,67.17,64.7,67.1,64.39,0.1476,0.1476,182.233,174.1884,0.0,0.1059,0.1318,AVANZAR
549,27.45,66.75,68.91,72.2,66.45,68.96,69.91,0.1475,0.1476,182.635,174.584,0.008175,0.1043,0.1318,AVANZAR
550,27.5,62.95,69.21,70.86,67.14,71.04,66.73,0.1476,0.1476,183.0369,174.9859,0.008239,0.1029,0.1318,AVANZAR
551,27.55,63.57,66.44,67.45,70.44,71.67,67.16,0.1476,0.1476,183.4325,175.3878,0.008175,0.1017,0.1318,AVANZAR
552,27.6,67.51,60.31,69.5,71.64,69.27,68.59,0.1477,0.1476,183.8344,175.7898,0.008239,0.1006,0.1318,AVANZAR
553,27.65,68.27,74.11,65.47,62.85,69.56,65.91,0.1474,0.1475,184.2364,176.1854,0.008175,0.0996,0.1318,GIRAR_DERECHA
554,27.7,67.09,65.45,62.74,59.25,64.62,63.15,0.1476,0.1476,184.4248,175.997,0.0,0.106,0.1318,AVANZAR
555,27.75,62.8,67.88,73.15,70.34,67.51,71.08,0.1476,0.1476,184.8267,176.3989,0.008239,0.1043,0.1318,AVANZAR
556,27.8,67.6,65.11,61.87,73.15,63.79,67.28,0.1476,0.1476,185.2286,176.7946,0.008175,0.1029,0.1318,AVANZAR
557,27.85,125.95,69.85,63.91,72.31,62.07,66.02,0.1464,0.1472,185.6305,177.1965,0.008239,0.1015,0.1318,AVANZAR
558,27.9,251.15,65.06,65.33,70.21,64.1,66.37,0.1442,0.1463,186.0324,177.5984,0.008239,0.1,0.1318,GIRAR_IZQUIERDA
559,27.95,134.08,64.76,68.16,67.09,67.52,71.08,0.1464,0.1463,185.8378,177.7868,-6.4e-05,0.1061,0.1318,AVANZAR
560,28.0,184.09,62.66,69.98,69.95,68.77,66.96,0.1455,0.1461,186.2397,178.1887,0.008239,0.1042,0.1318,AVANZAR
561,28.05,151.5,67.73,1340.98,64.73,68.27,67.51,0.146,0.146,186.6416,178.5906,0.008239,0.1025,0.1318,AVANZAR
562,28.1,164.17,68.07,1097.31,70.85,67.17,69.31,0.1457,0.146,187.0372,178.9926,0.008175,0.1011,0.1318,AVANZAR
563,28.15,163.74,68.85,1161.89,66.73,69.45,67.04,0.1457,0.1459,187.4392,179.3945,0.008239,0.0998,0.1318,GIRAR_IZQUIERDA
564,28.2,102.55,65.27,673.03,69.73,67.31,69.02,0.1469,0.1462,187.2508,179.5829,0.0,0.106,0.1318,AVANZAR
565,28.25,111.37,72.41,617.47,66.55,59.87,69.49,0.1466,0.1463,187.6464,179.9848,0.008175,0.1043,0.1318,AVANZAR
566,28.3,111.4,66.05,755.83,159.58,64.23,66.99,0.1468,0.1465,188.0483,180.3867,0.008239,0.1027,0.1318,AVANZAR
567,28.35,102.13,62.09,719.53,144.9,66.04,65.91,0.147,0.1466,188.4502,180.7824,0.008175,0.1015,0.1318,AVANZAR
568,28.4,106.65,66.0,706.09,146.55,71.59,62.83,0.1468,0.1467,188.8522,181.1843,0.008239,0.1003,0.1318,AVANZAR
569,28.45,119.01,68.41,707.78,139.68,69.9,67.07,0.1466,0.1466,189.2541,181.5862,0.008239,0.0992,0.1318,GIRAR_IZQUIERDA
570,28.5,68.45,77.23,408.99,221.3,66.25,64.01,0.1473,0.1469,189.0594,181.7746,-6.4e-05,0.1056,0.1318,AVANZAR
571,28.55,63.52,69.23,356.4,213.24,65.74,69.51,0.1476,0.1471,189.4613,182.1765,0.008239,0.104,0.1318,AVANZAR
572,28.6,66.54,66.47,375.7,209.61,64.64,72.43,0.1476,0.1472,189.8632,182.5784,0.008239,0.1026,0.1318,AVANZAR
573,28.65,73.13,70.04,382.33,221.32,63.56,68.04,0.1474,0.1473,190.2589,182.9804,0.008175,0.1014,0.1318,AVANZAR
574,28.7,70.38,60.07,443.82,217.32,64.57,61.08,0.1476,0.1474,190.6608,183.3823,0.008239,0.1003,0.1318,AVANZAR
575,28.75,74.52,66.8,405.9,222.85,66.65,69.12,0.1474,0.1474,191.0627,183.7779,0.008175,0.0994,0.1318,GIRAR_IZQUIERDA
576,28.8,69.67,68.73,72.15,313.08,67.34,67.61,0.1475,0.1474,190.868,183.9726,0.0,0.1058,0.1318,AVANZAR
577,28.85,71.07,68.12,65.53,296.58,72.61,66.5,0.1475,0.1474,191.27,184.3745,0.008239,0.1041,0.1318,AVANZAR
578,28.9,66.05,63.91,68.51,291.41,69.76,72.34,0.1476,0.1475,191.6719,184.7702,0.008175,0.1027,0.1318,AVANZAR
579,28.95,63.06,72.18,67.33,378.28,67.82,68.71,0.1475,0.1475,192.0738,185.1721,0.008239,0.1015,0.1318,AVANZAR
580,29.0,66.87,64.67,73.84,72.01,62.1,75.86,0.1476,0.1475,192.4757,185.574,0.008239,0.1004,0.1318,AVANZAR
581,29.05,70.23,70.57,70.14,67.46,67.49,64.93,0.1474,0.1475,192.8714,185.9759,0.008175,0.0995,0.1318,GIRAR_IZQUIERDA
582,29.1,67.61,70.47,66.25,66.71,67.56,63.62,0.1475,0.1475,192.683,186.1643,0.0,0.1058,0.1318,AVANZAR
583,29.15,68.33,64.09,71.67,66.31,64.56,74.97,0.1476,0.1475,193.0849,186.5662,0.008239,0.1042,0.1318,AVANZAR
584,29.2,66.81,73.02,73.26,68.68,70.79,64.42,0.1474,0.1475,193.4805,186.9682,0.008175,0.1028,0.1318,AVANZAR
585,29.25,68.85,60.96,66.11,61.06,67.26,62.68,0.1476,0.1475,193.8824,187.3701,0.008239,0.1015,0.1318,AVANZAR
586,29.3,65.76,66.21,63.08,65.67,64.47,61.59,0.1476,0.1475,194.2844,187.7657,0.008175,0.1005,0.1318,AVANZAR
587,29.35,68.92,66.97,71.08,69.58,66.08,69.09,0.1475,0.1475,194.6863,188.1676,0.008239,0.0995,0.1318,GIRAR_IZQUIERDA
588,29.4,62.1,63.66,65.64,67.91,65.53,65.08,0.1477,0.1476,194.4916,188.3623,0.0,0.1059,0.1318,AVANZAR
589,29.45,70.79,65.64,71.38,65.52,64.62,65.27,0.1475,0.1476,194.8935,188.758,0.008175,0.1043,0.1318,AVANZAR
590,29.5,63.45,66.71,61.46,69.48,66.03,67.14,0.1476,0.1476,195.2954,189.1599,0.008239,0.1028,0.1318,AVANZAR
591,29.55,68.71,66.53,70.89,68.15,63.89,66.07,0.1475,0.1476,195.6911,189.5618,0.008175,0.1016,0.1318,AVANZAR
592,29.6,70.77,67.2,64.74,70.19,70.75,60.98,0.1475,0.1475,196.093,189.9637,0.008239,0.1005,0.1318,AVANZAR
593,29.65,62.87,72.02,69.02,60.91,66.28,72.25,0.1475,0.1475,196.4949,190.3656,0.008239,0.0996,0.1318,GIRAR_DERECHA
594,29.7,64.98,67.59,70.45,66.61,68.42,71.91,0.1476,0.1475,196.6833,190.171,-6.4e-05,0.1059,0.1318,AVANZAR
595,29.75,66.27,65.31,66.31,66.17,62.46,69.38,0.1476,0.1476,197.0852,190.5729,0.008239,0.1043,0.1318,AVANZAR
596,29.8,66.77,81.45,68.05,64.62,66.64,67.68,0.1473,0.1475,197.4872,190.9748,0.008239,0.1028,0.1318,AVANZAR
597,29.85,91.69,112.47,66.7,66.3,67.53,66.5,0.1463,0.1471,197.8891,191.3704,0.008175,0.1014,0.1318,AVANZAR
598,29.9,114.9,144.3,66.09,60.74,66.67,88.51,0.1453,0.1466,198.291,191.7724,0.008239,0.1,0.1318,AVANZAR
599,29.95,163.97,207.62,64.76,66.71,58.26,110.89,0.1432,0.1455,198.6866,192.1743,0.008175,0.0986,0.1318,GIRAR_DERECHA
600,30.0,130.63,223.07,68.27,67.81,65.07,148.74,0.1435,0.1449,198.8813,191.9796,-0.0,0.1045,0.1318,AVANZAR
601,30.05,194.79,336.67,68.11,68.35,64.97,217.93,0.1403,0.1435,199.2832,192.3815,0.008239,0.1021,0.1318,AVANZAR
602,30.1,354.81,1287.43,69.05,70.36,66.82,429.23,0.1199,0.1365,199.6789,192.7834,0.008175,0.0974,0.1318,GIRAR_DERECHA
603,30.15,278.38,1489.62,66.19,67.49,67.35,941.63,0.1176,0.1308,199.8736,192.5888,0.0,0.1,0.1318,AVANZAR
604,30.2,267.59,1405.06,73.45,63.58,66.68,899.34,0.1194,0.1274,200.2755,192.9907,0.008239,0.0954,0.1318,GIRAR_DERECHA
605,30.25,360.62,1967.87,68.49,63.1,67.96,1612.79,0.1074,0.1214,200.4639,192.8023,0.0,0.097,0.1318,GIRAR_DERECHA
606,30.3,224.54,1760.97,64.24,61.24,121.79,1889.21,0.1136,0.1191,200.6586,192.6076,0.0,0.0992,0.1318,GIRAR_DERECHA
607,30.35,132.19,1412.86,66.33,66.51,183.44,2069.36,0.1217,0.1199,200.847,192.4192,0.0,0.1022,0.1318,AVANZAR
608,30.4,135.79,1381.46,62.2,65.67,172.57,2056.1,0.1222,0.1206,201.2489,192.8148,0.008175,0.0977,0.1318,GIRAR_DERECHA
609,30.45,67.17,782.75,64.19,70.1,270.12,2145.3,0.1344,0.1247,201.4373,192.6264,0.0,0.1025,0.1318,AVANZAR
610,30.5,73.27,897.97,65.56,68.09,250.83,2136.66,0.1322,0.127,201.8392,193.0284,0.008239,0.0993,0.1318,GIRAR_DERECHA
611,30.55,70.68,464.56,60.48,68.77,369.7,2121.69,0.1402,0.1309,202.0339,192.8337,0.0,0.1047,0.1318,AVANZAR
612,30.6,69.72,474.37,66.91,70.78,370.23,2112.05,0.14,0.1337,202.4295,193.2356,0.008175,0.1022,0.1318,AVANZAR
613,30.65,68.72,457.31,69.2,70.41,369.2,2103.78,0.1404,0.1357,202.8314,193.6375,0.008239,0.1001,0.1318,AVANZAR
614,30.7,70.03,461.98,65.2,62.14,362.74,2119.2,0.1403,0.1371,203.2334,194.0394,0.008239,0.0983,0.1318,GIRAR_DERECHA
615,30.75,70.51,297.78,72.43,64.26,555.77,1987.83,0.1433,0.1389,203.428,193.8448,0.0,0.1042,0.1318,AVANZAR
616,30.8,71.09,301.76,61.91,66.14,602.17,1971.61,0.1432,0.1402,203.8237,194.2467,0.008175,0.1022,0.1318,AVANZAR
617,30.85,72.17,302.48,69.19,69.21,576.09,1986.13,0.1431,0.1411,204.2256,194.6486,0.008239,0.1005,0.1318,AVANZAR
618,30.9,59.95,309.13,64.4,66.15,597.94,1978.41,0.1432,0.1417,204.6275,195.0442,0.008175,0.099,0.1318,GIRAR_DERECHA
619,30.95,67.56,190.75,71.89,61.92,1177.86,1663.01,0.1453,0.1428,204.8159,194.8558,0.0,0.1051,0.1318,AVANZAR
620,31.0,71.2,176.25,74.45,65.16,1006.79,1581.64,0.1455,0.1436,205.2178,195.2578,0.008239,0.1033,0.1318,AVANZAR
621,31.05,72.26,175.16,70.94,71.1,1086.08,1645.7,0.1455,0.1442,205.6198,195.6534,0.008175,0.1017,0.1318,AVANZAR
622,31.1,66.96,182.79,70.49,66.9,1088.77,1644.93,0.1454,0.1445,206.0217,196.0553,0.008239,0.1003,0.1318,AVANZAR
623,31.15,67.87,180.92,61.9,65.97,1113.77,1669.47,0.1454,0.1448,206.4236,196.4572,0.008239,0.0991,0.1318,GIRAR_DERECHA
624,31.2,69.01,114.23,69.1,65.06,1534.11,1118.07,0.1466,0.1454,206.612,196.2626,-6.4e-05,0.1054,0.1318,AVANZAR
625,31.25,65.79,110.35,64.98,69.53,1525.7,1149.99,0.1468,0.1458,207.0139,196.6645,0.008239,0.1037,0.1318,AVANZAR
626,31.3,68.93,114.97,65.95,66.94,1542.8,1125.94,0.1466,0.146,207.4158,197.0664,0.008239,0.1022,0.1318,AVANZAR
627,31.35,67.17,106.24,64.86,71.47,1541.61,1282.58,0.1468,0.1463,207.8115,197.4683,0.008175,0.101,0.1318,AVANZAR
628,31.4,67.36,106.53,66.58,69.55,1535.76,1127.89,0.1468,0.1464,208.2134,197.8702,0.008239,0.0999,0.1318,GIRAR_DERECHA
629,31.45,68.79,67.52,60.42,70.02,1708.45,485.19,0.1475,0.1468,208.4081,197.6756,0.0,0.1062,0.1318,AVANZAR
630,31.5,70.16,69.78,68.55,65.66,1658.72,496.97,0.1474,0.147,208.8037,198.0775,0.008175,0.1045,0.1318,AVANZAR
631,31.55,63.66,68.32,66.58,69.01,1702.97,493.07,0.1476,0.1471,209.2056,198.4794,0.008239,0.103,0.1318,AVANZAR
632,31.6,70.39,63.17,68.56,67.35,1712.57,492.91,0.1476,0.1473,209.6076,198.875,0.008175,0.1018,0.1318,AVANZAR
633,31.65,63.4,71.82,65.35,71.6,1727.07,509.33,0.1475,0.1473,210.0095,199.277,0.008239,0.1007,0.1318,AVANZAR
634,31.7,67.82,67.52,67.94,71.53,1725.78,504.52,0.1475,0.1474,210.4114,199.6789,0.008239,0.0997,0.1318,GIRAR_DERECHA
635,31.75,63.3,63.82,72.16,76.89,1691.04,318.75,0.1477,0.1475,210.5998,199.4842,-6.4e-05,0.1061,0.1318,AVANZAR
636,31.8,68.62,68.83,69.36,66.02,1688.39,481.72,0.1475,0.1475,211.0017,199.8861,0.008239,0.1044,0.1318,AVANZAR
637,31.85,72.8,62.82,69.08,56.82,1682.79,500.91,0.1475,0.1475,211.4036,200.288,0.008239,0.1029,0.1318,AVANZAR
638,31.9,65.14,65.68,64.04,67.77,1689.3,506.58,0.1476,0.1475,211.7993,200.69,0.008175,0.1017,0.1318,AVANZAR
639,31.95,64.34,68.48,69.14,66.97,1671.47,513.39,0.1476,0.1475,212.2012,201.0919,0.008239,0.1006,0.1318,AVANZAR
640,32.0,68.19,62.63,64.76,70.72,1686.64,486.37,0.1476,0.1476,212.6031,201.4875,0.008175,0.0997,0.1318,GIRAR_DERECHA
641,32.05,65.51,61.88,76.97,68.82,1704.12,292.03,0.1477,0.1476,212.7915,201.2991,0.0,0.106,0.1318,AVANZAR
642,32.1,72.29,74.65,69.91,66.96,1646.57,278.9,0.1473,0.1475,213.1934,201.701,0.008239,0.1043,0.1318,AVANZAR
643,32.15,66.56,61.75,65.27,62.33,1559.24,258.38,0.1477,0.1475,213.5954,202.0967,0.008175,0.1029,0.1318,AVANZAR
644,32.2,67.33,67.84,62.26,67.0,1481.24,254.92,0.1475,0.1475,213.9973,202.4986,0.008239,0.1016,0.1318,AVANZAR
645,32.25,64.22,75.02,67.06,72.35,1403.12,248.99,0.1475,0.1475,214.3992,202.9005,0.008239,0.1005,0.1318,AVANZAR
646,32.3,68.98,70.6,68.45,70.43,1326.58,238.73,0.1474,0.1475,214.7948,203.3024,0.008175,0.0996,0.1318,GIRAR_DERECHA
647,32.35,66.71,66.64,62.15,65.66,1193.08,146.54,0.1476,0.1475,214.9895,203.1078,0.0,0.1059,0.1318,AVANZAR
648,32.4,66.55,66.7,67.6,66.87,828.86,137.8,0.1476,0.1475,215.3914,203.5097,0.008239,0.1043,0.1318,AVANZAR
649,32.45,64.49,71.62,61.91,63.94,554.9,121.72,0.1475,0.1475,215.7871,203.9116,0.008175,0.1029,0.1318,AVANZAR
650,32.5,62.97,66.04,70.92,69.89,463.5,120.11,0.1476,0.1476,216.189,204.3072,0.008175,0.1017,0.1318,AVANZAR
651,32.55,67.01,73.04,62.62,61.48,380.46,108.94,0.1474,0.1475,216.5909,204.7092,0.008239,0.1005,0.1318,AVANZAR
652,32.6,67.97,60.12,67.93,64.39,355.55,94.29,0.1477,0.1476,216.9928,205.1111,0.008239,0.0996,0.1318,GIRAR_DERECHA
653,32.65,68.2,68.57,66.58,61.92,315.5,63.78,0.1475,0.1475,217.1812,204.9164,-6.4e-05,0.106,0.1318,AVANZAR
654,32.7,68.72,63.13,67.96,69.26,269.25,59.79,0.1476,0.1476,217.5832,205.3183,0.008239,0.1043,0.1318,AVANZAR
655,32.75,68.12,66.13,64.66,65.61,215.65,66.4,0.1475,0.1476,217.9851,205.7202,0.008239,0.1028,0.1318,AVANZAR
656,32.8,66.7,67.48,72.06,69.65,185.51,67.89,0.1475,0.1475,218.3807,206.1222,0.008175,0.1016,0.1318,AVANZAR
657,32.85,72.9,70.87,66.45,72.13,158.82,67.63,0.1474,0.1475,218.7826,206.5178,0.008175,0.1006,0.1318,AVANZAR
658,32.9,61.26,63.97,69.24,70.61,147.48,66.55,0.1477,0.1476,219.1846,206.9197,0.008239,0.0996,0.1318,GIRAR_DERECHA
659,32.95,64.33,69.07,72.32,70.15,121.02,70.12,0.1476,0.1476,219.3792,206.7313,6.4e-05,0.1059,0.1318,AVANZAR
660,33.0,62.53,68.04,64.65,66.53,113.96,67.48,0.1476,0.1476,219.7749,207.1332,0.008175,0.1043,0.1318,AVANZAR
661,33.05,64.53,66.28,66.76,72.44,105.0,65.76,0.1476,0.1476,220.1768,207.5289,0.008175,0.1029,0.1318,AVANZAR
662,33.1,69.0,69.71,67.8,65.19,82.44,64.75,0.1475,0.1475,220.5787,207.9308,0.008239,0.1016,0.1318,AVANZAR
663,33.15,65.77,72.06,69.08,62.55,68.51,63.75,0.1475,0.1475,220.9806,208.3327,0.008239,0.1005,0.1318,AVANZAR
664,33.2,71.04,62.86,70.62,67.55,64.93,62.37,0.1475,0.1475,221.3763,208.7346,0.008175,0.0996,0.1318,GIRAR_IZQUIERDA
665,33.25,68.26,69.21,65.23,71.3,65.95,61.22,0.1475,0.1475,221.1879,208.923,-0.0,0.1059,0.1318,AVANZAR
666,33.3,66.73,67.19,70.97,68.47,69.33,68.39,0.1475,0.1475,221.5898,209.325,0.008239,0.1042,0.1318,AVANZAR
667,33.35,66.88,69.59,68.64,60.46,69.68,68.05,0.1475,0.1475,221.9854,209.7269,0.008175,0.1028,0.1318,AVANZAR
668,33.4,62.83,69.26,66.45,62.38,71.11,63.34,0.1476,0.1475,222.3874,210.1225,0.008175,0.1016,0.1318,AVANZAR
669,33.45,69.11,71.12,73.56,65.11,64.17,68.73,0.1474,0.1475,222.7893,210.5244,0.008239,0.1005,0.1318,AVANZAR
670,33.5,64.9,67.58,67.54,68.42,71.19,70.64,0.1476,0.1475,223.1912,210.9264,0.008239,0.0996,0.1318,GIRAR_DERECHA
671,33.55,69.53,65.98,66.39,65.55,67.91,66.12,0.1475,0.1475,223.3796,210.7317,-6.4e-05,0.1059,0.1318,AVANZAR
672,33.6,62.85,66.55,69.65,65.38,66.85,72.24,0.1476,0.1476,223.7815,211.1336,0.008239,0.1043,0.1318,AVANZAR
673,33.65,65.87,70.09,67.28,63.84,71.51,70.77,0.1475,0.1475,224.1834,211.5355,0.008239,0.1028,0.1318,AVANZAR
674,33.7,67.32,60.57,66.07,71.61,68.53,68.9,0.1477,0.1476,224.5791,211.9374,0.008175,0.1016,0.1318,AVANZAR
675,33.75,67.26,70.39,64.93,70.5,62.53,67.9,0.1475,0.1475,224.981,212.3331,0.008175,0.1006,0.1318,AVANZAR
676,33.8,71.75,63.92,68.9,64.92,65.23,69.84,0.1475,0.1475,225.3829,212.735,0.008239,0.0996,0.1318,GIRAR_DERECHA
677,33.85,72.38,66.95,68.11,67.27,71.53,68.99,0.1474,0.1475,225.5776,212.5466,6.4e-05,0.1059,0.1318,AVANZAR
678,33.9,68.98,61.28,66.94,71.07,71.29,66.81,0.1476,0.1475,225.9732,212.9485,0.008175,0.1043,0.1318,AVANZAR
679,33.95,65.32,66.98,69.54,66.34,69.62,73.46,0.1476,0.1476,226.3752,213.3442,0.008175,0.1029,0.1318,AVANZAR
680,34.0,64.24,63.49,67.4,66.38,63.05,71.27,0.1477,0.1476,226.7771,213.7461,0.008239,0.1016,0.1318,AVANZAR
681,34.05,72.14,67.35,71.77,68.03,66.08,69.04,0.1474,0.1475,227.179,214.148,0.008239,0.1005,0.1318,AVANZAR
682,34.1,69.22,70.07,68.22,64.99,72.67,66.82,0.1474,0.1475,227.5746,214.5499,0.008175,0.0996,0.1318,GIRAR_DERECHA
683,34.15,67.41,74.01,68.81,71.08,69.75,66.19,0.1474,0.1475,227.7693,214.3552,0.0,0.1059,0.1318,AVANZAR
684,34.2,65.06,69.85,62.2,70.55,75.73,68.01,0.1475,0.1475,228.1712,214.7572,0.008239,0.1042,0.1318,AVANZAR
685,34.25,65.6,63.72,60.52,65.28,74.06,60.6,0.1476,0.1475,228.5669,215.1591,0.008175,0.1029,0.1318,AVANZAR
686,34.3,70.3,62.68,65.79,64.27,65.59,65.71,0.1476,0.1475,228.9688,215.5547,0.008175,0.1016,0.1318,AVANZAR
687,34.35,68.33,70.88,58.49,71.18,62.2,62.71,0.1475,0.1475,229.3707,215.9566,0.008239,0.1005,0.1318,AVANZAR
688,34.4,64.11,70.63,68.39,68.03,68.54,69.92,0.1475,0.1475,229.7726,216.3586,0.008239,0.0996,0.1318,GIRAR_DERECHA
689,34.45,64.69,68.96,65.75,62.75,67.38,67.8,0.1476,0.1475,229.961,216.1639,-6.4e-05,0.1059,0.1318,AVANZAR
690,34.5,66.99,68.99,66.09,66.04,67.85,68.2,0.1475,0.1475,230.363,216.5658,0.008239,0.1043,0.1318,AVANZAR
691,34.55,64.5,64.56,67.48,64.3,68.32,69.22,0.1476,0.1476,230.7649,216.9677,0.008239,0.1028,0.1318,AVANZAR
692,34.6,69.53,63.61,67.91,65.1,68.54,66.99,0.1476,0.1476,231.1668,217.3696,0.008239,0.1016,0.1318,AVANZAR
693,34.65,69.9,66.12,63.7,65.18,72.2,70.38,0.1475,0.1475,231.5624,217.7653,0.008111,0.1006,0.1318,AVANZAR
694,34.7,59.55,67.82,70.88,71.92,66.86,68.02,0.1477,0.1476,231.9644,218.1672,0.008239,0.0996,0.1318,GIRAR_IZQUIERDA
695,34.75,68.53,69.36,67.41,68.44,64.22,66.51,0.1475,0.1475,231.776,218.3619,6.4e-05,0.1059,0.1318,AVANZAR
696,34.8,64.62,73.31,60.18,72.09,70.88,68.51,0.1475,0.1475,232.1716,218.7638,0.008175,0.1043,0.1318,AVANZAR
697,34.85,64.77,63.09,70.83,66.9,64.33,74.09,0.1477,0.1476,232.5735,219.1594,0.008175,0.1029,0.1318,AVANZAR
698,34.9,63.76,66.92,71.24,67.99,72.16,67.44,0.1476,0.1476,232.9754,219.5614,0.008239,0.1016,0.1318,AVANZAR
699,34.95,63.5,68.98,66.15,62.61,66.68,68.51,0.1476,0.1476,233.3774,219.9633,0.008239,0.1005,0.1318,AVANZAR
700,35.0,69.17,71.32,65.58,67.44,65.99,72.82,0.1474,0.1475,233.773,220.3652,0.008175,0.0996,0.1318,GIRAR_DERECHA
701,35.05,65.14,63.12,71.08,71.23,66.23,81.43,0.1477,0.1476,233.9677,220.1705,0.0,0.1059,0.1318,AVANZAR
702,35.1,62.2,59.52,62.59,64.78,69.58,96.54,0.1478,0.1476,234.3696,220.5724,0.008239,0.1043,0.1318,AVANZAR
703,35.15,70.39,62.53,69.88,63.66,70.11,108.07,0.1476,0.1476,234.7652,220.9744,0.008175,0.1029,0.1318,AVANZAR
704,35.2,66.63,69.07,67.5,65.57,69.2,130.41,0.1475,0.1476,235.1672,221.37,0.008175,0.1017,0.1318,AVANZAR
705,35.25,65.81,107.69,69.24,61.46,80.51,152.71,0.1468,0.1474,235.5691,221.7719,0.008239,0.1005,0.1318,AVANZAR
706,35.3,68.21,122.97,65.74,62.23,99.57,200.07,0.1465,0.1471,235.971,222.1738,0.008239,0.0994,0.1318,GIRAR_DERECHA
707,35.35,66.38,92.58,61.94,67.03,130.68,187.1,0.1471,0.1471,236.1594,221.9792,-6.4e-05,0.1057,0.1318,AVANZAR
708,35.4,62.95,109.18,68.92,65.07,135.93,233.07,0.1468,0.147,236.5613,222.3811,0.008239,0.104,0.1318,AVANZAR
709,35.45,66.69,133.39,63.43,63.9,172.2,327.56,0.1463,0.1468,236.9632,222.783,0.008239,0.1024,0.1318,AVANZAR
710,35.5,72.75,156.9,69.12,63.36,242.95,474.29,0.1458,0.1465,237.3652,223.1849,0.008239,0.101,0.1318,AVANZAR
711,35.55,65.36,217.03,72.12,68.19,328.88,1029.79,0.1448,0.146,237.7608,223.5806,0.008111,0.0997,0.1318,GIRAR_DERECHA
712,35.6,64.0,141.29,67.02,66.85,423.59,622.14,0.1462,0.1461,237.9555,223.3922,6.4e-05,0.1058,0.1318,AVANZAR
713,35.65,68.7,156.93,76.24,71.16,627.76,1222.16,0.1459,0.146,238.3574,223.7941,0.008239,0.1039,0.1318,AVANZAR
714,35.7,68.14,184.22,64.74,66.18,892.21,1555.12,0.1454,0.1458,238.753,224.196,0.008175,0.1023,0.1318,AVANZAR
715,35.75,67.03,190.61,68.72,65.87,1071.93,1635.53,0.1453,0.1457,239.155,224.5916,0.008175,0.1009,0.1318,AVANZAR
716,35.8,68.98,180.53,62.59,69.67,1059.45,1677.22,0.1454,0.1456,239.5569,224.9936,0.008239,0.0996,0.1318,GIRAR_DERECHA
717,35.85,66.8,113.0,63.22,66.39,1540.27,1144.32,0.1467,0.1459,239.7453,224.7989,-6.4e-05,0.1058,0.1318,AVANZAR
718,35.9,64.54,108.93,70.22,70.77,1533.88,1100.62,0.1468,0.1462,240.1472,225.2008,0.008239,0.1041,0.1318,AVANZAR
719,35.95,67.75,114.12,69.59,68.62,1532.56,1112.01,0.1467,0.1463,240.5491,225.6027,0.008239,0.1025,0.1318,AVANZAR
720,36.0,61.95,118.35,67.09,71.19,1531.72,1132.52,0.1467,0.1464,240.951,226.0046,0.008239,0.1012,0.1318,AVANZAR
721,36.05,59.19,113.35,72.09,71.35,1537.36,1158.46,0.1468,0.1466,241.353,226.4066,0.008239,0.1001,0.1318,AVANZAR
722,36.1,69.02,114.62,67.26,68.62,1525.23,1136.42,0.1466,0.1466,241.7486,226.8022,0.008111,0.0992,0.1318,GIRAR_DERECHA
723,36.15,67.65,67.0,68.44,69.77,1684.37,503.66,0.1475,0.1469,241.9433,226.6138,6.4e-05,0.1055,0.1318,AVANZAR
724,36.2,63.73,71.98,67.74,68.67,1680.69,479.98,0.1475,0.1471,242.3452,227.0157,0.008239,0.1039,0.1318,AVANZAR
725,36.25,70.09,65.21,66.16,64.47,1681.94,464.1,0.1475,0.1472,242.7408,227.4114,0.008111,0.1026,0.1318,AVANZAR
726,36.3,66.54,64.1,64.8,66.23,1689.04,481.32,0.1476,0.1473,243.1428,227.8133,0.008239,0.1014,0.1318,AVANZAR
727,36.35,66.85,65.22,60.25,69.3,1698.53,485.61,0.1476,0.1474,243.5447,228.2152,0.008239,0.1003,0.1318,AVANZAR
728,36.4,67.38,69.58,64.93,66.42,1691.35,489.46,0.1475,0.1474,243.9466,228.6171,0.008239,0.0994,0.1318,GIRAR_DERECHA
729,36.45,66.7,68.16,70.4,70.5,1708.15,309.66,0.1475,0.1475,244.135,228.4224,-6.4e-05,0.1058,0.1318,AVANZAR
730,36.5,65.71,69.54,65.5,66.13,1697.41,476.9,0.1475,0.1475,244.5369,228.8244,0.008239,0.1041,0.1318,AVANZAR
731,36.55,67.68,72.2,71.05,65.51,1684.6,482.18,0.1474,0.1475,244.9388,229.2263,0.008239,0.1027,0.1318,AVANZAR
732,36.6,65.43,66.94,62.66,69.08,1677.99,456.26,0.1476,0.1475,245.3408,229.6282,0.008239,0.1014,0.1318,AVANZAR
733,36.65,66.89,60.61,67.48,67.11,1668.48,485.45,0.1477,0.1475,245.7364,230.0238,0.008111,0.1005,0.1318,AVANZAR
734,36.7,67.54,72.95,65.79,65.09,1683.12,491.47,0.1474,0.1475,246.1383,230.4258,0.008239,0.0995,0.1318,GIRAR_DERECHA
735,36.75,61.76,61.87,73.46,68.74,1700.41,304.08,0.1477,0.1476,246.333,230.2374,6.4e-05,0.1058,0.1318,AVANZAR
736,36.8,66.09,70.25,70.14,72.12,1642.27,287.55,0.1475,0.1476,246.7286,230.633,0.008111,0.1043,0.1318,AVANZAR
737,36.85,68.29,62.78,66.3,67.57,1575.87,269.16,0.1476,0.1476,247.1306,231.0349,0.008239,0.1028,0.1318,AVANZAR
738,36.9,64.35,67.56,69.76,67.67,1493.04,260.38,0.1476,0.1476,247.5325,231.4368,0.008239,0.1016,0.1318,AVANZAR
739,36.95,61.85,66.52,67.08,62.09,1381.96,235.09,0.1476,0.1476,247.9344,231.8388,0.008239,0.1005,0.1318,AVANZAR
740,37.0,66.53,64.04,69.5,60.79,1305.54,232.46,0.1476,0.1476,248.33,232.2344,0.008111,0.0997,0.1318,GIRAR_DERECHA
741,37.05,60.15,63.49,71.16,65.31,1195.31,133.64,0.1477,0.1476,248.5247,232.046,6.4e-05,0.1059,0.1318,AVANZAR
742,37.1,60.97,66.97,68.34,68.38,858.63,141.34,0.1477,0.1476,248.9266,232.4479,0.008239,0.1043,0.1318,AVANZAR
743,37.15,69.06,67.92,69.35,65.44,558.84,124.07,0.1475,0.1476,249.3223,232.8436,0.008111,0.1029,0.1318,AVANZAR
744,37.2,64.27,62.81,72.41,72.45,454.89,112.5,0.1477,0.1476,249.7242,233.2455,0.008239,0.1017,0.1318,AVANZAR
745,37.25,66.31,67.99,68.8,62.83,371.23,106.87,0.1475,0.1476,250.1261,233.6474,0.008239,0.1006,0.1318,AVANZAR
746,37.3,66.85,68.75,69.22,64.25,353.43,92.16,0.1475,0.1476,250.528,234.0493,0.008239,0.0996,0.1318,GIRAR_DERECHA
747,37.35,70.01,68.66,66.55,63.86,314.8,64.75,0.1475,0.1475,250.7164,233.8546,-6.4e-05,0.106,0.1318,AVANZAR
748,37.4,65.07,67.98,66.26,66.92,265.1,64.76,0.1476,0.1475,251.1184,234.2566,0.008239,0.1043,0.1318,AVANZAR
749,37.45,64.88,68.32,67.88,67.4,227.35,70.3,0.1476,0.1476,251.5203,234.6585,0.008239,0.1028,0.1318,AVANZAR
750,37.5,73.17,68.89,64.47,66.35,193.79,64.34,0.1474,0.1475,251.9222,235.0541,0.008175,0.1016,0.1318,AVANZAR
751,37.55,64.56,68.27,64.67,70.18,156.8,69.64,0.1476,0.1475,252.3178,235.456,0.008175,0.1006,0.1318,AVANZAR
752,37.6,69.52,60.9,71.63,64.75,143.57,68.93,0.1476,0.1476,252.7198,235.858,0.008239,0.0996,0.1318,GIRAR_DERECHA
753,37.65,66.6,62.34,67.71,64.37,120.48,63.62,0.1476,0.1476,252.9144,235.6696,6.4e-05,0.1059,0.1318,AVANZAR
754,37.7,65.12,68.99,63.83,68.09,123.43,70.73,0.1475,0.1476,253.3101,236.0652,0.008111,0.1043,0.1318,AVANZAR
755,37.75,72.41,68.74,62.77,66.56,106.94,74.38,0.1474,0.1475,253.712,236.4671,0.008239,0.1029,0.1318,AVANZAR
756,37.8,68.87,66.85,59.05,69.14,87.12,67.96,0.1475,0.1475,254.1139,236.869,0.008239,0.1016,0.1318,AVANZAR
757,37.85,68.18,74.52,66.06,64.93,64.23,67.65,0.1474,0.1475,254.5158,237.271,0.008239,0.1005,0.1318,AVANZAR
758,37.9,72.38,63.0,71.43,70.26,67.95,68.47,0.1475,0.1475,254.9178,237.6666,0.008175,0.0996,0.1318,GIRAR_IZQUIERDA
759,37.95,61.59,73.59,73.99,69.18,65.76,62.44,0.1475,0.1475,254.7231,237.8613,0.0,0.1059,0.1318,AVANZAR
760,38.0,66.35,69.57,67.51,70.43,67.74,70.35,0.1475,0.1475,255.125,238.2632,0.008239,0.1042,0.1318,AVANZAR
761,38.05,72.35,66.18,64.43,69.05,63.85,61.43,0.1475,0.1475,255.5269,238.6588,0.008175,0.1028,0.1318,AVANZAR
762,38.1,71.11,61.59,66.27,65.41,61.71,65.36,0.1476,0.1475,255.9226,239.0608,0.008175,0.1016,0.1318,AVANZAR
763,38.15,67.41,61.68,65.7,62.9,68.42,65.21,0.1476,0.1476,256.3245,239.4627,0.008239,0.1005,0.1318,AVANZAR
764,38.2,68.39,68.88,66.37,64.52,68.92,68.64,0.1475,0.1475,256.7264,239.8646,0.008239,0.0996,0.1318,GIRAR_DERECHA
765,38.25,63.54,65.7,65.24,67.5,63.59,69.68,0.1476,0.1476,256.9148,239.6699,-6.4e-05,0.106,0.1318,AVANZAR
766,38.3,68.21,66.56,63.4,63.0,69.76,74.01,0.1475,0.1476,257.3167,240.0718,0.008239,0.1043,0.1318,AVANZAR
767,38.35,65.09,66.98,69.54,66.81,65.06,65.75,0.1476,0.1476,257.7186,240.4738,0.008239,0.1028,0.1318,AVANZAR
768,38.4,67.3,63.46,62.61,69.12,69.28,66.8,0.1476,0.1476,258.1206,240.8694,0.008175,0.1016,0.1318,AVANZAR
769,38.45,67.43,67.33,65.6,73.02,66.75,71.03,0.1475,0.1476,258.5162,241.2713,0.008175,0.1006,0.1318,AVANZAR
770,38.5,70.17,66.77,70.43,75.12,66.99,66.47,0.1475,0.1475,258.9181,241.6732,0.008239,0.0996,0.1318,GIRAR_IZQUIERDA
771,38.55,64.6,67.84,71.49,68.32,69.57,66.18,0.1476,0.1476,258.7297,241.8679,6.4e-05,0.1059,0.1318,AVANZAR
772,38.6,65.35,68.0,63.63,68.01,66.73,65.85,0.1476,0.1476,259.1254,242.2636,0.008111,0.1043,0.1318,AVANZAR
773,38.65,67.87,66.57,66.55,74.09,66.16,66.82,0.1475,0.1475,259.5273,242.6655,0.008239,0.1029,0.1318,AVANZAR
774,38.7,64.64,71.03,66.61,69.67,69.08,65.01,0.1475,0.1475,259.9292,243.0674,0.008239,0.1016,0.1318,AVANZAR
775,38.75,66.47,67.85,66.14,68.31,66.41,69.74,0.1475,0.1475,260.3311,243.4693,0.008239,0.1005,0.1318,AVANZAR
776,38.8,66.29,63.06,63.51,64.92,69.57,66.08,0.1476,0.1476,260.733,243.865,0.008175,0.0996,0.1318,GIRAR_DERECHA
777,38.85,72.89,62.43,70.06,64.62,69.74,64.31,0.1475,0.1476,260.9214,243.6766,0.0,0.1059,0.1318,AVANZAR
778,38.9,66.22,68.95,69.2,70.28,63.62,64.1,0.1475,0.1475,261.3234,244.0785,0.008239,0.1043,0.1318,AVANZAR
779,38.95,67.64,63.62,68.33,67.23,64.71,61.0,0.1476,0.1476,261.7253,244.4741,0.008175,0.1029,0.1318,AVANZAR
780,39.0,65.69,70.18,67.16,65.82,64.33,67.09,0.1475,0.1475,262.1209,244.876,0.008175,0.1017,0.1318,AVANZAR
781,39.05,64.86,75.51,68.06,69.13,64.55,67.1,0.1474,0.1475,262.5228,245.278,0.008239,0.1005,0.1318,AVANZAR
782,39.1,62.23,68.37,66.59,66.41,69.65,63.72,0.1476,0.1475,262.9248,245.6799,0.008239,0.0996,0.1318,GIRAR_DERECHA
783,39.15,65.89,67.28,68.51,75.8,66.36,67.38,0.1476,0.1475,263.1132,245.4852,-6.4e-05,0.106,0.1318,AVANZAR
784,39.2,67.53,70.71,66.27,66.62,67.76,69.34,0.1475,0.1475,263.5151,245.8871,0.008239,0.1043,0.1318,AVANZAR
785,39.25,65.38,64.73,65.83,65.06,70.44,68.64,0.1476,0.1476,263.917,246.289,0.008239,0.1028,0.1318,AVANZAR
786,39.3,69.38,65.59,67.74,66.87,63.81,70.44,0.1475,0.1475,264.3189,246.691,0.008239,0.1016,0.1318,AVANZAR
787,39.35,66.11,62.33,68.99,70.19,64.74,71.67,0.1476,0.1476,264.7146,247.0866,0.008111,0.1006,0.1318,AVANZAR
788,39.4,66.36,65.17,66.1,68.33,63.92,67.75,0.1476,0.1476,265.1165,247.4885,0.008239,0.0996,0.1318,GIRAR_IZQUIERDA
789,39.45,65.68,65.17,72.86,64.47,71.27,60.59,0.1476,0.1476,264.9281,247.6832,6.4e-05,0.1059,0.1318,AVANZAR
790,39.5,70.77,68.42,68.61,70.64,61.76,61.93,0.1475,0.1475,265.33,248.0788,0.008175,0.1043,0.1318,AVANZAR
791,39.55,67.65,64.84,70.83,58.85,70.72,68.67,0.1476,0.1476,265.7256,248.4808,0.008175,0.1029,0.1318,AVANZAR
792,39.6,71.05,61.65,64.9,70.13,60.81,66.35,0.1476,0.1476,266.1276,248.8827,0.008239,0.1016,0.1318,AVANZAR
793,39.65,68.4,65.78,66.95,65.08,62.94,60.35,0.1475,0.1476,266.5295,249.2846,0.008239,0.1005,0.1318,AVANZAR
794,39.7,67.61,66.97,69.6,67.89,70.68,70.58,0.1475,0.1475,266.9314,249.6802,0.008175,0.0996,0.1318,GIRAR_DERECHA
795,39.75,61.19,69.6,69.74,64.5,67.67,63.11,0.1476,0.1476,267.1198,249.4918,0.0,0.1059,0.1318,AVANZAR
796,39.8,66.24,63.23,69.75,66.7,67.79,67.72,0.1476,0.1476,267.5217,249.8938,0.008239,0.1043,0.1318,AVANZAR
797,39.85,65.06,62.47,66.98,67.62,65.98,67.86,0.1477,0.1476,267.9236,250.2894,0.008175,0.1029,0.1318,AVANZAR
798,39.9,70.33,66.37,70.98,71.58,65.56,66.43,0.1475,0.1476,268.3193,250.6913,0.008175,0.1017,0.1318,AVANZAR
799,39.95,63.88,65.12,66.28,70.49,64.01,65.75,0.1476,0.1476,268.7212,251.0932,0.008239,0.1006,0.1318,AVANZAR
800,40.0,65.33,68.2,71.86,67.93,73.16,68.94,0.1476,0.1476,269.1231,251.4952,0.008239,0.0996,0.1318,GIRAR_DERECHA
801,40.05,69.41,66.15,65.1,63.32,68.5,63.85,0.1475,0.1476,269.3115,251.3005,-6.4e-05,0.106,0.1318,AVANZAR
802,40.1,70.56,67.72,67.92,64.55,70.25,65.16,0.1475,0.1475,269.7134,251.7024,0.008239,0.1043,0.1318,AVANZAR
803,40.15,72.84,69.79,67.08,65.92,61.46,69.29,0.1474,0.1475,270.1154,252.1043,0.008239,0.1028,0.1318,AVANZAR
804,40.2,70.42,68.12,67.45,68.77,62.99,65.87,0.1475,0.1475,270.5173,252.5062,0.008239,0.1016,0.1318,AVANZAR
805,40.25,63.04,64.83,71.31,66.84,61.02,68.02,0.1477,0.1475,270.9129,252.9019,0.008111,0.1006,0.1318,AVANZAR
806,40.3,61.22,63.77,69.26,67.11,118.46,74.94,0.1477,0.1476,271.3148,253.3038,0.008239,0.0996,0.1318,GIRAR_DERECHA
807,40.35,63.42,65.01,67.71,71.36,230.29,69.14,0.1476,0.1476,271.5095,253.1154,6.4e-05,0.1059,0.1318,AVANZAR
808,40.4,66.01,65.84,66.32,65.8,115.74,65.99,0.1476,0.1476,271.9114,253.511,0.008175,0.1043,0.1318,AVANZAR
809,40.45,66.85,67.08,62.68,64.29,68.14,64.94,0.1475,0.1476,272.3071,253.913,0.008175,0.1029,0.1318,AVANZAR
810,40.5,65.95,69.81,69.19,72.91,69.71,70.98,0.1475,0.1476,272.709,254.3149,0.008239,0.1016,0.1318,AVANZAR
811,40.55,67.13,63.58,69.49,68.74,62.83,73.49,0.1476,0.1476,273.1109,254.7168,0.008239,0.1005,0.1318,AVANZAR
812,40.6,67.28,72.3,71.48,64.52,63.65,68.01,0.1474,0.1475,273.5128,255.1124,0.008175,0.0996,0.1318,GIRAR_IZQUIERDA
813,40.65,71.7,65.97,65.43,66.61,69.91,63.83,0.1475,0.1475,273.3182,255.3071,0.0,0.1059,0.1318,AVANZAR
814,40.7,68.66,69.26,68.89,65.75,71.9,65.34,0.1475,0.1475,273.7201,255.709,0.008239,0.1042,0.1318,AVANZAR
815,40.75,66.19,69.61,69.13,67.3,66.33,69.65,0.1475,0.1475,274.122,256.1047,0.008175,0.1029,0.1318,AVANZAR
816,40.8,66.38,64.32,66.69,68.64,66.18,66.31,0.1476,0.1475,274.5176,256.5066,0.008175,0.1017,0.1318,AVANZAR
817,40.85,68.42,68.38,64.85,68.65,72.21,70.02,0.1475,0.1475,274.9196,256.9085,0.008239,0.1005,0.1318,AVANZAR
818,40.9,67.06,68.0,71.19,71.62,69.76,68.18,0.1475,0.1475,275.3215,257.3104,0.008239,0.0996,0.1318,GIRAR_IZQUIERDA
819,40.95,68.14,66.79,67.2,72.02,60.71,66.83,0.1475,0.1475,275.1268,257.4988,-6.4e-05,0.106,0.1318,AVANZAR
820,41.0,68.93,64.71,64.51,60.49,66.78,62.87,0.1476,0.1475,275.5287,257.9008,0.008239,0.1043,0.1318,AVANZAR
821,41.05,68.17,66.62,66.31,68.67,65.57,69.34,0.1475,0.1475,275.9306,258.3027,0.008239,0.1028,0.1318,AVANZAR
822,41.1,61.83,60.77,70.17,65.3,65.15,64.88,0.1478,0.1476,276.3326,258.7046,0.008239,0.1016,0.1318,AVANZAR
823,41.15,65.52,65.54,68.86,62.69,70.82,65.99,0.1476,0.1476,276.7345,259.1002,0.008175,0.1006,0.1318,AVANZAR
824,41.2,66.29,63.26,71.52,73.58,64.08,67.14,0.1476,0.1476,277.1301,259.5022,0.008175,0.0997,0.1318,GIRAR_IZQUIERDA
825,41.25,66.13,66.94,67.43,62.84,65.27,63.42,0.1476,0.1476,276.9417,259.6968,6.4e-05,0.1059,0.1318,AVANZAR
826,41.3,65.44,64.39,70.89,62.93,70.55,66.43,0.1476,0.1476,277.3436,260.0925,0.008175,0.1043,0.1318,AVANZAR
827,41.35,67.41,69.93,62.37,65.76,59.98,60.77,0.1475,0.1476,277.7393,260.4944,0.008175,0.1029,0.1318,AVANZAR
828,41.4,66.49,62.91,71.21,69.0,64.89,65.67,0.1476,0.1476,278.1412,260.8963,0.008239,0.1016,0.1318,AVANZAR
829,41.45,66.88,67.67,69.19,66.05,67.22,71.82,0.1475,0.1476,278.5431,261.2982,0.008239,0.1005,0.1318,AVANZAR
830,41.5,69.07,68.15,65.71,67.43,64.04,66.71,0.1475,0.1475,278.945,261.6939,0.008175,0.0996,0.1318,GIRAR_IZQUIERDA
831,41.55,71.53,65.56,60.2,63.88,69.64,69.54,0.1475,0.1475,278.7504,261.8886,0.0,0.1059,0.1318,AVANZAR
832,41.6,72.37,69.55,65.65,64.77,64.79,61.79,0.1474,0.1475,279.1523,262.2905,0.008239,0.1042,0.1318,AVANZAR
833,41.65,60.82,66.83,66.71,63.69,62.93,67.78,0.1477,0.1475,279.5542,262.6924,0.008239,0.1028,0.1318,AVANZAR
834,41.7,63.33,72.69,66.85,67.84,70.79,68.33,0.1475,0.1475,279.9498,263.088,0.008111,0.1017,0.1318,AVANZAR
835,41.75,69.31,69.07,68.39,69.82,68.31,70.87,0.1475,0.1475,280.3518,263.49,0.008239,0.1005,0.1318,AVANZAR
836,41.8,64.88,71.0,67.56,67.02,65.06,71.01,0.1475,0.1475,280.7537,263.8919,0.008239,0.0996,0.1318,GIRAR_DERECHA
837,41.85,63.31,67.15,71.3,64.18,70.3,60.83,0.1476,0.1475,280.9421,263.6972,-6.4e-05,0.106,0.1318,AVANZAR
838,41.9,68.5,75.22,66.41,70.48,70.2,64.63,0.1474,0.1475,281.344,264.0991,0.008239,0.1043,0.1318,AVANZAR
839,41.95,66.69,69.73,63.59,72.45,67.68,65.17,0.1475,0.1475,281.7459,264.501,0.008239,0.1028,0.1318,AVANZAR
840,42.0,66.36,70.1,68.61,67.93,63.72,69.72,0.1475,0.1475,282.1478,264.903,0.008239,0.1015,0.1318,AVANZAR
841,42.05,69.94,68.87,66.42,66.11,69.31,69.35,0.1475,0.1475,282.5498,265.2986,0.008175,0.1005,0.1318,AVANZAR
842,42.1,76.87,67.52,58.67,64.92,70.9,64.12,0.1474,0.1474,282.9454,265.7005,0.008175,0.0996,0.1318,GIRAR_DERECHA
843,42.15,65.26,63.59,73.26,61.07,64.22,70.39,0.1476,0.1475,283.1401,265.5121,6.4e-05,0.1059,0.1318,AVANZAR
844,42.2,64.7,68.23,63.56,69.85,68.27,70.22,0.1476,0.1475,283.542,265.9078,0.008175,0.1043,0.1318,AVANZAR
845,42.25,66.23,63.34,66.81,64.26,56.07,66.35,0.1476,0.1476,283.9376,266.3097,0.008175,0.1029,0.1318,AVANZAR
846,42.3,66.34,69.58,69.98,68.78,71.2,65.0,0.1475,0.1475,284.3396,266.7116,0.008239,0.1016,0.1318,AVANZAR
847,42.35,66.58,66.11,63.68,63.45,70.08,66.13,0.1476,0.1476,284.7415,267.1135,0.008239,0.1005,0.1318,AVANZAR
848,42.4,67.3,67.64,67.38,61.84,70.98,71.59,0.1475,0.1475,285.1434,267.5154,0.008239,0.0995,0.1318,GIRAR_DERECHA
849,42.45,62.11,65.83,61.93,68.54,63.03,63.23,0.1477,0.1476,285.3318,267.3208,-6.4e-05,0.1059,0.1318,AVANZAR
850,42.5,67.5,65.07,69.84,69.11,74.58,63.81,0.1476,0.1476,285.7337,267.7227,0.008239,0.1043,0.1318,AVANZAR
851,42.55,63.26,65.67,69.85,70.19,68.1,63.48,0.1476,0.1476,286.1356,268.1246,0.008239,0.1028,0.1318,AVANZAR
852,42.6,72.39,68.63,69.64,67.11,67.92,67.06,0.1474,0.1475,286.5313,268.5202,0.008111,0.1017,0.1318,AVANZAR
853,42.65,65.37,69.73,65.05,69.84,71.77,69.54,0.1475,0.1475,286.9332,268.9222,0.008239,0.1006,0.1318,AVANZAR
854,42.7,71.26,70.51,68.94,75.23,72.48,74.83,0.1474,0.1475,287.3351,269.3241,0.008239,0.0996,0.1318,GIRAR_DERECHA
855,42.75,67.78,71.32,68.43,69.83,67.75,72.62,0.1475,0.1475,287.5298,269.1294,0.0,0.1059,0.1318,AVANZAR
856,42.8,67.01,64.18,65.49,65.7,68.67,92.42,0.1476,0.1475,287.9254,269.5313,0.008175,0.1043,0.1318,AVANZAR
857,42.85,69.03,62.24,70.89,69.1,65.76,107.22,0.1476,0.1475,288.3274,269.9332,0.008239,0.1028,0.1318,AVANZAR
858,42.9,68.14,65.09,66.98,68.16,64.89,127.95,0.1476,0.1475,288.7293,270.3352,0.008239,0.1016,0.1318,AVANZAR
859,42.95,68.08,99.37,67.8,64.12,73.64,145.28,0.1469,0.1474,289.1312,270.7308,0.008175,0.1005,0.1318,AVANZAR
860,43.0,68.84,117.65,62.92,66.56,111.72,195.59,0.1466,0.1471,289.5268,271.1327,0.008175,0.0994,0.1318,GIRAR_DERECHA
861,43.05,65.13,92.91,63.64,66.31,124.3,185.58,0.1471,0.1471,289.7215,270.9443,6.4e-05,0.1057,0.1318,AVANZAR
862,43.1,68.59,108.69,62.74,68.29,142.53,240.27,0.1468,0.147,290.1234,271.34,0.008175,0.104,0.1318,AVANZAR
863,43.15,63.07,126.95,63.98,65.22,175.97,304.8,0.1465,0.1469,290.5191,271.7419,0.008175,0.1025,0.1318,AVANZAR
864,43.2,74.29,149.63,65.95,69.17,226.27,438.57,0.1459,0.1466,290.921,272.1438,0.008239,0.1011,0.1318,AVANZAR
865,43.25,64.05,215.45,70.4,67.3,323.41,922.66,0.1449,0.1461,291.3229,272.5457,0.008239,0.0997,0.1318,GIRAR_DERECHA
866,43.3,74.66,138.44,67.27,66.28,393.45,564.1,0.1461,0.1461,291.5113,272.351,-6.4e-05,0.1058,0.1318,AVANZAR
867,43.35,71.08,166.26,68.22,63.16,553.83,1158.28,0.1457,0.1459,291.9132,272.753,0.008239,0.1039,0.1318,AVANZAR
868,43.4,65.41,209.13,66.78,68.17,1300.47,1875.57,0.145,0.1457,292.3152,273.1549,0.008239,0.1022,0.1318,AVANZAR
869,43.45,66.76,200.67,65.7,67.13,1189.53,1766.91,0.1451,0.1455,292.7171,273.5505,0.008175,0.1008,0.1318,AVANZAR
870,43.5,69.43,197.38,61.41,69.1,1134.31,1778.1,0.1451,0.1454,293.119,273.9524,0.008239,0.0994,0.1318,GIRAR_DERECHA
871,43.55,73.97,114.22,71.06,64.44,1522.83,1191.15,0.1466,0.1457,293.3074,273.764,0.0,0.1057,0.1318,AVANZAR
872,43.6,68.99,122.31,70.59,65.93,1521.52,1135.66,0.1465,0.146,293.7093,274.166,0.008239,0.1039,0.1318,AVANZAR
873,43.65,67.24,113.14,71.78,57.83,1523.49,1253.37,0.1467,0.1462,294.1112,274.5616,0.008175,0.1024,0.1318,AVANZAR
874,43.7,66.71,115.84,60.05,72.2,1515.61,1185.12,0.1467,0.1463,294.5069,274.9635,0.008175,0.1012,0.1318,AVANZAR
875,43.75,66.74,110.63,62.77,66.9,1508.76,1166.16,0.1468,0.1465,294.9088,275.3654,0.008239,0.1,0.1318,AVANZAR
876,43.8,64.44,107.39,68.84,63.84,1510.46,1175.76,0.1469,0.1466,295.3107,275.7674,0.008239,0.099,0.1318,GIRAR_DERECHA
877,43.85,68.57,65.88,70.79,66.74,1736.92,493.11,0.1475,0.1469,295.4991,275.5727,-6.4e-05,0.1055,0.1318,AVANZAR
878,43.9,68.19,66.18,67.88,65.79,1660.21,489.39,0.1475,0.1471,295.901,275.9746,0.008239,0.1039,0.1318,AVANZAR
879,43.95,65.09,65.63,69.11,65.13,1666.63,489.05,0.1476,0.1472,296.303,276.3765,0.008239,0.1025,0.1318,AVANZAR
880,44.0,67.36,68.9,69.07,65.32,1660.76,501.17,0.1475,0.1473,296.7049,276.7722,0.008175,0.1013,0.1318,AVANZAR
881,44.05,68.26,63.77,65.35,65.02,1682.52,504.89,0.1476,0.1474,297.1068,277.1741,0.008239,0.1003,0.1318,AVANZAR
882,44.1,63.23,69.55,61.96,72.57,1684.03,503.74,0.1476,0.1474,297.5024,277.576,0.008175,0.0994,0.1318,GIRAR_DERECHA
883,44.15,64.08,71.58,71.46,70.87,1713.34,334.1,0.1475,0.1475,297.6971,277.3813,0.0,0.1057,0.1318,AVANZAR
884,44.2,68.95,70.73,71.79,61.54,1668.66,522.03,0.1474,0.1475,298.099,277.7832,0.008239,0.1041,0.1318,AVANZAR
885,44.25,63.93,68.04,71.42,65.22,1663.09,527.53,0.1476,0.1475,298.4947,278.1852,0.008175,0.1027,0.1318,AVANZAR
886,44.3,66.41,63.37,72.41,67.96,1678.96,528.72,0.1476,0.1475,298.8966,278.5871,0.008239,0.1015,0.1318,AVANZAR
887,44.35,71.03,67.83,67.72,68.89,1676.39,550.81,0.1475,0.1475,299.2985,278.989,0.008239,0.1004,0.1318,AVANZAR
888,44.4,65.54,65.09,70.11,72.76,1663.55,542.89,0.1476,0.1475,299.7004,279.3846,0.008175,0.0995,0.1318,GIRAR_DERECHA
889,44.45,67.71,64.38,67.38,75.36,1724.41,316.78,0.1476,0.1476,299.8888,279.1962,0.0,0.1058,0.1318,AVANZAR
890,44.5,70.11,72.29,71.2,67.28,1656.54,306.2,0.1474,0.1475,300.2908,279.5982,0.008239,0.1042,0.1318,AVANZAR
891,44.55,69.52,67.11,61.76,61.88,1637.33,287.63,0.1475,0.1475,300.6927,279.9938,0.008175,0.1028,0.1318,AVANZAR
892,44.6,68.33,69.31,69.67,68.83,1599.64,300.7,0.1475,0.1475,301.0946,280.3957,0.008239,0.1015,0.1318,AVANZAR
893,44.65,70.11,67.66,64.23,65.8,1539.84,287.51,0.1475,0.1475,301.4902,280.7976,0.008175,0.1005,0.1318,AVANZAR
894,44.7,68.43,61.54,69.23,67.32,1493.2,280.91,0.1476,0.1475,301.8922,281.1996,0.008239,0.0995,0.1318,GIRAR_DERECHA
895,44.75,68.69,67.74,65.46,69.61,1391.72,157.43,0.1475,0.1475,302.0868,281.0049,0.0,0.1059,0.1318,AVANZAR
896,44.8,67.82,61.26,63.03,65.64,1093.35,147.04,0.1476,0.1476,302.4825,281.4068,0.008175,0.1043,0.1318,AVANZAR
897,44.85,67.11,68.29,65.05,75.24,726.87,138.55,0.1475,0.1475,302.8844,281.8087,0.008239,0.1028,0.1318,AVANZAR
898,44.9,74.44,67.95,63.25,61.13,541.77,125.35,0.1474,0.1475,303.2863,282.2106,0.008239,0.1015,0.1318,AVANZAR
899,44.95,68.15,65.95,69.68,69.47,488.89,112.32,0.1475,0.1475,303.6882,282.6063,0.008175,0.1005,0.1318,AVANZAR
900,45.0,63.93,66.93,69.16,67.47,390.69,112.98,0.1476,0.1475,304.0902,283.0082,0.008239,0.0995,0.1318,GIRAR_DERECHA
901,45.05,69.66,66.97,71.33,68.39,339.53,69.62,0.1475,0.1475,304.2786,282.8198,0.0,0.1059,0.1318,AVANZAR
902,45.1,66.68,72.57,64.56,73.86,316.11,64.65,0.1475,0.1475,304.6805,283.2154,0.008175,0.1042,0.1318,AVANZAR
903,45.15,57.05,65.78,69.18,66.16,264.83,66.47,0.1478,0.1476,305.0824,283.6174,0.008239,0.1028,0.1318,AVANZAR
904,45.2,72.01,65.89,66.02,64.94,209.06,65.96,0.1475,0.1475,305.478,284.0193,0.008175,0.1016,0.1318,AVANZAR
905,45.25,67.48,70.39,70.83,71.84,177.4,69.74,0.1475,0.1475,305.88,284.4212,0.008239,0.1005,0.1318,AVANZAR
906,45.3,64.36,66.67,62.0,67.87,156.3,57.0,0.1476,0.1475,306.2819,284.8168,0.008175,0.0996,0.1318,GIRAR_DERECHA
907,45.35,67.24,64.79,64.73,71.82,138.02,70.7,0.1476,0.1476,306.4703,284.6284,0.0,0.1059,0.1318,AVANZAR
908,45.4,61.76,67.73,69.93,68.17,127.63,66.82,0.1476,0.1476,306.8722,285.0304,0.008239,0.1043,0.1318,AVANZAR
909,45.45,64.55,71.58,68.08,65.84,112.3,67.28,0.1475,0.1476,307.2741,285.426,0.008175,0.1029,0.1318,AVANZAR
910,45.5,62.9,66.31,67.57,69.18,105.7,69.59,0.1476,0.1476,307.676,285.8279,0.008239,0.1016,0.1318,AVANZAR
911,45.55,72.23,68.79,69.37,65.35,80.39,69.28,0.1474,0.1475,308.0717,286.2298,0.008175,0.1006,0.1318,AVANZAR
912,45.6,66.23,66.1,71.24,66.88,69.37,66.98,0.1476,0.1475,308.4736,286.6318,0.008239,0.0996,0.1318,GIRAR_IZQUIERDA
913,45.65,62.26,60.19,70.6,69.0,85.24,60.58,0.1478,0.1476,308.2852,286.8202,0.0,0.1059,0.1318,AVANZAR
914,45.7,62.69,70.89,68.52,66.68,71.7,69.17,0.1476,0.1476,308.6871,287.2221,0.008239,0.1043,0.1318,AVANZAR
915,45.75,67.13,72.89,65.46,71.34,65.1,68.12,0.1474,0.1475,309.0828,287.624,0.008175,0.1029,0.1318,AVANZAR
916,45.8,72.82,69.31,67.34,63.9,70.78,66.28,0.1474,0.1475,309.4847,288.0259,0.008239,0.1016,0.1318,AVANZAR
917,45.85,60.83,68.47,71.17,62.5,67.15,68.3,0.1476,0.1475,309.8866,288.4216,0.008175,0.1005,0.1318,AVANZAR
918,45.9,65.04,68.42,62.95,66.29,64.61,66.03,0.1476,0.1475,310.2885,288.8235,0.008239,0.0996,0.1318,GIRAR_DERECHA
919,45.95,67.32,67.18,63.93,68.45,60.83,67.12,0.1475,0.1475,310.4769,288.6351,0.0,0.1059,0.1318,AVANZAR
920,46.0,64.1,63.12,65.06,62.02,64.06,70.89,0.1477,0.1476,310.8788,289.037,0.008239,0.1043,0.1318,AVANZAR
921,46.05,70.25,61.33,67.64,65.4,68.13,72.82,0.1476,0.1476,311.2808,289.4326,0.008175,0.1029,0.1318,AVANZAR
922,46.1,72.83,66.69,68.28,68.8,67.3,67.16,0.1474,0.1475,311.6764,289.8346,0.008175,0.1016,0.1318,AVANZAR
923,46.15,69.71,62.79,64.88,67.36,66.05,67.64,0.1476,0.1476,312.0783,290.2365,0.008239,0.1005,0.1318,AVANZAR
924,46.2,63.12,65.49,67.45,69.91,68.23,71.71,0.1476,0.1476,312.4802,290.6321,0.008175,0.0997,0.1318,GIRAR_DERECHA
925,46.25,64.5,70.08,67.08,64.04,67.2,64.85,0.1475,0.1476,312.6686,290.4437,0.0,0.106,0.1318,AVANZAR
926,46.3,61.15,68.89,68.94,74.24,65.67,62.16,0.1476,0.1476,313.0706,290.8456,0.008239,0.1043,0.1318,AVANZAR
927,46.35,72.1,61.16,68.99,64.25,69.54,68.04,0.1476,0.1476,313.4725,291.2413,0.008175,0.1029,0.1318,AVANZAR
928,46.4,63.72,63.97,65.09,66.72,62.81,61.53,0.1477,0.1476,313.8744,291.6432,0.008239,0.1016,0.1318,AVANZAR
929,46.45,61.89,69.88,72.51,68.82,67.07,66.19,0.1476,0.1476,314.27,292.0451,0.008175,0.1006,0.1318,AVANZAR
930,46.5,61.89,66.27,68.84,69.45,68.5,63.4,0.1477,0.1476,314.672,292.447,0.008239,0.0996,0.1318,GIRAR_IZQUIERDA
931,46.55,62.28,66.96,62.53,69.28,65.2,66.56,0.1476,0.1476,314.4836,292.6354,0.0,0.106,0.1318,AVANZAR
932,46.6,67.44,72.65,66.87,64.93,63.48,69.03,0.1474,0.1476,314.8855,293.0374,0.008239,0.1043,0.1318,AVANZAR
933,46.65,67.5,69.6,68.96,63.94,69.27,69.21,0.1475,0.1475,315.2811,293.4393,0.008175,0.1029,0.1318,AVANZAR
934,46.7,60.22,66.64,66.5,66.83,68.71,70.73,0.1477,0.1476,315.683,293.8412,0.008239,0.1016,0.1318,AVANZAR
935,46.75,68.39,61.61,66.41,67.29,69.09,68.7,0.1476,0.1476,316.085,294.2368,0.008175,0.1006,0.1318,AVANZAR
936,46.8,64.43,65.54,64.91,69.77,66.74,62.96,0.1476,0.1476,316.4869,294.6388,0.008239,0.0996,0.1318,GIRAR_IZQUIERDA
937,46.85,64.05,65.37,64.3,67.18,62.39,73.32,0.1476,0.1476,316.2922,294.8334,0.0,0.106,0.1318,AVANZAR
938,46.9,68.2,73.8,59.97,66.65,73.17,68.45,0.1474,0.1475,316.6941,295.2291,0.008175,0.1043,0.1318,AVANZAR
939,46.95,66.85,65.98,66.21,68.65,66.14,65.48,0.1476,0.1476,317.096,295.631,0.008239,0.1029,0.1318,AVANZAR
940,47.0,66.03,60.48,64.35,70.06,67.91,73.45,0.1477,0.1476,317.4917,296.0329,0.008175,0.1017,0.1318,AVANZAR
941,47.05,64.04,67.54,67.52,70.43,67.56,71.6,0.1476,0.1476,317.8936,296.4348,0.008239,0.1006,0.1318,AVANZAR
942,47.1,63.86,67.29,70.75,68.01,64.41,64.37,0.1476,0.1476,318.2955,296.8368,0.008239,0.0996,0.1318,GIRAR_IZQUIERDA
943,47.15,65.68,67.84,63.37,70.11,66.25,65.5,0.1476,0.1476,318.1008,297.0252,-6.4e-05,0.106,0.1318,AVANZAR
944,47.2,67.09,63.57,73.5,62.76,62.61,66.75,0.1476,0.1476,318.5028,297.4271,0.008239,0.1043,0.1318,AVANZAR
945,47.25,65.2,62.32,70.05,71.95,66.83,71.17,0.1477,0.1476,318.9047,297.829,0.008239,0.1029,0.1318,AVANZAR
946,47.3,59.53,59.09,65.45,70.36,68.22,67.98,0.1478,0.1477,319.3066,298.2246,0.008175,0.1017,0.1318,AVANZAR
947,47.35,69.38,71.26,64.8,63.92,64.57,64.89,0.1474,0.1476,319.7022,298.6266,0.008175,0.1006,0.1318,AVANZAR
948,47.4,71.68,66.22,64.28,65.89,69.88,64.48,0.1475,0.1476,320.1042,299.0285,0.008239,0.0996,0.1318,GIRAR_DERECHA
949,47.45,72.49,69.41,66.12,68.65,67.25,69.35,0.1474,0.1475,320.2988,298.8338,0.0,0.1059,0.1318,AVANZAR
950,47.5,62.31,65.68,69.68,65.43,65.25,56.6,0.1477,0.1476,320.7008,299.2357,0.008239,0.1043,0.1318,AVANZAR
951,47.55,71.01,71.3,66.95,66.12,61.78,67.62,0.1474,0.1475,321.0964,299.6376,0.008175,0.1029,0.1318,AVANZAR
952,47.6,63.53,69.53,60.76,65.79,68.28,68.18,0.1476,0.1475,321.4983,300.0396,0.008239,0.1016,0.1318,AVANZAR
953,47.65,72.82,66.18,69.83,62.06,67.39,66.35,0.1475,0.1475,321.9002,300.4352,0.008175,0.1005,0.1318,AVANZAR
954,47.7,63.77,68.69,69.25,66.77,64.44,70.94,0.1476,0.1475,322.3022,300.8371,0.008239,0.0996,0.1318,GIRAR_IZQUIERDA
955,47.75,69.16,64.34,65.2,67.47,71.48,62.92,0.1476,0.1475,322.1075,301.0318,-0.0,0.1059,0.1318,AVANZAR
956,47.8,71.12,66.84,68.29,72.12,70.46,70.18,0.1475,0.1475,322.5094,301.4274,0.008175,0.1043,0.1318,AVANZAR
957,47.85,71.39,65.36,66.22,68.37,66.79,68.29,0.1475,0.1475,322.9113,301.8294,0.008239,0.1028,0.1318,AVANZAR
958,47.9,70.39,75.16,68.3,70.52,73.03,62.07,0.1473,0.1475,323.307,302.2313,0.008175,0.1016,0.1318,AVANZAR
959,47.95,64.1,70.74,67.59,63.51,65.68,72.87,0.1475,0.1475,323.7089,302.6332,0.008239,0.1005,0.1318,AVANZAR
960,48.0,65.09,61.46,69.28,70.51,66.19,66.61,0.1477,0.1475,324.1108,303.0351,0.008239,0.0996,0.1318,GIRAR_IZQUIERDA
961,48.05,66.12,62.28,68.52,66.45,70.57,67.12,0.1476,0.1476,323.9161,303.2235,-6.4e-05,0.106,0.1318,AVANZAR
962,48.1,68.7,68.69,67.07,68.91,66.37,66.07,0.1475,0.1475,324.318,303.6254,0.008239,0.1043,0.1318,AVANZAR
963,48.15,71.19,72.94,64.53,67.11,69.54,66.51,0.1474,0.1475,324.72,304.0274,0.008239,0.1028,0.1318,AVANZAR
964,48.2,67.12,67.5,64.6,67.0,65.68,66.17,0.1475,0.1475,325.1219,304.423,0.008175,0.1016,0.1318,AVANZAR
965,48.25,62.4,66.94,66.83,65.07,70.04,64.26,0.1476,0.1475,325.5175,304.8249,0.008175,0.1006,0.1318,AVANZAR
966,48.3,66.63,62.4,67.02,64.55,65.58,77.5,0.1476,0.1476,325.9194,305.2268,0.008239,0.0996,0.1318,GIRAR_DERECHA
967,48.35,64.74,79.04,70.03,64.46,63.51,67.02,0.1474,0.1475,326.1141,305.0322,0.0,0.1059,0.1318,AVANZAR
968,48.4,67.09,109.6,61.66,64.62,68.6,64.3,0.1468,0.1473,326.516,305.4341,0.008239,0.1041,0.1318,AVANZAR
969,48.45,103.41,137.8,66.52,61.32,68.69,86.91,0.1456,0.1468,326.9117,305.836,0.008175,0.1025,0.1318,AVANZAR
970,48.5,152.64,206.42,69.23,68.82,62.01,122.12,0.1434,0.1458,327.3136,306.2379,0.008239,0.1007,0.1318,AVANZAR
971,48.55,231.03,331.43,65.76,68.79,70.05,188.6,0.1397,0.1439,327.7155,306.6336,0.008175,0.0988,0.1318,GIRAR_DERECHA
972,48.6,174.31,345.34,67.26,65.73,68.72,246.16,0.1405,0.1429,327.9039,306.4452,0.0,0.1043,0.1318,AVANZAR
973,48.65,269.04,806.7,71.81,65.84,66.7,385.08,0.1303,0.1391,328.3058,306.8471,0.008239,0.1005,0.1318,AVANZAR
974,48.7,347.23,1385.74,70.03,68.46,69.54,496.78,0.1183,0.1329,328.7078,307.2427,0.008175,0.0958,0.1318,GIRAR_DERECHA
975,48.75,278.63,1511.89,61.12,67.26,72.85,1138.67,0.1172,0.1282,328.8962,307.0543,0.0,0.0986,0.1318,GIRAR_DERECHA
976,48.8,169.14,1232.22,60.19,67.93,104.77,1545.96,0.1243,0.127,329.0908,306.8596,0.0,0.102,0.1318,AVANZAR
977,48.85,195.71,1457.87,62.4,66.61,89.08,1499.81,0.1197,0.1248,329.4928,307.2616,0.008239,0.0972,0.1318,GIRAR_DERECHA
978,48.9,250.21,1982.55,63.04,63.67,117.08,2045.59,0.1091,0.1201,329.6812,307.0732,0.0,0.0988,0.1318,GIRAR_DERECHA
979,48.95,144.98,1587.43,75.91,70.92,173.16,2215.34,0.1183,0.1196,329.8758,306.8785,0.0,0.1013,0.1318,AVANZAR
980,49.0,143.94,1545.84,64.97,68.28,153.22,2107.83,0.1191,0.1194,330.2715,307.2804,0.008175,0.0966,0.1318,GIRAR_DERECHA
981,49.05,84.91,923.53,66.27,68.38,263.62,2260.47,0.1315,0.1231,330.4662,307.0857,0.0,0.1012,0.1318,AVANZAR
982,49.1,83.05,922.27,71.99,62.84,259.35,2221.41,0.1316,0.1256,330.8681,307.4876,0.008239,0.098,0.1318,GIRAR_DERECHA
983,49.15,69.11,461.3,64.48,71.06,371.96,2138.65,0.1403,0.13,331.0565,307.2992,0.0,0.1036,0.1318,AVANZAR
984,49.2,69.91,479.58,70.97,67.18,375.36,2132.68,0.1399,0.133,331.4584,307.7012,0.008239,0.1012,0.1318,AVANZAR
985,49.25,64.07,449.9,66.69,60.93,368.74,2119.97,0.1406,0.1353,331.8603,308.0968,0.008175,0.0993,0.1318,GIRAR_DERECHA
986,49.3,68.67,316.08,65.49,71.16,535.52,1990.18,0.143,0.1376,332.0487,307.9084,0.0,0.1051,0.1318,AVANZAR
987,49.35,69.76,308.48,61.17,65.14,540.86,1996.2,0.1431,0.1392,332.4506,308.3103,0.008239,0.1029,0.1318,AVANZAR
988,49.4,69.47,306.19,68.21,65.81,600.2,1986.46,0.1431,0.1404,332.8526,308.706,0.008175,0.1011,0.1318,AVANZAR
989,49.45,70.01,310.36,64.77,66.04,575.1,1999.68,0.143,0.1412,333.2545,309.1079,0.008239,0.0995,0.1318,GIRAR_DERECHA
990,49.5,63.77,184.57,66.11,65.31,1129.11,1686.83,0.1455,0.1425,333.4429,308.9195,0.0,0.1055,0.1318,AVANZAR
991,49.55,73.45,163.9,74.75,59.18,1029.62,1583.55,0.1457,0.1434,333.8448,309.3151,0.008175,0.1037,0.1318,AVANZAR
992,49.6,68.91,179.79,66.65,61.0,1084.36,1643.96,0.1454,0.144,334.2467,309.717,0.008239,0.1021,0.1318,AVANZAR
993,49.65,67.26,178.0,62.84,64.33,1155.36,1661.33,0.1455,0.1445,334.6424,310.119,0.008175,0.1007,0.1318,AVANZAR
994,49.7,63.61,190.71,69.76,68.75,1156.25,1681.8,0.1453,0.1447,335.0443,310.5209,0.008239,0.0994,0.1318,GIRAR_DERECHA
995,49.75,65.31,106.55,64.98,69.1,1551.21,1028.68,0.1469,0.1454,335.239,310.3262,0.0,0.1057,0.1318,AVANZAR
996,49.8,69.29,109.01,58.96,69.19,1528.18,1094.06,0.1467,0.1458,335.6409,310.7281,0.008239,0.1039,0.1318,AVANZAR
997,49.85,71.74,106.38,67.42,66.37,1556.85,1104.47,0.1467,0.1461,336.0365,311.13,0.008175,0.1025,0.1318,AVANZAR
998,49.9,66.21,115.26,64.5,66.29,1569.2,1157.89,0.1467,0.1463,336.4384,311.532,0.008239,0.1012,0.1318,AVANZAR
999,49.95,64.5,114.7,71.77,68.56,1530.59,1153.65,0.1467,0.1464,336.8404,311.9276,0.008175,0.1001,0.1318,AVANZAR
1000,50.0,70.4,120.14,66.72,64.43,1565.6,1124.87,0.1465,0.1464,337.2423,312.3295,0.008239,0.099,0.1318,GIRAR_DERECHA
1001,50.05,70.77,69.68,68.53,68.0,1687.95,479.1,0.1474,0.1467,337.4307,312.1411,0.0,0.1054,0.1318,AVANZAR
1002,50.1,73.25,65.38,67.47,65.76,1665.14,468.92,0.1475,0.1469,337.8326,312.5368,0.008175,0.1038,0.1318,AVANZAR
1003,50.15,63.59,59.6,68.13,69.8,1684.36,477.85,0.1477,0.1472,338.2345,312.9387,0.008239,0.1025,0.1318,AVANZAR
1004,50.2,64.04,66.55,70.84,66.44,1687.43,473.41,0.1476,0.1473,338.6364,313.3406,0.008239,0.1013,0.1318,AVANZAR
1005,50.25,71.47,68.53,70.36,64.16,1681.57,473.06,0.1474,0.1474,339.0321,313.7425,0.008175,0.1003,0.1318,AVANZAR
1006,50.3,71.76,65.39,69.94,65.0,1696.48,523.4,0.1475,0.1474,339.434,314.1382,0.008175,0.0994,0.1318,GIRAR_DERECHA
1007,50.35,65.51,67.03,63.41,70.84,1717.19,311.92,0.1476,0.1474,339.6287,313.9498,6.4e-05,0.1057,0.1318,AVANZAR
1008,50.4,66.96,64.61,70.93,67.42,1692.98,496.41,0.1476,0.1475,340.0243,314.3517,0.008175,0.1041,0.1318,AVANZAR
1009,50.45,65.23,62.38,68.18,62.62,1683.46,490.44,0.1477,0.1475,340.4262,314.7536,0.008239,0.1027,0.1318,AVANZAR
1010,50.5,68.02,68.63,70.18,66.58,1680.67,471.97,0.1475,0.1475,340.8282,315.1492,0.008175,0.1015,0.1318,AVANZAR
1011,50.55,72.93,72.0,66.99,65.12,1700.94,490.78,0.1473,0.1475,341.2301,315.5512,0.008239,0.1004,0.1318,AVANZAR
1012,50.6,68.91,68.23,72.09,66.38,1714.34,491.19,0.1475,0.1475,341.6257,315.9531,0.008175,0.0995,0.1318,GIRAR_DERECHA
1013,50.65,66.55,63.88,65.94,66.64,1710.88,294.82,0.1476,0.1475,341.8204,315.7584,0.0,0.1058,0.1318,AVANZAR
1014,50.7,59.15,66.93,73.42,59.9,1639.68,280.87,0.1477,0.1476,342.2223,316.1603,0.008239,0.1042,0.1318,AVANZAR
1015,50.75,61.82,61.56,65.97,69.28,1570.7,256.65,0.1477,0.1476,342.6242,316.5622,0.008239,0.1028,0.1318,AVANZAR
1016,50.8,69.54,61.04,71.84,67.11,1481.37,256.69,0.1476,0.1476,343.0199,316.9642,0.008175,0.1016,0.1318,AVANZAR
1017,50.85,68.33,58.52,65.67,69.23,1397.41,244.96,0.1477,0.1476,343.4218,317.3598,0.008175,0.1006,0.1318,AVANZAR
1018,50.9,68.57,66.85,66.27,72.17,1299.37,235.74,0.1475,0.1476,343.8237,317.7617,0.008239,0.0996,0.1318,GIRAR_DERECHA
1019,50.95,67.77,64.73,66.02,68.84,1130.79,132.09,0.1476,0.1476,344.0121,317.5733,0.0,0.1059,0.1318,AVANZAR
1020,51.0,62.99,72.52,71.48,64.23,848.24,134.95,0.1475,0.1476,344.414,317.969,0.008175,0.1043,0.1318,AVANZAR
1021,51.05,63.63,66.95,75.26,68.56,554.15,128.11,0.1476,0.1476,344.816,318.3709,0.008239,0.1029,0.1318,AVANZAR
1022,51.1,66.3,73.09,69.77,72.24,524.44,115.24,0.1474,0.1475,345.2179,318.7728,0.008239,0.1016,0.1318,AVANZAR
1023,51.15,71.22,73.26,69.16,70.99,384.54,103.14,0.1474,0.1475,345.6135,319.1747,0.008175,0.1005,0.1318,AVANZAR
1024,51.2,71.34,61.23,61.94,68.35,346.85,98.13,0.1476,0.1475,346.0154,319.5766,0.008239,0.0996,0.1318,GIRAR_DERECHA
1025,51.25,72.03,73.43,66.24,67.79,310.34,64.16,0.1473,0.1475,346.2101,319.382,0.0,0.1059,0.1318,AVANZAR
1026,51.3,64.86,65.41,62.53,66.47,264.68,71.78,0.1476,0.1475,346.6058,319.7839,0.008175,0.1043,0.1318,AVANZAR
1027,51.35,66.67,66.57,65.73,65.8,215.66,65.4,0.1476,0.1475,347.0077,320.1858,0.008239,0.1028,0.1318,AVANZAR
1028,51.4,66.03,71.67,68.68,65.72,180.67,68.43,0.1475,0.1475,347.4096,320.5814,0.008175,0.1016,0.1318,AVANZAR
1029,51.45,70.79,70.81,73.03,62.76,160.78,65.7,0.1474,0.1475,347.8115,320.9834,0.008239,0.1005,0.1318,AVANZAR
1030,51.5,66.84,58.8,67.75,64.04,140.9,61.1,0.1477,0.1475,348.2134,321.3853,0.008239,0.0996,0.1318,GIRAR_DERECHA
1031,51.55,64.36,66.68,64.89,60.86,127.44,70.69,0.1476,0.1476,348.4018,321.1906,-6.4e-05,0.1059,0.1318,AVANZAR
1032,51.6,70.12,61.2,65.09,71.9,113.6,68.83,0.1476,0.1476,348.8038,321.5925,0.008239,0.1043,0.1318,AVANZAR
1033,51.65,65.81,67.02,66.21,65.28,100.12,69.82,0.1476,0.1476,349.2057,321.9944,0.008239,0.1028,0.1318,AVANZAR
1034,51.7,63.73,68.48,63.56,68.39,78.52,71.41,0.1476,0.1476,349.6013,322.3964,0.008175,0.1016,0.1318,AVANZAR
1035,51.75,63.49,66.77,65.25,73.49,66.34,62.36,0.1476,0.1476,350.0032,322.792,0.008175,0.1006,0.1318,AVANZAR
1036,51.8,69.7,68.8,64.0,65.84,69.13,69.99,0.1475,0.1475,350.4052,323.1939,0.008239,0.0996,0.1318,GIRAR_DERECHA
1037,51.85,62.63,69.01,64.57,69.52,67.67,69.09,0.1476,0.1476,350.5936,323.0055,0.0,0.1059,0.1318,AVANZAR
1038,51.9,69.27,65.43,72.67,68.6,66.5,68.58,0.1475,0.1476,350.9955,323.4012,0.008175,0.1043,0.1318,AVANZAR
1039,51.95,68.37,70.46,59.61,69.39,75.31,65.55,0.1475,0.1475,351.3974,323.8031,0.008239,0.1028,0.1318,AVANZAR
1040,52.0,67.46,69.82,66.39,68.55,70.84,65.98,0.1475,0.1475,351.7993,324.205,0.008239,0.1016,0.1318,AVANZAR
1041,52.05,72.57,76.3,65.54,66.6,67.65,71.99,0.1473,0.1474,352.195,324.6069,0.008175,0.1005,0.1318,AVANZAR
1042,52.1,65.54,66.94,64.59,73.0,68.65,72.26,0.1476,0.1475,352.5969,325.0088,0.008239,0.0996,0.1318,GIRAR_DERECHA
1043,52.15,65.09,67.42,70.23,67.24,70.31,66.13,0.1476,0.1475,352.7916,324.8142,0.0,0.1059,0.1318,AVANZAR
1044,52.2,67.37,71.66,69.13,68.34,71.7,72.45,0.1475,0.1475,353.1935,325.2161,0.008239,0.1042,0.1318,AVANZAR
1045,52.25,67.28,64.51,65.19,68.81,66.54,69.77,0.1476,0.1475,353.5891,325.618,0.008175,0.1028,0.1318,AVANZAR
1046,52.3,65.45,71.1,63.99,64.68,68.26,67.8,0.1475,0.1475,353.991,326.0136,0.008175,0.1016,0.1318,AVANZAR
1047,52.35,69.14,72.68,63.17,70.53,70.64,63.18,0.1474,0.1475,354.393,326.4156,0.008239,0.1005,0.1318,AVANZAR
1048,52.4,61.01,67.24,67.1,63.54,67.07,65.03,0.1477,0.1475,354.7949,326.8175,0.008239,0.0996,0.1318,GIRAR_DERECHA
1049,52.45,65.42,67.2,65.1,72.37,65.74,69.97,0.1476,0.1475,354.9833,326.6228,-6.4e-05,0.1059,0.1318,AVANZAR
1050,52.5,63.87,64.53,66.83,62.35,64.12,70.64,0.1476,0.1476,355.3852,327.0247,0.008239,0.1043,0.1318,AVANZAR
1051,52.55,67.8,70.72,64.22,60.88,68.41,62.61,0.1475,0.1475,355.7871,327.4266,0.008239,0.1028,0.1318,AVANZAR
1052,52.6,66.92,68.75,67.22,68.43,66.56,69.98,0.1475,0.1475,356.1828,327.8286,0.008175,0.1016,0.1318,AVANZAR
1053,52.65,70.54,57.17,69.69,69.2,62.62,67.63,0.1477,0.1476,356.5847,328.2242,0.008175,0.1006,0.1318,AVANZAR
1054,52.7,72.05,65.35,70.37,68.6,66.54,70.85,0.1475,0.1475,356.9866,328.6261,0.008239,0.0996,0.1318,GIRAR_IZQUIERDA
1055,52.75,67.71,64.82,62.05,72.05,65.83,69.37,0.1476,0.1476,356.7919,328.8208,0.0,0.1059,0.1318,AVANZAR
1056,52.8,65.39,66.69,66.95,64.61,69.76,66.2,0.1476,0.1476,357.1938,329.2164,0.008175,0.1043,0.1318,AVANZAR
1057,52.85,72.36,67.07,70.79,70.67,72.16,65.13,0.1474,0.1475,357.5958,329.6184,0.008239,0.1028,0.1318,AVANZAR
1058,52.9,66.7,68.19,70.18,69.9,69.16,64.98,0.1475,0.1475,357.9977,330.0203,0.008239,0.1016,0.1318,AVANZAR
1059,52.95,63.62,69.56,66.54,64.59,63.02,66.29,0.1476,0.1475,358.3996,330.4222,0.008239,0.1005,0.1318,AVANZAR
1060,53.0,69.76,65.99,67.29,67.2,67.28,71.26,0.1475,0.1475,358.7952,330.8241,0.008175,0.0996,0.1318,GIRAR_DERECHA
1061,53.05,64.38,61.83,69.88,68.58,70.21,72.79,0.1477,0.1476,358.9899,330.6294,0.0,0.1059,0.1318,AVANZAR
1062,53.1,67.91,70.84,64.97,71.97,69.36,66.17,0.1475,0.1475,359.3918,331.0314,0.008239,0.1042,0.1318,AVANZAR
1063,53.15,66.52,65.93,72.77,68.81,66.75,65.49,0.1476,0.1476,359.7875,331.4333,0.008175,0.1029,0.1318,AVANZAR
1064,53.2,68.4,66.95,65.85,63.05,69.75,70.72,0.1475,0.1475,360.1894,331.8289,0.008175,0.1016,0.1318,AVANZAR
1065,53.25,68.21,76.02,67.35,69.16,65.44,66.73,0.1474,0.1475,360.5913,332.2308,0.008239,0.1005,0.1318,AVANZAR
1066,53.3,67.29,66.9,69.49,66.5,73.01,74.43,0.1475,0.1475,360.9932,332.6328,0.008239,0.0996,0.1318,GIRAR_DERECHA
1067,53.35,70.09,65.75,67.82,63.11,74.44,69.09,0.1475,0.1475,361.1816,332.4381,-6.4e-05,0.1059,0.1318,AVANZAR
1068,53.4,67.87,69.63,70.67,67.44,67.21,65.94,0.1475,0.1475,361.5836,332.84,0.008239,0.1043,0.1318,AVANZAR
1069,53.45,69.23,64.13,67.53,68.28,65.73,68.97,0.1476,0.1475,361.9855,333.2419,0.008239,0.1028,0.1318,AVANZAR
1070,53.5,67.67,66.14,67.86,69.55,68.88,62.49,0.1475,0.1475,362.3811,333.6438,0.008175,0.1016,0.1318,AVANZAR
1071,53.55,70.49,68.26,64.13,68.48,59.9,67.52,0.1475,0.1475,362.783,334.0395,0.008175,0.1006,0.1318,AVANZAR
1072,53.6,62.65,69.96,73.82,66.57,68.11,67.67,0.1476,0.1475,363.185,334.4414,0.008239,0.0996,0.1318,GIRAR_IZQUIERDA
1073,53.65,62.43,63.54,65.31,66.77,68.92,70.82,0.1477,0.1476,362.9903,334.6361,0.0,0.1059,0.1318,AVANZAR
1074,53.7,70.55,69.27,66.08,66.62,60.93,70.52,0.1474,0.1475,363.3922,335.0317,0.008175,0.1043,0.1318,AVANZAR
1075,53.75,71.08,63.42,70.23,68.88,67.71,71.43,0.1475,0.1475,363.7941,335.4336,0.008239,0.1028,0.1318,AVANZAR
1076,53.8,73.11,71.2,69.17,65.31,66.88,62.66,0.1474,0.1475,364.196,335.8356,0.008239,0.1016,0.1318,AVANZAR
1077,53.85,63.72,70.71,61.87,67.51,65.1,61.6,0.1475,0.1475,364.598,336.2375,0.008239,0.1005,0.1318,AVANZAR
1078,53.9,61.77,67.6,67.48,61.63,65.0,69.51,0.1476,0.1475,364.9936,336.6394,0.008175,0.0996,0.1318,GIRAR_DERECHA
1079,53.95,66.25,68.07,68.16,61.75,72.66,70.93,0.1475,0.1475,365.1883,336.4447,0.0,0.1059,0.1318,AVANZAR
1080,54.0,70.35,68.44,68.6,65.67,71.38,65.13,0.1475,0.1475,365.5902,336.8466,0.008239,0.1042,0.1318,AVANZAR
1081,54.05,66.99,69.41,66.63,67.95,66.62,67.59,0.1475,0.1475,365.9858,337.2486,0.008175,0.1028,0.1318,AVANZAR
1082,54.1,65.51,61.16,67.09,68.39,72.93,68.94,0.1477,0.1476,366.3878,337.6442,0.008175,0.1016,0.1318,AVANZAR
1083,54.15,68.33,67.44,72.46,64.72,72.1,73.15,0.1475,0.1475,366.7897,338.0461,0.008239,0.1005,0.1318,AVANZAR
1084,54.2,62.67,65.69,69.68,64.98,69.19,116.84,0.1476,0.1476,367.1916,338.448,0.008239,0.0996,0.1318,GIRAR_DERECHA
1085,54.25,65.25,67.77,66.48,67.73,66.02,99.77,0.1476,0.1476,367.38,338.2534,-6.4e-05,0.106,0.1318,AVANZAR
1086,54.3,73.9,66.98,66.53,65.96,98.27,117.1,0.1474,0.1475,367.7819,338.6553,0.008239,0.1043,0.1318,AVANZAR
1087,54.35,70.22,67.7,73.66,64.3,126.84,171.54,0.1475,0.1475,368.1838,339.0572,0.008239,0.1028,0.1318,AVANZAR
1088,54.4,71.41,69.24,73.24,66.62,184.27,294.46,0.1474,0.1475,368.5795,339.4591,0.008175,0.1016,0.1318,AVANZAR
1089,54.45,70.01,68.58,68.61,70.73,305.44,603.23,0.1475,0.1475,368.9814,339.8548,0.008175,0.1005,0.1318,AVANZAR
1090,54.5,66.23,68.77,67.94,68.75,248.45,451.14,0.1475,0.1475,369.3833,340.2567,0.008239,0.0996,0.1318,GIRAR_DERECHA
1091,54.55,65.79,70.44,68.13,66.12,299.86,304.84,0.1475,0.1475,369.578,340.0683,6.4e-05,0.1058,0.1318,AVANZAR
1092,54.6,62.97,68.77,63.18,70.21,290.55,310.52,0.1476,0.1475,369.9736,340.4639,0.008111,0.1043,0.1318,AVANZAR
1093,54.65,70.53,66.33,62.35,69.49,299.99,323.3,0.1475,0.1475,370.3756,340.8658,0.008239,0.1028,0.1318,AVANZAR
1094,54.7,61.04,62.35,69.89,70.4,286.5,304.14,0.1477,0.1476,370.7775,341.2678,0.008239,0.1016,0.1318,AVANZAR
1095,54.75,67.59,66.2,69.09,70.99,277.38,66.7,0.1476,0.1476,371.1794,341.6697,0.008239,0.1005,0.1318,AVANZAR
1096,54.8,68.18,66.06,68.71,67.04,305.35,71.49,0.1475,0.1476,371.5813,342.0716,0.008239,0.0995,0.1318,GIRAR_DERECHA
1097,54.85,74.22,64.47,64.92,65.72,340.44,64.43,0.1475,0.1475,371.7697,341.8769,-6.4e-05,0.1059,0.1318,AVANZAR
1098,54.9,67.49,66.17,72.9,67.01,359.87,65.53,0.1476,0.1475,372.1716,342.2788,0.008239,0.1042,0.1318,AVANZAR
1099,54.95,68.46,62.51,64.57,68.35,109.04,64.49,0.1476,0.1476,372.5736,342.6808,0.008239,0.1028,0.1318,AVANZAR
1100,55.0,67.15,68.41,68.85,63.83,68.48,62.55,0.1475,0.1475,372.9692,343.0764,0.008111,0.1017,0.1318,AVANZAR
1101,55.05,69.25,63.7,66.65,65.85,65.47,65.54,0.1476,0.1476,373.3711,343.4783,0.008239,0.1006,0.1318,AVANZAR
1102,55.1,69.98,66.1,60.26,70.5,69.47,63.14,0.1475,0.1475,373.773,343.8802,0.008239,0.0996,0.1318,GIRAR_DERECHA
1103,55.15,66.76,62.37,61.24,68.05,65.2,62.15,0.1476,0.1476,373.9614,343.6856,-6.4e-05,0.106,0.1318,AVANZAR
1104,55.2,67.55,70.78,65.17,64.95,65.75,63.41,0.1475,0.1475,374.3634,344.0875,0.008239,0.1043,0.1318,AVANZAR
1105,55.25,65.2,67.32,64.85,66.07,63.37,64.91,0.1476,0.1475,374.7653,344.4894,0.008239,0.1028,0.1318,AVANZAR
1106,55.3,72.85,68.03,67.53,61.68,66.92,61.46,0.1474,0.1475,375.1672,344.8913,0.008239,0.1016,0.1318,AVANZAR
1107,55.35,67.71,65.39,65.7,62.68,58.86,65.3,0.1476,0.1475,375.5628,345.287,0.008111,0.1006,0.1318,AVANZAR
1108,55.4,74.2,61.88,65.9,68.82,64.32,66.2,0.1475,0.1475,375.9648,345.6889,0.008239,0.0996,0.1318,GIRAR_IZQUIERDA
1109,55.45,65.67,65.83,68.04,70.29,69.09,63.2,0.1476,0.1475,375.7701,345.8836,0.0,0.1059,0.1318,AVANZAR
1110,55.5,70.48,66.7,66.39,67.0,66.94,62.48,0.1475,0.1475,376.172,346.2792,0.008175,0.1043,0.1318,AVANZAR
1111,55.55,68.18,61.93,69.09,60.66,72.82,68.89,0.1476,0.1476,376.5739,346.6811,0.008239,0.1029,0.1318,AVANZAR
1112,55.6,68.11,74.51,71.93,66.07,69.57,72.25,0.1474,0.1475,376.9758,347.083,0.008239,0.1016,0.1318,AVANZAR
1113,55.65,72.16,66.08,69.34,67.15,66.77,68.44,0.1475,0.1475,377.3778,347.485,0.008239,0.1005,0.1318,AVANZAR
1114,55.7,67.6,71.69,60.91,69.27,68.36,66.99,0.1474,0.1475,377.7734,347.8806,0.008111,0.0996,0.1318,GIRAR_DERECHA
1115,55.75,62.69,64.52,66.95,64.57,68.37,64.22,0.1477,0.1475,377.9681,347.6922,6.4e-05,0.1059,0.1318,AVANZAR
1116,55.8,64.07,61.74,70.76,66.81,67.73,63.9,0.1477,0.1476,378.37,348.0941,0.008239,0.1043,0.1318,AVANZAR
1117,55.85,70.73,69.03,68.82,69.72,66.91,66.6,0.1474,0.1475,378.7656,348.4898,0.008111,0.1029,0.1318,AVANZAR
1118,55.9,65.76,65.36,59.64,72.45,65.2,67.19,0.1476,0.1476,379.1676,348.8917,0.008239,0.1016,0.1318,AVANZAR
1119,55.95,68.21,65.95,61.65,60.85,70.67,67.53,0.1475,0.1476,379.5695,349.2936,0.008239,0.1005,0.1318,AVANZAR
1120,56.0,70.78,65.9,70.66,66.61,68.23,69.29,0.1475,0.1475,379.9714,349.6955,0.008239,0.0996,0.1318,GIRAR_DERECHA
1121,56.05,65.04,63.15,69.29,67.39,69.04,64.9,0.1477,0.1476,380.1598,349.5008,-6.4e-05,0.106,0.1318,AVANZAR
1122,56.1,64.04,60.5,68.36,59.39,64.51,69.07,0.1477,0.1476,380.5617,349.9028,0.008239,0.1043,0.1318,AVANZAR
1123,56.15,67.91,67.02,74.87,68.04,67.6,68.92,0.1475,0.1476,380.9636,350.3047,0.008239,0.1029,0.1318,AVANZAR
1124,56.2,67.57,66.82,66.11,72.22,67.95,64.33,0.1475,0.1476,381.3656,350.7066,0.008239,0.1016,0.1318,AVANZAR
1125,56.25,71.98,68.96,68.18,62.77,70.13,67.12,0.1474,0.1475,381.7612,351.1022,0.008111,0.1006,0.1318,AVANZAR
1126,56.3,68.88,66.17,71.33,64.55,68.29,61.59,0.1475,0.1475,382.1631,351.5042,0.008239,0.0996,0.1318,GIRAR_IZQUIERDA
1127,56.35,72.88,67.99,66.92,69.68,58.15,71.44,0.1474,0.1475,381.9747,351.6988,6.4e-05,0.1059,0.1318,AVANZAR
1128,56.4,68.82,59.06,63.99,59.04,65.93,68.63,0.1477,0.1475,382.3704,352.0945,0.008111,0.1043,0.1318,AVANZAR
1129,56.45,69.86,62.23,66.25,69.27,70.84,62.75,0.1476,0.1476,382.7723,352.4964,0.008239,0.1029,0.1318,AVANZAR
1130,56.5,67.06,69.47,67.01,68.45,66.51,68.16,0.1475,0.1475,383.1742,352.8983,0.008239,0.1016,0.1318,AVANZAR
1131,56.55,69.29,68.84,68.35,70.07,68.07,68.37,0.1475,0.1475,383.5761,353.3002,0.008239,0.1005,0.1318,AVANZAR
1132,56.6,66.79,63.8,58.14,67.62,69.63,70.57,0.1476,0.1475,383.9718,353.7022,0.008175,0.0996,0.1318,GIRAR_DERECHA
1133,56.65,68.58,70.8,67.4,68.82,63.58,74.75,0.1474,0.1475,384.1664,353.5075,0.0,0.1059,0.1318,AVANZAR
1134,56.7,68.06,64.1,72.15,60.96,65.97,66.94,0.1476,0.1475,384.5684,353.9094,0.008239,0.1042,0.1318,AVANZAR
1135,56.75,69.69,61.39,67.38,63.44,67.14,63.21,0.1476,0.1476,384.964,354.3113,0.008175,0.1029,0.1318,AVANZAR
1136,56.8,67.72,67.14,65.06,67.68,70.8,65.18,0.1475,0.1475,385.3659,354.707,0.008175,0.1016,0.1318,AVANZAR
1137,56.85,68.14,68.26,66.38,66.07,63.37,72.04,0.1475,0.1475,385.7678,355.1089,0.008239,0.1005,0.1318,AVANZAR
1138,56.9,66.15,69.0,69.34,67.96,60.14,64.64,0.1475,0.1475,386.1698,355.5108,0.008239,0.0996,0.1318,GIRAR_IZQUIERDA
1139,56.95,69.21,66.67,69.64,68.09,60.08,66.59,0.1475,0.1475,385.9751,355.6992,-6.4e-05,0.1059,0.1318,AVANZAR
1140,57.0,71.88,69.93,68.15,67.58,68.9,71.13,0.1474,0.1475,386.377,356.1011,0.008239,0.1043,0.1318,AVANZAR
1141,57.05,75.02,69.69,65.49,65.63,63.02,73.32,0.1474,0.1474,386.7789,356.503,0.008239,0.1028,0.1318,AVANZAR
1142,57.1,70.08,70.78,64.9,66.21,66.68,67.66,0.1474,0.1474,387.1808,356.905,0.008239,0.1015,0.1318,AVANZAR
1143,57.15,68.27,70.61,71.36,64.16,67.83,64.42,0.1475,0.1474,387.5765,357.3006,0.008111,0.1005,0.1318,AVANZAR
1144,57.2,65.71,68.57,66.19,62.03,69.66,67.75,0.1475,0.1475,387.9784,357.7025,0.008239,0.0996,0.1318,GIRAR_DERECHA
1145,57.25,67.49,64.09,65.44,66.07,69.22,68.17,0.1476,0.1475,388.1731,357.5141,6.4e-05,0.1058,0.1318,AVANZAR
1146,57.3,64.12,67.23,69.05,68.39,72.03,68.47,0.1476,0.1475,388.5687,357.9098,0.008111,0.1043,0.1318,AVANZAR
1147,57.35,68.1,72.68,67.5,67.04,68.06,67.27,0.1474,0.1475,388.9706,358.3117,0.008239,0.1028,0.1318,AVANZAR
1148,57.4,63.22,65.45,59.02,66.42,61.2,65.04,0.1476,0.1475,389.3726,358.7136,0.008239,0.1016,0.1318,AVANZAR
1149,57.45,71.37,62.5,71.05,64.55,62.1,67.29,0.1475,0.1475,389.7745,359.1155,0.008239,0.1005,0.1318,AVANZAR
1150,57.5,69.29,67.38,70.1,70.57,71.03,67.72,0.1475,0.1475,390.1701,359.5174,0.008175,0.0996,0.1318,GIRAR_IZQUIERDA
1151,57.55,73.21,70.51,67.3,64.75,63.68,64.81,0.1474,0.1475,389.9817,359.7058,0.0,0.1059,0.1318,AVANZAR
1152,57.6,69.21,65.41,68.63,65.9,60.64,72.33,0.1475,0.1475,390.3836,360.1078,0.008239,0.1042,0.1318,AVANZAR
1153,57.65,73.75,65.45,72.04,68.44,66.09,67.56,0.1475,0.1475,390.7793,360.5097,0.008175,0.1028,0.1318,AVANZAR
1154,57.7,64.49,66.3,60.95,65.29,67.28,70.61,0.1476,0.1475,391.1812,360.9053,0.008175,0.1016,0.1318,AVANZAR
1155,57.75,65.58,68.9,63.71,64.16,66.98,65.85,0.1475,0.1475,391.5831,361.3072,0.008239,0.1005,0.1318,AVANZAR
1156,57.8,61.99,69.53,74.19,69.13,72.68,69.02,0.1476,0.1475,391.985,361.7092,0.008239,0.0996,0.1318,GIRAR_IZQUIERDA
1157,57.85,71.04,69.06,66.12,67.77,63.96,68.9,0.1474,0.1475,391.7904,361.8976,-6.4e-05,0.1059,0.1318,AVANZAR
1158,57.9,64.97,63.43,64.74,70.14,66.33,61.72,0.1476,0.1476,392.1923,362.2995,0.008239,0.1043,0.1318,AVANZAR
1159,57.95,65.92,69.99,68.44,64.31,67.4,67.08,0.1475,0.1475,392.5942,362.7014,0.008239,0.1028,0.1318,AVANZAR
1160,58.0,67.4,72.24,70.07,60.92,65.0,62.96,0.1474,0.1475,392.9961,363.1033,0.008239,0.1015,0.1318,AVANZAR
1161,58.05,62.89,62.32,72.35,62.45,63.13,69.63,0.1477,0.1476,393.3918,363.499,0.008111,0.1006,0.1318,AVANZAR
1162,58.1,71.74,61.23,68.93,69.88,67.95,71.72,0.1476,0.1476,393.7937,363.9009,0.008239,0.0996,0.1318,GIRAR_DERECHA
1163,58.15,64.24,71.29,70.35,69.41,69.54,70.13,0.1475,0.1476,393.9884,363.7125,6.4e-05,0.1059,0.1318,AVANZAR
1164,58.2,67.76,68.22,62.99,66.83,68.4,68.9,0.1475,0.1475,394.384,364.1144,0.008175,0.1043,0.1318,AVANZAR
1165,58.25,71.09,70.67,67.42,66.1,67.42,68.76,0.1474,0.1475,394.7859,364.51,0.008175,0.1029,0.1318,AVANZAR
1166,58.3,89.94,87.9,66.61,59.25,73.13,68.03,0.1467,0.1473,395.1878,364.912,0.008239,0.1015,0.1318,AVANZAR
1167,58.35,199.02,171.06,63.95,68.36,65.22,64.27,0.1432,0.1461,395.5898,365.3139,0.008239,0.0998,0.1318,GIRAR_IZQUIERDA
1168,58.4,236.94,139.24,114.43,65.67,66.2,67.52,0.1431,0.1452,395.3951,365.5023,-6.4e-05,0.1056,0.1318,AVANZAR
1169,58.45,240.72,135.56,103.47,71.03,67.44,69.73,0.1431,0.1446,395.797,365.9042,0.008239,0.1034,0.1318,AVANZAR
1170,58.5,390.69,218.96,122.22,64.07,67.6,65.86,0.1388,0.1428,396.1926,366.3061,0.008175,0.101,0.1318,AVANZAR
1171,58.55,425.17,207.36,153.44,67.76,65.63,64.62,0.1384,0.1415,396.5946,366.7018,0.008175,0.0988,0.1318,GIRAR_IZQUIERDA
1172,58.6,420.48,71.0,213.19,69.93,63.38,69.34,0.141,0.1414,396.4062,366.8964,6.4e-05,0.1043,0.1318,AVANZAR
1173,58.65,351.84,70.26,198.15,68.42,65.41,59.85,0.1423,0.1416,396.8081,367.2984,0.008239,0.1021,0.1318,AVANZAR
1174,58.7,468.78,62.98,191.3,68.16,66.55,73.5,0.1403,0.1412,397.2037,367.694,0.008111,0.1001,0.1318,AVANZAR
1175,58.75,444.88,66.89,180.28,63.32,62.54,63.43,0.1406,0.141,397.6056,368.0959,0.008239,0.0983,0.1318,GIRAR_IZQUIERDA
1176,58.8,410.8,72.78,297.6,62.77,63.92,68.38,0.1411,0.1411,397.411,368.2906,0.0,0.104,0.1318,AVANZAR
1177,58.85,414.94,68.13,305.3,68.99,68.21,65.16,0.1412,0.1411,397.8129,368.6862,0.008175,0.1018,0.1318,AVANZAR
1178,58.9,501.83,71.14,309.77,66.6,66.1,63.43,0.1395,0.1406,398.2148,369.0882,0.008239,0.0996,0.1318,GIRAR_IZQUIERDA
1179,58.95,356.89,65.66,446.49,70.52,70.24,64.92,0.1423,0.1411,398.0201,369.2828,0.0,0.1052,0.1318,AVANZAR
1180,59.0,415.53,71.16,474.26,72.63,61.27,61.26,0.1411,0.1411,398.422,369.6785,0.008175,0.1028,0.1318,AVANZAR
1181,59.05,63.69,64.65,440.89,72.36,67.86,73.51,0.1476,0.1431,398.824,370.0804,0.008239,0.1016,0.1318,AVANZAR
1182,59.1,68.55,68.66,449.42,68.87,63.91,69.0,0.1475,0.1444,399.2259,370.4823,0.008239,0.1005,0.1318,AVANZAR
1183,59.15,66.92,66.28,459.91,63.86,63.54,67.2,0.1476,0.1453,399.6278,370.8842,0.008239,0.0995,0.1318,GIRAR_IZQUIERDA
1184,59.2,65.29,72.77,815.58,65.92,64.55,64.56,0.1475,0.146,399.4331,371.0726,-6.4e-05,0.1059,0.1318,AVANZAR
1185,59.25,70.54,67.06,64.8,70.37,67.98,60.6,0.1475,0.1464,399.835,371.4746,0.008239,0.1042,0.1318,AVANZAR
1186,59.3,67.88,68.58,127.33,68.79,63.43,65.71,0.1475,0.1468,400.237,371.8765,0.008239,0.1028,0.1318,AVANZAR
1187,59.35,68.52,65.63,165.56,68.9,69.2,68.64,0.1475,0.147,400.6326,372.2784,0.008175,0.1016,0.1318,AVANZAR
1188,59.4,64.95,68.21,206.51,67.65,71.23,62.55,0.1476,0.1472,401.0345,372.674,0.008175,0.1005,0.1318,AVANZAR
1189,59.45,65.71,65.97,207.86,70.27,64.77,66.82,0.1476,0.1473,401.4364,373.076,0.008239,0.0996,0.1318,GIRAR_IZQUIERDA
1190,59.5,63.1,60.38,65.55,68.95,67.65,63.74,0.1477,0.1474,401.2418,373.2706,0.0,0.1059,0.1318,AVANZAR
1191,59.55,68.01,69.96,70.74,71.02,70.82,66.45,0.1475,0.1474,401.6437,373.6663,0.008175,0.1043,0.1318,AVANZAR
1192,59.6,67.38,67.43,66.04,137.62,67.39,65.63,0.1475,0.1475,402.0456,374.0682,0.008239,0.1029,0.1318,AVANZAR
1193,59.65,63.76,72.48,67.0,322.62,65.49,66.68,0.1475,0.1475,402.4475,374.4701,0.008239,0.1016,0.1318,AVANZAR
1194,59.7,62.19,67.31,70.45,161.69,65.44,66.01,0.1476,0.1475,402.8494,374.872,0.008239,0.1005,0.1318,AVANZAR
1195,59.75,68.91,65.79,63.31,107.71,62.75,65.82,0.1475,0.1475,403.2451,375.274,0.008175,0.0996,0.1318,GIRAR_IZQUIERDA
1196,59.8,69.64,73.47,64.32,68.03,65.6,68.39,0.1474,0.1475,403.0567,375.4624,0.0,0.1059,0.1318,AVANZAR
1197,59.85,67.99,68.23,65.03,65.55,69.68,63.5,0.1475,0.1475,403.4586,375.8643,0.008239,0.1042,0.1318,AVANZAR
1198,59.9,66.42,68.46,66.84,65.19,68.36,63.7,0.1475,0.1475,403.8542,376.2662,0.008175,0.1028,0.1318,AVANZAR
1199,59.95,67.14,61.79,62.54,66.72,69.36,72.57,0.1476,0.1475,404.2562,376.6618,0.008175,0.1016,0.1318,AVANZAR
1200,60.0,67.59,65.23,62.31,65.89,72.93,74.51,0.1476,0.1476,404.6581,377.0638,0.008239,0.1005,0.1318,AVANZAR
1201,60.05,67.2,67.27,61.39,69.47,69.48,69.8,0.1475,0.1475,405.06,377.4657,0.008239,0.0996,0.1318,GIRAR_DERECHA
1202,60.1,64.63,66.81,71.28,74.16,62.94,73.43,0.1476,0.1476,405.2484,377.271,-6.4e-05,0.106,0.1318,AVANZAR
1203,60.15,63.32,62.17,62.84,75.38,69.14,65.4,0.1477,0.1476,405.6503,377.6729,0.008239,0.1043,0.1318,AVANZAR
1204,60.2,67.51,67.13,68.44,63.03,71.47,67.99,0.1475,0.1476,406.0522,378.0748,0.008239,0.1028,0.1318,AVANZAR
1205,60.25,60.22,66.47,63.48,63.8,65.07,61.8,0.1477,0.1476,406.4479,378.4768,0.008175,0.1017,0.1318,AVANZAR
1206,60.3,68.35,70.57,69.13,66.38,69.65,73.14,0.1475,0.1476,406.8498,378.8787,0.008239,0.1005,0.1318,AVANZAR
1207,60.35,70.98,66.53,66.08,65.31,69.0,70.37,0.1475,0.1475,407.2517,379.2743,0.008175,0.0996,0.1318,GIRAR_DERECHA
1208,60.4,65.79,60.66,69.94,69.28,60.27,62.33,0.1477,0.1476,407.4464,379.0859,6.4e-05,0.1059,0.1318,AVANZAR
1209,60.45,63.51,64.52,68.59,63.52,67.11,65.44,0.1477,0.1476,407.842,379.4878,0.008175,0.1043,0.1318,AVANZAR
1210,60.5,66.9,59.65,67.99,73.31,67.05,61.35,0.1477,0.1476,408.244,379.8835,0.008175,0.1029,0.1318,AVANZAR
1211,60.55,61.89,63.29,67.97,65.21,66.23,70.1,0.1477,0.1477,408.6459,380.2854,0.008239,0.1017,0.1318,AVANZAR
1212,60.6,62.04,72.25,63.63,65.02,67.38,66.76,0.1475,0.1476,409.0478,380.6873,0.008239,0.1006,0.1318,AVANZAR
1213,60.65,65.74,65.27,70.94,71.54,65.85,70.33,0.1476,0.1476,409.4434,381.0892,0.008175,0.0997,0.1318,GIRAR_IZQUIERDA
1214,60.7,71.51,66.54,65.18,64.12,67.28,74.96,0.1475,0.1476,409.255,381.2776,0.0,0.106,0.1318,AVANZAR
1215,60.75,68.03,71.05,66.1,65.94,60.99,61.67,0.1475,0.1475,409.657,381.6796,0.008239,0.1043,0.1318,AVANZAR
1216,60.8,67.13,68.28,71.78,70.85,68.93,65.0,0.1475,0.1475,410.0526,382.0815,0.008175,0.1029,0.1318,AVANZAR
1217,60.85,67.75,69.4,63.52,68.84,70.73,65.44,0.1475,0.1475,410.4545,382.4771,0.008175,0.1017,0.1318,AVANZAR
1218,60.9,70.37,63.15,70.61,68.27,65.77,68.97,0.1476,0.1475,410.8564,382.879,0.008239,0.1006,0.1318,AVANZAR
1219,60.95,66.16,62.55,65.76,66.9,65.25,65.07,0.1476,0.1476,411.2584,383.281,0.008239,0.0996,0.1318,GIRAR_IZQUIERDA
1220,61.0,64.45,63.45,66.41,70.67,72.32,70.62,0.1477,0.1476,411.0637,383.4756,0.0,0.1059,0.1318,AVANZAR
1221,61.05,67.95,64.57,65.48,66.26,65.16,70.43,0.1476,0.1476,411.4656,383.8713,0.008175,0.1043,0.1318,AVANZAR
1222,61.1,69.79,67.13,68.93,70.07,63.69,64.69,0.1475,0.1476,411.8675,384.2732,0.008239,0.1029,0.1318,AVANZAR
1223,61.15,66.15,69.66,69.95,65.13,64.99,68.83,0.1475,0.1475,412.2632,384.6751,0.008175,0.1016,0.1318,AVANZAR
1224,61.2,74.29,72.35,66.64,72.23,66.04,66.87,0.1473,0.1475,412.6651,385.077,0.008239,0.1005,0.1318,AVANZAR
1225,61.25,68.58,69.06,64.0,67.52,65.24,69.63,0.1475,0.1475,413.067,385.4727,0.008175,0.0996,0.1318,GIRAR_DERECHA
1226,61.3,67.42,59.83,66.86,69.99,70.65,64.89,0.1477,0.1475,413.2617,385.2843,6.4e-05,0.1059,0.1318,AVANZAR
1227,61.35,67.97,69.0,71.36,68.01,65.59,67.85,0.1475,0.1475,413.6573,385.6862,0.008175,0.1043,0.1318,AVANZAR
1228,61.4,66.29,72.46,69.62,69.61,71.94,71.5,0.1475,0.1475,414.0592,386.0818,0.008175,0.1029,0.1318,AVANZAR
1229,61.45,73.24,64.19,67.22,66.87,65.95,65.98,0.1475,0.1475,414.4612,386.4838,0.008239,0.1016,0.1318,AVANZAR
1230,61.5,64.98,69.41,70.08,64.27,65.91,62.18,0.1475,0.1475,414.8631,386.8857,0.008239,0.1005,0.1318,AVANZAR
1231,61.55,65.21,62.95,67.0,63.8,64.68,74.98,0.1477,0.1476,415.2587,387.2876,0.008175,0.0996,0.1318,GIRAR_DERECHA
1232,61.6,65.73,67.65,67.76,66.79,69.2,66.79,0.1476,0.1476,415.4534,387.0929,0.0,0.1059,0.1318,AVANZAR
1233,61.65,66.29,60.67,61.69,63.83,70.92,74.29,0.1477,0.1476,415.8553,387.4948,0.008239,0.1043,0.1318,AVANZAR
1234,61.7,69.25,68.54,65.39,66.12,66.85,68.26,0.1475,0.1476,416.251,387.8968,0.008175,0.1029,0.1318,AVANZAR
1235,61.75,64.6,67.77,67.06,65.81,71.12,70.48,0.1476,0.1476,416.6529,388.2924,0.008175,0.1017,0.1318,AVANZAR
1236,61.8,71.43,63.82,63.91,64.77,73.31,68.96,0.1475,0.1476,417.0548,388.6943,0.008239,0.1006,0.1318,AVANZAR
1237,61.85,66.35,68.14,73.26,67.42,65.77,67.19,0.1475,0.1475,417.4567,389.0962,0.008239,0.0996,0.1318,GIRAR_IZQUIERDA
1238,61.9,59.91,67.07,63.54,71.66,63.04,67.93,0.1477,0.1476,417.262,389.2909,-0.0,0.1059,0.1318,AVANZAR
1239,61.95,70.71,68.23,74.48,66.18,66.03,65.89,0.1475,0.1475,417.664,389.6866,0.008175,0.1043,0.1318,AVANZAR
1240,62.0,65.97,63.81,66.42,66.23,64.25,70.47,0.1476,0.1476,418.0659,390.0885,0.008239,0.1029,0.1318,AVANZAR
1241,62.05,68.12,69.44,67.65,68.9,67.11,64.56,0.1475,0.1475,418.4615,390.4904,0.008175,0.1016,0.1318,AVANZAR
1242,62.1,71.31,64.38,88.89,65.96,67.55,67.56,0.1475,0.1475,418.8634,390.8923,0.008239,0.1005,0.1318,AVANZAR
1243,62.15,80.77,72.39,104.95,73.77,66.86,69.73,0.1472,0.1474,419.2654,391.288,0.008175,0.0996,0.1318,GIRAR_IZQUIERDA
1244,62.2,62.31,67.24,116.07,61.23,64.48,65.12,0.1476,0.1475,419.077,391.4826,6.4e-05,0.1059,0.1318,AVANZAR
1245,62.25,80.4,66.39,121.81,63.11,68.74,59.26,0.1473,0.1474,419.4726,391.8846,0.008175,0.1042,0.1318,AVANZAR
1246,62.3,104.79,65.81,148.6,67.58,68.1,69.55,0.1469,0.1473,419.8745,392.2802,0.008175,0.1027,0.1318,AVANZAR
1247,62.35,128.52,69.03,213.26,93.83,70.6,71.23,0.1464,0.147,420.2764,392.6821,0.008239,0.1013,0.1318,AVANZAR
1248,62.4,167.47,67.92,301.49,116.47,65.78,69.37,0.1457,0.1466,420.6784,393.084,0.008239,0.1,0.1318,AVANZAR
1249,62.45,236.79,70.9,448.57,142.63,71.0,67.08,0.1444,0.1459,421.074,393.486,0.008175,0.0988,0.1318,GIRAR_IZQUIERDA
1250,62.5,181.74,65.6,443.06,194.3,66.85,67.02,0.1455,0.1458,420.8856,393.6744,0.0,0.1049,0.1318,AVANZAR
1251,62.55,223.7,65.83,831.52,260.2,69.19,67.81,0.1447,0.1455,421.2875,394.0763,0.008239,0.103,0.1318,AVANZAR
1252,62.6,354.78,69.85,1879.95,368.24,67.78,67.71,0.1422,0.1445,421.6832,394.4782,0.008175,0.1011,0.1318,AVANZAR
1253,62.65,482.87,72.81,2215.47,378.34,60.94,69.51,0.1398,0.1431,422.0851,394.8738,0.008175,0.0991,0.1318,GIRAR_IZQUIERDA
1254,62.7,298.68,66.89,1978.83,617.52,67.25,61.69,0.1433,0.1432,421.8967,395.0685,6.4e-05,0.1049,0.1318,AVANZAR
1255,62.75,310.3,69.3,1984.19,597.74,66.48,65.05,0.143,0.1431,422.2923,395.4704,0.008175,0.1028,0.1318,AVANZAR
1256,62.8,306.42,71.32,1996.63,591.39,59.1,71.04,0.1431,0.1431,422.6942,395.8724,0.008239,0.101,0.1318,AVANZAR
1257,62.85,286.57,65.83,1984.67,589.63,69.46,66.18,0.1435,0.1432,423.0962,396.268,0.008175,0.0995,0.1318,GIRAR_IZQUIERDA
1258,62.9,182.03,68.31,1651.77,1193.61,68.35,69.27,0.1454,0.1439,422.9015,396.4627,0.0,0.1055,0.1318,AVANZAR
1259,62.95,174.0,83.55,1680.27,1235.7,68.97,70.31,0.1453,0.1443,423.3034,396.8646,0.008239,0.1036,0.1318,AVANZAR
1260,63.0,176.45,106.49,1657.92,1230.2,74.54,91.07,0.1448,0.1445,423.7053,397.2602,0.008175,0.1019,0.1318,AVANZAR
1261,63.05,179.61,135.89,1672.35,1201.84,66.19,118.52,0.1442,0.1444,424.1072,397.6622,0.008239,0.1004,0.1318,AVANZAR
1262,63.1,174.55,188.92,1673.05,1228.96,66.34,146.19,0.1433,0.1441,424.5092,398.0641,0.008239,0.0989,0.1318,GIRAR_IZQUIERDA
1263,63.15,131.97,192.55,1059.85,1578.4,68.61,121.06,0.1441,0.1441,424.3145,398.2588,0.0,0.1048,0.1318,AVANZAR
1264,63.2,177.0,276.44,1005.6,1514.44,69.44,167.42,0.1417,0.1434,424.7164,398.6544,0.008175,0.1026,0.1318,AVANZAR
1265,63.25,332.52,738.92,1042.06,1558.64,66.12,311.83,0.1304,0.1395,425.1183,399.0563,0.008239,0.0991,0.1318,GIRAR_IZQUIERDA
1266,63.3,494.32,647.39,461.23,1717.17,71.43,224.91,0.1291,0.1364,424.9236,399.251,-0.0,0.103,0.1318,AVANZAR
1267,63.35,1995.62,2704.16,455.01,1706.42,68.75,524.39,0.0639,0.1146,425.3256,399.6466,0.008175,0.0908,0.1318,GIRAR_IZQUIERDA
1268,63.4,1734.96,1765.64,350.56,1716.85,61.16,300.36,0.0859,0.106,425.1309,399.8413,0.0,0.0902,0.1318,GIRAR_IZQUIERDA
1269,63.45,1885.62,1245.3,455.87,1640.07,68.34,157.99,0.0927,0.102,424.9425,400.0297,0.0,0.0905,0.1318,GIRAR_IZQUIERDA
1270,63.5,1933.13,521.46,1029.61,1424.82,68.71,89.63,0.1051,0.1029,424.7478,400.2244,0.0,0.0924,0.1318,GIRAR_IZQUIERDA
1271,63.55,1838.51,314.05,1601.76,900.93,72.19,68.05,0.1106,0.1052,424.5594,400.4128,0.0,0.0948,0.1318,GIRAR_IZQUIERDA
1272,63.6,1640.89,179.19,1920.17,491.79,65.05,68.16,0.1167,0.1087,424.3647,400.6075,0.0,0.0977,0.1318,GIRAR_IZQUIERDA
1273,63.65,1212.44,116.63,2102.55,312.65,66.68,69.36,0.1257,0.1138,424.1763,400.8022,6.4e-05,0.1013,0.1318,AVANZAR
1274,63.7,1304.79,116.21,2072.81,227.19,69.6,69.86,0.124,0.1168,424.572,401.1978,0.008111,0.0973,0.1318,GIRAR_IZQUIERDA
1275,63.75,659.41,66.58,2113.49,291.86,65.22,69.38,0.1367,0.1228,424.3836,401.3925,6.4e-05,0.1024,0.1318,AVANZAR
1276,63.8,1063.67,112.15,2051.07,208.33,67.7,64.59,0.1285,0.1245,424.7855,401.7944,0.008239,0.0987,0.1318,GIRAR_IZQUIERDA
1277,63.85,621.84,71.2,2031.81,289.43,64.22,67.37,0.1373,0.1283,424.5908,401.9828,-6.4e-05,0.1038,0.1318,AVANZAR
1278,63.9,1450.42,113.72,2850.66,248.15,66.96,74.05,0.1214,0.1262,424.9927,402.3847,0.008239,0.099,0.1318,GIRAR_IZQUIERDA
1279,63.95,611.69,63.99,2608.56,374.84,66.9,68.25,0.1376,0.1297,424.798,402.5731,-6.4e-05,0.1041,0.1318,AVANZAR
1280,64.0,528.76,66.08,2437.53,367.86,65.31,60.13,0.1391,0.1325,425.2,402.975,0.008239,0.1016,0.1318,AVANZAR
1281,64.05,552.71,68.16,2335.48,357.84,71.95,69.46,0.1386,0.1343,425.6019,403.377,0.008239,0.0993,0.1318,GIRAR_IZQUIERDA
1282,64.1,323.27,65.62,2055.31,556.02,70.16,72.43,0.1429,0.1369,425.4072,403.5654,-6.4e-05,0.1051,0.1318,AVANZAR
1283,64.15,340.48,70.78,2041.36,546.77,62.83,69.41,0.1425,0.1386,425.8091,403.9673,0.008239,0.1029,0.1318,AVANZAR
1284,64.2,331.84,63.18,2014.16,585.7,69.22,64.38,0.1428,0.1398,426.211,404.3692,0.008239,0.101,0.1318,AVANZAR
1285,64.25,335.81,63.5,2011.56,565.42,65.92,64.73,0.1427,0.1407,426.613,404.7711,0.008239,0.0993,0.1318,GIRAR_IZQUIERDA
1286,64.3,199.53,70.28,1735.13,1036.94,72.44,66.6,0.1451,0.142,426.4183,404.9595,-6.4e-05,0.1054,0.1318,AVANZAR
1287,64.35,204.37,67.12,1757.35,1020.01,62.76,61.78,0.145,0.1429,426.8202,405.3614,0.008239,0.1035,0.1318,AVANZAR
1288,64.4,210.63,65.72,1733.05,1035.1,69.58,73.73,0.1449,0.1435,427.2221,405.7634,0.008239,0.1018,0.1318,AVANZAR
1289,64.45,211.07,64.4,1756.52,1037.43,64.16,64.1,0.145,0.1439,427.624,406.1653,0.008239,0.1003,0.1318,AVANZAR
1290,64.5,203.21,70.04,1756.85,1036.65,65.53,67.73,0.145,0.1443,428.0197,406.5609,0.008111,0.0992,0.1318,GIRAR_IZQUIERDA
1291,64.55,118.28,69.51,1228.15,1484.01,71.33,76.86,0.1466,0.145,427.8313,406.7556,6.4e-05,0.1054,0.1318,AVANZAR
1292,64.6,115.67,66.81,1179.91,1407.15,73.22,66.12,0.1467,0.1455,428.2332,407.1575,0.008239,0.1036,0.1318,AVANZAR
1293,64.65,111.43,70.42,1248.72,1465.7,65.14,67.17,0.1467,0.1458,428.6288,407.5532,0.008111,0.1023,0.1318,AVANZAR
1294,64.7,117.3,66.98,1244.82,1488.43,66.66,64.12,0.1466,0.1461,429.0308,407.9551,0.008239,0.101,0.1318,AVANZAR
1295,64.75,126.95,64.98,1252.79,1468.4,66.88,65.58,0.1465,0.1462,429.4327,408.357,0.008239,0.0998,0.1318,GIRAR_IZQUIERDA
1296,64.8,65.23,65.24,536.52,1673.69,63.22,68.87,0.1476,0.1466,429.238,408.5517,-0.0,0.1061,0.1318,AVANZAR
1297,64.85,65.24,64.87,536.22,1655.37,69.99,70.92,0.1476,0.1469,429.6399,408.9473,0.008175,0.1045,0.1318,AVANZAR
1298,64.9,64.07,64.66,565.03,1677.61,72.53,65.21,0.1476,0.1471,430.0418,409.3492,0.008239,0.103,0.1318,AVANZAR
1299,64.95,75.07,71.67,508.07,1671.12,63.58,67.75,0.1473,0.1472,430.4438,409.7512,0.008239,0.1017,0.1318,AVANZAR
1300,65.0,68.97,64.7,550.19,1686.8,62.62,65.13,0.1476,0.1473,430.8457,410.1531,0.008239,0.1006,0.1318,AVANZAR
1301,65.05,68.78,63.71,546.16,1680.73,69.08,70.33,0.1476,0.1474,431.2413,410.5487,0.008111,0.0997,0.1318,GIRAR_IZQUIERDA
1302,65.1,73.56,65.55,317.15,1708.87,69.36,61.45,0.1475,0.1474,431.0529,410.7434,6.4e-05,0.106,0.1318,AVANZAR
1303,65.15,71.3,69.2,318.89,1677.87,65.28,62.98,0.1474,0.1474,431.4548,411.1453,0.008239,0.1043,0.1318,AVANZAR
1304,65.2,70.16,67.77,315.41,1667.12,66.38,67.27,0.1475,0.1474,431.8505,411.5472,0.008175,0.1029,0.1318,AVANZAR
1305,65.25,63.38,62.75,305.83,1622.11,66.74,70.17,0.1477,0.1475,432.2524,411.9429,0.008175,0.1017,0.1318,AVANZAR
1306,65.3,61.8,70.63,302.01,1599.16,71.54,69.93,0.1476,0.1475,432.6543,412.3448,0.008239,0.1006,0.1318,AVANZAR
1307,65.35,72.4,64.25,293.77,1530.87,70.85,65.62,0.1475,0.1475,433.0562,412.7467,0.008239,0.0996,0.1318,GIRAR_IZQUIERDA
1308,65.4,69.09,70.28,167.8,1420.31,70.02,70.67,0.1474,0.1475,432.8616,412.9351,-6.4e-05,0.106,0.1318,AVANZAR
1309,65.45,70.16,70.61,141.84,1165.6,64.7,65.95,0.1474,0.1475,433.2635,413.337,0.008239,0.1043,0.1318,AVANZAR
1310,65.5,72.71,60.73,138.65,804.51,62.59,68.07,0.1476,0.1475,433.6654,413.739,0.008239,0.1028,0.1318,AVANZAR
1311,65.55,64.06,72.04,122.17,566.9,66.86,68.44,0.1475,0.1475,434.061,414.1409,0.008175,0.1016,0.1318,AVANZAR
1312,65.6,64.45,65.3,121.86,487.37,63.08,71.26,0.1476,0.1475,434.463,414.5365,0.008175,0.1006,0.1318,AVANZAR
1313,65.65,66.08,65.9,113.03,409.04,65.88,71.05,0.1476,0.1476,434.8649,414.9384,0.008239,0.0996,0.1318,GIRAR_IZQUIERDA
1314,65.7,68.56,68.71,66.01,351.96,69.02,64.65,0.1475,0.1475,434.6765,415.1331,6.4e-05,0.1059,0.1318,AVANZAR
1315,65.75,66.79,69.6,64.99,324.88,66.51,66.9,0.1475,0.1475,435.0721,415.535,0.008175,0.1043,0.1318,AVANZAR
1316,65.8,63.81,68.26,67.83,269.45,70.66,66.19,0.1476,0.1475,435.474,415.9307,0.008175,0.1029,0.1318,AVANZAR
1317,65.85,69.26,66.62,72.0,211.77,69.4,66.51,0.1475,0.1475,435.876,416.3326,0.008239,0.1016,0.1318,AVANZAR
1318,65.9,65.63,69.52,63.23,195.18,67.69,70.59,0.1475,0.1475,436.2779,416.7345,0.008239,0.1005,0.1318,AVANZAR
1319,65.95,68.65,60.71,67.49,172.04,67.91,67.76,0.1476,0.1476,436.6735,417.1364,0.008175,0.0996,0.1318,GIRAR_IZQUIERDA
1320,66.0,66.14,60.39,64.75,144.48,65.09,66.12,0.1477,0.1476,436.4851,417.3248,0.0,0.1059,0.1318,AVANZAR
1321,66.05,64.29,67.92,68.66,123.67,67.16,71.14,0.1476,0.1476,436.887,417.7268,0.008239,0.1043,0.1318,AVANZAR
1322,66.1,69.62,72.38,74.19,118.16,67.96,68.73,0.1474,0.1475,437.2827,418.1287,0.008175,0.1029,0.1318,AVANZAR
1323,66.15,67.58,74.08,64.23,104.22,71.46,67.76,0.1474,0.1475,437.6846,418.5243,0.008175,0.1016,0.1318,AVANZAR
1324,66.2,68.82,64.49,70.66,81.62,62.6,68.79,0.1476,0.1475,438.0865,418.9262,0.008239,0.1005,0.1318,AVANZAR
1325,66.25,64.24,60.79,66.16,65.65,61.84,65.79,0.1477,0.1476,438.4884,419.3282,0.008239,0.0996,0.1318,GIRAR_IZQUIERDA
1326,66.3,69.05,69.72,72.31,70.5,62.48,70.48,0.1475,0.1475,438.2938,419.5166,-6.4e-05,0.106,0.1318,AVANZAR
1327,66.35,66.52,58.89,65.13,69.13,70.78,69.35,0.1477,0.1476,438.6957,419.9185,0.008239,0.1043,0.1318,AVANZAR
1328,66.4,68.83,69.04,65.22,69.6,67.54,70.97,0.1475,0.1476,439.0976,420.3204,0.008239,0.1028,0.1318,AVANZAR
1329,66.45,64.81,63.56,72.77,58.24,73.25,65.97,0.1476,0.1476,439.4932,420.7223,0.008175,0.1016,0.1318,AVANZAR
1330,66.5,68.51,62.55,69.93,66.29,66.22,68.8,0.1476,0.1476,439.8952,421.1242,0.008239,0.1005,0.1318,AVANZAR
1331,66.55,65.56,71.51,64.74,64.82,67.97,76.56,0.1475,0.1476,440.2971,421.5199,0.008175,0.0996,0.1318,GIRAR_DERECHA
1332,66.6,67.65,63.52,64.55,64.8,71.53,65.35,0.1476,0.1476,440.4918,421.3315,6.4e-05,0.1059,0.1318,AVANZAR
1333,66.65,68.06,68.89,70.02,64.26,68.1,72.13,0.1475,0.1475,440.8874,421.7334,0.008175,0.1043,0.1318,AVANZAR
1334,66.7,67.38,61.68,73.03,65.96,64.97,68.62,0.1476,0.1476,441.2893,422.129,0.008175,0.1029,0.1318,AVANZAR
1335,66.75,69.34,74.17,67.15,63.21,66.35,76.52,0.1474,0.1475,441.6912,422.531,0.008239,0.1016,0.1318,AVANZAR
1336,66.8,70.48,69.59,63.88,64.31,69.79,62.25,0.1474,0.1475,442.0932,422.9329,0.008239,0.1005,0.1318,AVANZAR
1337,66.85,73.38,66.56,65.37,73.0,68.9,66.23,0.1474,0.1475,442.4888,423.3348,0.008175,0.0996,0.1318,GIRAR_IZQUIERDA
1338,66.9,74.93,71.95,62.63,66.06,69.97,70.14,0.1473,0.1474,442.3004,423.5232,0.0,0.1059,0.1318,AVANZAR
1339,66.95,66.84,67.57,71.0,70.81,66.37,73.35,0.1475,0.1475,442.7023,423.9251,0.008239,0.1042,0.1318,AVANZAR
1340,67.0,67.14,62.64,65.39,64.6,70.36,66.61,0.1476,0.1475,443.098,424.327,0.008175,0.1028,0.1318,AVANZAR
1341,67.05,67.58,62.01,65.48,70.74,64.47,68.7,0.1476,0.1475,443.4999,424.7227,0.008175,0.1016,0.1318,AVANZAR
1342,67.1,67.58,67.38,68.43,69.27,70.82,67.66,0.1475,0.1475,443.9018,425.1246,0.008239,0.1005,0.1318,AVANZAR
1343,67.15,67.1,67.71,63.12,66.68,65.54,62.51,0.1475,0.1475,444.3037,425.5265,0.008239,0.0996,0.1318,GIRAR_IZQUIERDA
1344,67.2,69.59,60.34,68.71,65.42,71.02,72.67,0.1476,0.1476,444.109,425.7212,0.0,0.1059,0.1318,AVANZAR
1345,67.25,67.47,68.96,65.63,68.39,62.79,66.23,0.1475,0.1475,444.511,426.1168,0.008175,0.1043,0.1318,AVANZAR
1346,67.3,58.78,71.73,61.85,65.19,72.02,62.81,0.1476,0.1476,444.9129,426.5188,0.008239,0.1028,0.1318,AVANZAR
1347,67.35,68.7,64.91,75.13,67.31,65.71,67.23,0.1476,0.1476,445.3085,426.9207,0.008175,0.1016,0.1318,AVANZAR
1348,67.4,64.99,65.15,65.91,65.43,64.57,69.12,0.1476,0.1476,445.7104,427.3226,0.008239,0.1005,0.1318,AVANZAR
1349,67.45,73.24,71.41,69.95,68.04,70.5,70.09,0.1474,0.1475,446.1124,427.7182,0.008175,0.0996,0.1318,GIRAR_DERECHA
1350,67.5,67.01,145.39,68.01,71.62,67.45,65.91,0.1461,0.1471,446.307,427.5298,6.4e-05,0.1057,0.1318,AVANZAR
1351,67.55,64.53,205.43,62.6,66.21,67.39,65.15,0.1451,0.1465,446.7027,427.9318,0.008175,0.1038,0.1318,AVANZAR
1352,67.6,59.49,278.53,65.38,62.36,70.39,66.45,0.1438,0.1457,447.1046,428.3274,0.008175,0.102,0.1318,AVANZAR
1353,67.65,65.75,169.39,69.82,69.2,69.85,66.89,0.1457,0.1457,447.5065,428.7293,0.008239,0.1006,0.1318,AVANZAR
1354,67.7,73.66,189.71,67.9,67.85,64.06,68.82,0.1452,0.1455,447.9084,429.1312,0.008239,0.0993,0.1318,GIRAR_IZQUIERDA
1355,67.75,62.06,302.79,68.58,67.47,68.68,69.82,0.1433,0.1449,447.7138,429.3196,-6.4e-05,0.1051,0.1318,AVANZAR
1356,67.8,66.1,244.61,63.26,66.05,73.77,66.75,0.1443,0.1447,448.1157,429.7216,0.008239,0.1032,0.1318,AVANZAR
1357,67.85,67.32,226.2,65.09,70.06,64.62,69.83,0.1446,0.1447,448.5176,430.1235,0.008239,0.1015,0.1318,AVANZAR
1358,67.9,68.5,211.2,65.04,65.84,64.73,974.96,0.1449,0.1447,448.9132,430.5254,0.008175,0.1001,0.1318,AVANZAR
1359,67.95,66.73,217.28,66.88,64.06,65.62,1047.27,0.1448,0.1448,449.3152,430.9273,0.008239,0.0988,0.1318,GIRAR_DERECHA
1360,68.0,65.65,151.85,64.59,66.6,64.08,1019.45,0.146,0.1451,449.5098,430.7326,0.0,0.105,0.1318,AVANZAR
1361,68.05,58.2,173.62,63.06,66.89,61.79,890.89,0.1458,0.1453,449.9118,431.1346,0.008239,0.1033,0.1318,AVANZAR
1362,68.1,63.53,164.75,62.54,72.93,67.02,1088.91,0.1458,0.1455,450.3074,431.5365,0.008175,0.1018,0.1318,AVANZAR
1363,68.15,70.6,143.62,59.15,69.52,110.56,960.91,0.1461,0.1457,450.7093,431.9321,0.008175,0.1005,0.1318,AVANZAR
1364,68.2,69.39,151.92,69.09,65.19,122.73,1115.14,0.1459,0.1457,451.1112,432.334,0.008239,0.0993,0.1318,GIRAR_DERECHA
1365,68.25,64.31,103.95,73.16,71.07,144.0,595.14,0.1469,0.1461,451.2996,432.1456,0.0,0.1056,0.1318,AVANZAR
1366,68.3,69.47,85.91,70.32,73.51,137.54,514.7,0.1472,0.1464,451.7016,432.5413,0.008175,0.104,0.1318,AVANZAR
1367,68.35,65.29,97.49,72.47,67.86,172.88,515.76,0.147,0.1466,452.1035,432.9432,0.008239,0.1025,0.1318,AVANZAR
1368,68.4,70.38,96.49,70.32,64.57,150.48,572.21,0.1469,0.1467,452.5054,433.3451,0.008239,0.1012,0.1318,AVANZAR
1369,68.45,69.33,109.6,62.15,65.28,151.85,587.45,0.1467,0.1467,452.901,433.747,0.008175,0.1001,0.1318,AVANZAR
1370,68.5,64.54,61.66,67.72,62.59,152.47,798.04,0.1477,0.147,453.303,434.149,0.008239,0.0992,0.1318,GIRAR_DERECHA
1371,68.55,66.81,68.33,72.0,69.96,223.67,392.19,0.1475,0.1472,453.4976,433.9543,0.0,0.1056,0.1318,AVANZAR
1372,68.6,64.22,69.92,67.7,66.75,211.78,406.92,0.1475,0.1473,453.8996,434.3562,0.008239,0.104,0.1318,AVANZAR
1373,68.65,66.44,70.37,69.05,65.15,215.42,64.93,0.1475,0.1473,454.2952,434.7581,0.008175,0.1026,0.1318,AVANZAR
1374,68.7,62.99,66.04,65.85,72.19,247.76,62.35,0.1476,0.1474,454.6971,435.1538,0.008175,0.1014,0.1318,AVANZAR
1375,68.75,69.67,68.1,69.96,70.77,229.01,69.65,0.1475,0.1474,455.099,435.5557,0.008239,0.1004,0.1318,AVANZAR
1376,68.8,72.86,66.35,71.76,66.62,320.38,60.59,0.1475,0.1474,455.501,435.9576,0.008239,0.0994,0.1318,GIRAR_DERECHA
1377,68.85,68.31,61.66,63.54,67.14,440.11,69.45,0.1476,0.1475,455.6894,435.7629,-6.4e-05,0.1058,0.1318,AVANZAR
1378,68.9,68.19,64.98,64.4,65.5,199.36,70.84,0.1476,0.1475,456.0913,436.1648,0.008239,0.1042,0.1318,AVANZAR
1379,68.95,64.23,67.76,61.46,67.08,276.98,60.91,0.1476,0.1475,456.4932,436.5668,0.008239,0.1027,0.1318,AVANZAR
1380,69.0,71.32,67.21,66.75,67.82,323.47,64.13,0.1475,0.1475,456.8888,436.9687,0.008175,0.1015,0.1318,AVANZAR
1381,69.05,69.87,63.15,64.93,66.46,69.34,69.08,0.1476,0.1475,457.2908,437.3643,0.008175,0.1005,0.1318,AVANZAR
1382,69.1,72.86,69.59,66.42,72.87,66.56,66.18,0.1474,0.1475,457.6927,437.7662,0.008239,0.0995,0.1318,GIRAR_IZQUIERDA
1383,69.15,68.97,65.04,68.51,66.81,62.72,69.08,0.1475,0.1475,457.498,437.9609,0.0,0.1059,0.1318,AVANZAR
1384,69.2,63.46,66.43,67.08,65.16,60.13,68.2,0.1476,0.1475,457.8999,438.3566,0.008175,0.1043,0.1318,AVANZAR
1385,69.25,68.52,64.62,75.24,65.63,63.56,70.99,0.1476,0.1475,458.3018,438.7585,0.008239,0.1028,0.1318,AVANZAR
1386,69.3,62.86,69.79,61.38,68.14,66.32,67.16,0.1476,0.1476,458.7038,439.1604,0.008239,0.1016,0.1318,AVANZAR
1387,69.35,63.05,62.95,67.52,70.62,66.05,70.62,0.1477,0.1476,459.1057,439.5623,0.008239,0.1005,0.1318,AVANZAR
1388,69.4,66.06,69.38,69.0,62.98,65.13,71.19,0.1475,0.1476,459.5013,439.9642,0.008175,0.0996,0.1318,GIRAR_DERECHA
1389,69.45,65.19,58.93,68.86,64.72,63.01,70.54,0.1477,0.1476,459.696,439.7696,0.0,0.1059,0.1318,AVANZAR
1390,69.5,62.3,71.32,72.41,59.76,60.89,69.49,0.1476,0.1476,460.0979,440.1715,0.008239,0.1043,0.1318,AVANZAR
1391,69.55,69.33,64.48,64.99,67.48,70.15,69.64,0.1475,0.1476,460.4936,440.5734,0.008175,0.1029,0.1318,AVANZAR
1392,69.6,65.16,67.73,60.73,70.07,65.02,67.3,0.1476,0.1476,460.8955,440.969,0.008175,0.1017,0.1318,AVANZAR
1393,69.65,63.81,63.13,68.93,65.09,65.69,63.68,0.1477,0.1476,461.2974,441.371,0.008239,0.1006,0.1318,AVANZAR
1394,69.7,66.04,63.59,73.16,67.59,68.95,70.86,0.1476,0.1476,461.6993,441.7729,0.008239,0.0996,0.1318,GIRAR_IZQUIERDA
1395,69.75,65.35,69.68,67.0,68.72,67.68,68.75,0.1475,0.1476,461.5046,441.9613,-6.4e-05,0.106,0.1318,AVANZAR
1396,69.8,67.77,66.52,69.89,66.44,67.35,66.58,0.1475,0.1476,461.9066,442.3632,0.008239,0.1043,0.1318,AVANZAR
1397,69.85,68.95,65.79,61.17,68.67,65.36,70.49,0.1475,0.1476,462.3085,442.7651,0.008239,0.1028,0.1318,AVANZAR
1398,69.9,69.18,65.24,69.16,65.68,66.38,71.51,0.1475,0.1476,462.7041,443.167,0.008175,0.1016,0.1318,AVANZAR
1399,69.95,65.26,64.63,66.87,63.07,67.51,69.03,0.1476,0.1476,463.106,443.5627,0.008175,0.1006,0.1318,AVANZAR
1400,70.0,65.06,69.44,67.13,65.41,67.53,68.41,0.1475,0.1476,463.508,443.9646,0.008239,0.0996,0.1318,GIRAR_DERECHA
1401,70.05,63.67,66.24,65.49,69.25,62.86,69.32,0.1476,0.1476,463.7026,443.7762,6.4e-05,0.1059,0.1318,AVANZAR
1402,70.1,70.38,63.66,72.25,62.51,72.85,63.77,0.1475,0.1476,464.0983,444.1781,0.008175,0.1043,0.1318,AVANZAR
1403,70.15,67.59,65.62,70.22,65.26,66.85,65.69,0.1476,0.1476,464.5002,444.5738,0.008175,0.1029,0.1318,AVANZAR
1404,70.2,70.07,67.85,63.34,64.04,69.63,68.83,0.1475,0.1475,464.9021,444.9757,0.008239,0.1016,0.1318,AVANZAR
1405,70.25,68.69,66.2,67.86,67.71,68.49,64.91,0.1475,0.1475,465.304,445.3776,0.008239,0.1005,0.1318,AVANZAR
1406,70.3,70.61,63.67,73.46,60.46,61.61,69.87,0.1475,0.1475,465.6997,445.7795,0.008175,0.0996,0.1318,GIRAR_IZQUIERDA
1407,70.35,69.8,70.06,75.18,72.5,67.28,71.19,0.1474,0.1475,465.5113,445.9679,0.0,0.1059,0.1318,AVANZAR
1408,70.4,66.22,70.87,64.97,65.62,65.29,64.77,0.1475,0.1475,465.9132,446.3698,0.008239,0.1042,0.1318,AVANZAR
1409,70.45,64.47,67.2,72.01,63.54,65.71,63.69,0.1476,0.1475,466.3088,446.7718,0.008175,0.1029,0.1318,AVANZAR
1410,70.5,68.76,64.88,71.18,70.79,67.93,96.26,0.1476,0.1475,466.7108,447.1674,0.008175,0.1016,0.1318,AVANZAR
1411,70.55,59.79,70.18,62.56,65.42,63.36,161.99,0.1476,0.1476,467.1127,447.5693,0.008239,0.1006,0.1318,AVANZAR
1412,70.6,68.48,64.65,65.09,70.73,69.04,219.66,0.1476,0.1476,467.5146,447.9712,0.008239,0.0996,0.1318,GIRAR_DERECHA
1413,70.65,68.69,72.31,63.18,61.28,69.46,175.26,0.1474,0.1475,467.703,447.7766,-6.4e-05,0.106,0.1318,AVANZAR
1414,70.7,69.19,68.03,69.59,64.16,63.59,257.35,0.1475,0.1475,468.1049,448.1785,0.008239,0.1043,0.1318,AVANZAR
1415,70.75,62.81,72.03,74.26,66.78,210.03,320.06,0.1475,0.1475,468.5068,448.5804,0.008239,0.1028,0.1318,AVANZAR
1416,70.8,67.4,67.28,66.34,66.05,227.75,361.74,0.1475,0.1475,468.9088,448.9823,0.008239,0.1016,0.1318,AVANZAR
1417,70.85,67.02,67.85,61.8,65.53,209.46,459.03,0.1475,0.1475,469.3044,449.378,0.008111,0.1006,0.1318,AVANZAR
1418,70.9,73.75,64.98,68.77,64.47,211.03,480.11,0.1475,0.1475,469.7063,449.7799,0.008239,0.0996,0.1318,GIRAR_DERECHA
1419,70.95,65.91,68.3,66.29,65.23,284.98,290.0,0.1475,0.1475,469.901,449.5915,6.4e-05,0.1059,0.1318,AVANZAR
1420,71.0,69.41,65.72,66.07,61.49,295.66,342.63,0.1475,0.1475,470.2966,449.9934,0.008175,0.1043,0.1318,AVANZAR
1421,71.05,60.6,74.3,72.16,69.36,304.96,288.83,0.1475,0.1475,470.6986,450.389,0.008175,0.1029,0.1318,AVANZAR
1422,71.1,69.71,66.88,66.21,61.55,313.12,296.81,0.1475,0.1475,471.1005,450.791,0.008239,0.1016,0.1318,AVANZAR
1423,71.15,67.84,70.67,65.23,65.85,313.75,308.06,0.1475,0.1475,471.5024,451.1929,0.008239,0.1005,0.1318,AVANZAR
1424,71.2,64.11,71.2,65.9,60.27,311.55,286.55,0.1475,0.1475,471.898,451.5948,0.008175,0.0996,0.1318,GIRAR_DERECHA
1425,71.25,70.52,67.46,71.97,66.34,349.87,68.76,0.1475,0.1475,472.0927,451.4001,0.0,0.1059,0.1318,AVANZAR
1426,71.3,61.98,73.05,63.54,70.28,334.15,66.87,0.1475,0.1475,472.4946,451.802,0.008239,0.1042,0.1318,AVANZAR
1427,71.35,62.09,63.87,67.8,57.45,425.81,69.47,0.1477,0.1476,472.8966,452.204,0.008239,0.1028,0.1318,AVANZAR
1428,71.4,62.22,68.77,68.64,67.09,367.16,63.35,0.1476,0.1476,473.2922,452.5996,0.008111,0.1017,0.1318,AVANZAR
1429,71.45,71.44,66.29,65.34,64.15,61.94,77.46,0.1475,0.1475,473.6941,453.0015,0.008239,0.1005,0.1318,AVANZAR
1430,71.5,64.27,66.61,69.91,63.62,64.49,67.12,0.1476,0.1476,474.096,453.4034,0.008239,0.0996,0.1318,GIRAR_IZQUIERDA
1431,71.55,68.96,64.3,70.72,69.38,65.79,70.13,0.1476,0.1476,473.9014,453.5981,0.0,0.1059,0.1318,AVANZAR
1432,71.6,63.74,66.97,68.31,71.33,72.8,62.92,0.1476,0.1476,474.3033,453.9938,0.008175,0.1043,0.1318,AVANZAR
1433,71.65,64.25,67.63,69.98,70.22,63.38,69.55,0.1476,0.1476,474.7052,454.3957,0.008239,0.1029,0.1318,AVANZAR
1434,71.7,67.91,68.68,70.08,67.78,65.21,67.16,0.1475,0.1476,475.1071,454.7976,0.008239,0.1016,0.1318,AVANZAR
1435,71.75,68.85,70.07,65.55,67.85,67.07,65.14,0.1475,0.1475,475.5028,455.1995,0.008175,0.1005,0.1318,AVANZAR
1436,71.8,67.18,70.43,68.38,69.53,66.66,70.01,0.1475,0.1475,475.9047,455.5952,0.008175,0.0996,0.1318,GIRAR_IZQUIERDA
1437,71.85,62.84,69.22,67.6,67.05,67.37,62.59,0.1476,0.1475,475.7163,455.7898,6.4e-05,0.1059,0.1318,AVANZAR
1438,71.9,66.11,68.02,73.66,66.3,63.84,71.75,0.1475,0.1475,476.1119,456.1918,0.008175,0.1043,0.1318,AVANZAR
1439,71.95,63.74,69.0,70.4,64.68,68.59,67.53,0.1476,0.1475,476.5138,456.5874,0.008175,0.1029,0.1318,AVANZAR
1440,72.0,76.03,68.31,62.0,72.56,60.17,70.68,0.1474,0.1475,476.9158,456.9893,0.008239,0.1016,0.1318,AVANZAR
1441,72.05,63.33,67.58,67.81,69.46,66.68,65.53,0.1476,0.1475,477.3177,457.3912,0.008239,0.1005,0.1318,AVANZAR
1442,72.1,67.98,66.99,69.66,62.06,66.33,68.98,0.1475,0.1475,477.7196,457.7932,0.008239,0.0995,0.1318,GIRAR_DERECHA
1443,72.15,61.17,67.59,71.9,66.45,61.74,68.39,0.1476,0.1476,477.908,457.5985,-6.4e-05,0.1059,0.1318,AVANZAR
1444,72.2,71.15,68.55,66.43,71.31,68.06,64.32,0.1474,0.1475,478.3099,458.0004,0.008239,0.1043,0.1318,AVANZAR
1445,72.25,65.58,68.38,69.83,64.33,63.17,65.36,0.1475,0.1475,478.7118,458.4023,0.008239,0.1028,0.1318,AVANZAR
1446,72.3,68.98,67.73,66.05,64.66,70.02,66.88,0.1475,0.1475,479.1075,458.798,0.008111,0.1017,0.1318,AVANZAR
1447,72.35,67.56,70.68,70.74,61.38,70.45,62.89,0.1475,0.1475,479.5094,459.1999,0.008239,0.1005,0.1318,AVANZAR
1448,72.4,66.24,62.28,68.59,62.61,60.14,68.06,0.1476,0.1475,479.9113,459.6018,0.008239,0.0996,0.1318,GIRAR_IZQUIERDA
1449,72.45,65.95,65.66,63.06,71.19,71.2,65.48,0.1476,0.1476,479.7166,459.7965,-0.0,0.1059,0.1318,AVANZAR
1450,72.5,74.54,65.89,64.96,63.21,64.53,64.95,0.1474,0.1475,480.1186,460.1921,0.008175,0.1043,0.1318,AVANZAR
1451,72.55,65.18,69.86,70.81,67.01,74.4,64.31,0.1475,0.1475,480.5205,460.594,0.008239,0.1028,0.1318,AVANZAR
1452,72.6,63.53,68.3,64.75,66.14,65.91,67.03,0.1476,0.1475,480.9224,460.996,0.008239,0.1016,0.1318,AVANZAR
1453,72.65,66.76,61.18,68.96,63.07,68.78,66.65,0.1477,0.1476,481.318,461.3979,0.008175,0.1006,0.1318,AVANZAR
1454,72.7,70.93,70.71,68.65,64.84,65.5,68.96,0.1474,0.1475,481.72,461.7935,0.008175,0.0996,0.1318,GIRAR_DERECHA
1455,72.75,67.0,63.43,69.19,66.61,62.96,69.7,0.1476,0.1476,481.9146,461.6051,6.4e-05,0.1059,0.1318,AVANZAR
1456,72.8,62.3,70.56,68.46,73.16,64.5,64.23,0.1476,0.1476,482.3103,462.007,0.008175,0.1043,0.1318,AVANZAR
1457,72.85,58.64,67.31,63.79,65.3,60.24,70.52,0.1477,0.1476,482.7122,462.4027,0.008175,0.1029,0.1318,AVANZAR
1458,72.9,65.38,70.49,68.91,67.82,67.24,64.53,0.1475,0.1476,483.1141,462.8046,0.008239,0.1016,0.1318,AVANZAR
1459,72.95,65.9,69.84,69.26,70.12,68.63,64.9,0.1475,0.1476,483.516,463.2065,0.008239,0.1005,0.1318,AVANZAR
1460,73.0,65.22,69.08,69.17,68.31,62.63,65.37,0.1475,0.1476,483.918,463.6084,0.008239,0.0996,0.1318,GIRAR_IZQUIERDA
1461,73.05,66.88,69.95,61.25,66.1,64.83,62.19,0.1475,0.1475,483.7233,463.7968,-6.4e-05,0.1059,0.1318,AVANZAR
1462,73.1,67.38,69.55,65.75,63.58,69.58,66.34,0.1475,0.1475,484.1252,464.1988,0.008239,0.1043,0.1318,AVANZAR
1463,73.15,92.84,66.52,81.84,67.57,69.07,68.18,0.1471,0.1474,484.5271,464.6007,0.008239,0.1028,0.1318,AVANZAR
1464,73.2,114.69,63.94,116.12,65.36,67.94,66.32,0.1467,0.1472,484.9228,465.0026,0.008175,0.1014,0.1318,AVANZAR
1465,73.25,159.52,71.06,139.15,73.83,66.41,69.69,0.1458,0.1468,485.3247,465.3982,0.008175,0.1002,0.1318,AVANZAR
1466,73.3,231.31,109.14,203.43,67.36,68.49,64.75,0.1438,0.1459,485.7266,465.8002,0.008239,0.0988,0.1318,GIRAR_IZQUIERDA
1467,73.35,214.14,66.64,236.65,64.15,65.26,71.37,0.1449,0.1456,485.5319,465.9948,0.0,0.1049,0.1318,AVANZAR
1468,73.4,296.68,94.23,347.41,61.33,67.26,63.69,0.1428,0.1447,485.9338,466.3905,0.008175,0.1028,0.1318,AVANZAR
1469,73.45,752.07,133.7,1101.84,101.63,68.43,69.76,0.1338,0.1415,486.3358,466.7924,0.008239,0.0997,0.1318,GIRAR_IZQUIERDA
1470,73.5,565.85,98.4,1541.76,154.15,70.92,71.87,0.1378,0.1404,486.1411,466.9871,0.0,0.1047,0.1318,AVANZAR
1471,73.55,1548.24,119.7,2822.03,232.59,65.15,65.88,0.1195,0.1341,486.543,467.3827,0.008175,0.0996,0.1318,GIRAR_IZQUIERDA
1472,73.6,1434.32,114.45,2766.44,247.38,66.69,64.63,0.1216,0.1304,486.3546,467.5774,6.4e-05,0.1024,0.1318,AVANZAR
1473,73.65,736.17,92.62,1866.76,201.57,67.57,67.91,0.1348,0.1317,486.7502,467.9793,0.008175,0.0996,0.1318,GIRAR_IZQUIERDA
1474,73.7,458.05,63.97,1952.48,315.52,70.42,61.99,0.1404,0.1343,486.5618,468.1677,0.0,0.105,0.1318,AVANZAR
1475,73.75,379.59,63.77,2074.61,406.64,66.87,61.86,0.1419,0.1366,486.9638,468.5696,0.008239,0.1027,0.1318,AVANZAR
1476,73.8,378.31,57.74,2063.88,426.18,62.9,65.86,0.142,0.1382,487.3594,468.9716,0.008175,0.1008,0.1318,AVANZAR
1477,73.85,397.18,65.91,2090.4,397.89,65.36,67.35,0.1415,0.1392,487.7613,469.3735,0.008239,0.099,0.1318,GIRAR_IZQUIERDA
1478,73.9,268.95,69.65,1923.94,689.5,67.8,66.44,0.1438,0.1406,487.5729,469.5619,0.0,0.1049,0.1318,AVANZAR
1479,73.95,278.77,68.6,1937.94,674.69,71.58,66.62,0.1436,0.1415,487.9686,469.9638,0.008175,0.1029,0.1318,AVANZAR
1480,74.0,265.39,67.88,1944.36,657.57,65.99,66.91,0.1439,0.1422,488.3705,470.3657,0.008239,0.1011,0.1318,AVANZAR
1481,74.05,282.04,65.07,1948.79,618.13,64.39,67.86,0.1436,0.1426,488.7724,470.7614,0.008175,0.0997,0.1318,GIRAR_IZQUIERDA
1482,74.1,160.67,73.95,1592.31,1239.96,67.8,66.52,0.1457,0.1436,488.584,470.956,6.4e-05,0.1057,0.1318,AVANZAR
1483,74.15,155.59,69.55,1509.07,1104.32,68.24,69.78,0.1459,0.1443,488.9796,471.358,0.008175,0.1039,0.1318,AVANZAR
1484,74.2,152.1,63.04,1578.99,1184.48,63.93,66.43,0.1461,0.1448,489.3816,471.7536,0.008175,0.1023,0.1318,AVANZAR
1485,74.25,162.92,62.91,1605.25,1248.64,71.43,67.19,0.1459,0.1451,489.7835,472.1555,0.008239,0.1009,0.1318,AVANZAR
1486,74.3,157.83,65.71,1620.9,1235.12,64.5,69.6,0.1459,0.1454,490.1854,472.5574,0.008239,0.0997,0.1318,GIRAR_IZQUIERDA
1487,74.35,101.29,64.43,994.23,1565.37,66.55,64.03,0.147,0.1458,489.9907,472.7521,0.0,0.1059,0.1318,AVANZAR
1488,74.4,105.9,68.9,984.97,1570.41,67.57,70.02,0.1468,0.1461,490.3926,473.1478,0.008175,0.1042,0.1318,AVANZAR
1489,74.45,102.92,63.36,996.11,1585.41,68.84,65.17,0.147,0.1464,490.7946,473.5497,0.008239,0.1027,0.1318,AVANZAR
1490,74.5,105.12,60.45,1000.45,1578.0,66.86,65.81,0.147,0.1466,491.1902,473.9516,0.008175,0.1014,0.1318,AVANZAR
1491,74.55,101.13,67.72,1132.97,1585.07,63.05,68.01,0.1469,0.1467,491.5921,474.3535,0.008239,0.1003,0.1318,AVANZAR
1492,74.6,108.58,63.38,956.17,1625.08,67.92,68.98,0.1469,0.1467,491.994,474.7492,0.008175,0.0993,0.1318,GIRAR_IZQUIERDA
1493,74.65,64.18,70.27,422.08,1716.2,66.92,67.39,0.1475,0.147,491.8056,474.9438,6.4e-05,0.1056,0.1318,AVANZAR
1494,74.7,68.84,61.24,431.32,1706.32,67.72,66.15,0.1476,0.1472,492.2013,475.3458,0.008175,0.104,0.1318,AVANZAR
1495,74.75,65.25,68.6,421.58,1761.7,60.21,63.2,0.1475,0.1473,492.6032,475.7414,0.008175,0.1027,0.1318,AVANZAR
1496,74.8,69.36,65.42,422.46,1724.73,70.57,67.88,0.1475,0.1474,493.0051,476.1433,0.008239,0.1014,0.1318,AVANZAR
1497,74.85,68.42,65.55,444.52,1702.93,68.27,70.87,0.1475,0.1474,493.407,476.5452,0.008239,0.1004,0.1318,AVANZAR
1498,74.9,66.58,71.68,432.98,1711.95,67.77,70.93,0.1475,0.1474,493.8027,476.9472,0.008175,0.0995,0.1318,GIRAR_IZQUIERDA
1499,74.95,67.67,69.18,283.97,1719.27,63.62,65.23,0.1475,0.1474,493.6143,477.1356,0.0,0.1058,0.1318,AVANZAR
1500,75.0,67.4,63.32,511.39,1784.79,60.53,66.6,0.1476,0.1475,494.0162,477.5375,0.008239,0.1042,0.1318,AVANZAR
1501,75.05,67.31,64.45,453.66,1707.99,66.05,68.3,0.1476,0.1475,494.4118,477.9394,0.008175,0.1028,0.1318,AVANZAR
1502,75.1,68.18,72.53,494.1,1691.93,63.75,70.38,0.1474,0.1475,494.8138,478.3413,0.008239,0.1015,0.1318,AVANZAR
1503,75.15,67.95,61.76,316.43,1611.42,69.32,70.09,0.1476,0.1475,495.2157,478.737,0.008175,0.1005,0.1318,AVANZAR
1504,75.2,65.8,68.37,315.78,1628.83,66.49,71.98,0.1475,0.1475,495.6176,479.1389,0.008239,0.0995,0.1318,GIRAR_IZQUIERDA
1505,75.25,66.44,64.65,193.1,1586.18,70.47,66.69,0.1476,0.1476,495.4229,479.3336,0.0,0.1059,0.1318,AVANZAR
1506,75.3,63.51,65.32,181.31,1348.07,67.88,59.21,0.1476,0.1476,495.8248,479.7292,0.008175,0.1043,0.1318,AVANZAR
1507,75.35,67.72,65.19,155.47,1085.02,65.23,65.04,0.1476,0.1476,496.2268,480.1311,0.008239,0.1028,0.1318,AVANZAR
1508,75.4,65.08,69.26,146.94,840.38,67.2,67.29,0.1475,0.1476,496.6224,480.533,0.008175,0.1016,0.1318,AVANZAR
1509,75.45,74.75,68.41,133.4,577.22,69.26,66.9,0.1474,0.1475,497.0243,480.935,0.008239,0.1005,0.1318,AVANZAR
1510,75.5,68.71,67.0,135.21,492.74,68.39,67.31,0.1475,0.1475,497.4262,481.3306,0.008175,0.0996,0.1318,GIRAR_IZQUIERDA
1511,75.55,66.98,67.1,65.67,427.32,65.79,64.62,0.1475,0.1475,497.2316,481.5253,0.0,0.1059,0.1318,AVANZAR
1512,75.6,67.79,67.99,68.03,361.4,69.57,65.24,0.1475,0.1475,497.6335,481.9272,0.008239,0.1042,0.1318,AVANZAR
1513,75.65,69.82,68.86,68.36,316.9,69.43,67.45,0.1475,0.1475,498.0354,482.3228,0.008175,0.1028,0.1318,AVANZAR
1514,75.7,70.27,68.9,71.68,259.87,60.37,65.95,0.1475,0.1475,498.4373,482.7248,0.008239,0.1016,0.1318,AVANZAR
1515,75.75,66.55,68.38,69.19,217.92,65.36,69.93,0.1475,0.1475,498.8392,483.1267,0.008239,0.1005,0.1318,AVANZAR
1516,75.8,71.75,61.64,65.76,199.7,71.88,61.65,0.1476,0.1475,499.2349,483.5286,0.008175,0.0996,0.1318,GIRAR_IZQUIERDA
1517,75.85,67.59,64.74,61.62,162.42,65.84,62.84,0.1476,0.1475,499.0465,483.717,0.0,0.1059,0.1318,AVANZAR
1518,75.9,66.3,64.26,65.5,148.21,66.06,69.43,0.1476,0.1476,499.4484,484.1189,0.008239,0.1042,0.1318,AVANZAR
1519,75.95,64.29,58.43,68.77,137.59,69.82,66.7,0.1478,0.1476,499.844,484.5208,0.008175,0.1029,0.1318,AVANZAR
1520,76.0,68.78,65.3,65.48,111.97,65.83,73.87,0.1475,0.1476,500.246,484.9228,0.008239,0.1016,0.1318,AVANZAR
1521,76.05,66.4,62.97,67.78,103.14,72.33,71.85,0.1476,0.1476,500.6479,485.3184,0.008175,0.1006,0.1318,AVANZAR
1522,76.1,68.05,69.95,66.23,84.62,75.52,66.71,0.1475,0.1476,501.0498,485.7203,0.008239,0.0996,0.1318,GIRAR_IZQUIERDA
1523,76.15,67.97,63.37,72.28,68.08,63.71,66.8,0.1476,0.1476,500.8551,485.915,0.0,0.1059,0.1318,AVANZAR
1524,76.2,71.72,63.32,64.81,64.99,66.73,67.19,0.1475,0.1476,501.257,486.3106,0.008175,0.1043,0.1318,AVANZAR
1525,76.25,68.11,62.43,70.41,63.28,69.45,70.05,0.1476,0.1476,501.659,486.7126,0.008239,0.1029,0.1318,AVANZAR
1526,76.3,67.47,70.76,66.86,64.87,68.15,64.24,0.1475,0.1475,502.0546,487.1145,0.008175,0.1016,0.1318,AVANZAR
1527,76.35,63.4,70.02,73.29,73.75,71.75,74.96,0.1476,0.1475,502.4565,487.5164,0.008239,0.1005,0.1318,AVANZAR
1528,76.4,64.44,66.65,64.05,70.04,64.14,69.21,0.1476,0.1476,502.8584,487.9183,0.008239,0.0996,0.1318,GIRAR_IZQUIERDA
1529,76.45,61.28,70.42,71.15,62.0,67.22,71.85,0.1476,0.1476,502.67,488.1067,0.0,0.1059,0.1318,AVANZAR
1530,76.5,64.45,68.15,67.42,69.61,68.23,66.3,0.1476,0.1476,503.0657,488.5086,0.008175,0.1043,0.1318,AVANZAR
1531,76.55,68.04,64.84,64.77,61.48,70.01,67.49,0.1476,0.1476,503.4676,488.9106,0.008239,0.1029,0.1318,AVANZAR
1532,76.6,69.28,68.79,67.84,63.6,73.64,67.39,0.1475,0.1475,503.8695,489.3062,0.008175,0.1016,0.1318,AVANZAR
1533,76.65,70.35,63.92,68.21,65.8,62.02,68.91,0.1475,0.1475,504.2714,489.7081,0.008239,0.1005,0.1318,AVANZAR
1534,76.7,64.36,69.93,65.79,65.07,70.86,66.83,0.1475,0.1475,504.6671,490.11,0.008175,0.0996,0.1318,GIRAR_DERECHA
1535,76.75,67.05,62.39,66.6,61.7,71.58,66.45,0.1476,0.1476,504.8618,489.9154,0.0,0.106,0.1318,AVANZAR
1536,76.8,62.5,68.22,69.32,68.11,66.81,64.23,0.1476,0.1476,505.2637,490.3173,0.008239,0.1043,0.1318,AVANZAR
1537,76.85,74.59,60.78,67.31,64.3,64.64,67.09,0.1475,0.1476,505.6593,490.7192,0.008175,0.1029,0.1318,AVANZAR
1538,76.9,68.7,69.92,62.17,67.36,71.96,61.67,0.1475,0.1475,506.0612,491.1211,0.008239,0.1016,0.1318,AVANZAR
1539,76.95,105.95,64.38,105.17,66.99,70.62,64.53,0.1469,0.1473,506.4632,491.5168,0.008175,0.1005,0.1318,AVANZAR
1540,77.0,161.02,73.16,214.43,60.57,65.0,68.06,0.1457,0.1468,506.8651,491.9187,0.008239,0.0993,0.1318,GIRAR_IZQUIERDA
1541,77.05,131.67,66.8,246.94,60.8,66.56,64.34,0.1464,0.1467,506.6704,492.1134,0.0,0.1055,0.1318,AVANZAR
1542,77.1,265.09,71.83,1032.0,66.32,67.55,71.57,0.1438,0.1458,507.0723,492.5153,0.008239,0.1034,0.1318,AVANZAR
1543,77.15,539.03,63.58,1481.17,70.08,64.91,72.01,0.139,0.1438,507.4742,492.9109,0.008175,0.101,0.1318,AVANZAR
1544,77.2,362.28,68.1,594.5,67.36,65.49,70.95,0.1421,0.1433,507.8699,493.3128,0.008175,0.0993,0.1318,GIRAR_IZQUIERDA
1545,77.25,287.98,72.1,670.73,72.67,65.47,65.41,0.1434,0.1433,507.6815,493.5012,0.0,0.1051,0.1318,AVANZAR
1546,77.3,299.71,72.7,909.14,67.92,64.2,64.5,0.1432,0.1433,508.0834,493.9032,0.008239,0.103,0.1318,AVANZAR
1547,77.35,261.16,66.45,889.24,65.11,66.94,70.25,0.144,0.1435,508.479,494.3051,0.008175,0.1013,0.1318,AVANZAR
1548,77.4,279.65,65.73,903.06,66.89,63.33,64.13,0.1437,0.1435,508.881,494.707,0.008239,0.0997,0.1318,GIRAR_IZQUIERDA
1549,77.45,164.34,69.01,1011.7,102.99,67.67,64.97,0.1457,0.1442,508.6926,494.8954,0.0,0.1058,0.1318,AVANZAR
1550,77.5,169.38,65.72,1014.8,96.95,70.92,61.85,0.1457,0.1447,509.0882,495.2973,0.008175,0.1039,0.1318,AVANZAR
1551,77.55,175.06,70.15,1032.68,94.65,69.9,67.5,0.1455,0.1449,509.4901,495.6992,0.008239,0.1023,0.1318,AVANZAR
1552,77.6,164.24,58.51,1059.87,95.15,65.14,66.44,0.1459,0.1452,509.892,496.1012,0.008239,0.1009,0.1318,AVANZAR
1553,77.65,64.21,64.59,1078.74,100.49,73.21,66.56,0.1476,0.1459,510.294,496.4968,0.008175,0.0999,0.1318,GIRAR_IZQUIERDA
1554,77.7,63.68,68.41,774.61,124.78,66.71,70.46,0.1476,0.1464,510.0993,496.6915,0.0,0.1062,0.1318,AVANZAR
1555,77.75,62.02,67.8,851.72,136.8,67.62,70.08,0.1476,0.1468,510.5012,497.0934,0.008239,0.1045,0.1318,AVANZAR
1556,77.8,69.74,73.09,937.73,126.39,65.75,66.95,0.1474,0.147,510.9031,497.4953,0.008239,0.103,0.1318,AVANZAR
1557,77.85,62.69,72.06,66.52,143.47,66.93,65.37,0.1475,0.1471,511.305,497.891,0.008175,0.1018,0.1318,AVANZAR
1558,77.9,67.4,68.4,65.31,130.35,69.6,66.86,0.1475,0.1473,511.7007,498.2929,0.008175,0.1007,0.1318,AVANZAR
1559,77.95,65.03,67.47,66.18,212.84,66.95,65.76,0.1476,0.1473,512.1026,498.6948,0.008239,0.0997,0.1318,GIRAR_IZQUIERDA
1560,78.0,67.11,61.01,67.55,331.35,64.64,69.81,0.1477,0.1474,511.9142,498.8832,-0.0,0.106,0.1318,AVANZAR
1561,78.05,67.57,71.92,71.12,125.73,68.79,66.08,0.1474,0.1474,512.3098,499.2851,0.008175,0.1044,0.1318,AVANZAR
1562,78.1,70.42,64.55,72.56,68.01,63.5,67.39,0.1475,0.1475,512.7118,499.687,0.008239,0.1029,0.1318,AVANZAR
1563,78.15,71.18,70.01,74.56,70.86,65.17,72.32,0.1474,0.1475,513.1137,500.089,0.008239,0.1016,0.1318,AVANZAR
1564,78.2,64.77,66.12,61.24,69.56,68.42,63.52,0.1476,0.1475,513.5156,500.4909,0.008239,0.1005,0.1318,AVANZAR
1565,78.25,68.49,64.42,68.52,66.25,72.39,67.1,0.1476,0.1475,513.9175,500.8865,0.008175,0.0996,0.1318,GIRAR_DERECHA
1566,78.3,71.73,64.6,60.37,59.83,68.06,67.2,0.1475,0.1475,514.1059,500.6981,0.0,0.1059,0.1318,AVANZAR
1567,78.35,63.8,71.12,75.66,73.31,71.7,67.28,0.1475,0.1475,514.5078,501.1,0.008239,0.1043,0.1318,AVANZAR
1568,78.4,68.92,70.26,69.68,69.31,61.6,69.0,0.1475,0.1475,514.9098,501.4957,0.008175,0.1029,0.1318,AVANZAR
1569,78.45,64.95,64.0,67.92,69.9,62.88,67.75,0.1476,0.1475,515.3054,501.8976,0.008175,0.1017,0.1318,AVANZAR
1570,78.5,65.95,69.58,62.78,65.68,64.01,69.25,0.1475,0.1475,515.7073,502.2995,0.008239,0.1006,0.1318,AVANZAR
1571,78.55,71.43,64.66,65.52,72.77,68.77,65.16,0.1475,0.1475,516.1092,502.7014,0.008239,0.0996,0.1318,GIRAR_IZQUIERDA
1572,78.6,74.23,70.33,67.99,68.24,72.17,67.69,0.1474,0.1475,515.9146,502.8898,-6.4e-05,0.1059,0.1318,AVANZAR
1573,78.65,67.03,63.43,61.19,63.79,69.1,73.24,0.1476,0.1475,516.3165,503.2918,0.008239,0.1043,0.1318,AVANZAR
1574,78.7,71.42,64.81,68.37,65.1,67.01,68.1,0.1475,0.1475,516.7184,503.6937,0.008239,0.1028,0.1318,AVANZAR
1575,78.75,67.99,72.05,66.04,67.36,65.73,64.77,0.1474,0.1475,517.1203,504.0893,0.008175,0.1016,0.1318,AVANZAR
1576,78.8,68.5,66.7,67.25,70.39,66.05,71.86,0.1475,0.1475,517.516,504.4912,0.008175,0.1006,0.1318,AVANZAR
1577,78.85,69.57,64.09,64.18,66.26,71.22,70.75,0.1476,0.1475,517.9179,504.8932,0.008239,0.0996,0.1318,GIRAR_DERECHA
1578,78.9,65.22,70.44,59.75,66.9,69.98,72.4,0.1475,0.1475,518.1126,504.6985,0.0,0.1059,0.1318,AVANZAR
1579,78.95,71.7,67.26,69.62,70.63,67.51,66.63,0.1475,0.1475,518.5145,505.1004,0.008239,0.1042,0.1318,AVANZAR
1580,79.0,68.98,64.02,61.97,64.06,68.92,68.09,0.1476,0.1475,518.9101,505.5023,0.008175,0.1028,0.1318,AVANZAR
1581,79.05,69.76,67.29,71.68,67.6,70.2,67.36,0.1475,0.1475,519.312,505.9042,0.008239,0.1016,0.1318,AVANZAR
1582,79.1,64.08,74.79,67.17,60.56,68.2,62.79,0.1475,0.1475,519.714,506.3062,0.008239,0.1005,0.1318,AVANZAR
1583,79.15,67.43,67.83,64.75,63.22,66.46,71.73,0.1475,0.1475,520.1159,506.7018,0.008175,0.0996,0.1318,GIRAR_DERECHA
1584,79.2,65.2,70.75,66.79,71.88,63.26,66.14,0.1475,0.1475,520.3043,506.5134,0.0,0.1059,0.1318,AVANZAR
1585,79.25,65.56,70.21,67.03,70.23,67.7,67.61,0.1475,0.1475,520.7062,506.9153,0.008239,0.1042,0.1318,AVANZAR
1586,79.3,63.34,63.7,68.26,63.67,71.2,68.98,0.1477,0.1476,521.1081,507.311,0.008175,0.1028,0.1318,AVANZAR
1587,79.35,66.16,63.2,68.61,67.44,65.83,65.24,0.1476,0.1476,521.5038,507.7129,0.008175,0.1017,0.1318,AVANZAR
1588,79.4,80.46,68.43,72.4,65.75,69.47,64.41,0.1473,0.1475,521.9057,508.1148,0.008239,0.1005,0.1318,AVANZAR
1589,79.45,135.7,60.85,66.26,66.85,66.38,65.97,0.1464,0.1472,522.3076,508.5167,0.008239,0.0994,0.1318,GIRAR_IZQUIERDA
1590,79.5,103.46,70.72,187.15,69.82,67.14,68.92,0.1468,0.1471,522.1129,508.7051,-6.4e-05,0.1057,0.1318,AVANZAR
1591,79.55,106.31,66.02,444.98,62.64,68.82,76.66,0.1468,0.147,522.5148,509.107,0.008239,0.104,0.1318,AVANZAR
1592,79.6,128.44,71.07,898.84,70.44,67.07,69.71,0.1463,0.1468,522.9168,509.509,0.008239,0.1024,0.1318,AVANZAR
1593,79.65,164.96,65.89,1011.28,65.56,68.43,71.37,0.1458,0.1465,523.3187,509.9046,0.008175,0.101,0.1318,AVANZAR
1594,79.7,180.98,63.34,971.25,68.31,66.22,74.42,0.1455,0.1462,523.7143,510.3065,0.008175,0.0998,0.1318,GIRAR_IZQUIERDA
1595,79.75,112.03,62.79,699.85,66.72,72.94,60.54,0.1468,0.1464,523.5259,510.5012,6.4e-05,0.1059,0.1318,AVANZAR
1596,79.8,107.97,62.98,729.25,65.2,69.57,63.97,0.1469,0.1465,523.9278,510.8968,0.008175,0.1042,0.1318,AVANZAR
1597,79.85,116.54,66.83,858.35,147.89,67.04,66.64,0.1466,0.1466,524.3298,511.2988,0.008239,0.1027,0.1318,AVANZAR
1598,79.9,111.91,63.13,852.81,135.7,72.49,69.53,0.1468,0.1466,524.7254,511.7007,0.008175,0.1014,0.1318,AVANZAR
1599,79.95,110.59,71.27,820.75,155.82,69.62,62.58,0.1467,0.1466,525.1273,512.1026,0.008239,0.1002,0.1318,AVANZAR
1600,80.0,122.35,66.61,783.74,134.63,65.96,66.59,0.1465,0.1466,525.5292,512.5045,0.008239,0.0991,0.1318,GIRAR_IZQUIERDA
1601,80.05,64.07,66.47,443.01,199.69,67.34,64.87,0.1476,0.1469,525.3346,512.6929,-6.4e-05,0.1056,0.1318,AVANZAR
1602,80.1,65.89,66.98,383.32,232.04,69.49,69.52,0.1476,0.1471,525.7365,513.0948,0.008239,0.104,0.1318,AVANZAR
1603,80.15,64.23,58.65,417.35,209.37,63.1,69.79,0.1477,0.1473,526.1384,513.4968,0.008239,0.1026,0.1318,AVANZAR
1604,80.2,65.98,69.16,424.54,194.32,63.4,62.35,0.1475,0.1474,526.5403,513.8924,0.008175,0.1014,0.1318,AVANZAR
1605,80.25,69.86,67.45,500.52,200.74,67.36,61.63,0.1475,0.1474,526.936,514.2943,0.008175,0.1004,0.1318,AVANZAR
1606,80.3,63.77,70.36,461.13,209.28,74.24,70.1,0.1475,0.1474,527.3379,514.6962,0.008239,0.0994,0.1318,GIRAR_IZQUIERDA
1607,80.35,65.29,68.96,62.78,269.92,65.35,66.24,0.1475,0.1475,527.1495,514.8909,6.4e-05,0.1057,0.1318,AVANZAR
1608,80.4,73.6,69.66,67.92,275.45,66.73,63.02,0.1474,0.1474,527.5451,515.2866,0.008111,0.1042,0.1318,AVANZAR
1609,80.45,66.66,66.08,64.75,307.52,69.17,73.06,0.1476,0.1475,527.947,515.6885,0.008239,0.1027,0.1318,AVANZAR
1610,80.5,66.11,64.66,69.41,363.12,68.77,63.62,0.1476,0.1475,528.349,516.0904,0.008239,0.1015,0.1318,AVANZAR
1611,80.55,73.17,72.76,67.51,65.11,68.91,65.57,0.1473,0.1475,528.7509,516.4923,0.008239,0.1004,0.1318,AVANZAR
1612,80.6,67.85,68.01,61.84,64.19,62.98,66.73,0.1475,0.1475,529.1528,516.888,0.008175,0.0995,0.1318,GIRAR_DERECHA
1613,80.65,61.36,66.94,73.25,75.11,69.41,68.08,0.1477,0.1475,529.3412,516.6996,0.0,0.1058,0.1318,AVANZAR
1614,80.7,72.01,69.71,61.66,65.69,69.0,68.1,0.1474,0.1475,529.7431,517.1015,0.008239,0.1042,0.1318,AVANZAR
1615,80.75,66.19,64.46,62.67,63.8,62.18,65.81,0.1476,0.1475,530.145,517.4971,0.008175,0.1028,0.1318,AVANZAR
1616,80.8,70.07,60.69,66.49,67.46,65.07,65.84,0.1476,0.1476,530.5407,517.899,0.008175,0.1016,0.1318,AVANZAR
1617,80.85,69.03,66.68,66.5,68.3,64.42,67.65,0.1475,0.1475,530.9426,518.301,0.008239,0.1005,0.1318,AVANZAR
1618,80.9,70.23,63.3,70.12,62.8,68.93,64.41,0.1476,0.1475,531.3445,518.7029,0.008239,0.0995,0.1318,GIRAR_DERECHA
1619,80.95,72.02,64.19,70.3,70.05,66.58,67.02,0.1475,0.1475,531.5392,518.5082,0.0,0.1059,0.1318,AVANZAR
1620,81.0,73.2,59.02,65.2,62.37,72.47,69.84,0.1476,0.1475,531.9348,518.9101,0.008175,0.1043,0.1318,AVANZAR
1621,81.05,69.94,60.07,66.19,65.58,61.25,76.46,0.1476,0.1476,532.3368,519.312,0.008239,0.1028,0.1318,AVANZAR
1622,81.1,60.94,63.19,65.1,67.67,69.36,66.66,0.1477,0.1476,532.7387,519.714,0.008239,0.1016,0.1318,AVANZAR
1623,81.15,66.39,64.7,62.53,63.76,67.86,67.88,0.1476,0.1476,533.1406,520.1096,0.008175,0.1006,0.1318,AVANZAR
1624,81.2,74.33,69.68,67.51,73.58,66.55,61.16,0.1474,0.1475,533.5362,520.5115,0.008175,0.0996,0.1318,GIRAR_IZQUIERDA
1625,81.25,70.14,67.54,67.35,65.51,68.59,65.86,0.1475,0.1475,533.3478,520.7062,6.4e-05,0.1059,0.1318,AVANZAR
1626,81.3,66.67,66.09,66.16,65.37,66.51,71.69,0.1476,0.1475,533.7498,521.1018,0.008175,0.1043,0.1318,AVANZAR
1627,81.35,70.47,73.09,67.62,63.62,67.57,71.94,0.1474,0.1475,534.1454,521.5038,0.008175,0.1029,0.1318,AVANZAR
1628,81.4,64.27,66.22,63.02,63.96,68.43,64.06,0.1476,0.1475,534.5473,521.9057,0.008239,0.1016,0.1318,AVANZAR
1629,81.45,68.32,64.55,62.21,71.72,64.31,69.5,0.1476,0.1475,534.9492,522.3076,0.008239,0.1005,0.1318,AVANZAR
1630,81.5,67.95,64.27,70.8,59.62,67.74,69.85,0.1476,0.1475,535.3512,522.7032,0.008175,0.0996,0.1318,GIRAR_DERECHA
1631,81.55,71.31,68.44,65.74,62.14,68.31,69.78,0.1474,0.1475,535.5396,522.5148,0.0,0.1059,0.1318,AVANZAR
1632,81.6,62.39,64.49,70.72,70.76,74.2,64.45,0.1477,0.1476,535.9415,522.9168,0.008239,0.1043,0.1318,AVANZAR
1633,81.65,65.09,63.26,68.56,72.24,67.19,66.0,0.1476,0.1476,536.3434,523.3124,0.008175,0.1029,0.1318,AVANZAR
1634,81.7,68.48,70.87,67.56,68.23,65.4,66.79,0.1474,0.1475,536.739,523.7143,0.008175,0.1017,0.1318,AVANZAR
1635,81.75,67.34,63.96,64.86,70.05,67.12,66.56,0.1476,0.1476,537.141,524.1162,0.008239,0.1006,0.1318,AVANZAR
1636,81.8,66.78,66.75,68.82,66.11,55.67,68.96,0.1476,0.1476,537.5429,524.5182,0.008239,0.0996,0.1318,GIRAR_IZQUIERDA
1637,81.85,72.88,69.84,66.56,70.93,66.89,65.02,0.1474,0.1475,537.3545,524.7066,0.0,0.1059,0.1318,AVANZAR
1638,81.9,65.87,65.04,69.01,69.93,62.24,67.42,0.1476,0.1475,537.7501,525.1085,0.008175,0.1043,0.1318,AVANZAR
1639,81.95,66.39,75.11,67.49,60.95,63.96,70.53,0.1474,0.1475,538.152,525.5104,0.008239,0.1028,0.1318,AVANZAR
1640,82.0,71.13,67.15,70.63,65.93,65.18,68.64,0.1475,0.1475,538.554,525.9123,0.008239,0.1015,0.1318,AVANZAR
1641,82.05,60.32,66.37,62.56,64.18,67.89,69.88,0.1477,0.1475,538.9559,526.308,0.008175,0.1005,0.1318,AVANZAR
1642,82.1,66.17,60.56,65.32,66.85,71.93,70.04,0.1477,0.1476,539.3515,526.7099,0.008175,0.0996,0.1318,GIRAR_DERECHA
1643,82.15,69.65,64.74,71.17,69.16,69.79,64.72,0.1475,0.1476,539.5462,526.5215,6.4e-05,0.1059,0.1318,AVANZAR
1644,82.2,67.99,64.18,67.36,66.95,69.32,75.2,0.1476,0.1476,539.9481,526.9171,0.008175,0.1043,0.1318,AVANZAR
1645,82.25,65.8,64.08,64.22,70.31,66.37,64.93,0.1476,0.1476,540.3438,527.319,0.008175,0.1029,0.1318,AVANZAR
1646,82.3,67.83,74.19,63.75,68.99,71.0,66.77,0.1474,0.1475,540.7457,527.721,0.008239,0.1016,0.1318,AVANZAR
1647,82.35,68.1,72.32,63.71,72.22,70.42,62.78,0.1474,0.1475,541.1476,528.1229,0.008239,0.1005,0.1318,AVANZAR
1648,82.4,69.9,69.15,71.81,64.19,66.89,61.15,0.1475,0.1475,541.5495,528.5185,0.008175,0.0996,0.1318,GIRAR_IZQUIERDA
1649,82.45,63.37,63.12,73.47,63.19,75.36,71.42,0.1477,0.1475,541.3548,528.7132,0.0,0.1059,0.1318,AVANZAR
1650,82.5,69.18,64.08,69.13,64.77,57.45,66.03,0.1476,0.1476,541.7568,529.1151,0.008239,0.1043,0.1318,AVANZAR
1651,82.55,67.17,64.55,65.93,68.75,70.01,64.11,0.1476,0.1476,542.1587,529.5108,0.008175,0.1029,0.1318,AVANZAR
1652,82.6,65.95,69.38,71.58,67.62,69.81,64.81,0.1475,0.1475,542.5543,529.9127,0.008175,0.1017,0.1318,AVANZAR
1653,82.65,67.79,62.15,68.55,68.07,65.68,69.33,0.1476,0.1476,542.9562,530.3146,0.008239,0.1006,0.1318,AVANZAR
1654,82.7,71.1,63.82,68.66,72.86,64.06,63.37,0.1475,0.1476,543.3582,530.7165,0.008239,0.0996,0.1318,GIRAR_IZQUIERDA
1655,82.75,61.06,63.42,63.22,70.46,73.27,70.68,0.1477,0.1476,543.1698,530.9049,0.0,0.1059,0.1318,AVANZAR
1656,82.8,70.86,66.55,72.54,67.46,64.24,62.73,0.1475,0.1476,543.5654,531.3068,0.008175,0.1043,0.1318,AVANZAR
1657,82.85,68.15,67.04,68.97,69.48,65.75,59.65,0.1475,0.1476,543.9673,531.7088,0.008239,0.1029,0.1318,AVANZAR
1658,82.9,71.67,69.0,63.04,65.13,74.79,67.35,0.1474,0.1475,544.3692,532.1107,0.008239,0.1016,0.1318,AVANZAR
1659,82.95,71.31,67.86,64.93,63.42,65.7,63.89,0.1475,0.1475,544.7712,532.5063,0.008175,0.1005,0.1318,AVANZAR
1660,83.0,65.31,70.49,67.38,65.47,65.99,71.05,0.1475,0.1475,545.1668,532.9082,0.008175,0.0996,0.1318,GIRAR_DERECHA
1661,83.05,67.15,65.51,67.74,62.36,68.66,74.28,0.1476,0.1475,545.3615,532.7198,6.4e-05,0.1059,0.1318,AVANZAR
1662,83.1,67.83,69.66,68.58,66.59,70.01,69.41,0.1475,0.1475,545.7634,533.1155,0.008175,0.1043,0.1318,AVANZAR
1663,83.15,62.17,62.72,62.24,64.41,67.7,68.5,0.1477,0.1476,546.159,533.5174,0.008175,0.1029,0.1318,AVANZAR
1664,83.2,66.43,71.73,72.83,70.39,63.74,72.07,0.1475,0.1475,546.561,533.9193,0.008239,0.1016,0.1318,AVANZAR
1665,83.25,71.16,69.13,66.74,63.64,75.16,64.93,0.1474,0.1475,546.9629,534.3212,0.008239,0.1005,0.1318,AVANZAR
1666,83.3,64.74,66.32,69.17,65.0,63.85,70.54,0.1476,0.1475,547.3648,534.7169,0.008175,0.0996,0.1318,GIRAR_DERECHA
1667,83.35,65.4,75.82,66.03,71.23,67.51,70.4,0.1474,0.1475,547.5532,534.5285,0.0,0.1059,0.1318,AVANZAR
1668,83.4,65.98,71.83,64.23,75.62,65.27,62.41,0.1475,0.1475,547.9551,534.9304,0.008239,0.1042,0.1318,AVANZAR
1669,83.45,65.29,64.69,74.52,64.6,71.93,65.89,0.1476,0.1475,548.357,535.326,0.008175,0.1029,0.1318,AVANZAR
1670,83.5,70.06,64.13,71.92,74.34,64.97,64.62,0.1475,0.1475,548.759,535.728,0.008239,0.1016,0.1318,AVANZAR
1671,83.55,64.56,71.36,64.24,68.56,63.78,66.72,0.1475,0.1475,549.1546,536.1299,0.008175,0.1005,0.1318,AVANZAR
1672,83.6,67.85,69.02,67.7,58.55,69.95,65.33,0.1475,0.1475,549.5565,536.5318,0.008239,0.0996,0.1318,GIRAR_DERECHA
1673,83.65,64.74,61.85,70.53,63.96,64.63,65.79,0.1477,0.1476,549.7512,536.3371,0.0,0.1059,0.1318,AVANZAR
1674,83.7,61.93,64.07,64.43,70.64,71.71,63.56,0.1477,0.1476,550.1468,536.739,0.008175,0.1043,0.1318,AVANZAR
1675,83.75,73.35,70.29,66.67,70.44,68.98,68.61,0.1474,0.1475,550.5488,537.141,0.008239,0.1028,0.1318,AVANZAR
1676,83.8,68.15,71.15,71.08,65.12,65.34,67.83,0.1474,0.1475,550.9507,537.5429,0.008239,0.1016,0.1318,AVANZAR
1677,83.85,66.72,69.6,68.49,69.97,70.74,68.82,0.1475,0.1475,551.3526,537.9385,0.008175,0.1005,0.1318,AVANZAR
1678,83.9,69.46,71.67,71.89,62.92,65.76,67.62,0.1474,0.1475,551.7482,538.3404,0.008175,0.0996,0.1318,GIRAR_IZQUIERDA
1679,83.95,66.9,70.35,65.94,73.59,66.04,64.2,0.1475,0.1475,551.5598,538.5351,6.4e-05,0.1059,0.1318,AVANZAR
1680,84.0,65.32,69.29,71.76,63.58,64.48,68.13,0.1475,0.1475,551.9618,538.9308,0.008175,0.1043,0.1318,AVANZAR
1681,84.05,67.34,69.62,67.23,69.08,67.86,70.23,0.1475,0.1475,552.3574,539.3327,0.008175,0.1029,0.1318,AVANZAR
1682,84.1,71.67,65.49,72.49,69.73,71.09,64.32,0.1475,0.1475,552.7593,539.7346,0.008239,0.1016,0.1318,AVANZAR
1683,84.15,68.24,65.02,65.81,72.43,71.68,67.99,0.1476,0.1475,553.1612,540.1365,0.008239,0.1005,0.1318,AVANZAR
1684,84.2,57.0,69.47,65.33,69.15,66.21,62.97,0.1477,0.1476,553.5632,540.5384,0.008239,0.0996,0.1318,GIRAR_IZQUIERDA
1685,84.25,67.12,64.26,71.06,65.68,67.47,73.6,0.1476,0.1476,553.3685,540.7268,-6.4e-05,0.1059,0.1318,AVANZAR
1686,84.3,61.44,61.7,63.29,64.12,65.86,68.62,0.1477,0.1476,553.7704,541.1288,0.008239,0.1043,0.1318,AVANZAR
1687,84.35,70.88,68.14,64.99,66.56,68.11,68.01,0.1475,0.1476,554.1723,541.5307,0.008239,0.1028,0.1318,AVANZAR
1688,84.4,69.79,61.07,93.03,68.28,61.17,64.16,0.1476,0.1476,554.5742,541.9263,0.008175,0.1016,0.1318,AVANZAR
1689,84.45,64.68,68.26,103.11,76.1,62.71,65.13,0.1476,0.1476,554.9699,542.3282,0.008175,0.1006,0.1318,AVANZAR
1690,84.5,60.53,71.81,114.3,94.51,66.97,68.87,0.1476,0.1476,555.3718,542.7302,0.008239,0.0996,0.1318,GIRAR_IZQUIERDA
1691,84.55,68.71,66.95,103.39,108.71,66.2,71.13,0.1475,0.1476,555.1834,542.9186,0.0,0.1059,0.1318,AVANZAR
1692,84.6,66.21,71.76,105.69,117.14,71.12,70.08,0.1475,0.1475,555.579,543.3205,0.008175,0.1043,0.1318,AVANZAR
1693,84.65,72.62,66.59,112.33,125.61,67.07,73.36,0.1475,0.1475,555.981,543.7224,0.008239,0.1028,0.1318,AVANZAR
1694,84.7,64.7,66.73,121.14,130.6,63.28,69.38,0.1476,0.1475,556.3829,544.1243,0.008239,0.1016,0.1318,AVANZAR
1695,84.75,68.46,70.44,131.34,138.27,66.24,67.93,0.1475,0.1475,556.7848,544.52,0.008175,0.1005,0.1318,AVANZAR
1696,84.8,65.65,65.94,153.67,155.01,67.08,66.06,0.1476,0.1475,557.1804,544.9219,0.008175,0.0996,0.1318,GIRAR_IZQUIERDA
1697,84.85,72.42,67.77,120.57,169.77,60.63,70.08,0.1474,0.1475,556.992,545.1166,6.4e-05,0.1059,0.1318,AVANZAR
1698,84.9,70.99,61.22,116.45,180.72,66.01,70.79,0.1476,0.1475,557.394,545.5185,0.008239,0.1042,0.1318,AVANZAR
1699,84.95,70.24,67.01,138.38,207.39,68.45,69.33,0.1475,0.1475,557.7896,545.9141,0.008111,0.1029,0.1318,AVANZAR
1700,85.0,72.26,63.81,141.68,209.7,67.99,72.01,0.1475,0.1475,558.1915,546.316,0.008239,0.1016,0.1318,AVANZAR
1701,85.05,67.14,68.04,163.09,219.16,66.52,66.83,0.1475,0.1475,558.5934,546.718,0.008239,0.1005,0.1318,AVANZAR
1702,85.1,61.03,70.53,159.43,251.73,63.81,61.05,0.1476,0.1475,558.9954,547.1199,0.008239,0.0996,0.1318,GIRAR_IZQUIERDA
1703,85.15,72.14,73.67,124.47,266.47,68.69,65.99,0.1473,0.1475,558.8007,547.3083,-6.4e-05,0.1059,0.1318,AVANZAR
1704,85.2,65.94,65.69,123.96,260.98,63.25,66.63,0.1476,0.1475,559.2026,547.7102,0.008239,0.1042,0.1318,AVANZAR
1705,85.25,67.53,66.56,126.77,270.56,72.11,63.92,0.1475,0.1475,559.6045,548.1121,0.008239,0.1028,0.1318,AVANZAR
1706,85.3,70.38,66.72,124.08,264.14,68.21,73.54,0.1475,0.1475,560.0002,548.5078,0.008111,0.1016,0.1318,AVANZAR
1707,85.35,66.16,67.63,136.63,275.22,67.75,68.41,0.1476,0.1475,560.4021,548.9097,0.008239,0.1005,0.1318,AVANZAR
1708,85.4,64.58,68.53,120.48,268.96,67.85,64.94,0.1476,0.1475,560.804,549.3116,0.008239,0.0996,0.1318,GIRAR_IZQUIERDA
1709,85.45,65.38,64.7,83.37,275.5,70.75,69.33,0.1476,0.1476,560.6156,549.5,0.0,0.1059,0.1318,AVANZAR
1710,85.5,71.92,66.52,90.73,252.32,65.29,70.6,0.1475,0.1475,561.0112,549.9019,0.008175,0.1043,0.1318,AVANZAR
1711,85.55,65.97,72.68,77.86,230.66,73.41,65.87,0.1475,0.1475,561.4132,550.3038,0.008239,0.1028,0.1318,AVANZAR
1712,85.6,102.84,76.42,71.73,222.19,69.27,67.19,0.1467,0.1473,561.8151,550.7058,0.008239,0.1015,0.1318,AVANZAR
1713,85.65,133.19,108.18,61.99,210.65,76.33,68.19,0.1456,0.1468,562.217,551.1077,0.008239,0.1001,0.1318,AVANZAR
1714,85.7,181.75,135.87,106.41,197.11,69.34,63.92,0.1442,0.146,562.6126,551.5033,0.008111,0.0989,0.1318,GIRAR_IZQUIERDA
1715,85.75,183.23,124.42,129.99,185.94,58.19,71.18,0.1444,0.1455,562.4242,551.698,6.4e-05,0.1048,0.1318,AVANZAR
1716,85.8,278.67,154.42,176.31,157.58,63.74,71.53,0.1421,0.1445,562.8262,552.0999,0.008239,0.1026,0.1318,AVANZAR
1717,85.85,598.94,290.55,332.56,142.36,78.3,69.9,0.1337,0.1412,563.2218,552.4956,0.008111,0.0996,0.1318,GIRAR_IZQUIERDA
1718,85.9,686.17,206.4,489.77,134.78,65.12,69.02,0.1337,0.139,563.0334,552.6902,6.4e-05,0.1041,0.1318,AVANZAR
1719,85.95,1736.41,284.63,1510.64,119.2,68.81,67.35,0.113,0.1312,563.4353,553.0922,0.008239,0.0981,0.1318,GIRAR_IZQUIERDA
1720,86.0,2331.45,375.43,1988.91,113.81,66.37,71.66,0.1004,0.122,563.2406,553.2806,-6.4e-05,0.0985,0.1318,GIRAR_IZQUIERDA
1721,86.05,1681.19,232.69,1673.56,100.98,63.17,62.86,0.115,0.1199,563.0522,553.4752,6.4e-05,0.1006,0.1318,AVANZAR
1722,86.1,1708.8,231.78,1708.15,97.11,65.53,65.93,0.1145,0.1182,563.4479,553.8709,0.008111,0.0954,0.1318,GIRAR_IZQUIERDA
1723,86.15,1383.82,143.94,1928.33,144.17,64.18,67.97,0.122,0.1194,563.2595,554.0656,6.4e-05,0.0988,0.1318,GIRAR_IZQUIERDA
1724,86.2,848.32,87.49,2037.6,226.39,69.29,70.04,0.1329,0.1234,563.0648,554.254,-6.4e-05,0.1034,0.1318,AVANZAR
1725,86.25,1454.6,122.34,2561.55,217.58,65.49,63.38,0.1211,0.1227,563.4667,554.6559,0.008239,0.0985,0.1318,GIRAR_IZQUIERDA
1726,86.3,646.15,70.79,2506.95,340.9,65.41,65.86,0.1369,0.127,563.2783,554.8506,6.4e-05,0.1035,0.1318,AVANZAR
1727,86.35,641.66,66.31,2382.96,345.88,67.8,60.43,0.137,0.13,563.674,555.2462,0.008111,0.1009,0.1318,AVANZAR
1728,86.4,557.54,61.28,2299.78,329.13,67.08,65.25,0.1387,0.1326,564.0759,555.6481,0.008239,0.0987,0.1318,GIRAR_IZQUIERDA
1729,86.45,354.6,68.1,2071.72,532.72,60.86,72.21,0.1423,0.1355,563.8875,555.8428,6.4e-05,0.1044,0.1318,AVANZAR
1730,86.5,360.81,66.67,2081.44,495.35,66.29,66.3,0.1422,0.1375,564.2831,556.2447,0.008175,0.1023,0.1318,AVANZAR
1731,86.55,341.54,67.12,2078.47,499.16,69.44,69.09,0.1425,0.139,564.685,556.6404,0.008175,0.1005,0.1318,AVANZAR
1732,86.6,363.01,66.4,2064.67,498.66,65.37,71.27,0.1421,0.1399,565.087,557.0423,0.008239,0.0988,0.1318,GIRAR_IZQUIERDA
1733,86.65,221.27,66.19,1839.26,928.52,68.82,63.78,0.1447,0.1414,564.8986,557.237,6.4e-05,0.1048,0.1318,AVANZAR
1734,86.7,212.34,60.59,1713.79,768.1,64.99,67.78,0.145,0.1425,565.2942,557.6326,0.008111,0.1031,0.1318,AVANZAR
1735,86.75,213.49,66.11,1770.3,807.79,68.59,66.9,0.1449,0.1432,565.6961,558.0345,0.008239,0.1014,0.1318,AVANZAR
1736,86.8,221.72,67.09,1802.02,894.03,64.09,63.28,0.1447,0.1436,566.098,558.4364,0.008239,0.1,0.1318,GIRAR_IZQUIERDA
1737,86.85,169.26,67.49,1611.83,1179.03,65.49,67.36,0.1457,0.1443,565.9034,558.6248,-6.4e-05,0.1061,0.1318,AVANZAR
1738,86.9,316.81,65.99,2016.63,542.93,65.4,71.49,0.143,0.1439,566.3053,559.0268,0.008239,0.1038,0.1318,AVANZAR
1739,86.95,323.29,67.21,2009.94,521.86,77.71,67.09,0.1428,0.1436,566.7072,559.4287,0.008239,0.1018,0.1318,AVANZAR
1740,87.0,219.26,67.05,1777.42,951.5,68.44,70.2,0.1448,0.1439,567.1028,559.8306,0.008175,0.1003,0.1318,AVANZAR
1741,87.05,181.24,69.92,1697.34,1138.03,71.4,66.36,0.1454,0.1444,567.5048,560.2262,0.008175,0.0992,0.1318,GIRAR_IZQUIERDA
1742,87.1,100.34,63.1,1095.65,1527.32,64.8,68.68,0.147,0.1452,567.3164,560.4209,6.4e-05,0.1054,0.1318,AVANZAR
1743,87.15,111.99,64.44,1044.36,1506.03,67.66,69.95,0.1468,0.1456,567.7183,560.8228,0.008239,0.1037,0.1318,AVANZAR
1744,87.2,110.31,62.14,1099.26,1519.0,67.1,72.25,0.1468,0.146,568.1139,561.2185,0.008111,0.1024,0.1318,AVANZAR
1745,87.25,109.27,67.97,1076.97,1512.31,63.3,64.66,0.1468,0.1462,568.5158,561.6204,0.008239,0.1011,0.1318,AVANZAR
1746,87.3,110.99,64.82,1125.56,1520.06,66.72,67.92,0.1468,0.1464,568.9178,562.0223,0.008239,0.0999,0.1318,GIRAR_IZQUIERDA
1747,87.35,63.07,68.66,499.57,1702.07,66.7,69.69,0.1476,0.1468,568.7231,562.2107,-6.4e-05,0.1063,0.1318,AVANZAR
1748,87.4,64.21,66.43,459.71,1678.33,69.03,65.0,0.1476,0.147,569.125,562.6126,0.008239,0.1046,0.1318,AVANZAR
1749,87.45,69.35,59.62,463.86,1700.08,69.66,64.0,0.1476,0.1472,569.5269,563.0146,0.008239,0.1031,0.1318,AVANZAR
1750,87.5,66.92,74.67,492.67,1689.3,68.0,61.28,0.1474,0.1473,569.9288,563.4165,0.008239,0.1018,0.1318,AVANZAR
1751,87.55,64.23,69.85,466.06,1678.32,66.49,65.95,0.1475,0.1473,570.3245,563.8184,0.008175,0.1007,0.1318,AVANZAR
1752,87.6,65.96,68.51,495.05,1686.71,71.4,63.99,0.1475,0.1474,570.7264,564.214,0.008175,0.0998,0.1318,GIRAR_IZQUIERDA
1753,87.65,65.8,69.58,287.02,1723.84,69.28,68.18,0.1475,0.1474,570.538,564.4087,6.4e-05,0.106,0.1318,AVANZAR
1754,87.7,69.88,69.56,280.69,1654.46,69.5,68.07,0.1474,0.1474,570.9399,564.8106,0.008239,0.1043,0.1318,AVANZAR
1755,87.75,70.79,69.04,274.14,1576.3,67.33,67.8,0.1474,0.1474,571.3356,565.2063,0.008111,0.103,0.1318,AVANZAR
1756,87.8,64.12,65.77,264.63,1517.95,65.49,67.76,0.1476,0.1475,571.7375,565.6082,0.008239,0.1017,0.1318,AVANZAR
1757,87.85,70.42,70.12,241.26,1422.69,67.14,71.99,0.1474,0.1475,572.1394,566.0101,0.008239,0.1006,0.1318,AVANZAR
1758,87.9,62.87,68.09,241.46,1292.78,73.9,71.56,0.1476,0.1475,572.5413,566.412,0.008239,0.0996,0.1318,GIRAR_IZQUIERDA
1759,87.95,69.44,64.27,149.92,1174.57,70.73,71.47,0.1476,0.1475,572.3466,566.6004,-6.4e-05,0.106,0.1318,AVANZAR
1760,88.0,71.4,72.98,131.2,846.32,70.05,66.29,0.1474,0.1475,572.7486,567.0024,0.008239,0.1043,0.1318,AVANZAR
1761,88.05,61.56,70.24,121.91,565.38,67.91,59.67,0.1476,0.1475,573.1505,567.4043,0.008239,0.1028,0.1318,AVANZAR
1762,88.1,67.69,71.4,111.18,472.11,66.96,64.41,0.1475,0.1475,573.5461,567.8062,0.008175,0.1016,0.1318,AVANZAR
1763,88.15,62.99,67.97,101.36,388.18,72.84,65.03,0.1476,0.1475,573.948,568.2018,0.008175,0.1006,0.1318,AVANZAR
1764,88.2,65.56,65.45,96.25,347.41,69.43,66.73,0.1476,0.1475,574.35,568.6038,0.008239,0.0996,0.1318,GIRAR_IZQUIERDA
1765,88.25,69.73,72.25,66.02,314.56,69.26,72.71,0.1474,0.1475,574.1553,568.7984,0.0,0.1059,0.1318,AVANZAR
1766,88.3,71.19,69.19,69.78,264.0,63.1,70.73,0.1474,0.1475,574.5572,569.1941,0.008175,0.1043,0.1318,AVANZAR
1767,88.35,65.5,64.31,67.64,219.86,65.98,72.18,0.1476,0.1475,574.9591,569.596,0.008239,0.1028,0.1318,AVANZAR
1768,88.4,67.95,70.85,64.98,187.58,66.75,73.94,0.1475,0.1475,575.361,569.9979,0.008239,0.1016,0.1318,AVANZAR
1769,88.45,64.46,67.16,67.85,161.41,68.81,65.77,0.1476,0.1475,575.7567,570.3998,0.008175,0.1005,0.1318,AVANZAR
1770,88.5,69.8,60.64,67.21,147.23,64.55,67.1,0.1476,0.1476,576.1586,570.7955,0.008175,0.0996,0.1318,GIRAR_IZQUIERDA
1771,88.55,67.79,63.63,72.49,117.29,70.01,68.29,0.1476,0.1476,575.9702,570.9902,6.4e-05,0.1059,0.1318,AVANZAR
1772,88.6,64.8,63.94,66.98,114.23,68.28,69.91,0.1476,0.1476,576.3658,571.3921,0.008175,0.1043,0.1318,AVANZAR
1773,88.65,70.65,67.86,69.81,104.07,72.19,67.89,0.1475,0.1476,576.7678,571.794,0.008239,0.1028,0.1318,AVANZAR
1774,88.7,65.96,64.92,71.82,79.28,66.13,64.73,0.1476,0.1476,577.1697,572.1896,0.008175,0.1016,0.1318,AVANZAR
1775,88.75,67.84,64.21,67.64,66.79,71.32,70.39,0.1476,0.1476,577.5716,572.5916,0.008239,0.1005,0.1318,AVANZAR
1776,88.8,68.77,68.99,70.3,68.52,61.92,67.5,0.1475,0.1475,577.9735,572.9935,0.008239,0.0996,0.1318,GIRAR_IZQUIERDA
1777,88.85,66.74,66.12,68.25,67.13,69.21,74.81,0.1476,0.1476,577.7788,573.1819,-6.4e-05,0.106,0.1318,AVANZAR
1778,88.9,67.19,67.61,68.74,66.47,68.37,66.44,0.1475,0.1475,578.1808,573.5838,0.008239,0.1043,0.1318,AVANZAR
1779,88.95,63.95,62.85,69.83,66.62,68.43,65.12,0.1477,0.1476,578.5827,573.9857,0.008239,0.1028,0.1318,AVANZAR
1780,89.0,70.27,69.71,65.72,65.46,73.09,67.77,0.1474,0.1475,578.9783,574.3876,0.008175,0.1016,0.1318,AVANZAR
1781,89.05,64.84,69.98,72.67,66.47,68.58,68.35,0.1475,0.1475,579.3802,574.7833,0.008175,0.1006,0.1318,AVANZAR
1782,89.1,69.75,64.96,71.26,66.09,66.71,65.46,0.1475,0.1475,579.7822,575.1852,0.008239,0.0996,0.1318,GIRAR_IZQUIERDA
1783,89.15,68.35,67.67,65.54,72.29,64.33,66.4,0.1475,0.1475,579.5875,575.3799,0.0,0.1059,0.1318,AVANZAR
1784,89.2,65.23,69.62,63.98,69.76,64.02,65.33,0.1475,0.1475,579.9894,575.7818,0.008239,0.1043,0.1318,AVANZAR
1785,89.25,65.41,70.42,63.42,70.04,67.73,63.26,0.1475,0.1475,580.3913,576.1774,0.008175,0.1029,0.1318,AVANZAR
1786,89.3,60.33,69.38,69.1,65.63,62.26,71.3,0.1476,0.1476,580.7932,576.5794,0.008239,0.1016,0.1318,AVANZAR
1787,89.35,63.05,69.09,68.12,69.34,63.95,68.92,0.1476,0.1476,581.1889,576.9813,0.008175,0.1006,0.1318,AVANZAR
1788,89.4,63.25,68.26,69.87,66.57,70.17,59.2,0.1476,0.1476,581.5908,577.3832,0.008239,0.0996,0.1318,GIRAR_IZQUIERDA
1789,89.45,67.66,66.62,66.05,71.61,68.31,67.22,0.1475,0.1476,581.4024,577.5716,0.0,0.1059,0.1318,AVANZAR
1790,89.5,61.14,66.45,68.57,66.22,67.59,66.67,0.1477,0.1476,581.798,577.9735,0.008175,0.1043,0.1318,AVANZAR
1791,89.55,68.48,63.78,65.11,67.27,66.02,68.09,0.1476,0.1476,582.2,578.3754,0.008239,0.1029,0.1318,AVANZAR
1792,89.6,63.95,67.71,67.36,72.95,71.58,62.94,0.1476,0.1476,582.6019,578.7711,0.008175,0.1017,0.1318,AVANZAR
1793,89.65,69.76,70.21,65.03,73.66,70.14,64.08,0.1474,0.1475,583.0038,579.173,0.008239,0.1005,0.1318,AVANZAR
1794,89.7,74.54,70.58,63.89,64.03,64.29,63.41,0.1473,0.1475,583.4057,579.5749,0.008239,0.0996,0.1318,GIRAR_IZQUIERDA
1795,89.75,67.31,63.04,66.63,67.9,64.65,61.16,0.1476,0.1475,583.211,579.7633,-6.4e-05,0.1059,0.1318,AVANZAR
1796,89.8,67.68,66.48,69.63,66.45,73.43,69.24,0.1475,0.1475,583.613,580.1652,0.008239,0.1043,0.1318,AVANZAR
1797,89.85,69.04,63.35,70.25,71.64,66.82,66.29,0.1476,0.1475,584.0149,580.5672,0.008239,0.1028,0.1318,AVANZAR
1798,89.9,57.9,70.96,66.36,69.3,68.79,70.77,0.1476,0.1476,584.4105,580.9691,0.008175,0.1016,0.1318,AVANZAR
1799,89.95,67.36,66.95,64.06,70.0,70.68,67.72,0.1475,0.1476,584.8124,581.3647,0.008175,0.1006,0.1318,AVANZAR
1800,90.0,66.24,63.55,64.06,69.4,69.25,69.24,0.1476,0.1476,585.2144,581.7666,0.008239,0.0996,0.1318,GIRAR_DERECHA
1801,90.05,64.18,68.57,68.81,69.67,69.77,63.63,0.1476,0.1476,585.4028,581.5782,-0.0,0.1059,0.1318,AVANZAR
1802,90.1,71.51,70.2,66.07,65.53,65.29,67.24,0.1474,0.1475,585.8047,581.9802,0.008239,0.1043,0.1318,AVANZAR
1803,90.15,60.8,69.18,66.34,66.22,65.49,61.31,0.1476,0.1476,586.2066,582.3758,0.008175,0.1029,0.1318,AVANZAR
1804,90.2,67.84,71.72,70.01,69.05,65.34,68.27,0.1474,0.1475,586.6085,582.7777,0.008239,0.1016,0.1318,AVANZAR
1805,90.25,62.02,69.88,72.92,71.48,62.28,62.5,0.1476,0.1475,587.0042,583.1796,0.008175,0.1006,0.1318,AVANZAR
1806,90.3,67.55,69.38,64.52,68.99,72.24,70.28,0.1475,0.1475,587.4061,583.5816,0.008239,0.0996,0.1318,GIRAR_DERECHA
1807,90.35,71.34,64.48,62.08,74.58,68.29,62.94,0.1475,0.1475,587.6008,583.3869,0.0,0.1059,0.1318,AVANZAR
1808,90.4,64.64,65.49,65.98,67.47,67.98,65.62,0.1476,0.1476,588.0027,583.7888,0.008239,0.1042,0.1318,AVANZAR
1809,90.45,70.49,70.68,60.65,71.64,62.53,61.77,0.1474,0.1475,588.3983,584.1907,0.008175,0.1028,0.1318,AVANZAR
1810,90.5,64.74,63.74,69.61,61.66,62.38,72.66,0.1476,0.1476,588.8002,584.5864,0.008175,0.1016,0.1318,AVANZAR
1811,90.55,74.03,73.01,67.35,70.2,63.7,69.55,0.1473,0.1475,589.2022,584.9883,0.008239,0.1005,0.1318,AVANZAR
1812,90.6,60.52,70.29,68.14,66.4,65.06,69.96,0.1476,0.1475,589.6041,585.3902,0.008239,0.0996,0.1318,GIRAR_DERECHA
1813,90.65,69.98,65.34,71.45,66.61,66.28,68.23,0.1475,0.1475,589.7925,585.1955,-6.4e-05,0.1059,0.1318,AVANZAR
1814,90.7,69.59,64.04,60.08,66.27,67.7,66.37,0.1476,0.1475,590.1944,585.5974,0.008239,0.1043,0.1318,AVANZAR
1815,90.75,60.84,60.19,71.73,72.1,74.88,67.75,0.1478,0.1476,590.5963,585.9994,0.008239,0.1028,0.1318,AVANZAR
1816,90.8,66.13,62.37,70.99,65.36,64.95,59.04,0.1476,0.1476,590.992,586.4013,0.008175,0.1017,0.1318,AVANZAR
1817,90.85,67.69,71.24,65.91,63.3,68.69,69.32,0.1475,0.1476,591.3939,586.7969,0.008175,0.1006,0.1318,AVANZAR
1818,90.9,66.95,65.8,68.74,71.03,66.51,67.14,0.1476,0.1476,591.7958,587.1988,0.008239,0.0996,0.1318,GIRAR_IZQUIERDA
1819,90.95,61.78,60.67,69.45,67.6,68.46,66.68,0.1478,0.1476,591.6011,587.3935,0.0,0.106,0.1318,AVANZAR
1820,91.0,63.06,68.47,64.38,70.39,76.42,70.74,0.1476,0.1476,592.003,587.7954,0.008239,0.1043,0.1318,AVANZAR
1821,91.05,68.16,70.67,68.4,71.82,61.0,61.27,0.1475,0.1476,592.405,588.1911,0.008175,0.1029,0.1318,AVANZAR
1822,91.1,65.07,71.41,68.1,69.01,66.37,71.55,0.1475,0.1475,592.8069,588.593,0.008239,0.1016,0.1318,AVANZAR
1823,91.15,68.67,60.7,64.84,69.56,66.11,66.57,0.1476,0.1476,593.2025,588.9949,0.008175,0.1006,0.1318,AVANZAR
1824,91.2,67.09,65.98,67.63,68.68,66.28,68.02,0.1476,0.1476,593.6044,589.3968,0.008239,0.0996,0.1318,GIRAR_IZQUIERDA
1825,91.25,63.54,68.4,63.54,67.73,71.65,68.56,0.1476,0.1476,593.416,589.5852,0.0,0.1059,0.1318,AVANZAR
1826,91.3,67.9,66.81,67.8,73.83,68.86,60.14,0.1475,0.1476,593.818,589.9872,0.008239,0.1043,0.1318,AVANZAR
1827,91.35,67.74,64.74,71.59,69.2,72.81,70.11,0.1476,0.1476,594.2136,590.3891,0.008175,0.1029,0.1318,AVANZAR
1828,91.4,68.17,72.15,70.96,65.54,67.02,65.96,0.1474,0.1475,594.6155,590.7847,0.008175,0.1016,0.1318,AVANZAR
1829,91.45,65.97,67.98,68.12,62.84,65.33,73.05,0.1475,0.1475,595.0174,591.1866,0.008239,0.1005,0.1318,AVANZAR
1830,91.5,65.85,63.52,65.4,72.98,65.27,71.67,0.1476,0.1476,595.4194,591.5886,0.008239,0.0996,0.1318,GIRAR_IZQUIERDA
1831,91.55,63.76,62.98,68.8,68.95,64.47,67.28,0.1477,0.1476,595.2247,591.777,-6.4e-05,0.106,0.1318,AVANZAR
1832,91.6,64.8,67.33,67.37,72.3,63.57,68.58,0.1476,0.1476,595.6266,592.1789,0.008239,0.1043,0.1318,AVANZAR
1833,91.65,67.01,65.8,67.01,65.03,63.05,62.76,0.1476,0.1476,596.0285,592.5808,0.008239,0.1029,0.1318,AVANZAR
1834,91.7,68.18,67.54,69.25,71.45,61.82,66.46,0.1475,0.1476,596.4242,592.9827,0.008175,0.1016,0.1318,AVANZAR
1835,91.75,68.42,70.95,67.59,63.65,66.09,71.5,0.1474,0.1475,596.8261,593.3846,0.008239,0.1005,0.1318,AVANZAR
1836,91.8,65.31,72.03,72.28,63.12,67.55,67.88,0.1475,0.1475,597.228,593.7803,0.008175,0.0996,0.1318,GIRAR_DERECHA
1837,91.85,70.19,66.65,64.39,65.84,63.57,65.07,0.1475,0.1475,597.4164,593.5919,0.0,0.1059,0.1318,AVANZAR
1838,91.9,70.62,72.5,65.2,69.0,67.53,68.11,0.1474,0.1475,597.8183,593.9938,0.008239,0.1042,0.1318,AVANZAR
1839,91.95,67.92,68.23,63.01,69.75,66.93,69.48,0.1475,0.1475,598.2202,594.3894,0.008175,0.1028,0.1318,AVANZAR
1840,92.0,61.1,67.39,63.49,71.8,69.11,63.83,0.1476,0.1475,598.6222,594.7914,0.008239,0.1016,0.1318,AVANZAR
1841,92.05,66.63,67.45,71.11,62.48,69.04,67.65,0.1475,0.1475,599.0178,595.1933,0.008175,0.1005,0.1318,AVANZAR
1842,92.1,69.26,58.59,70.48,67.58,63.37,66.26,0.1477,0.1476,599.4197,595.5952,0.008239,0.0996,0.1318,GIRAR_IZQUIERDA
1843,92.15,73.24,68.44,65.95,62.15,66.32,65.27,0.1474,0.1475,599.2313,595.7836,0.0,0.1059,0.1318,AVANZAR
1844,92.2,69.31,69.36,68.63,64.23,60.61,70.12,0.1475,0.1475,599.6332,596.1855,0.008239,0.1042,0.1318,AVANZAR
1845,92.25,66.77,67.79,69.74,69.56,65.86,64.05,0.1475,0.1475,600.0289,596.5874,0.008175,0.1028,0.1318,AVANZAR
1846,92.3,69.5,69.26,69.44,67.17,60.31,62.39,0.1475,0.1475,600.4308,596.9831,0.008175,0.1016,0.1318,AVANZAR
1847,92.35,69.7,66.13,66.17,62.34,69.96,71.7,0.1475,0.1475,600.8327,597.385,0.008239,0.1005,0.1318,AVANZAR
1848,92.4,65.5,63.88,77.0,68.38,66.74,68.34,0.1476,0.1475,601.2346,597.7869,0.008239,0.0996,0.1318,GIRAR_IZQUIERDA
1849,92.45,73.23,64.97,66.45,64.4,68.69,62.87,0.1475,0.1475,601.04,597.9816,-0.0,0.1059,0.1318,AVANZAR
1850,92.5,71.07,65.0,69.93,70.3,71.25,66.67,0.1475,0.1475,601.4419,598.3772,0.008175,0.1043,0.1318,AVANZAR
1851,92.55,71.12,66.11,69.05,68.47,65.54,63.33,0.1475,0.1475,601.8438,598.7792,0.008239,0.1028,0.1318,AVANZAR
1852,92.6,65.68,66.98,70.83,68.58,69.53,71.09,0.1476,0.1475,602.2394,599.1811,0.008175,0.1016,0.1318,AVANZAR
1853,92.65,68.09,68.84,64.59,61.17,62.61,64.42,0.1475,0.1475,602.6414,599.583,0.008239,0.1005,0.1318,AVANZAR
1854,92.7,70.82,66.31,63.59,66.44,71.12,63.94,0.1475,0.1475,603.0433,599.9786,0.008175,0.0996,0.1318,GIRAR_DERECHA
1855,92.75,64.26,68.4,64.7,63.63,64.87,61.41,0.1476,0.1475,603.2317,599.7902,0.0,0.1059,0.1318,AVANZAR
1856,92.8,67.79,66.19,67.25,67.68,68.36,64.22,0.1475,0.1475,603.6336,600.1922,0.008239,0.1043,0.1318,AVANZAR
1857,92.85,64.87,64.53,66.86,65.62,67.49,68.67,0.1476,0.1476,604.0355,600.5878,0.008175,0.1029,0.1318,AVANZAR
1858,92.9,68.2,66.38,68.69,72.98,66.94,69.21,0.1475,0.1476,604.4374,600.9897,0.008239,0.1016,0.1318,AVANZAR
1859,92.95,66.26,69.19,70.32,67.87,68.49,67.75,0.1475,0.1475,604.8331,601.3916,0.008175,0.1006,0.1318,AVANZAR
1860,93.0,62.38,65.72,70.86,74.02,71.11,58.92,0.1477,0.1476,605.235,601.7936,0.008239,0.0996,0.1318,GIRAR_IZQUIERDA
1861,93.05,67.27,65.76,74.88,70.15,68.32,67.42,0.1476,0.1476,605.0466,601.982,0.0,0.1059,0.1318,AVANZAR
1862,93.1,71.14,68.04,66.57,71.19,71.68,68.71,0.1475,0.1475,605.4485,602.3839,0.008239,0.1042,0.1318,AVANZAR
1863,93.15,72.19,69.02,66.45,67.28,67.19,66.11,0.1474,0.1475,605.8442,602.7858,0.008175,0.1028,0.1318,AVANZAR
1864,93.2,67.79,65.42,68.93,65.78,66.97,69.7,0.1476,0.1475,606.2461,603.1814,0.008175,0.1016,0.1318,AVANZAR
1865,93.25,66.78,60.38,66.45,63.47,59.95,66.09,0.1477,0.1476,606.648,603.5834,0.008239,0.1005,0.1318,AVANZAR
1866,93.3,66.44,68.95,70.51,69.19,66.98,67.71,0.1475,0.1476,607.0499,603.9853,0.008239,0.0996,0.1318,GIRAR_IZQUIERDA
1867,93.35,69.87,76.6,65.07,63.46,72.9,63.69,0.1473,0.1475,606.8552,604.18,0.0,0.1059,0.1318,AVANZAR
1868,93.4,69.61,72.28,65.53,64.07,69.13,69.77,0.1474,0.1475,607.2572,604.5756,0.008175,0.1042,0.1318,AVANZAR
1869,93.45,65.35,72.14,66.62,72.02,67.68,68.58,0.1475,0.1475,607.6591,604.9775,0.008239,0.1028,0.1318,AVANZAR
1870,93.5,67.6,69.89,67.05,66.0,71.84,61.14,0.1475,0.1475,608.0547,605.3794,0.008175,0.1016,0.1318,AVANZAR
1871,93.55,63.92,70.24,64.1,64.2,68.12,63.34,0.1475,0.1475,608.4566,605.7814,0.008239,0.1005,0.1318,AVANZAR
1872,93.6,68.98,64.54,67.47,68.54,65.86,70.66,0.1476,0.1475,608.8586,606.177,0.008175,0.0996,0.1318,GIRAR_DERECHA
1873,93.65,68.09,68.54,65.18,64.6,65.62,67.45,0.1475,0.1475,609.047,605.9886,0.0,0.1059,0.1318,AVANZAR
1874,93.7,61.72,69.41,66.23,69.99,62.92,65.09,0.1476,0.1475,609.4489,606.3905,0.008239,0.1042,0.1318,AVANZAR
1875,93.75,67.91,62.69,65.63,74.68,71.57,69.49,0.1476,0.1476,609.8508,606.7862,0.008175,0.1029,0.1318,AVANZAR
1876,93.8,66.8,64.7,66.7,69.2,67.66,65.7,0.1476,0.1476,610.2527,607.1881,0.008239,0.1016,0.1318,AVANZAR
1877,93.85,64.4,61.37,67.23,61.72,67.53,65.14,0.1477,0.1476,610.6484,607.59,0.008175,0.1006,0.1318,AVANZAR
1878,93.9,70.52,65.89,65.36,67.13,67.16,72.39,0.1475,0.1476,611.0503,607.9919,0.008239,0.0996,0.1318,GIRAR_DERECHA
1879,93.95,67.75,68.76,69.31,65.47,68.62,67.5,0.1475,0.1476,611.245,607.7972,-0.0,0.1059,0.1318,AVANZAR
1880,94.0,69.15,59.92,67.14,68.08,72.87,66.07,0.1476,0.1476,611.6469,608.1992,0.008239,0.1043,0.1318,AVANZAR
1881,94.05,67.66,65.01,66.04,64.96,71.44,67.72,0.1476,0.1476,612.0425,608.6011,0.008175,0.1029,0.1318,AVANZAR
1882,94.1,64.33,63.42,67.16,70.34,70.88,71.73,0.1477,0.1476,612.4444,608.9967,0.008175,0.1017,0.1318,AVANZAR
1883,94.15,67.06,71.64,71.69,67.88,63.91,73.38,0.1475,0.1476,612.8464,609.3986,0.008239,0.1006,0.1318,AVANZAR
1884,94.2,70.48,68.14,63.06,67.63,68.48,59.22,0.1475,0.1475,613.2483,609.8006,0.008239,0.0996,0.1318,GIRAR_IZQUIERDA
1885,94.25,66.16,69.22,70.29,60.89,67.28,64.65,0.1475,0.1475,613.0536,609.9952,-0.0,0.1059,0.1318,AVANZAR
1886,94.3,66.6,66.17,62.23,65.91,67.47,63.78,0.1476,0.1475,613.4555,610.3909,0.008175,0.1043,0.1318,AVANZAR
1887,94.35,71.89,67.45,65.25,71.21,71.08,68.38,0.1474,0.1475,613.8574,610.7928,0.008239,0.1028,0.1318,AVANZAR
1888,94.4,66.57,71.8,71.78,68.92,65.98,73.91,0.1475,0.1475,614.2531,611.1947,0.008175,0.1016,0.1318,AVANZAR
1889,94.45,65.52,66.21,64.75,66.96,62.92,64.91,0.1476,0.1475,614.655,611.5966,0.008239,0.1005,0.1318,AVANZAR
1890,94.5,75.17,63.2,67.2,60.74,61.48,66.48,0.1475,0.1475,615.0569,611.9923,0.008175,0.0996,0.1318,GIRAR_DERECHA
1891,94.55,66.54,67.35,64.05,69.94,60.32,67.64,0.1475,0.1475,615.2453,611.8039,0.0,0.1059,0.1318,AVANZAR
1892,94.6,72.63,62.15,69.6,64.94,67.7,65.86,0.1475,0.1475,615.6472,612.2058,0.008239,0.1043,0.1318,AVANZAR
1893,94.65,63.76,62.58,64.56,69.97,69.1,70.83,0.1477,0.1476,616.0492,612.6014,0.008175,0.1029,0.1318,AVANZAR
1894,94.7,65.87,68.77,63.44,72.41,67.26,58.95,0.1475,0.1476,616.4511,613.0034,0.008239,0.1016,0.1318,AVANZAR
1895,94.75,64.5,66.33,73.29,71.56,68.82,69.15,0.1476,0.1476,616.853,613.4053,0.008239,0.1005,0.1318,AVANZAR
1896,94.8,76.12,60.62,73.09,65.6,63.1,65.79,0.1475,0.1476,617.2486,613.8072,0.008175,0.0996,0.1318,GIRAR_IZQUIERDA
1897,94.85,64.17,66.73,68.18,67.61,65.99,64.88,0.1476,0.1476,617.0602,613.9956,0.0,0.1059,0.1318,AVANZAR
1898,94.9,68.43,62.2,62.81,71.65,60.06,63.24,0.1476,0.1476,617.4622,614.3975,0.008239,0.1043,0.1318,AVANZAR
1899,94.95,65.49,68.52,62.15,70.48,60.93,67.39,0.1475,0.1476,617.8578,614.7994,0.008175,0.1029,0.1318,AVANZAR
1900,95.0,67.46,116.25,67.59,63.45,61.64,112.44,0.1466,0.1473,618.2597,615.2014,0.008239,0.1015,0.1318,AVANZAR
1901,95.05,61.42,281.0,59.55,70.05,68.29,203.61,0.1437,0.1462,618.6616,615.597,0.008175,0.1,0.1318,GIRAR_DERECHA
1902,95.1,74.05,252.95,64.47,65.75,66.11,287.87,0.144,0.1456,618.85,615.4086,0.0,0.1058,0.1318,AVANZAR
1903,95.15,64.33,283.49,68.9,74.48,70.27,276.41,0.1436,0.145,619.252,615.8105,0.008239,0.1036,0.1318,AVANZAR
1904,95.2,72.84,505.64,67.73,68.98,69.29,522.56,0.1394,0.1433,619.6476,616.2062,0.008111,0.1013,0.1318,AVANZAR
1905,95.25,65.02,430.46,72.66,65.91,68.3,609.51,0.1409,0.1426,620.0495,616.6081,0.008239,0.0993,0.1318,GIRAR_DERECHA
1906,95.3,69.6,250.48,64.5,67.75,67.69,926.74,0.1441,0.1431,620.2442,616.4134,0.0,0.1053,0.1318,AVANZAR
1907,95.35,68.35,264.68,71.27,67.65,71.3,871.09,0.1439,0.1433,620.6461,616.8153,0.008239,0.1032,0.1318,AVANZAR
1908,95.4,71.38,243.76,66.49,61.88,62.0,805.54,0.1442,0.1436,621.0418,617.2172,0.008175,0.1015,0.1318,AVANZAR
1909,95.45,68.41,258.57,69.62,66.26,66.56,752.57,0.144,0.1437,621.4437,617.6192,0.008239,0.0999,0.1318,GIRAR_DERECHA
1910,95.5,64.69,185.75,66.48,74.69,72.01,1088.15,0.1454,0.1442,621.6384,617.4245,0.0,0.1059,0.1318,AVANZAR
1911,95.55,65.64,177.4,77.66,69.16,73.31,1181.31,0.1455,0.1446,622.0403,617.8264,0.008239,0.104,0.1318,AVANZAR
1912,95.6,63.26,196.81,73.75,71.35,85.14,1095.71,0.1452,0.1448,622.4359,618.2283,0.008175,0.1023,0.1318,AVANZAR
1913,95.65,69.3,187.8,67.12,66.99,99.75,972.24,0.1453,0.145,622.8378,618.624,0.008175,0.1009,0.1318,AVANZAR
1914,95.7,68.54,67.94,65.69,65.76,83.82,1003.29,0.1475,0.1457,623.2398,619.0259,0.008239,0.0999,0.1318,GIRAR_DERECHA
1915,95.75,67.3,69.7,66.92,66.37,137.45,909.07,0.1475,0.1462,623.4282,618.8375,0.0,0.1062,0.1318,AVANZAR
1916,95.8,65.98,70.42,73.88,75.31,126.45,905.19,0.1475,0.1466,623.8301,619.2331,0.008175,0.1045,0.1318,AVANZAR
1917,95.85,67.06,67.67,70.77,67.53,114.55,895.28,0.1475,0.1469,624.232,619.635,0.008239,0.103,0.1318,AVANZAR
1918,95.9,67.46,65.97,69.29,65.32,125.53,68.14,0.1476,0.1471,624.6339,620.037,0.008239,0.1017,0.1318,AVANZAR
1919,95.95,68.11,68.72,67.02,66.36,136.21,74.21,0.1475,0.1472,625.0358,620.4389,0.008239,0.1006,0.1318,AVANZAR
1920,96.0,65.49,70.43,66.55,69.04,197.81,68.18,0.1475,0.1473,625.4315,620.8408,0.008175,0.0997,0.1318,GIRAR_DERECHA
1921,96.05,70.79,68.14,64.95,66.95,304.44,69.68,0.1475,0.1473,625.6262,620.6461,0.0,0.106,0.1318,AVANZAR
1922,96.1,67.22,64.13,63.85,65.14,141.36,64.48,0.1476,0.1474,626.0281,621.048,0.008239,0.1043,0.1318,AVANZAR
1923,96.15,69.16,70.35,66.76,69.62,64.13,70.8,0.1474,0.1474,626.4237,621.45,0.008175,0.1029,0.1318,AVANZAR
1924,96.2,65.0,73.39,65.42,65.47,67.52,63.79,0.1475,0.1474,626.8256,621.8456,0.008175,0.1017,0.1318,AVANZAR
1925,96.25,72.32,60.97,61.35,69.1,67.47,60.79,0.1476,0.1475,627.2276,622.2475,0.008239,0.1006,0.1318,AVANZAR
1926,96.3,66.3,65.17,64.8,72.01,71.91,70.81,0.1476,0.1475,627.6295,622.6494,0.008239,0.0996,0.1318,GIRAR_DERECHA
1927,96.35,67.61,62.77,67.96,76.25,70.41,74.47,0.1476,0.1475,627.8179,622.4548,-6.4e-05,0.106,0.1318,AVANZAR
1928,96.4,62.78,64.79,66.28,63.02,67.03,67.21,0.1477,0.1476,628.2198,622.8567,0.008239,0.1043,0.1318,AVANZAR
1929,96.45,69.98,65.44,71.74,68.41,65.14,65.74,0.1475,0.1476,628.6217,623.2586,0.008239,0.1029,0.1318,AVANZAR
1930,96.5,68.33,62.86,69.37,67.66,63.24,66.42,0.1476,0.1476,629.0174,623.6605,0.008175,0.1017,0.1318,AVANZAR
1931,96.55,69.06,66.53,70.24,71.78,68.56,65.37,0.1475,0.1476,629.4193,624.0562,0.008175,0.1006,0.1318,AVANZAR
1932,96.6,65.02,66.9,66.96,66.69,68.41,66.23,0.1476,0.1476,629.8212,624.4581,0.008239,0.0996,0.1318,GIRAR_DERECHA
1933,96.65,63.75,65.12,70.67,65.93,67.43,69.95,0.1476,0.1476,630.0159,624.2697,6.4e-05,0.1059,0.1318,AVANZAR
1934,96.7,59.91,68.04,67.97,68.75,60.28,70.83,0.1477,0.1476,630.4115,624.6716,0.008175,0.1043,0.1318,AVANZAR
1935,96.75,68.0,59.27,70.05,68.26,64.81,67.99,0.1477,0.1476,630.8134,625.0672,0.008175,0.1029,0.1318,AVANZAR
1936,96.8,70.96,61.75,61.51,68.41,66.19,73.42,0.1476,0.1476,631.2154,625.4692,0.008239,0.1017,0.1318,AVANZAR
1937,96.85,73.8,66.0,65.53,65.86,63.39,75.53,0.1474,0.1476,631.6173,625.8711,0.008239,0.1005,0.1318,AVANZAR
1938,96.9,64.59,68.25,70.2,68.04,64.01,68.06,0.1476,0.1476,632.0129,626.273,0.008175,0.0996,0.1318,GIRAR_IZQUIERDA
1939,96.95,64.88,60.42,64.06,69.53,66.87,63.21,0.1477,0.1476,631.8245,626.4614,0.0,0.106,0.1318,AVANZAR
1940,97.0,66.74,65.3,63.98,69.37,72.0,62.16,0.1476,0.1476,632.2264,626.8633,0.008239,0.1043,0.1318,AVANZAR
1941,97.05,69.39,65.3,69.64,63.36,70.27,66.08,0.1475,0.1476,632.6221,627.2652,0.008175,0.1029,0.1318,AVANZAR
1942,97.1,63.11,65.75,64.5,63.58,63.02,67.4,0.1476,0.1476,633.024,627.6609,0.008175,0.1017,0.1318,AVANZAR
1943,97.15,67.4,65.57,71.36,64.0,64.46,65.08,0.1476,0.1476,633.4259,628.0628,0.008239,0.1006,0.1318,AVANZAR
1944,97.2,65.26,71.12,65.64,66.45,68.12,70.62,0.1475,0.1476,633.8278,628.4647,0.008239,0.0996,0.1318,GIRAR_DERECHA
1945,97.25,63.24,69.0,66.66,65.07,67.02,63.85,0.1476,0.1476,634.0162,628.27,-6.4e-05,0.106,0.1318,AVANZAR
1946,97.3,70.47,62.78,72.2,71.92,62.04,64.69,0.1476,0.1476,634.4182,628.672,0.008239,0.1043,0.1318,AVANZAR
1947,97.35,66.08,66.39,68.04,66.34,70.76,62.51,0.1476,0.1476,634.8201,629.0739,0.008239,0.1029,0.1318,AVANZAR
1948,97.4,63.29,70.53,73.89,71.08,68.06,66.91,0.1475,0.1476,635.2157,629.4758,0.008175,0.1017,0.1318,AVANZAR
1949,97.45,71.7,62.19,61.33,72.2,69.3,63.43,0.1475,0.1476,635.6176,629.8777,0.008239,0.1005,0.1318,AVANZAR
1950,97.5,71.52,68.18,67.04,64.43,63.4,66.35,0.1474,0.1475,636.0196,630.2734,0.008175,0.0996,0.1318,GIRAR_IZQUIERDA
1951,97.55,69.5,64.72,64.48,65.61,62.52,68.59,0.1475,0.1475,635.8312,630.468,6.4e-05,0.1059,0.1318,AVANZAR
1952,97.6,65.95,69.64,63.4,67.82,65.28,66.39,0.1475,0.1475,636.2268,630.87,0.008175,0.1043,0.1318,AVANZAR
1953,97.65,87.66,67.88,65.93,65.16,67.19,68.03,0.1472,0.1474,636.6287,631.2656,0.008175,0.1028,0.1318,AVANZAR
1954,97.7,111.33,70.74,84.98,69.81,72.11,66.48,0.1467,0.1472,637.0306,631.6675,0.008239,0.1015,0.1318,AVANZAR
1955,97.75,135.63,85.36,123.27,63.02,70.12,74.24,0.146,0.1468,637.4326,632.0694,0.008239,0.1002,0.1318,AVANZAR
1956,97.8,195.76,122.49,148.73,63.18,75.39,74.61,0.1442,0.146,637.8282,632.4714,0.008175,0.0989,0.1318,GIRAR_IZQUIERDA
1957,97.85,204.63,92.44,187.23,64.17,72.99,67.57,0.1446,0.1456,637.6398,632.6598,0.0,0.1049,0.1318,AVANZAR
1958,97.9,296.02,112.49,260.3,67.3,65.39,68.38,0.1425,0.1447,638.0417,633.0617,0.008239,0.1027,0.1318,AVANZAR
1959,97.95,614.25,182.92,531.78,67.14,62.25,62.91,0.1354,0.1419,638.4374,633.4636,0.008175,0.0999,0.1318,GIRAR_IZQUIERDA
1960,98.0,599.84,119.02,987.07,102.89,66.28,65.19,0.1368,0.1404,638.249,633.652,0.0,0.1048,0.1318,AVANZAR
1961,98.05,1581.26,161.07,2016.34,142.04,62.75,62.68,0.1181,0.1337,638.6509,634.0539,0.008239,0.0994,0.1318,GIRAR_IZQUIERDA
1962,98.1,1504.77,138.89,2005.12,155.2,69.03,68.86,0.1199,0.1296,638.4562,634.2423,-6.4e-05,0.1021,0.1318,AVANZAR
1963,98.15,859.89,115.27,1491.21,128.04,72.58,66.27,0.1321,0.1303,638.8581,634.6442,0.008239,0.0989,0.1318,GIRAR_IZQUIERDA
1964,98.2,552.82,63.43,1718.46,203.51,69.8,64.3,0.1387,0.1328,638.6634,634.8389,0.0,0.1042,0.1318,AVANZAR
1965,98.25,690.23,64.72,2851.58,372.69,71.19,65.11,0.1362,0.1338,639.0654,635.2408,0.008239,0.1012,0.1318,AVANZAR
1966,98.3,725.97,66.36,2368.33,311.28,70.18,67.92,0.1355,0.1343,639.4673,635.6365,0.008175,0.0987,0.1318,GIRAR_IZQUIERDA
1967,98.35,369.52,64.17,2111.86,454.98,68.64,71.21,0.1421,0.1367,639.2726,635.8312,0.0,0.1044,0.1318,AVANZAR
1968,98.4,363.11,64.63,2107.88,461.28,70.51,62.81,0.1422,0.1383,639.6745,636.2331,0.008239,0.1022,0.1318,AVANZAR
1969,98.45,367.95,62.85,2087.72,469.67,66.86,67.28,0.1421,0.1394,640.0764,636.6287,0.008175,0.1004,0.1318,AVANZAR
1970,98.5,478.05,64.87,2163.11,374.9,63.58,70.25,0.1401,0.1396,640.4784,637.0306,0.008239,0.0984,0.1318,GIRAR_IZQUIERDA
1971,98.55,289.86,67.43,1967.74,570.2,68.87,67.36,0.1435,0.1408,640.2837,637.2253,0.0,0.1044,0.1318,AVANZAR
1972,98.6,303.35,66.13,1978.25,600.28,69.83,67.55,0.1432,0.1415,640.6856,637.621,0.008175,0.1024,0.1318,AVANZAR
1973,98.65,309.98,65.75,1969.68,618.3,67.56,71.64,0.1431,0.142,641.0875,638.0229,0.008239,0.1006,0.1318,AVANZAR
1974,98.7,299.78,68.24,1972.92,617.56,73.28,63.78,0.1433,0.1424,641.4894,638.4248,0.008239,0.0991,0.1318,GIRAR_IZQUIERDA
1975,98.75,175.6,68.52,1656.69,1196.29,67.62,69.89,0.1455,0.1433,641.2948,638.6195,0.0,0.1052,0.1318,AVANZAR
1976,98.8,173.8,70.44,1567.74,1093.63,60.68,70.69,0.1455,0.144,641.6967,639.0151,0.008175,0.1034,0.1318,AVANZAR
1977,98.85,176.11,66.04,1617.95,1125.82,66.52,63.2,0.1456,0.1445,642.0986,639.417,0.008239,0.1018,0.1318,AVANZAR
1978,98.9,181.41,67.84,1630.2,1154.71,65.25,69.65,0.1454,0.1448,642.4942,639.819,0.008175,0.1005,0.1318,AVANZAR
1979,98.95,184.18,66.69,1645.47,1227.58,70.41,67.31,0.1454,0.1449,642.8962,640.2209,0.008239,0.0992,0.1318,GIRAR_IZQUIERDA
1980,99.0,118.97,69.35,1106.78,1531.54,64.88,69.09,0.1466,0.1454,642.7078,640.4093,0.0,0.1055,0.1318,AVANZAR
1981,99.05,107.25,67.7,1073.18,1542.75,69.48,69.4,0.1468,0.1458,643.1034,640.8112,0.008175,0.1038,0.1318,AVANZAR
1982,99.1,107.49,66.93,1039.2,1567.28,67.17,67.29,0.1468,0.1461,643.5053,641.2131,0.008239,0.1023,0.1318,AVANZAR
1983,99.15,106.09,65.02,1049.49,1598.54,65.72,65.39,0.1469,0.1464,643.9072,641.6088,0.008175,0.1011,0.1318,AVANZAR
1984,99.2,112.32,68.73,1163.52,1550.23,72.58,66.65,0.1467,0.1465,644.3092,642.0107,0.008239,0.1,0.1318,GIRAR_IZQUIERDA
1985,99.25,69.1,67.94,451.01,1715.36,64.67,59.09,0.1475,0.1468,644.1145,642.2054,0.0,0.1062,0.1318,AVANZAR
1986,99.3,63.34,63.2,446.21,1690.81,63.58,62.51,0.1477,0.147,644.5164,642.6073,0.008239,0.1045,0.1318,AVANZAR
1987,99.35,66.2,66.31,480.63,1698.38,69.55,68.9,0.1476,0.1472,644.9183,643.0029,0.008175,0.1031,0.1318,AVANZAR
1988,99.4,68.6,64.98,474.28,1676.31,67.43,71.59,0.1476,0.1473,645.3202,643.4048,0.008239,0.1018,0.1318,AVANZAR
1989,99.45,70.43,70.35,494.83,1717.45,68.44,69.1,0.1474,0.1473,645.7159,643.8068,0.008175,0.1007,0.1318,AVANZAR
1990,99.5,68.69,64.62,487.34,1712.42,67.81,59.35,0.1476,0.1474,646.1178,644.2087,0.008239,0.0997,0.1318,GIRAR_IZQUIERDA
1991,99.55,70.52,66.94,313.13,1729.64,66.75,74.38,0.1475,0.1474,645.9294,644.3971,0.0,0.106,0.1318,AVANZAR
1992,99.6,73.49,67.74,486.48,1678.09,64.99,61.57,0.1474,0.1474,646.325,644.799,0.008175,0.1044,0.1318,AVANZAR
1993,99.65,71.47,69.95,497.76,1689.82,68.59,75.06,0.1474,0.1474,646.727,645.2009,0.008239,0.1029,0.1318,AVANZAR
1994,99.7,61.14,71.77,492.44,1707.75,67.88,65.07,0.1476,0.1475,647.1289,645.5966,0.008175,0.1017,0.1318,AVANZAR
1995,99.75,63.31,68.12,473.31,1687.01,63.97,63.97,0.1476,0.1475,647.5308,645.9985,0.008239,0.1006,0.1318,AVANZAR
1996,99.8,65.25,72.75,475.4,1683.69,62.47,66.38,0.1475,0.1475,647.9264,646.4004,0.008175,0.0997,0.1318,GIRAR_IZQUIERDA
1997,99.85,69.74,69.66,293.7,1710.96,66.35,75.93,0.1474,0.1475,647.738,646.5951,6.4e-05,0.1059,0.1318,AVANZAR
1998,99.9,68.49,69.49,270.05,1638.94,68.74,65.21,0.1475,0.1475,648.14,646.9907,0.008175,0.1043,0.1318,AVANZAR
1999,99.95,68.44,66.85,247.01,1551.65,71.51,71.07,0.1475,0.1475,648.5356,647.3926,0.008175,0.1029,0.1318,AVANZAR
2000,100.0,64.92,70.5,232.45,1435.32,63.66,71.67,0.1475,0.1475,648.9375,647.7946,0.008239,0.1016,0.1318,AVANZAR
2001,100.05,66.59,66.34,239.36,1335.19,61.29,65.64,0.1476,0.1475,649.3394,648.1965,0.008239,0.1005,0.1318,AVANZAR
2002,100.1,67.94,67.61,223.2,1235.91,64.59,66.16,0.1475,0.1475,649.7414,648.5921,0.008175,0.0996,0.1318,GIRAR_IZQUIERDA
2003,100.15,64.81,68.91,132.98,1028.57,65.57,67.08,0.1476,0.1475,649.5467,648.7868,0.0,0.1059,0.1318,AVANZAR
2004,100.2,70.61,71.21,122.7,734.16,63.81,68.93,0.1474,0.1475,649.9486,649.1887,0.008239,0.1042,0.1318,AVANZAR
2005,100.25,66.56,73.47,108.84,544.1,67.28,63.69,0.1474,0.1475,650.3505,649.5844,0.008175,0.1028,0.1318,AVANZAR
2006,100.3,66.33,64.1,105.4,422.11,65.28,67.13,0.1476,0.1475,650.7524,649.9863,0.008239,0.1016,0.1318,AVANZAR
2007,100.35,67.22,62.71,92.95,363.33,70.5,68.07,0.1476,0.1475,651.1481,650.3882,0.008175,0.1006,0.1318,AVANZAR
2008,100.4,69.55,67.95,85.23,330.5,70.28,72.47,0.1475,0.1475,651.55,650.7901,0.008239,0.0996,0.1318,GIRAR_IZQUIERDA
2009,100.45,63.45,67.72,59.73,298.41,67.88,76.02,0.1476,0.1475,651.3616,650.9785,0.0,0.1059,0.1318,AVANZAR
2010,100.5,86.01,69.08,69.52,254.21,61.75,69.05,0.1472,0.1474,651.7572,651.3804,0.008175,0.1042,0.1318,AVANZAR
2011,100.55,111.56,65.06,88.4,200.66,68.64,69.22,0.1468,0.1472,652.1592,651.7824,0.008239,0.1027,0.1318,AVANZAR
2012,100.6,149.02,89.75,123.71,177.01,74.14,66.85,0.1456,0.1468,652.5611,652.1843,0.008239,0.1012,0.1318,AVANZAR
2013,100.65,213.05,118.82,159.96,147.95,64.41,61.37,0.1439,0.1459,652.963,652.5799,0.008175,0.0997,0.1318,GIRAR_IZQUIERDA
2014,100.7,207.95,86.78,203.75,135.84,67.73,67.13,0.1446,0.1455,652.7683,652.7746,0.0,0.1056,0.1318,AVANZAR
2015,100.75,302.08,116.05,302.43,113.61,69.53,66.83,0.1423,0.1446,653.1702,653.1765,0.008239,0.1033,0.1318,AVANZAR
2016,100.8,674.22,171.49,644.43,109.38,71.33,68.52,0.1345,0.1415,653.5722,653.5722,0.008175,0.1003,0.1318,AVANZAR
2017,100.85,2730.38,343.3,2635.28,105.95,72.2,69.41,0.0937,0.1272,653.9678,653.9741,0.008175,0.0924,0.1318,GIRAR_IZQUIERDA
2018,100.9,1562.84,180.64,1889.0,121.73,64.82,62.84,0.1181,0.1245,653.7794,654.1688,6.4e-05,0.0957,0.1318,GIRAR_IZQUIERDA
2019,100.95,1429.77,145.5,1992.31,154.25,66.68,66.36,0.1212,0.1235,653.5847,654.3572,-6.4e-05,0.0991,0.1318,GIRAR_IZQUIERDA
2020,101.0,1461.69,145.8,2006.51,149.49,62.93,63.43,0.1206,0.1226,653.3963,654.5518,6.4e-05,0.1019,0.1318,AVANZAR
2021,101.05,1553.71,164.47,1915.68,119.36,66.32,67.25,0.1185,0.1214,653.7982,654.9475,0.008175,0.097,0.1318,GIRAR_IZQUIERDA
2022,101.1,1075.8,122.5,1786.38,142.62,67.16,72.31,0.1281,0.1234,653.6036,655.1422,0.0,0.1011,0.1318,AVANZAR
2023,101.15,1589.86,175.23,2008.97,137.16,66.39,67.78,0.1177,0.1217,654.0055,655.5441,0.008239,0.0961,0.1318,GIRAR_IZQUIERDA
2024,101.2,1120.23,100.66,2140.88,230.43,65.71,64.54,0.1276,0.1235,653.8108,655.7325,-6.4e-05,0.1003,0.1318,AVANZAR
2025,101.25,1135.99,108.55,2133.49,228.45,67.86,61.78,0.1272,0.1246,654.2127,656.1344,0.008239,0.0967,0.1318,GIRAR_IZQUIERDA
2026,101.3,569.98,65.94,2164.26,345.5,62.25,65.06,0.1384,0.1287,654.0243,656.3291,6.4e-05,0.1021,0.1318,AVANZAR
2027,101.35,544.88,69.58,2155.08,343.01,69.52,70.74,0.1387,0.1317,654.42,656.7247,0.008111,0.0999,0.1318,GIRAR_IZQUIERDA
2028,101.4,347.52,64.73,2034.42,528.62,68.19,73.21,0.1425,0.1349,654.2316,656.9194,6.4e-05,0.1055,0.1318,AVANZAR
2029,101.45,338.7,67.42,2031.23,527.65,61.53,69.92,0.1426,0.1372,654.6335,657.3213,0.008239,0.1032,0.1318,AVANZAR
2030,101.5,344.54,70.2,2034.34,513.84,71.1,70.05,0.1424,0.1388,655.0291,657.717,0.008111,0.1013,0.1318,AVANZAR
2031,101.55,341.66,65.72,2032.04,524.36,70.09,71.03,0.1425,0.1399,655.431,658.1189,0.008239,0.0996,0.1318,GIRAR_IZQUIERDA
2032,101.6,215.4,58.15,1774.79,1003.61,69.74,64.94,0.145,0.1414,655.2426,658.3136,6.4e-05,0.1055,0.1318,AVANZAR
2033,101.65,196.71,70.95,1699.34,847.15,68.77,69.73,0.1451,0.1425,655.6383,658.7155,0.008175,0.1036,0.1318,AVANZAR
2034,101.7,196.41,71.57,1749.34,907.96,64.49,66.49,0.1451,0.1433,656.0402,659.1111,0.008175,0.102,0.1318,AVANZAR
2035,101.75,213.12,69.04,1746.68,960.02,63.93,66.74,0.1448,0.1438,656.4421,659.513,0.008239,0.1005,0.1318,AVANZAR
2036,101.8,206.27,69.56,1782.9,1008.62,59.84,72.98,0.1449,0.1441,656.844,659.915,0.008239,0.0992,0.1318,GIRAR_IZQUIERDA
2037,101.85,122.81,73.1,1300.6,1447.7,66.76,67.29,0.1464,0.1448,656.6494,660.1034,-6.4e-05,0.1055,0.1318,AVANZAR
2038,101.9,121.68,68.43,1304.24,1456.16,59.03,67.05,0.1465,0.1453,657.0513,660.5053,0.008239,0.1037,0.1318,AVANZAR
2039,101.95,119.86,58.57,1313.61,1459.03,64.64,65.72,0.1467,0.1457,657.4532,660.9072,0.008239,0.1022,0.1318,AVANZAR
2040,102.0,119.74,69.51,1342.35,1474.78,69.02,70.03,0.1465,0.146,657.8551,661.3091,0.008239,0.1009,0.1318,AVANZAR
2041,102.05,121.17,70.62,1327.24,1465.89,61.51,63.22,0.1465,0.1461,658.2508,661.7048,0.008111,0.0999,0.1318,GIRAR_IZQUIERDA
2042,102.1,73.17,72.04,530.18,1647.36,70.84,64.05,0.1473,0.1465,658.0624,661.8994,6.4e-05,0.1061,0.1318,AVANZAR
2043,102.15,63.4,64.9,565.71,1643.46,62.76,74.85,0.1477,0.1468,658.4643,662.3014,0.008239,0.1044,0.1318,AVANZAR
2044,102.2,68.55,71.09,559.41,1669.96,61.5,67.74,0.1474,0.147,658.8599,662.7033,0.008175,0.103,0.1318,AVANZAR
2045,102.25,65.3,64.77,550.93,1662.66,69.62,68.5,0.1476,0.1472,659.2618,663.0989,0.008175,0.1018,0.1318,AVANZAR
2046,102.3,71.09,63.87,547.06,1643.34,64.85,67.92,0.1475,0.1473,659.6638,663.5008,0.008239,0.1006,0.1318,AVANZAR
2047,102.35,67.13,70.68,555.19,1669.27,69.86,71.95,0.1475,0.1474,660.0657,663.9028,0.008239,0.0997,0.1318,GIRAR_IZQUIERDA
2048,102.4,67.89,67.42,355.76,1699.19,67.53,66.77,0.1475,0.1474,659.871,664.0912,-6.4e-05,0.106,0.1318,AVANZAR
2049,102.45,72.76,65.88,530.62,1603.91,66.34,67.15,0.1475,0.1474,660.2729,664.4931,0.008239,0.1043,0.1318,AVANZAR
2050,102.5,63.65,64.33,601.74,1642.05,64.14,65.69,0.1477,0.1475,660.6748,664.895,0.008239,0.1029,0.1318,AVANZAR
2051,102.55,110.59,66.96,1032.62,1554.81,62.62,65.3,0.1467,0.1473,661.0705,665.2969,0.008175,0.1016,0.1318,AVANZAR
2052,102.6,118.97,66.4,1323.77,1448.77,66.14,73.01,0.1466,0.1471,661.4724,665.6926,0.008175,0.1004,0.1318,AVANZAR
2053,102.65,69.68,64.37,576.9,1680.77,68.34,67.47,0.1475,0.1472,661.8743,666.0945,0.008239,0.0995,0.1318,GIRAR_IZQUIERDA
2054,102.7,72.3,74.59,319.2,1710.07,67.49,62.34,0.1473,0.1472,661.6796,666.2892,0.0,0.1058,0.1318,AVANZAR
2055,102.75,61.28,69.22,320.16,1700.3,69.53,70.54,0.1476,0.1474,662.0816,666.6848,0.008175,0.1042,0.1318,AVANZAR
2056,102.8,66.04,63.05,315.89,1655.58,65.43,67.45,0.1476,0.1474,662.4835,667.0867,0.008239,0.1028,0.1318,AVANZAR
2057,102.85,60.65,61.88,303.85,1609.75,64.86,68.71,0.1478,0.1475,662.8854,667.4886,0.008239,0.1015,0.1318,AVANZAR
2058,102.9,63.78,63.81,305.21,1594.42,67.7,65.25,0.1477,0.1476,663.281,667.8906,0.008175,0.1005,0.1318,AVANZAR
2059,102.95,66.53,66.05,308.23,1582.03,70.35,65.66,0.1476,0.1476,663.683,668.2862,0.008175,0.0996,0.1318,GIRAR_IZQUIERDA
2060,103.0,65.67,68.97,172.79,1485.46,67.37,69.9,0.1475,0.1476,663.4946,668.4809,6.4e-05,0.1059,0.1318,AVANZAR
2061,103.05,67.05,68.34,146.2,1229.81,66.05,73.24,0.1475,0.1475,663.8902,668.8828,0.008175,0.1043,0.1318,AVANZAR
2062,103.1,69.0,66.42,125.83,817.74,69.05,65.11,0.1475,0.1475,664.2921,669.2784,0.008175,0.1029,0.1318,AVANZAR
2063,103.15,65.45,66.98,271.62,1363.04,66.15,71.05,0.1476,0.1476,664.694,669.6804,0.008239,0.1016,0.1318,AVANZAR
2064,103.2,62.82,68.26,237.05,1072.73,64.73,68.37,0.1476,0.1476,665.096,670.0823,0.008239,0.1005,0.1318,AVANZAR
2065,103.25,68.88,67.49,238.3,974.95,73.14,71.46,0.1475,0.1475,665.4916,670.4842,0.008175,0.0996,0.1318,GIRAR_IZQUIERDA
2066,103.3,65.09,64.14,142.04,853.08,63.14,65.16,0.1476,0.1476,665.3032,670.6726,0.0,0.1059,0.1318,AVANZAR
2067,103.35,68.67,68.67,130.01,580.23,63.81,63.53,0.1475,0.1475,665.7051,671.0745,0.008239,0.1043,0.1318,AVANZAR
2068,103.4,69.33,63.72,118.5,516.52,70.87,71.45,0.1476,0.1476,666.1008,671.4764,0.008175,0.1029,0.1318,AVANZAR
2069,103.45,72.12,69.56,113.49,413.24,67.77,72.81,0.1474,0.1475,666.5027,671.8721,0.008175,0.1016,0.1318,AVANZAR
2070,103.5,66.25,66.69,108.63,366.95,67.81,67.67,0.1476,0.1475,666.9046,672.274,0.008239,0.1005,0.1318,AVANZAR
2071,103.55,65.48,66.91,101.0,332.54,66.84,65.16,0.1476,0.1475,667.3065,672.6759,0.008239,0.0996,0.1318,GIRAR_IZQUIERDA
2072,103.6,70.5,66.2,63.99,308.68,71.21,71.29,0.1475,0.1475,667.1118,672.8643,-6.4e-05,0.106,0.1318,AVANZAR
2073,103.65,61.09,75.85,64.38,268.82,57.86,69.78,0.1475,0.1475,667.5138,673.2662,0.008239,0.1043,0.1318,AVANZAR
2074,103.7,61.27,66.91,74.26,225.37,66.4,67.85,0.1477,0.1476,667.9157,673.6682,0.008239,0.1028,0.1318,AVANZAR
2075,103.75,65.78,69.92,67.78,200.55,66.12,69.46,0.1475,0.1475,668.3176,674.0701,0.008239,0.1016,0.1318,AVANZAR
2076,103.8,73.71,64.98,67.01,172.61,66.38,64.44,0.1475,0.1475,668.7132,674.472,0.008175,0.1005,0.1318,AVANZAR
2077,103.85,65.38,67.35,67.78,139.62,68.19,70.47,0.1476,0.1475,669.1152,674.8676,0.008175,0.0996,0.1318,GIRAR_IZQUIERDA
2078,103.9,62.67,65.68,66.62,134.91,61.75,66.51,0.1476,0.1476,668.9268,675.0623,6.4e-05,0.1059,0.1318,AVANZAR
2079,103.95,70.99,66.4,73.33,118.18,70.4,67.01,0.1475,0.1475,669.3224,675.4642,0.008175,0.1043,0.1318,AVANZAR
2080,104.0,66.78,69.07,64.48,110.99,61.7,67.91,0.1475,0.1475,669.7243,675.8599,0.008175,0.1029,0.1318,AVANZAR
2081,104.05,69.85,63.37,70.78,97.67,70.83,59.89,0.1476,0.1475,670.1262,676.2618,0.008239,0.1016,0.1318,AVANZAR
2082,104.1,64.94,65.69,65.47,86.04,72.91,65.27,0.1476,0.1476,670.5282,676.6637,0.008239,0.1005,0.1318,AVANZAR
2083,104.15,64.13,66.38,64.07,71.18,68.59,68.55,0.1476,0.1476,670.9238,677.0656,0.008175,0.0996,0.1318,GIRAR_DERECHA
2084,104.2,72.44,67.85,69.46,82.18,63.72,65.76,0.1474,0.1475,671.1185,676.871,-0.0,0.1059,0.1318,AVANZAR
2085,104.25,66.43,70.15,73.95,69.25,73.8,64.21,0.1475,0.1475,671.5204,677.2729,0.008239,0.1043,0.1318,AVANZAR
2086,104.3,68.61,71.22,65.06,68.6,64.91,69.29,0.1474,0.1475,671.916,677.6748,0.008175,0.1028,0.1318,AVANZAR
2087,104.35,76.08,70.17,68.65,69.46,62.18,65.84,0.1473,0.1474,672.318,678.0704,0.008175,0.1016,0.1318,AVANZAR
2088,104.4,70.11,69.25,68.88,66.69,66.6,70.9,0.1474,0.1474,672.7199,678.4724,0.008239,0.1005,0.1318,AVANZAR
2089,104.45,63.62,72.74,73.18,70.67,62.16,59.04,0.1475,0.1475,673.1218,678.8743,0.008239,0.0995,0.1318,GIRAR_IZQUIERDA
2090,104.5,68.53,68.51,67.58,64.12,70.07,68.29,0.1475,0.1475,672.9271,679.069,-0.0,0.1059,0.1318,AVANZAR
2091,104.55,68.45,70.47,69.33,61.03,62.84,69.55,0.1475,0.1475,673.329,679.4646,0.008175,0.1042,0.1318,AVANZAR
2092,104.6,73.93,70.51,64.42,65.03,67.91,71.11,0.1474,0.1474,673.731,679.8665,0.008239,0.1028,0.1318,AVANZAR
2093,104.65,66.05,69.14,64.45,67.53,68.7,74.12,0.1475,0.1475,674.1329,680.2684,0.008239,0.1015,0.1318,AVANZAR
2094,104.7,69.43,68.58,65.74,64.88,66.78,67.04,0.1475,0.1475,674.5285,680.6704,0.008175,0.1005,0.1318,AVANZAR
2095,104.75,59.04,68.4,64.08,63.75,69.46,68.86,0.1477,0.1475,674.9304,681.066,0.008175,0.0996,0.1318,GIRAR_DERECHA
2096,104.8,67.75,75.29,68.15,62.87,65.41,72.9,0.1474,0.1475,675.1251,680.8776,6.4e-05,0.1058,0.1318,AVANZAR
2097,104.85,62.85,66.16,68.94,68.65,58.72,68.51,0.1476,0.1475,675.5208,681.2795,0.008175,0.1042,0.1318,AVANZAR
2098,104.9,67.55,65.02,64.94,74.44,62.43,67.76,0.1476,0.1475,675.9227,681.6752,0.008175,0.1029,0.1318,AVANZAR
2099,104.95,65.49,71.81,69.16,65.75,70.33,66.16,0.1475,0.1475,676.3246,682.0771,0.008239,0.1016,0.1318,AVANZAR
2100,105.0,62.35,69.01,71.04,63.89,72.39,63.76,0.1476,0.1475,676.7265,682.479,0.008239,0.1005,0.1318,AVANZAR
2101,105.05,62.13,66.24,71.64,65.63,65.66,68.67,0.1476,0.1476,677.1222,682.8809,0.008175,0.0996,0.1318,GIRAR_IZQUIERDA
2102,105.1,73.38,72.85,65.33,67.65,66.79,64.45,0.1473,0.1475,676.9338,683.0693,0.0,0.1059,0.1318,AVANZAR
2103,105.15,68.04,69.26,70.07,67.76,67.04,71.41,0.1475,0.1475,677.3357,683.4712,0.008239,0.1042,0.1318,AVANZAR
2104,105.2,65.59,64.19,70.2,72.65,66.55,68.64,0.1476,0.1475,677.7313,683.8732,0.008175,0.1028,0.1318,AVANZAR
2105,105.25,70.03,68.88,71.04,63.62,71.2,75.69,0.1475,0.1475,678.1332,684.2688,0.008175,0.1016,0.1318,AVANZAR
2106,105.3,72.42,70.07,64.86,65.25,67.72,69.39,0.1474,0.1475,678.5352,684.6707,0.008239,0.1005,0.1318,AVANZAR
2107,105.35,70.57,65.12,59.27,71.53,64.77,69.84,0.1475,0.1475,678.9371,685.0726,0.008239,0.0995,0.1318,GIRAR_DERECHA
2108,105.4,56.63,68.91,64.37,66.53,67.86,62.46,0.1477,0.1476,679.1255,684.8842,0.0,0.1059,0.1318,AVANZAR
2109,105.45,67.78,67.98,65.56,66.69,68.7,68.77,0.1475,0.1475,679.5274,685.2799,0.008175,0.1043,0.1318,AVANZAR
2110,105.5,64.5,61.88,67.39,70.64,66.87,67.2,0.1477,0.1476,679.9293,685.6818,0.008239,0.1028,0.1318,AVANZAR
2111,105.55,64.78,65.08,70.87,69.07,67.62,65.02,0.1476,0.1476,680.3312,686.0837,0.008239,0.1016,0.1318,AVANZAR
2112,105.6,64.24,67.54,65.73,66.36,71.97,66.68,0.1476,0.1476,680.7269,686.4856,0.008175,0.1006,0.1318,AVANZAR
2113,105.65,60.23,69.02,70.15,63.88,65.13,70.69,0.1476,0.1476,681.1288,686.8813,0.008175,0.0997,0.1318,GIRAR_DERECHA
2114,105.7,67.35,62.25,70.18,63.87,64.66,67.66,0.1476,0.1476,681.3235,686.6929,6.4e-05,0.1059,0.1318,AVANZAR
2115,105.75,66.42,64.49,69.07,68.28,71.18,63.43,0.1476,0.1476,681.7191,687.0948,0.008175,0.1043,0.1318,AVANZAR
2116,105.8,70.35,64.5,68.83,69.03,66.38,61.21,0.1475,0.1476,682.121,687.4904,0.008175,0.1029,0.1318,AVANZAR
2117,105.85,71.2,66.44,64.06,65.56,70.42,66.88,0.1475,0.1476,682.523,687.8924,0.008239,0.1016,0.1318,AVANZAR
2118,105.9,62.77,65.4,60.35,70.05,70.7,66.95,0.1477,0.1476,682.9249,688.2943,0.008239,0.1005,0.1318,AVANZAR
2119,105.95,68.41,66.64,67.68,63.58,60.97,70.04,0.1475,0.1476,683.3205,688.6962,0.008175,0.0996,0.1318,GIRAR_IZQUIERDA
2120,106.0,71.04,69.95,63.56,68.72,63.58,68.58,0.1474,0.1475,683.1321,688.8846,0.0,0.1059,0.1318,AVANZAR
2121,106.05,72.95,67.12,69.59,64.28,66.96,69.38,0.1474,0.1475,683.534,689.2865,0.008239,0.1042,0.1318,AVANZAR
2122,106.1,71.5,69.53,65.07,70.98,69.73,66.52,0.1474,0.1475,683.9297,689.6884,0.008175,0.1028,0.1318,AVANZAR
2123,106.15,67.69,69.6,67.53,69.18,67.8,66.7,0.1475,0.1475,684.3316,690.0841,0.008175,0.1016,0.1318,AVANZAR
2124,106.2,68.25,71.22,67.89,66.51,68.42,68.93,0.1474,0.1475,684.7335,690.486,0.008239,0.1005,0.1318,AVANZAR
2125,106.25,62.95,66.96,65.57,66.07,71.38,72.08,0.1476,0.1475,685.1354,690.8879,0.008239,0.0996,0.1318,GIRAR_DERECHA
2126,106.3,61.55,67.25,67.02,65.48,69.73,68.85,0.1476,0.1476,685.3238,690.6995,0.0,0.1059,0.1318,AVANZAR
2127,106.35,63.44,63.82,65.74,70.38,65.52,69.61,0.1477,0.1476,685.7258,691.0952,0.008175,0.1043,0.1318,AVANZAR
2128,106.4,72.33,70.01,68.33,61.45,66.89,69.48,0.1474,0.1475,686.1277,691.4971,0.008239,0.1028,0.1318,AVANZAR
2129,106.45,67.29,60.61,66.66,62.69,67.05,70.0,0.1477,0.1476,686.5296,691.899,0.008239,0.1016,0.1318,AVANZAR
2130,106.5,69.57,64.04,64.61,66.73,70.84,65.3,0.1476,0.1476,686.9252,692.3009,0.008175,0.1005,0.1318,AVANZAR
2131,106.55,62.28,65.95,61.33,66.74,68.06,76.37,0.1477,0.1476,687.3272,692.6966,0.008175,0.0997,0.1318,GIRAR_DERECHA
2132,106.6,68.96,73.71,72.53,71.35,64.84,68.59,0.1474,0.1475,687.5218,692.5082,6.4e-05,0.1059,0.1318,AVANZAR
2133,106.65,61.9,66.76,66.51,65.0,71.94,67.87,0.1476,0.1476,687.9175,692.9101,0.008175,0.1043,0.1318,AVANZAR
2134,106.7,67.81,64.09,65.63,66.17,61.89,66.36,0.1476,0.1476,688.3194,693.3057,0.008175,0.1029,0.1318,AVANZAR
2135,106.75,116.75,102.27,68.91,65.5,64.3,65.76,0.146,0.1471,688.7213,693.7076,0.008239,0.1014,0.1318,AVANZAR
2136,106.8,224.13,218.14,64.55,59.64,65.45,66.6,0.1419,0.1455,689.1232,694.1096,0.008239,0.0996,0.1318,GIRAR_DERECHA
2137,106.85,172.34,279.42,68.04,66.46,68.43,106.72,0.1417,0.1444,689.3116,693.9149,-6.4e-05,0.1052,0.1318,AVANZAR
2138,106.9,174.44,279.17,66.58,69.1,66.64,90.66,0.1417,0.1436,689.7136,694.3168,0.008239,0.1029,0.1318,AVANZAR
2139,106.95,201.53,356.45,71.95,72.84,60.54,109.02,0.1398,0.1424,690.1155,694.7187,0.008239,0.1006,0.1318,AVANZAR
2140,107.0,207.87,374.15,60.67,69.45,67.62,132.3,0.1393,0.1415,690.5111,695.1144,0.008111,0.0986,0.1318,GIRAR_DERECHA
2141,107.05,333.66,1689.98,72.5,63.07,66.3,240.28,0.1129,0.1329,690.7058,694.926,6.4e-05,0.1005,0.1318,AVANZAR
2142,107.1,219.64,595.54,62.07,66.85,65.35,152.81,0.1351,0.1336,691.1077,695.3279,0.008239,0.0979,0.1318,GIRAR_DERECHA
2143,107.15,136.17,533.55,72.53,69.45,73.9,246.26,0.1377,0.1348,691.2961,695.1332,-6.4e-05,0.1032,0.1318,AVANZAR
2144,107.2,121.0,538.24,65.43,67.13,66.06,229.09,0.1379,0.1358,691.698,695.5351,0.008239,0.1006,0.1318,AVANZAR
2145,107.25,127.99,497.81,72.06,67.05,66.25,225.24,0.1385,0.1366,692.1,695.937,0.008239,0.0985,0.1318,GIRAR_DERECHA
2146,107.3,77.08,419.91,67.93,59.46,69.69,348.15,0.1409,0.1379,692.2884,695.7424,-6.4e-05,0.1041,0.1318,AVANZAR
2147,107.35,79.92,435.05,64.91,63.64,65.93,349.55,0.1406,0.1387,692.6903,696.1443,0.008239,0.1018,0.1318,AVANZAR
2148,107.4,88.01,449.07,68.48,61.82,63.09,359.27,0.1402,0.1391,693.0922,696.5462,0.008239,0.0997,0.1318,GIRAR_DERECHA
2149,107.45,63.23,346.58,64.8,62.5,68.95,484.68,0.1425,0.1401,693.2806,696.3515,-6.4e-05,0.1054,0.1318,AVANZAR
2150,107.5,68.92,322.59,63.91,69.85,68.18,581.51,0.1428,0.1409,693.6825,696.7534,0.008239,0.1031,0.1318,AVANZAR
2151,107.55,64.13,337.23,62.49,66.22,65.11,507.86,0.1427,0.1415,694.0844,697.1554,0.008239,0.1012,0.1318,AVANZAR
2152,107.6,67.73,336.96,68.03,67.41,72.61,529.88,0.1426,0.1418,694.4864,697.5573,0.008239,0.0995,0.1318,GIRAR_DERECHA
2153,107.65,71.21,240.11,63.44,66.4,63.23,837.1,0.1443,0.1425,694.6748,697.3626,-6.4e-05,0.1055,0.1318,AVANZAR
2154,107.7,68.39,232.32,67.33,65.88,75.94,844.32,0.1445,0.1431,695.0767,697.7645,0.008239,0.1034,0.1318,AVANZAR
2155,107.75,67.05,249.78,71.04,60.4,73.04,887.96,0.1442,0.1435,695.4786,698.1664,0.008239,0.1017,0.1318,AVANZAR
2156,107.8,67.84,258.78,70.29,66.97,66.35,842.69,0.144,0.1436,695.8805,698.5684,0.008239,0.1001,0.1318,AVANZAR
2157,107.85,70.28,69.26,69.23,68.89,71.16,875.55,0.1474,0.1448,696.2762,698.964,0.008111,0.0993,0.1318,GIRAR_DERECHA
2158,107.9,71.61,65.36,67.12,70.85,104.14,1077.84,0.1475,0.1456,696.4708,698.7756,6.4e-05,0.1056,0.1318,AVANZAR
2159,107.95,65.1,71.97,74.05,65.63,97.13,1016.61,0.1475,0.1462,696.8728,699.1775,0.008239,0.104,0.1318,AVANZAR
2160,108.0,73.79,66.12,72.31,68.04,107.79,69.61,0.1474,0.1465,697.2684,699.5732,0.008111,0.1026,0.1318,AVANZAR
2161,108.05,63.09,61.17,63.67,66.68,100.72,69.49,0.1477,0.1469,697.6703,699.9751,0.008239,0.1014,0.1318,AVANZAR
2162,108.1,66.85,63.82,63.67,68.67,131.11,61.45,0.1476,0.1471,698.0722,700.377,0.008239,0.1004,0.1318,AVANZAR
2163,108.15,65.5,70.75,67.17,64.18,201.01,71.02,0.1475,0.1472,698.4742,700.7789,0.008239,0.0994,0.1318,GIRAR_DERECHA
2164,108.2,63.53,68.82,65.96,60.13,371.84,63.23,0.1476,0.1473,698.6626,700.5842,-6.4e-05,0.1058,0.1318,AVANZAR
2165,108.25,63.27,65.86,70.67,71.32,126.86,71.28,0.1476,0.1474,699.0645,700.9862,0.008239,0.1042,0.1318,AVANZAR
2166,108.3,75.22,60.3,92.02,60.01,68.01,67.1,0.1475,0.1475,699.4664,701.3881,0.008239,0.1027,0.1318,AVANZAR
2167,108.35,106.06,72.67,131.59,61.69,72.43,68.49,0.1467,0.1472,699.8683,701.79,0.008239,0.1014,0.1318,AVANZAR
2168,108.4,137.2,61.89,146.21,68.36,61.11,73.81,0.1464,0.147,700.264,702.1856,0.008111,0.1003,0.1318,AVANZAR
2169,108.45,172.38,66.45,192.97,62.95,67.41,67.44,0.1456,0.1466,700.6659,702.5876,0.008239,0.0991,0.1318,GIRAR_IZQUIERDA
2170,108.5,153.13,68.28,214.79,68.25,67.02,67.6,0.1459,0.1464,700.4775,702.7822,6.4e-05,0.1052,0.1318,AVANZAR
2171,108.55,205.04,64.8,296.44,86.32,65.18,66.16,0.1451,0.146,700.8731,703.1779,0.008111,0.1034,0.1318,AVANZAR
2172,108.6,327.72,72.61,531.03,118.88,64.34,65.37,0.1427,0.145,701.275,703.5798,0.008239,0.1014,0.1318,AVANZAR
2173,108.65,717.66,97.71,1777.07,182.12,69.63,62.38,0.1351,0.142,701.677,703.9817,0.008239,0.0987,0.1318,GIRAR_IZQUIERDA
2174,108.7,441.03,70.67,1841.63,280.62,64.57,62.77,0.1406,0.1416,701.4823,704.1701,-6.4e-05,0.1043,0.1318,AVANZAR
2175,108.75,469.57,68.17,1913.7,293.44,67.11,67.33,0.1402,0.1412,701.8842,704.572,0.008239,0.1019,0.1318,AVANZAR
2176,108.8,1069.18,69.21,2874.5,319.0,73.3,68.97,0.1292,0.1376,702.2861,704.974,0.008239,0.0983,0.1318,GIRAR_IZQUIERDA
2177,108.85,635.81,68.51,2058.74,268.96,68.34,67.32,0.1371,0.1374,702.0914,705.1624,-6.4e-05,0.1035,0.1318,AVANZAR
2178,108.9,625.53,70.27,2096.58,272.21,69.24,63.96,0.1373,0.1374,702.4934,705.5643,0.008239,0.1008,0.1318,AVANZAR
2179,108.95,661.55,67.16,2117.19,280.06,66.75,62.86,0.1367,0.1372,702.8953,705.9662,0.008239,0.0983,0.1318,GIRAR_IZQUIERDA
2180,109.0,361.87,73.61,2063.37,415.55,66.62,67.07,0.142,0.1386,702.7006,706.1546,-6.4e-05,0.1042,0.1318,AVANZAR
2181,109.05,379.87,66.26,2081.78,423.79,57.13,71.36,0.1418,0.1396,703.1025,706.5565,0.008239,0.102,0.1318,AVANZAR
2182,109.1,383.52,67.09,2079.96,429.51,67.84,68.67,0.1417,0.1402,703.5044,706.9584,0.008239,0.1001,0.1318,AVANZAR
2183,109.15,377.64,65.91,2086.13,441.02,70.29,67.63,0.1419,0.1407,703.9064,707.3604,0.008239,0.0984,0.1318,GIRAR_IZQUIERDA
2184,109.2,253.74,70.78,1885.42,812.22,66.13,64.84,0.1441,0.1417,703.7117,707.5488,-6.4e-05,0.1045,0.1318,AVANZAR
2185,109.25,244.41,71.91,1772.6,588.83,72.17,65.16,0.1442,0.1425,704.1136,707.9507,0.008239,0.1026,0.1318,AVANZAR
2186,109.3,238.9,72.29,1849.67,672.72,66.39,67.42,0.1443,0.143,704.5155,708.3526,0.008239,0.1009,0.1318,AVANZAR
2187,109.35,238.8,65.01,1859.53,763.88,71.36,65.57,0.1444,0.1434,704.9112,708.7545,0.008175,0.0996,0.1318,GIRAR_IZQUIERDA
2188,109.4,151.94,62.29,1491.36,1314.28,71.38,64.9,0.1461,0.1442,704.7228,708.9429,0.0,0.1057,0.1318,AVANZAR
2189,109.45,153.85,69.74,1625.51,1449.21,66.84,68.41,0.1459,0.1447,705.1247,709.3448,0.008239,0.1038,0.1318,AVANZAR
2190,109.5,155.44,67.57,1600.46,1450.33,66.35,68.39,0.1459,0.1451,705.5203,709.7468,0.008175,0.1023,0.1318,AVANZAR
2191,109.55,151.84,62.46,1572.25,1380.26,62.86,67.37,0.1461,0.1454,705.9222,710.1424,0.008175,0.101,0.1318,AVANZAR
2192,109.6,165.33,73.01,1544.05,1444.0,64.43,69.96,0.1456,0.1455,706.3242,710.5443,0.008239,0.0997,0.1318,GIRAR_IZQUIERDA
2193,109.65,82.83,67.48,747.15,1636.63,67.86,66.03,0.1472,0.146,706.1358,710.739,6.4e-05,0.1059,0.1318,AVANZAR
2194,109.7,85.95,70.0,745.41,1643.81,66.18,72.22,0.1471,0.1463,706.5314,711.1346,0.008111,0.1043,0.1318,AVANZAR
2195,109.75,83.22,68.48,811.31,1625.71,72.02,59.76,0.1472,0.1466,706.9333,711.5366,0.008239,0.1028,0.1318,AVANZAR
2196,109.8,78.36,60.46,780.43,1634.67,67.97,64.06,0.1475,0.1469,707.3352,711.9385,0.008239,0.1015,0.1318,AVANZAR
2197,109.85,80.13,67.73,723.46,1636.95,67.23,66.94,0.1473,0.147,707.7372,712.3404,0.008239,0.1004,0.1318,AVANZAR
2198,109.9,85.65,68.81,812.69,1624.44,68.65,65.08,0.1472,0.147,708.1328,712.7423,0.008175,0.0995,0.1318,GIRAR_IZQUIERDA
2199,109.95,66.55,62.69,418.99,1706.91,69.82,66.21,0.1476,0.1472,707.9444,712.9307,0.0,0.1058,0.1318,AVANZAR
2200,110.0,64.92,67.67,525.8,1658.56,68.02,60.88,0.1476,0.1473,708.3463,713.3326,0.008239,0.1042,0.1318,AVANZAR
2201,110.05,68.07,68.45,500.04,1684.56,72.28,64.16,0.1475,0.1474,708.7482,713.7346,0.008239,0.1027,0.1318,AVANZAR
2202,110.1,73.02,65.93,504.47,1691.81,71.7,66.27,0.1475,0.1474,709.1439,714.1302,0.008111,0.1016,0.1318,AVANZAR
2203,110.15,70.35,62.73,522.18,1700.38,65.9,67.81,0.1476,0.1475,709.5458,714.5321,0.008239,0.1005,0.1318,AVANZAR
2204,110.2,62.71,63.46,490.07,1714.21,68.38,69.62,0.1477,0.1475,709.9477,714.934,0.008239,0.0995,0.1318,GIRAR_IZQUIERDA
2205,110.25,67.93,62.04,322.17,1713.63,70.32,63.23,0.1476,0.1476,709.753,715.1287,0.0,0.1059,0.1318,AVANZAR
2206,110.3,70.0,63.4,504.37,1678.38,64.96,71.99,0.1476,0.1476,710.155,715.5244,0.008175,0.1043,0.1318,AVANZAR
2207,110.35,66.2,66.88,496.5,1675.2,68.09,69.95,0.1476,0.1476,710.5569,715.9263,0.008239,0.1028,0.1318,AVANZAR
2208,110.4,67.25,63.34,501.04,1697.16,66.7,66.62,0.1476,0.1476,710.9588,716.3282,0.008239,0.1016,0.1318,AVANZAR
2209,110.45,65.5,65.85,513.5,1715.27,58.5,68.13,0.1476,0.1476,711.3544,716.7301,0.008175,0.1005,0.1318,AVANZAR
2210,110.5,72.18,71.04,485.57,1694.35,68.14,66.18,0.1474,0.1475,711.7564,717.1258,0.008175,0.0996,0.1318,GIRAR_IZQUIERDA
2211,110.55,69.67,68.28,297.11,1726.57,59.39,66.0,0.1475,0.1475,711.568,717.3204,6.4e-05,0.1059,0.1318,AVANZAR
2212,110.6,66.6,69.84,282.26,1646.55,64.15,70.62,0.1475,0.1475,711.9636,717.7224,0.008175,0.1043,0.1318,AVANZAR
2213,110.65,62.52,64.4,281.75,1584.01,64.62,59.34,0.1477,0.1476,712.3655,718.118,0.008175,0.1029,0.1318,AVANZAR
2214,110.7,67.68,58.76,260.21,1514.86,68.94,68.44,0.1477,0.1476,712.7674,718.5199,0.008239,0.1016,0.1318,AVANZAR
2215,110.75,65.87,72.41,246.8,1451.11,67.37,68.06,0.1475,0.1476,713.1694,718.9218,0.008239,0.1005,0.1318,AVANZAR
2216,110.8,65.54,64.03,246.07,1374.32,68.21,72.15,0.1476,0.1476,713.5713,719.3238,0.008239,0.0996,0.1318,GIRAR_IZQUIERDA
2217,110.85,70.06,68.66,146.48,1218.87,71.83,61.79,0.1475,0.1475,713.3766,719.5122,-6.4e-05,0.1059,0.1318,AVANZAR
2218,110.9,63.89,58.35,142.41,918.74,69.37,72.38,0.1478,0.1476,713.7785,719.9141,0.008239,0.1043,0.1318,AVANZAR
2219,110.95,60.85,68.87,125.79,599.1,63.5,66.96,0.1476,0.1476,714.1804,720.316,0.008239,0.1029,0.1318,AVANZAR
2220,111.0,64.94,74.05,117.23,474.59,69.98,68.96,0.1475,0.1476,714.5761,720.7179,0.008175,0.1016,0.1318,AVANZAR
2221,111.05,61.45,64.52,114.23,398.12,67.51,67.51,0.1477,0.1476,714.978,721.1136,0.008175,0.1006,0.1318,AVANZAR
2222,111.1,64.17,68.97,99.53,364.6,71.06,66.72,0.1476,0.1476,715.3799,721.5155,0.008239,0.0996,0.1318,GIRAR_IZQUIERDA
2223,111.15,63.27,68.54,63.21,320.38,63.48,65.05,0.1476,0.1476,715.1852,721.7102,0.0,0.106,0.1318,AVANZAR
2224,111.2,65.62,68.63,73.08,276.15,64.64,64.91,0.1475,0.1476,715.5872,722.1058,0.008175,0.1043,0.1318,AVANZAR
2225,111.25,71.76,62.55,62.98,226.64,67.48,71.94,0.1475,0.1476,715.9891,722.5077,0.008239,0.1029,0.1318,AVANZAR
2226,111.3,67.22,67.41,72.05,188.46,64.91,66.19,0.1475,0.1476,716.391,722.9096,0.008239,0.1016,0.1318,AVANZAR
2227,111.35,63.09,63.65,65.83,165.0,70.0,67.14,0.1477,0.1476,716.7866,723.3116,0.008175,0.1006,0.1318,AVANZAR
2228,111.4,75.53,72.12,65.63,151.02,67.69,69.32,0.1473,0.1475,717.1886,723.7072,0.008175,0.0996,0.1318,GIRAR_IZQUIERDA
2229,111.45,68.88,66.57,64.34,121.67,62.54,68.51,0.1475,0.1475,717.0002,723.9019,6.4e-05,0.1059,0.1318,AVANZAR
2230,111.5,96.4,65.28,89.64,112.83,67.9,66.37,0.147,0.1474,717.3958,724.3038,0.008175,0.1042,0.1318,AVANZAR
2231,111.55,127.32,69.43,113.61,101.3,67.37,67.66,0.1464,0.1471,717.7977,724.7057,0.008239,0.1026,0.1318,AVANZAR
2232,111.6,169.97,66.67,165.37,79.59,63.3,67.74,0.1457,0.1467,718.1996,725.1014,0.008175,0.1012,0.1318,AVANZAR
2233,111.65,261.41,114.65,226.02,70.37,68.47,65.12,0.1431,0.1456,718.6016,725.5033,0.008239,0.0996,0.1318,GIRAR_IZQUIERDA
2234,111.7,227.1,64.2,279.68,69.75,72.57,61.79,0.1447,0.1453,718.4069,725.698,0.0,0.1055,0.1318,AVANZAR
2235,111.75,346.7,96.6,395.87,73.58,61.4,65.99,0.1419,0.1443,718.8088,726.0936,0.008175,0.1032,0.1318,AVANZAR
2236,111.8,1005.38,140.4,1514.52,112.01,70.27,65.51,0.129,0.1397,719.2107,726.4955,0.008239,0.0995,0.1318,GIRAR_IZQUIERDA
2237,111.85,684.33,89.64,1833.72,199.15,65.12,66.77,0.1358,0.1385,719.016,726.6902,0.0,0.1042,0.1318,AVANZAR
2238,111.9,591.46,69.14,1862.35,226.18,66.1,68.23,0.1379,0.1384,719.418,727.0858,0.008175,0.1016,0.1318,AVANZAR
2239,111.95,1038.74,75.54,2639.25,300.18,65.18,66.44,0.1296,0.1357,719.8136,727.4878,0.008175,0.0982,0.1318,GIRAR_IZQUIERDA
2240,112.0,438.52,64.09,2166.55,394.18,63.7,70.3,0.1408,0.1372,719.6252,727.6762,0.0,0.1038,0.1318,AVANZAR
2241,112.05,464.76,67.55,2141.04,380.33,63.39,72.21,0.1403,0.1381,720.0271,728.0781,0.008239,0.1014,0.1318,AVANZAR
2242,112.1,457.28,61.4,2128.18,386.51,66.43,65.51,0.1405,0.1389,720.4228,728.48,0.008175,0.0995,0.1318,GIRAR_IZQUIERDA
2243,112.15,307.14,61.46,1954.07,575.57,67.72,68.61,0.1433,0.1402,720.2344,728.6684,0.0,0.1053,0.1318,AVANZAR
2244,112.2,306.12,70.17,1953.53,557.17,69.24,75.45,0.1431,0.1411,720.6363,729.0703,0.008239,0.1031,0.1318,AVANZAR
2245,112.25,299.24,68.98,1977.42,611.74,67.9,70.56,0.1433,0.1417,721.0319,729.4722,0.008175,0.1013,0.1318,AVANZAR
2246,112.3,305.51,68.53,1998.38,573.87,63.34,68.22,0.1432,0.1421,721.4338,729.8742,0.008239,0.0997,0.1318,GIRAR_IZQUIERDA
2247,112.35,176.36,62.54,1682.31,1123.14,62.93,67.89,0.1456,0.1432,721.2454,730.0626,0.0,0.1057,0.1318,AVANZAR
2248,112.4,180.37,72.03,1694.78,1152.69,67.67,65.26,0.1454,0.1438,721.6411,730.4645,0.008175,0.1038,0.1318,AVANZAR
2249,112.45,185.17,68.79,1680.32,1099.67,72.77,60.01,0.1453,0.1443,722.043,730.8664,0.008239,0.1022,0.1318,AVANZAR
2250,112.5,193.67,65.91,1688.65,1133.44,71.63,62.53,0.1452,0.1446,722.4449,731.262,0.008175,0.1007,0.1318,AVANZAR
2251,112.55,184.69,66.8,1682.81,1166.33,60.92,61.37,0.1454,0.1448,722.8468,731.664,0.008239,0.0995,0.1318,GIRAR_IZQUIERDA
2252,112.6,111.55,61.58,1152.04,1539.22,66.62,69.19,0.1468,0.1454,722.6522,731.8586,0.0,0.1057,0.1318,AVANZAR
2253,112.65,109.87,68.69,972.47,1479.38,62.48,62.59,0.1467,0.1458,723.0541,732.2606,0.008239,0.104,0.1318,AVANZAR
2254,112.7,107.92,69.99,1096.31,1498.18,71.71,69.8,0.1467,0.1461,723.456,732.6562,0.008175,0.1025,0.1318,AVANZAR
2255,112.75,106.19,75.09,1088.73,1508.52,69.47,61.14,0.1467,0.1463,723.8579,733.0581,0.008239,0.1012,0.1318,AVANZAR
2256,112.8,113.2,70.05,1131.78,1519.69,71.56,71.97,0.1466,0.1464,724.2536,733.46,0.008175,0.1001,0.1318,AVANZAR
2257,112.85,112.26,66.91,1167.78,1524.14,67.33,65.98,0.1467,0.1465,724.6555,733.862,0.008239,0.0991,0.1318,GIRAR_IZQUIERDA
2258,112.9,68.46,65.68,453.02,1677.79,65.75,67.46,0.1475,0.1468,724.4671,734.0504,0.0,0.1054,0.1318,AVANZAR
2259,112.95,66.15,66.19,511.74,1693.4,65.29,68.51,0.1476,0.147,724.8627,734.4523,0.008175,0.1039,0.1318,AVANZAR
2260,113.0,67.9,67.09,489.68,1710.9,68.79,74.15,0.1475,0.1472,725.2646,734.8542,0.008239,0.1025,0.1318,AVANZAR
2261,113.05,68.12,67.32,479.2,1716.64,64.04,59.69,0.1475,0.1473,725.6666,735.2561,0.008239,0.1013,0.1318,AVANZAR
2262,113.1,67.82,65.49,508.92,1706.37,67.95,65.67,0.1476,0.1474,726.0685,735.6518,0.008175,0.1003,0.1318,AVANZAR
2263,113.15,68.69,68.18,468.63,1703.53,65.81,62.53,0.1475,0.1474,726.4704,736.0537,0.008239,0.0993,0.1318,GIRAR_IZQUIERDA
2264,113.2,67.22,70.52,292.6,1714.59,70.61,66.89,0.1475,0.1474,726.2757,736.2484,0.0,0.1057,0.1318,AVANZAR
2265,113.25,60.91,59.48,275.09,1667.94,64.34,63.6,0.1478,0.1475,726.6776,736.644,0.008175,0.1041,0.1318,AVANZAR
2266,113.3,67.27,65.67,266.27,1579.34,62.1,72.21,0.1476,0.1475,727.0796,737.0459,0.008239,0.1027,0.1318,AVANZAR
2267,113.35,68.59,68.1,266.79,1503.43,69.84,67.44,0.1475,0.1475,727.4752,737.4478,0.008175,0.1015,0.1318,AVANZAR
2268,113.4,66.95,67.98,237.48,1429.91,68.21,64.61,0.1475,0.1475,727.8771,737.8498,0.008239,0.1004,0.1318,AVANZAR
2269,113.45,71.21,75.02,241.65,1322.72,68.11,72.87,0.1473,0.1475,728.279,738.2454,0.008175,0.0995,0.1318,GIRAR_IZQUIERDA
2270,113.5,69.79,67.15,145.34,1226.06,67.12,70.75,0.1475,0.1475,728.0844,738.4401,-0.0,0.1058,0.1318,AVANZAR
2271,113.55,64.7,66.84,127.17,895.71,69.63,67.91,0.1476,0.1475,728.4863,738.842,0.008239,0.1042,0.1318,AVANZAR
2272,113.6,67.01,68.9,119.96,561.54,63.28,61.54,0.1475,0.1475,728.8882,739.2376,0.008175,0.1028,0.1318,AVANZAR
2273,113.65,69.18,63.26,112.27,469.18,65.05,71.81,0.1476,0.1475,729.2901,739.6396,0.008239,0.1015,0.1318,AVANZAR
2274,113.7,66.07,66.77,107.63,376.44,65.13,64.58,0.1476,0.1475,729.6858,740.0415,0.008175,0.1005,0.1318,AVANZAR
2275,113.75,63.82,65.7,99.24,353.45,72.78,62.34,0.1476,0.1476,730.0877,740.4434,0.008239,0.0996,0.1318,GIRAR_IZQUIERDA
2276,113.8,67.47,65.52,63.47,307.74,70.33,71.02,0.1476,0.1476,729.8993,740.6318,0.0,0.1059,0.1318,AVANZAR
2277,113.85,61.89,58.84,66.31,273.92,66.02,72.79,0.1478,0.1476,730.2949,741.0337,0.008175,0.1043,0.1318,AVANZAR
2278,113.9,62.92,64.79,67.31,217.83,71.61,68.47,0.1477,0.1476,730.6968,741.4356,0.008239,0.1029,0.1318,AVANZAR
2279,113.95,70.0,73.89,63.71,185.94,74.18,62.22,0.1474,0.1476,731.0988,741.8376,0.008239,0.1016,0.1318,AVANZAR
2280,114.0,67.7,68.14,68.54,163.52,68.57,64.29,0.1475,0.1475,731.5007,742.2332,0.008175,0.1005,0.1318,AVANZAR
2281,114.05,65.31,72.78,67.73,144.4,68.84,71.72,0.1475,0.1475,731.9026,742.6351,0.008239,0.0996,0.1318,GIRAR_IZQUIERDA
2282,114.1,68.15,68.44,65.01,124.26,64.65,61.94,0.1475,0.1475,731.7079,742.8298,-0.0,0.1059,0.1318,AVANZAR
2283,114.15,64.48,72.58,66.53,112.02,67.76,70.04,0.1475,0.1475,732.1098,743.2254,0.008175,0.1043,0.1318,AVANZAR
2284,114.2,66.24,64.52,65.37,107.92,64.7,64.27,0.1476,0.1475,732.5118,743.6274,0.008239,0.1028,0.1318,AVANZAR
2285,114.25,69.17,65.04,63.37,78.93,62.27,67.12,0.1475,0.1475,732.9074,744.0293,0.008175,0.1016,0.1318,AVANZAR
2286,114.3,74.11,67.71,66.72,72.4,68.92,67.76,0.1474,0.1475,733.3093,744.4312,0.008239,0.1005,0.1318,AVANZAR
2287,114.35,73.08,66.42,63.75,67.77,66.09,70.76,0.1474,0.1475,733.7112,744.8331,0.008239,0.0995,0.1318,GIRAR_DERECHA
2288,114.4,69.77,66.8,67.92,69.64,61.48,64.73,0.1475,0.1475,733.8996,744.6384,-6.4e-05,0.1059,0.1318,AVANZAR
2289,114.45,67.15,72.21,64.8,63.21,72.05,66.96,0.1474,0.1475,734.3016,745.0404,0.008239,0.1042,0.1318,AVANZAR
2290,114.5,65.97,66.15,63.36,68.05,74.77,67.17,0.1476,0.1475,734.7035,745.4423,0.008239,0.1028,0.1318,AVANZAR
2291,114.55,65.14,68.47,60.92,68.7,64.16,65.09,0.1476,0.1475,735.1054,745.8379,0.008175,0.1016,0.1318,AVANZAR
2292,114.6,67.64,66.12,69.38,71.94,68.18,74.63,0.1476,0.1475,735.501,746.2398,0.008175,0.1005,0.1318,AVANZAR
2293,114.65,63.38,64.36,66.54,70.94,63.87,69.45,0.1477,0.1476,735.903,746.6418,0.008239,0.0996,0.1318,GIRAR_IZQUIERDA
2294,114.7,71.53,64.91,65.02,66.34,64.24,70.03,0.1475,0.1475,735.7146,746.8302,0.0,0.1059,0.1318,AVANZAR
2295,114.75,64.84,66.77,75.27,68.01,67.85,68.2,0.1476,0.1476,736.1102,747.2321,0.008175,0.1043,0.1318,AVANZAR
2296,114.8,65.54,62.5,66.39,62.46,64.45,72.07,0.1477,0.1476,736.5121,747.634,0.008239,0.1029,0.1318,AVANZAR
2297,114.85,73.55,68.69,69.32,68.81,66.82,65.31,0.1474,0.1475,736.914,748.0359,0.008239,0.1016,0.1318,AVANZAR
2298,114.9,66.0,66.69,59.79,68.26,65.04,66.46,0.1476,0.1475,737.316,748.4316,0.008175,0.1005,0.1318,AVANZAR
2299,114.95,61.38,69.04,69.54,66.31,63.19,69.22,0.1476,0.1476,737.7179,748.8335,0.008239,0.0996,0.1318,GIRAR_IZQUIERDA
2300,115.0,64.95,65.15,72.12,69.99,71.12,68.54,0.1476,0.1476,737.5232,749.0282,-0.0,0.1059,0.1318,AVANZAR
2301,115.05,70.99,67.47,64.88,71.69,66.02,70.44,0.1475,0.1475,737.9251,749.4238,0.008175,0.1043,0.1318,AVANZAR
2302,115.1,58.85,71.88,66.36,66.33,62.15,63.68,0.1476,0.1476,738.327,749.8257,0.008239,0.1029,0.1318,AVANZAR
2303,115.15,65.95,68.01,66.41,68.09,67.49,66.24,0.1475,0.1476,738.7227,750.2276,0.008175,0.1016,0.1318,AVANZAR
2304,115.2,70.35,70.98,66.84,63.15,68.17,68.56,0.1474,0.1475,739.1246,750.6296,0.008239,0.1005,0.1318,AVANZAR
2305,115.25,64.6,64.96,62.37,68.7,63.29,63.66,0.1476,0.1475,739.5265,751.0315,0.008239,0.0996,0.1318,GIRAR_IZQUIERDA
2306,115.3,72.34,72.76,70.07,67.23,60.07,66.27,0.1473,0.1475,739.3318,751.2199,-6.4e-05,0.1059,0.1318,AVANZAR
2307,115.35,64.7,72.24,59.94,66.44,64.18,81.48,0.1475,0.1475,739.7338,751.6218,0.008239,0.1042,0.1318,AVANZAR
2308,115.4,68.5,62.85,72.49,67.21,67.9,64.83,0.1476,0.1475,740.1357,752.0237,0.008239,0.1028,0.1318,AVANZAR
2309,115.45,63.71,72.1,64.86,67.67,64.63,67.44,0.1475,0.1475,740.5376,752.4194,0.008175,0.1016,0.1318,AVANZAR
2310,115.5,73.7,65.88,65.76,69.19,108.73,69.05,0.1474,0.1475,740.9332,752.8213,0.008175,0.1005,0.1318,AVANZAR
2311,115.55,72.84,65.88,67.31,65.46,219.29,70.14,0.1475,0.1475,741.3352,753.2232,0.008239,0.0996,0.1318,GIRAR_DERECHA
2312,115.6,63.65,71.25,68.36,73.8,361.71,65.59,0.1475,0.1475,741.5298,753.0285,0.0,0.1059,0.1318,AVANZAR
2313,115.65,70.81,68.95,68.36,69.33,109.11,65.33,0.1474,0.1475,741.9318,753.4304,0.008239,0.1042,0.1318,AVANZAR
2314,115.7,58.09,64.88,71.79,70.05,66.01,72.61,0.1477,0.1476,742.3274,753.8324,0.008175,0.1029,0.1318,AVANZAR
2315,115.75,62.86,66.24,72.18,66.1,68.29,65.05,0.1476,0.1476,742.7293,754.2343,0.008239,0.1016,0.1318,AVANZAR
2316,115.8,64.85,64.74,73.37,73.71,72.74,70.5,0.1476,0.1476,743.1312,754.6299,0.008175,0.1006,0.1318,AVANZAR
2317,115.85,68.57,68.86,71.25,68.38,69.6,63.27,0.1475,0.1476,743.5332,755.0318,0.008239,0.0996,0.1318,GIRAR_IZQUIERDA
2318,115.9,63.82,62.75,71.82,68.88,64.55,63.61,0.1477,0.1476,743.3385,755.2265,0.0,0.1059,0.1318,AVANZAR
2319,115.95,70.95,66.88,69.94,60.88,74.41,71.11,0.1475,0.1476,743.7404,755.6284,0.008239,0.1043,0.1318,AVANZAR
2320,116.0,62.37,69.35,64.48,66.82,73.79,69.85,0.1476,0.1476,744.1423,756.0241,0.008175,0.1029,0.1318,AVANZAR
2321,116.05,70.9,66.63,66.31,66.07,65.99,71.69,0.1475,0.1475,744.538,756.426,0.008175,0.1016,0.1318,AVANZAR
2322,116.1,67.18,74.79,71.15,68.53,64.5,69.17,0.1474,0.1475,744.9399,756.8279,0.008239,0.1005,0.1318,AVANZAR
2323,116.15,63.64,67.11,66.16,65.59,64.86,65.01,0.1476,0.1475,745.3418,757.2298,0.008239,0.0996,0.1318,GIRAR_IZQUIERDA
2324,116.2,62.95,69.94,66.24,69.51,61.78,74.17,0.1476,0.1475,745.1471,757.4182,-6.4e-05,0.106,0.1318,AVANZAR
2325,116.25,69.56,65.75,71.86,68.53,71.06,66.09,0.1475,0.1475,745.549,757.8202,0.008239,0.1043,0.1318,AVANZAR
2326,116.3,66.31,70.38,63.44,70.48,73.47,68.86,0.1475,0.1475,745.951,758.2221,0.008239,0.1028,0.1318,AVANZAR
2327,116.35,65.73,62.12,69.66,65.82,66.27,68.23,0.1477,0.1476,746.3529,758.6177,0.008175,0.1016,0.1318,AVANZAR
2328,116.4,64.4,63.43,59.85,68.51,67.28,68.27,0.1477,0.1476,746.7485,759.0196,0.008175,0.1006,0.1318,AVANZAR
2329,116.45,68.8,66.45,65.66,67.73,72.4,69.92,0.1475,0.1476,747.1504,759.4216,0.008239,0.0996,0.1318,GIRAR_DERECHA
2330,116.5,60.34,67.41,67.87,64.03,61.45,68.95,0.1477,0.1476,747.3451,759.2269,0.0,0.106,0.1318,AVANZAR
2331,116.55,63.34,65.01,66.44,66.4,65.79,64.42,0.1476,0.1476,747.747,759.6288,0.008239,0.1043,0.1318,AVANZAR
2332,116.6,69.82,67.62,70.19,68.02,68.87,64.43,0.1475,0.1476,748.1427,760.0307,0.008175,0.1029,0.1318,AVANZAR
2333,116.65,65.6,69.58,67.09,70.22,76.65,66.41,0.1475,0.1476,748.5446,760.4326,0.008239,0.1016,0.1318,AVANZAR
2334,116.7,64.53,60.8,67.46,62.36,69.71,69.15,0.1477,0.1476,748.9465,760.8283,0.008175,0.1006,0.1318,AVANZAR
2335,116.75,66.88,63.7,67.49,72.87,67.17,71.97,0.1476,0.1476,749.3484,761.2302,0.008239,0.0996,0.1318,GIRAR_IZQUIERDA
2336,116.8,72.64,58.98,65.05,70.21,70.34,64.96,0.1476,0.1476,749.1538,761.4249,0.0,0.106,0.1318,AVANZAR
2337,116.85,67.06,65.19,61.2,70.76,64.83,66.97,0.1476,0.1476,749.5557,761.8268,0.008239,0.1043,0.1318,AVANZAR
2338,116.9,64.41,62.7,62.59,76.22,65.66,65.36,0.1477,0.1476,749.9576,762.2224,0.008175,0.1029,0.1318,AVANZAR
2339,116.95,76.1,72.37,68.44,68.66,64.18,66.23,0.1473,0.1475,750.3532,762.6244,0.008175,0.1017,0.1318,AVANZAR
2340,117.0,68.46,71.99,66.76,59.58,68.72,67.47,0.1474,0.1475,750.7552,763.0263,0.008239,0.1005,0.1318,AVANZAR
2341,117.05,63.62,62.96,67.44,68.83,61.61,65.55,0.1477,0.1475,751.1571,763.4282,0.008239,0.0996,0.1318,GIRAR_IZQUIERDA
2342,117.1,68.2,71.71,66.53,75.82,66.33,67.81,0.1474,0.1475,750.9624,763.6166,-6.4e-05,0.106,0.1318,AVANZAR
2343,117.15,71.33,72.3,65.51,68.34,64.9,62.25,0.1474,0.1475,751.3643,764.0185,0.008239,0.1043,0.1318,AVANZAR
2344,117.2,62.19,67.18,71.76,67.25,68.64,69.56,0.1476,0.1475,751.7662,764.4204,0.008239,0.1028,0.1318,AVANZAR
2345,117.25,65.27,63.81,67.32,67.12,61.4,61.34,0.1476,0.1476,752.1682,764.8161,0.008175,0.1016,0.1318,AVANZAR
2346,117.3,71.72,62.23,65.52,69.17,72.42,71.57,0.1475,0.1476,752.5638,765.218,0.008175,0.1006,0.1318,AVANZAR
2347,117.35,64.49,67.79,66.25,64.47,66.57,63.13,0.1476,0.1476,752.9657,765.6199,0.008239,0.0996,0.1318,GIRAR_IZQUIERDA
2348,117.4,67.64,68.7,67.52,71.89,73.51,65.57,0.1475,0.1475,752.7773,765.8146,6.4e-05,0.1059,0.1318,AVANZAR
2349,117.45,69.93,68.36,65.76,69.78,67.06,66.77,0.1475,0.1475,753.173,766.2102,0.008111,0.1043,0.1318,AVANZAR
2350,117.5,72.91,68.91,65.73,66.87,64.04,66.99,0.1474,0.1475,753.5749,766.6122,0.008239,0.1028,0.1318,AVANZAR
2351,117.55,67.17,72.15,61.68,70.54,69.25,63.29,0.1474,0.1475,753.9768,767.0141,0.008239,0.1016,0.1318,AVANZAR
2352,117.6,85.74,68.35,67.34,67.8,63.66,68.89,0.1472,0.1474,754.3787,767.416,0.008239,0.1004,0.1318,AVANZAR
2353,117.65,113.76,362.92,67.18,66.4,71.38,68.58,0.1413,0.1456,754.7744,767.8116,0.008111,0.0988,0.1318,GIRAR_DERECHA
2354,117.7,66.66,387.26,68.97,70.45,66.64,63.67,0.1417,0.1444,754.969,767.617,-0.0,0.1044,0.1318,AVANZAR
2355,117.75,105.31,787.62,70.4,63.16,66.72,65.71,0.1337,0.1412,755.3647,768.0189,0.008175,0.1012,0.1318,AVANZAR
2356,117.8,113.23,530.4,69.59,65.7,63.78,68.12,0.1382,0.1403,755.7666,768.4208,0.008239,0.0989,0.1318,GIRAR_IZQUIERDA
2357,117.85,152.08,539.25,69.53,69.2,66.37,63.95,0.1373,0.1394,755.5782,768.6092,0.0,0.104,0.1318,AVANZAR
2358,117.9,148.48,540.07,64.97,68.12,64.38,67.38,0.1374,0.1388,755.9738,769.0111,0.008175,0.1013,0.1318,AVANZAR
2359,117.95,143.97,471.96,69.3,64.85,65.69,68.93,0.1387,0.1388,756.3758,769.413,0.008239,0.0991,0.1318,GIRAR_DERECHA
2360,118.0,105.9,504.38,67.71,66.01,68.79,72.55,0.1388,0.1388,756.5704,769.2246,6.4e-05,0.1042,0.1318,AVANZAR
2361,118.05,101.4,447.81,69.65,65.78,63.05,71.02,0.1399,0.1391,756.9724,769.6203,0.008175,0.1018,0.1318,AVANZAR
2362,118.1,108.62,451.58,72.65,69.59,66.82,68.31,0.1397,0.1393,757.368,770.0222,0.008175,0.0997,0.1318,GIRAR_IZQUIERDA
2363,118.15,143.2,441.4,66.73,70.29,75.54,67.93,0.1393,0.1393,757.1796,770.2169,6.4e-05,0.1049,0.1318,AVANZAR
2364,118.2,146.66,455.49,72.46,69.26,72.0,63.72,0.139,0.1392,757.5815,770.6125,0.008175,0.1023,0.1318,AVANZAR
2365,118.25,143.46,441.16,68.38,67.65,67.15,64.09,0.1393,0.1392,757.9772,771.0144,0.008175,0.1001,0.1318,AVANZAR
2366,118.3,150.05,452.57,63.33,65.63,66.04,71.04,0.139,0.1392,758.3791,771.4164,0.008239,0.098,0.1318,GIRAR_DERECHA
2367,118.35,98.42,453.2,66.15,62.65,66.32,312.8,0.1399,0.1394,758.5738,771.2217,-0.0,0.1036,0.1318,AVANZAR
2368,118.4,109.28,442.19,68.09,69.94,63.56,299.25,0.1399,0.1395,758.9694,771.6236,0.008175,0.1012,0.1318,AVANZAR
2369,118.45,108.12,453.13,66.01,64.73,70.86,307.97,0.1397,0.1396,759.3713,772.0255,0.008239,0.0992,0.1318,GIRAR_DERECHA
2370,118.5,66.38,352.97,68.48,57.08,74.57,432.57,0.1423,0.1404,759.566,771.8308,0.0,0.1049,0.1318,AVANZAR
2371,118.55,63.61,364.92,70.34,66.27,65.66,413.17,0.1422,0.1409,759.9679,772.2328,0.008239,0.1026,0.1318,AVANZAR
2372,118.6,67.83,361.38,64.66,66.66,68.99,422.01,0.1421,0.1413,760.3636,772.6347,0.008175,0.1007,0.1318,AVANZAR
2373,118.65,67.84,357.19,66.91,72.01,68.64,434.37,0.1422,0.1416,760.7655,773.0366,0.008239,0.099,0.1318,GIRAR_DERECHA
2374,118.7,66.63,303.24,68.31,67.21,68.08,674.42,0.1432,0.1421,760.9602,772.8482,6.4e-05,0.1048,0.1318,AVANZAR
2375,118.75,66.84,301.04,67.97,63.11,64.56,682.61,0.1433,0.1424,761.3558,773.2438,0.008111,0.1028,0.1318,AVANZAR
2376,118.8,64.26,339.78,63.21,65.19,59.7,791.39,0.1426,0.1425,761.7577,773.6458,0.008239,0.1009,0.1318,AVANZAR
2377,118.85,58.91,293.72,67.86,70.02,63.41,639.07,0.1435,0.1428,762.1596,774.0477,0.008239,0.0994,0.1318,GIRAR_DERECHA
2378,118.9,67.2,190.9,76.5,63.89,64.21,1188.5,0.1453,0.1435,762.3543,773.853,0.0,0.1054,0.1318,AVANZAR
2379,118.95,69.44,198.06,73.77,69.45,65.4,930.79,0.1451,0.144,762.75,774.2549,0.008175,0.1036,0.1318,AVANZAR
2380,119.0,64.79,194.44,71.14,72.65,62.37,977.94,0.1453,0.1444,763.1519,774.6568,0.008239,0.1019,0.1318,AVANZAR
2381,119.05,63.9,208.22,65.72,62.76,62.02,1153.66,0.145,0.1446,763.5538,775.0588,0.008239,0.1004,0.1318,AVANZAR
2382,119.1,66.14,204.86,76.84,65.75,66.79,894.16,0.145,0.1447,763.9557,775.4544,0.008175,0.0992,0.1318,GIRAR_DERECHA
2383,119.15,72.18,67.01,66.55,66.27,118.4,839.97,0.1475,0.1455,764.1441,775.266,0.0,0.1056,0.1318,AVANZAR
2384,119.2,69.58,69.52,69.53,70.13,124.16,1051.91,0.1475,0.1461,764.546,775.6679,0.008239,0.1039,0.1318,AVANZAR
2385,119.25,71.41,66.48,65.6,62.62,134.65,849.67,0.1475,0.1465,764.948,776.0636,0.008175,0.1026,0.1318,AVANZAR
2386,119.3,70.94,66.22,64.91,65.96,119.38,1021.18,0.1475,0.1468,765.3499,776.4655,0.008239,0.1013,0.1318,AVANZAR
2387,119.35,64.17,61.59,67.43,63.76,112.32,64.55,0.1477,0.1471,765.7455,776.8674,0.008175,0.1003,0.1318,AVANZAR
2388,119.4,63.53,68.38,65.43,66.13,132.76,68.63,0.1476,0.1472,766.1474,777.2693,0.008239,0.0994,0.1318,GIRAR_DERECHA
2389,119.45,62.81,69.87,65.37,67.5,195.93,68.95,0.1476,0.1473,766.3421,777.0746,0.0,0.1058,0.1318,AVANZAR
2390,119.5,63.47,62.37,63.73,68.64,223.66,66.15,0.1477,0.1474,766.7378,777.4766,0.008175,0.1042,0.1318,AVANZAR
2391,119.55,69.23,61.65,68.95,71.79,345.88,69.98,0.1476,0.1475,767.1397,777.8785,0.008239,0.1028,0.1318,AVANZAR
2392,119.6,63.94,65.89,74.6,66.76,69.09,67.11,0.1476,0.1475,767.5416,778.2741,0.008175,0.1016,0.1318,AVANZAR
2393,119.65,69.53,62.94,68.53,71.59,66.71,69.32,0.1476,0.1475,767.9372,778.676,0.008175,0.1005,0.1318,AVANZAR
2394,119.7,70.27,67.95,69.18,65.34,67.49,72.61,0.1475,0.1475,768.3392,779.078,0.008239,0.0996,0.1318,GIRAR_DERECHA
2395,119.75,66.25,68.15,71.55,68.88,66.45,58.53,0.1475,0.1475,768.5338,778.8833,0.0,0.1059,0.1318,AVANZAR
2396,119.8,63.33,65.52,63.15,66.72,66.78,68.6,0.1476,0.1476,768.9295,779.2852,0.008175,0.1043,0.1318,AVANZAR
2397,119.85,67.86,70.77,67.32,67.58,67.6,66.23,0.1475,0.1475,769.3314,779.6871,0.008239,0.1028,0.1318,AVANZAR
2398,119.9,67.6,67.32,71.44,69.06,66.14,67.02,0.1475,0.1475,769.7333,780.089,0.008239,0.1016,0.1318,AVANZAR
2399,119.95,65.53,63.12,66.03,67.12,62.81,68.2,0.1476,0.1476,770.1352,780.4847,0.008175,0.1005,0.1318,AVANZAR
2400,120.0,71.2,68.22,66.47,67.83,70.82,66.52,0.1474,0.1475,770.5309,780.8866,0.008175,0.0996,0.1318,GIRAR_DERECHA
2401,120.05,64.94,61.21,65.24,67.03,77.36,65.46,0.1477,0.1476,770.7256,780.6919,-0.0,0.106,0.1318,AVANZAR
2402,120.1,64.93,64.2,65.92,62.46,70.76,63.79,0.1476,0.1476,771.1275,781.0938,0.008239,0.1043,0.1318,AVANZAR
2403,120.15,66.91,67.19,66.62,63.27,64.56,68.23,0.1475,0.1476,771.5231,781.4958,0.008175,0.1029,0.1318,AVANZAR
2404,120.2,67.65,66.67,60.12,68.17,63.27,75.48,0.1475,0.1476,771.925,781.8977,0.008239,0.1016,0.1318,AVANZAR
2405,120.25,64.76,72.34,68.59,73.86,64.28,70.06,0.1475,0.1475,772.327,782.2996,0.008239,0.1005,0.1318,AVANZAR
2406,120.3,72.46,65.52,68.24,67.36,69.66,67.3,0.1475,0.1475,772.7289,782.6952,0.008175,0.0996,0.1318,GIRAR_DERECHA
2407,120.35,67.8,62.88,65.71,66.47,66.71,64.7,0.1476,0.1475,772.9173,782.5068,0.0,0.1059,0.1318,AVANZAR
2408,120.4,69.61,69.5,66.56,63.95,68.99,68.42,0.1475,0.1475,773.3192,782.9088,0.008239,0.1042,0.1318,AVANZAR
2409,120.45,70.08,65.01,66.63,70.79,59.89,71.36,0.1475,0.1475,773.7211,783.3044,0.008175,0.1029,0.1318,AVANZAR
2410,120.5,69.87,69.16,67.04,67.24,67.36,68.07,0.1475,0.1475,774.123,783.7063,0.008239,0.1016,0.1318,AVANZAR
2411,120.55,65.59,65.93,70.21,69.12,71.48,66.43,0.1476,0.1475,774.5187,784.1082,0.008175,0.1005,0.1318,AVANZAR
2412,120.6,67.35,69.87,63.13,70.74,68.19,69.88,0.1475,0.1475,774.9206,784.5102,0.008239,0.0996,0.1318,GIRAR_DERECHA
2413,120.65,64.91,64.26,69.14,64.23,64.81,64.01,0.1476,0.1476,775.1153,784.3155,-0.0,0.1059,0.1318,AVANZAR
2414,120.7,68.08,62.1,66.21,61.53,68.83,71.1,0.1476,0.1476,775.5109,784.7174,0.008175,0.1043,0.1318,AVANZAR
2415,120.75,71.94,64.26,69.41,67.28,68.21,63.15,0.1475,0.1476,775.9128,785.1193,0.008239,0.1028,0.1318,AVANZAR
2416,120.8,74.81,64.67,73.88,71.41,70.2,63.17,0.1474,0.1475,776.3148,785.515,0.008175,0.1016,0.1318,AVANZAR
2417,120.85,68.92,59.68,68.46,65.59,65.77,68.56,0.1476,0.1476,776.7167,785.9169,0.008239,0.1005,0.1318,AVANZAR
2418,120.9,68.87,68.2,65.58,67.97,67.93,72.34,0.1475,0.1475,777.1186,786.3188,0.008239,0.0996,0.1318,GIRAR_DERECHA
2419,120.95,71.08,69.44,66.99,59.15,69.39,63.57,0.1474,0.1475,777.307,786.1304,0.0,0.1059,0.1318,AVANZAR
2420,121.0,64.14,70.87,70.22,63.99,63.48,68.0,0.1475,0.1475,777.7089,786.526,0.008175,0.1043,0.1318,AVANZAR
2421,121.05,65.24,64.47,59.93,67.91,67.92,66.21,0.1476,0.1475,778.1108,786.928,0.008239,0.1028,0.1318,AVANZAR
2422,121.1,65.79,68.25,70.1,71.12,67.21,65.21,0.1475,0.1475,778.5065,787.3299,0.008175,0.1016,0.1318,AVANZAR
2423,121.15,67.87,66.45,70.22,71.03,68.7,64.27,0.1475,0.1475,778.9084,787.7318,0.008239,0.1005,0.1318,AVANZAR
2424,121.2,64.47,70.3,63.41,65.09,62.79,66.85,0.1475,0.1475,779.3103,788.1274,0.008175,0.0996,0.1318,GIRAR_DERECHA
2425,121.25,63.79,65.76,66.68,68.46,72.31,73.17,0.1476,0.1476,779.4987,787.939,0.0,0.1059,0.1318,AVANZAR
2426,121.3,67.54,67.8,61.48,73.31,69.03,61.33,0.1475,0.1476,779.9006,788.341,0.008239,0.1043,0.1318,AVANZAR
2427,121.35,70.82,64.95,68.9,62.74,64.14,61.14,0.1475,0.1475,780.3026,788.7366,0.008175,0.1029,0.1318,AVANZAR
2428,121.4,66.97,66.56,64.59,62.4,68.76,63.21,0.1476,0.1475,780.7045,789.1385,0.008239,0.1016,0.1318,AVANZAR
2429,121.45,71.52,64.13,69.05,67.43,63.4,65.4,0.1475,0.1475,781.1001,789.5404,0.008175,0.1006,0.1318,AVANZAR
2430,121.5,62.04,64.47,67.44,69.99,59.92,64.71,0.1477,0.1476,781.502,789.9424,0.008239,0.0996,0.1318,GIRAR_IZQUIERDA
2431,121.55,60.97,65.62,70.73,66.13,61.82,69.25,0.1477,0.1476,781.3136,790.1308,0.0,0.1059,0.1318,AVANZAR
2432,121.6,71.66,67.16,66.59,68.1,66.71,64.56,0.1475,0.1476,781.7093,790.5327,0.008175,0.1043,0.1318,AVANZAR
2433,121.65,61.3,63.74,69.13,66.8,62.93,70.33,0.1477,0.1476,782.1112,790.9346,0.008239,0.1029,0.1318,AVANZAR
2434,121.7,68.24,61.08,70.77,66.24,77.02,64.01,0.1476,0.1476,782.5131,791.3365,0.008239,0.1016,0.1318,AVANZAR
2435,121.75,68.41,58.03,65.65,61.59,67.93,65.02,0.1477,0.1476,782.915,791.7322,0.008175,0.1006,0.1318,AVANZAR
2436,121.8,70.16,72.88,69.79,67.8,67.61,71.37,0.1474,0.1476,783.317,792.1341,0.008239,0.0996,0.1318,GIRAR_DERECHA
2437,121.85,68.35,70.16,67.4,68.91,66.87,65.98,0.1475,0.1475,783.5054,791.9457,0.0,0.1059,0.1318,AVANZAR
2438,121.9,64.48,60.94,69.12,62.25,68.22,63.16,0.1477,0.1476,783.9073,792.3413,0.008175,0.1043,0.1318,AVANZAR
2439,121.95,62.96,68.14,71.63,68.82,62.13,59.51,0.1476,0.1476,784.3092,792.7432,0.008239,0.1029,0.1318,AVANZAR
2440,122.0,71.7,96.22,62.99,68.25,66.1,70.42,0.1469,0.1474,784.7048,793.1452,0.008175,0.1016,0.1318,AVANZAR
2441,122.05,74.54,121.9,65.9,63.11,68.25,105.74,0.1464,0.1471,785.1068,793.5471,0.008239,0.1003,0.1318,AVANZAR
2442,122.1,86.86,151.0,64.71,63.8,61.75,123.59,0.1456,0.1467,785.5087,793.9427,0.008175,0.0992,0.1318,GIRAR_DERECHA
2443,122.15,68.48,145.18,63.66,64.18,70.77,142.83,0.1461,0.1465,785.6971,793.7543,0.0,0.1054,0.1318,AVANZAR
2444,122.2,72.01,193.87,68.49,63.3,63.96,190.17,0.1451,0.1461,786.099,794.1562,0.008239,0.1035,0.1318,AVANZAR
2445,122.25,111.53,321.33,66.22,60.32,63.19,325.35,0.1421,0.1449,786.5009,794.5519,0.008175,0.1015,0.1318,AVANZAR
2446,122.3,170.85,877.33,69.33,71.49,66.14,961.11,0.1308,0.1407,786.9028,794.9538,0.008239,0.0982,0.1318,GIRAR_DERECHA
2447,122.35,125.54,568.71,67.17,67.79,133.33,1332.73,0.1373,0.1396,787.0912,794.7654,0.0,0.1033,0.1318,AVANZAR
2448,122.4,147.69,1772.77,72.09,63.48,179.84,2651.51,0.1148,0.1322,787.4932,795.161,0.008175,0.0977,0.1318,GIRAR_DERECHA
2449,122.45,141.82,1613.4,70.41,74.52,200.38,2551.43,0.1179,0.1279,787.6816,794.9726,0.0,0.1004,0.1318,AVANZAR
2450,122.5,124.36,986.44,61.02,64.6,153.47,1841.14,0.1297,0.1284,788.0835,795.3746,0.008239,0.0971,0.1318,GIRAR_DERECHA
2451,122.55,63.9,590.18,64.4,66.86,253.39,1984.65,0.138,0.1313,788.2782,795.1799,0.0,0.1025,0.1318,AVANZAR
2452,122.6,66.48,580.9,69.52,69.05,329.61,2171.45,0.1381,0.1334,788.6801,795.5818,0.008239,0.1,0.1318,AVANZAR
2453,122.65,59.69,568.92,64.76,67.4,333.64,2159.07,0.1385,0.1349,789.0757,795.9837,0.008175,0.098,0.1318,GIRAR_DERECHA
2454,122.7,69.1,338.45,64.63,68.22,522.01,2053.66,0.1425,0.1372,789.2704,795.789,0.0,0.1039,0.1318,AVANZAR
2455,122.75,70.69,349.27,61.74,69.85,519.91,2058.02,0.1423,0.1387,789.6723,796.191,0.008239,0.1018,0.1318,AVANZAR
2456,122.8,65.02,358.19,65.94,72.14,494.31,2056.35,0.1423,0.1398,790.068,796.5929,0.008175,0.1,0.1318,AVANZAR
2457,122.85,71.4,346.82,70.31,60.12,501.91,2055.46,0.1423,0.1406,790.4699,796.9948,0.008239,0.0984,0.1318,GIRAR_DERECHA
2458,122.9,66.82,222.36,63.82,66.14,955.38,1810.71,0.1447,0.1418,790.6646,796.8001,0.0,0.1045,0.1318,AVANZAR
2459,122.95,68.48,212.1,66.2,70.14,815.02,1716.76,0.1449,0.1427,791.0665,797.202,0.008239,0.1027,0.1318,AVANZAR
2460,123.0,71.55,223.57,64.29,66.37,928.63,1748.96,0.1446,0.1433,791.4621,797.604,0.008175,0.1011,0.1318,AVANZAR
2461,123.05,65.02,228.4,69.81,66.24,915.82,1792.14,0.1446,0.1437,791.864,797.9996,0.008175,0.0998,0.1318,GIRAR_DERECHA
2462,123.1,65.04,131.57,67.87,67.27,1432.71,1349.06,0.1464,0.1445,792.0587,797.8112,6.4e-05,0.1058,0.1318,AVANZAR
2463,123.15,67.64,132.0,71.71,66.12,1426.92,1377.23,0.1463,0.1451,792.4544,798.2131,0.008175,0.1041,0.1318,AVANZAR
2464,123.2,71.79,129.76,71.96,67.35,1441.55,1395.12,0.1463,0.1454,792.8563,798.6088,0.008175,0.1026,0.1318,AVANZAR
2465,123.25,63.02,134.69,68.91,63.87,1432.95,1361.37,0.1464,0.1457,793.2582,799.0107,0.008239,0.1012,0.1318,AVANZAR
2466,123.3,65.54,138.55,60.74,68.62,1443.99,1350.67,0.1463,0.1459,793.6601,799.4126,0.008239,0.1,0.1318,GIRAR_DERECHA
2467,123.35,69.22,63.62,74.04,64.96,1658.81,612.56,0.1476,0.1464,793.8485,799.2179,-6.4e-05,0.1063,0.1318,AVANZAR
2468,123.4,61.84,65.93,76.89,65.36,1628.21,579.84,0.1477,0.1468,794.2504,799.6198,0.008239,0.1046,0.1318,AVANZAR
2469,123.45,71.61,70.44,76.79,65.64,1626.47,560.72,0.1474,0.147,794.6524,800.0218,0.008239,0.1031,0.1318,AVANZAR
2470,123.5,62.79,66.17,66.64,60.78,1639.72,607.95,0.1476,0.1472,795.0543,800.4237,0.008239,0.1018,0.1318,AVANZAR
2471,123.55,64.44,69.89,65.02,65.99,1647.93,582.01,0.1475,0.1473,795.4499,800.8256,0.008175,0.1007,0.1318,AVANZAR
2472,123.6,61.61,65.55,70.78,67.06,1656.22,586.2,0.1477,0.1474,795.8518,801.2212,0.008175,0.0998,0.1318,GIRAR_DERECHA
2473,123.65,71.99,69.68,73.26,68.28,1725.61,369.71,0.1474,0.1474,796.0465,801.0328,6.4e-05,0.106,0.1318,AVANZAR
2474,123.7,66.67,67.72,68.52,68.05,1689.32,459.43,0.1475,0.1474,796.4422,801.4348,0.008175,0.1044,0.1318,AVANZAR
2475,123.75,59.0,66.88,72.31,66.48,1662.01,616.06,0.1477,0.1475,796.8441,801.8304,0.008175,0.103,0.1318,AVANZAR
2476,123.8,69.24,62.06,69.31,66.64,1640.96,569.15,0.1476,0.1475,797.246,802.2323,0.008239,0.1017,0.1318,AVANZAR
2477,123.85,67.11,67.64,72.03,65.95,1650.34,610.11,0.1475,0.1475,797.6479,802.6342,0.008239,0.1006,0.1318,AVANZAR
2478,123.9,72.63,67.32,64.54,67.45,1653.34,546.18,0.1474,0.1475,798.0498,803.0362,0.008239,0.0996,0.1318,GIRAR_DERECHA
2479,123.95,63.81,65.5,67.94,64.54,1699.58,346.69,0.1476,0.1475,798.2382,802.8415,-6.4e-05,0.106,0.1318,AVANZAR
2480,124.0,68.04,72.32,72.04,69.7,1717.85,346.45,0.1474,0.1475,798.6402,803.2434,0.008239,0.1043,0.1318,AVANZAR
2481,124.05,64.27,62.52,70.9,66.49,1712.92,346.24,0.1477,0.1476,799.0421,803.6453,0.008239,0.1029,0.1318,AVANZAR
2482,124.1,66.34,67.19,65.56,65.37,1737.38,349.08,0.1476,0.1476,799.4377,804.0472,0.008175,0.1017,0.1318,AVANZAR
2483,124.15,68.82,66.73,60.54,73.0,1706.44,342.07,0.1475,0.1475,799.8396,804.4429,0.008175,0.1006,0.1318,AVANZAR
2484,124.2,69.61,69.19,71.07,71.33,1720.07,350.33,0.1475,0.1475,800.2416,804.8448,0.008239,0.0996,0.1318,GIRAR_DERECHA
2485,124.25,73.36,62.68,70.77,63.28,1647.44,212.5,0.1475,0.1475,800.43,804.6564,0.0,0.1059,0.1318,AVANZAR
2486,124.3,63.63,65.85,65.39,66.77,1497.23,185.75,0.1476,0.1476,800.8319,805.052,0.008175,0.1043,0.1318,AVANZAR
2487,124.35,62.5,67.28,66.12,66.87,1229.69,171.58,0.1476,0.1476,801.2338,805.454,0.008239,0.1029,0.1318,AVANZAR
2488,124.4,64.13,69.7,73.23,68.72,931.31,147.66,0.1475,0.1476,801.6357,805.8559,0.008239,0.1016,0.1318,AVANZAR
2489,124.45,70.38,67.74,61.3,61.62,662.58,150.64,0.1475,0.1475,802.0376,806.2578,0.008239,0.1005,0.1318,AVANZAR
2490,124.5,66.91,68.09,71.04,69.14,568.42,148.39,0.1475,0.1475,802.4333,806.6534,0.008111,0.0997,0.1318,GIRAR_DERECHA
2491,124.55,69.27,68.59,63.61,63.9,488.01,72.08,0.1475,0.1475,802.628,806.465,6.4e-05,0.1059,0.1318,AVANZAR
2492,124.6,69.28,67.23,70.05,60.14,375.83,68.89,0.1475,0.1475,803.0299,806.867,0.008239,0.1042,0.1318,AVANZAR
2493,124.65,66.2,91.96,63.75,68.41,312.84,64.2,0.1471,0.1474,803.4255,807.2626,0.008111,0.1028,0.1318,AVANZAR
2494,124.7,66.75,116.24,66.36,68.34,271.79,92.18,0.1466,0.1472,803.8274,807.6645,0.008239,0.1015,0.1318,AVANZAR
2495,124.75,113.51,148.27,67.78,64.21,240.51,109.63,0.1452,0.1466,804.2294,808.0664,0.008239,0.1001,0.1318,AVANZAR
2496,124.8,133.94,234.23,71.81,68.41,210.09,152.98,0.1433,0.1456,804.6313,808.4684,0.008239,0.0986,0.1318,GIRAR_DERECHA
2497,124.85,115.67,229.87,64.16,71.19,178.79,198.21,0.1437,0.145,804.8197,808.2737,-6.4e-05,0.1046,0.1318,AVANZAR
2498,124.9,139.85,343.07,69.1,61.93,159.19,288.31,0.1412,0.1439,805.2216,808.6756,0.008239,0.1023,0.1318,AVANZAR
2499,124.95,231.3,1242.62,65.41,66.99,134.37,795.48,0.123,0.1376,805.6235,809.0775,0.008239,0.0978,0.1318,GIRAR_DERECHA
2500,125.0,165.95,1267.63,68.38,64.44,116.34,1533.82,0.1238,0.1334,805.8119,808.8828,-6.4e-05,0.1013,0.1318,AVANZAR
2501,125.05,149.71,1191.3,71.78,68.54,111.55,1551.88,0.1254,0.131,806.2138,809.2848,0.008239,0.0973,0.1318,GIRAR_DERECHA
2502,125.1,191.51,1736.79,68.62,67.23,138.11,2080.36,0.1147,0.1261,806.4022,809.0964,0.0,0.0996,0.1318,GIRAR_DERECHA
2503,125.15,109.91,1250.59,64.28,64.66,216.7,2164.3,0.1251,0.1258,806.5969,808.9017,0.0,0.103,0.1318,AVANZAR
2504,125.2,106.54,1210.79,68.34,68.26,209.18,2124.53,0.1259,0.1258,806.9988,809.3036,0.008239,0.0988,0.1318,GIRAR_DERECHA
2505,125.25,67.68,579.91,70.04,70.89,327.57,2121.36,0.1381,0.1295,807.1872,809.1089,-6.4e-05,0.1041,0.1318,AVANZAR
2506,125.3,68.47,596.97,66.09,69.69,323.29,2150.23,0.1378,0.132,807.5892,809.5108,0.008239,0.1014,0.1318,AVANZAR
2507,125.35,66.17,572.24,67.57,65.65,321.36,2147.8,0.1383,0.1339,807.9911,809.9128,0.008239,0.0991,0.1318,GIRAR_DERECHA
2508,125.4,71.12,367.81,68.74,68.51,480.26,2051.79,0.142,0.1363,808.1795,809.7181,-6.4e-05,0.1048,0.1318,AVANZAR
2509,125.45,65.7,364.41,65.18,69.86,463.58,2064.98,0.1421,0.1381,808.5814,810.12,0.008239,0.1026,0.1318,AVANZAR
2510,125.5,66.5,369.06,68.47,68.72,474.72,2066.79,0.142,0.1393,808.9833,810.5219,0.008239,0.1006,0.1318,AVANZAR
2511,125.55,68.09,375.57,74.97,59.49,491.62,2073.65,0.1419,0.14,809.3852,810.9238,0.008239,0.0989,0.1318,GIRAR_DERECHA
2512,125.6,68.4,229.64,68.96,70.17,835.19,1868.56,0.1445,0.1414,809.5736,810.7292,-6.4e-05,0.105,0.1318,AVANZAR
2513,125.65,61.46,238.4,67.36,60.85,871.72,1882.92,0.1445,0.1423,809.9756,811.1311,0.008239,0.103,0.1318,AVANZAR
2514,125.7,59.92,232.77,62.4,66.21,861.05,1879.09,0.1446,0.143,810.3775,811.533,0.008239,0.1014,0.1318,AVANZAR
2515,125.75,65.83,233.52,69.97,68.95,866.3,1872.36,0.1445,0.1435,810.7794,811.9349,0.008239,0.0999,0.1318,GIRAR_DERECHA
2516,125.8,69.93,147.56,63.67,64.18,1403.98,1472.41,0.146,0.1442,810.9678,811.7402,-6.4e-05,0.106,0.1318,AVANZAR
2517,125.85,72.07,146.08,65.33,66.15,1263.11,1393.83,0.146,0.1448,811.3697,812.1422,0.008239,0.1041,0.1318,AVANZAR
2518,125.9,69.6,140.4,65.78,69.98,1334.1,1446.15,0.1462,0.1452,811.7716,812.5441,0.008239,0.1025,0.1318,AVANZAR
2519,125.95,65.18,137.29,69.65,71.69,1333.82,1468.66,0.1463,0.1455,812.1673,812.9397,0.008111,0.1012,0.1318,AVANZAR
2520,126.0,64.62,153.06,67.12,68.0,1358.72,1475.45,0.146,0.1457,812.5692,813.3416,0.008239,0.1,0.1318,GIRAR_DERECHA
2521,126.05,76.38,75.35,66.43,75.05,1617.87,727.09,0.1472,0.1461,812.7639,813.1532,6.4e-05,0.1062,0.1318,AVANZAR
2522,126.1,74.3,80.25,62.73,72.52,1610.34,683.92,0.1472,0.1464,813.1595,813.5552,0.008175,0.1045,0.1318,AVANZAR
2523,126.15,69.34,77.41,62.89,65.39,1627.59,729.52,0.1473,0.1467,813.5614,813.9508,0.008175,0.103,0.1318,AVANZAR
2524,126.2,64.53,81.97,67.74,63.06,1627.91,751.07,0.1473,0.1469,813.9634,814.3527,0.008239,0.1017,0.1318,AVANZAR
2525,126.25,67.33,84.33,66.11,68.39,1633.3,712.73,0.1472,0.147,814.3653,814.7546,0.008239,0.1005,0.1318,AVANZAR
2526,126.3,67.25,76.1,67.22,67.67,1627.35,711.46,0.1474,0.1471,814.7672,815.1566,0.008239,0.0996,0.1318,GIRAR_DERECHA
2527,126.35,65.89,68.81,73.64,71.1,1717.53,400.01,0.1475,0.1472,814.9556,814.9619,-6.4e-05,0.1059,0.1318,AVANZAR
2528,126.4,67.88,65.26,66.95,69.53,1704.34,390.23,0.1476,0.1473,815.3575,815.3638,0.008239,0.1043,0.1318,AVANZAR
2529,126.45,69.23,72.43,62.91,64.8,1711.98,392.49,0.1474,0.1474,815.7532,815.7657,0.008175,0.1029,0.1318,AVANZAR
2530,126.5,65.61,63.65,70.44,71.74,1719.1,393.54,0.1476,0.1474,816.1551,816.1614,0.008175,0.1017,0.1318,AVANZAR
2531,126.55,64.96,69.5,69.34,72.1,1712.2,401.08,0.1475,0.1475,816.557,816.5633,0.008239,0.1006,0.1318,AVANZAR
2532,126.6,66.86,69.26,62.69,65.54,1709.69,395.1,0.1475,0.1475,816.9589,816.9652,0.008239,0.0996,0.1318,GIRAR_DERECHA
2533,126.65,72.48,71.58,72.04,68.83,1705.96,236.82,0.1474,0.1474,817.1473,816.7705,-6.4e-05,0.1059,0.1318,AVANZAR
2534,126.7,63.39,66.85,75.39,68.11,1604.56,235.07,0.1476,0.1475,817.5492,817.1724,0.008239,0.1043,0.1318,AVANZAR
2535,126.75,72.07,66.74,62.68,67.53,1453.54,218.14,0.1475,0.1475,817.9512,817.5744,0.008239,0.1028,0.1318,AVANZAR
2536,126.8,63.12,72.34,65.34,67.15,1281.75,209.54,0.1475,0.1475,818.3531,817.9763,0.008239,0.1015,0.1318,AVANZAR
2537,126.85,64.78,69.4,64.95,71.1,1096.76,191.44,0.1475,0.1475,818.7487,818.3719,0.008111,0.1006,0.1318,AVANZAR
2538,126.9,64.67,64.55,68.32,65.53,920.7,189.87,0.1476,0.1475,819.1506,818.7738,0.008239,0.0996,0.1318,GIRAR_DERECHA
2539,126.95,63.34,70.67,67.2,66.02,746.71,114.15,0.1475,0.1475,819.3453,818.5854,6.4e-05,0.1059,0.1318,AVANZAR
2540,127.0,65.41,61.76,62.5,63.73,515.74,105.96,0.1477,0.1476,819.7472,818.9874,0.008239,0.1042,0.1318,AVANZAR
2541,127.05,63.55,68.25,70.06,66.13,407.5,93.32,0.1476,0.1476,820.1429,819.383,0.008111,0.1029,0.1318,AVANZAR
2542,127.1,64.26,68.16,64.81,64.2,354.53,66.36,0.1476,0.1476,820.5448,819.7849,0.008239,0.1016,0.1318,AVANZAR
2543,127.15,69.96,69.42,69.83,66.3,306.26,67.14,0.1474,0.1475,820.9467,820.1868,0.008239,0.1005,0.1318,AVANZAR
2544,127.2,65.69,66.14,66.05,62.98,282.97,61.72,0.1476,0.1476,821.3486,820.5888,0.008239,0.0996,0.1318,GIRAR_DERECHA
2545,127.25,63.53,66.17,69.63,72.06,218.01,64.04,0.1476,0.1476,821.537,820.3941,-6.4e-05,0.106,0.1318,AVANZAR
2546,127.3,71.57,72.51,64.53,68.37,206.06,77.25,0.1474,0.1475,821.939,820.796,0.008239,0.1043,0.1318,AVANZAR
2547,127.35,69.71,70.59,71.22,65.52,155.3,62.5,0.1474,0.1475,822.3409,821.1979,0.008239,0.1028,0.1318,AVANZAR
2548,127.4,65.03,71.1,68.23,66.2,142.56,59.56,0.1475,0.1475,822.7365,821.5936,0.008111,0.1016,0.1318,AVANZAR
2549,127.45,62.5,64.64,64.37,68.87,133.02,70.51,0.1477,0.1475,823.1384,821.9955,0.008239,0.1006,0.1318,AVANZAR
2550,127.5,68.52,64.83,68.1,65.17,112.91,67.26,0.1476,0.1476,823.5404,822.3974,0.008239,0.0996,0.1318,GIRAR_DERECHA
2551,127.55,66.97,66.83,69.69,69.16,103.28,64.22,0.1475,0.1476,823.7288,822.2027,-6.4e-05,0.106,0.1318,AVANZAR
2552,127.6,67.39,63.44,63.82,70.04,91.69,64.23,0.1476,0.1476,824.1307,822.6046,0.008239,0.1043,0.1318,AVANZAR
2553,127.65,67.25,61.3,66.72,61.99,70.88,70.46,0.1476,0.1476,824.5326,823.0066,0.008239,0.1029,0.1318,AVANZAR
2554,127.7,64.8,57.98,67.78,68.63,70.36,67.99,0.1478,0.1476,824.9345,823.4085,0.008239,0.1016,0.1318,AVANZAR
2555,127.75,67.6,61.67,68.2,64.64,73.63,69.24,0.1476,0.1476,825.3364,823.8041,0.008175,0.1006,0.1318,AVANZAR
2556,127.8,68.95,70.38,67.72,67.57,65.79,65.04,0.1474,0.1476,825.7321,824.206,0.008175,0.0997,0.1318,GIRAR_IZQUIERDA
2557,127.85,67.31,68.01,74.14,66.36,68.54,67.44,0.1475,0.1476,825.5437,824.4007,6.4e-05,0.1059,0.1318,AVANZAR
2558,127.9,66.1,76.52,71.05,69.27,69.15,66.85,0.1474,0.1475,825.9456,824.8026,0.008239,0.1042,0.1318,AVANZAR
2559,127.95,69.17,69.13,66.71,64.66,69.97,67.8,0.1475,0.1475,826.3412,825.1983,0.008111,0.1029,0.1318,AVANZAR
2560,128.0,64.39,71.26,63.77,67.81,64.2,69.73,0.1475,0.1475,826.7432,825.6002,0.008239,0.1016,0.1318,AVANZAR
2561,128.05,74.79,68.38,64.13,66.13,63.64,71.22,0.1474,0.1475,827.1451,826.0021,0.008239,0.1005,0.1318,AVANZAR
2562,128.1,69.48,65.74,72.91,62.05,65.65,68.87,0.1475,0.1475,827.547,826.404,0.008239,0.0995,0.1318,GIRAR_IZQUIERDA
2563,128.15,67.95,68.22,65.28,69.91,73.65,66.06,0.1475,0.1475,827.3523,826.5924,-6.4e-05,0.1059,0.1318,AVANZAR
2564,128.2,67.65,63.65,68.02,68.66,58.47,63.9,0.1476,0.1475,827.7542,826.9944,0.008239,0.1043,0.1318,AVANZAR
2565,128.25,66.3,69.57,68.32,66.12,67.1,71.7,0.1475,0.1475,828.1562,827.3963,0.008239,0.1028,0.1318,AVANZAR
2566,128.3,67.09,72.28,66.63,65.2,67.59,71.06,0.1474,0.1475,828.5518,827.7919,0.008111,0.1016,0.1318,AVANZAR
2567,128.35,60.22,63.52,69.19,69.38,74.44,65.24,0.1477,0.1476,828.9537,828.1938,0.008239,0.1006,0.1318,AVANZAR
2568,128.4,62.67,65.43,66.87,71.58,67.97,64.8,0.1477,0.1476,829.3556,828.5958,0.008239,0.0996,0.1318,GIRAR_IZQUIERDA
2569,128.45,63.96,68.73,69.52,69.01,70.08,71.52,0.1476,0.1476,829.161,828.7842,-6.4e-05,0.106,0.1318,AVANZAR
2570,128.5,66.54,71.97,66.92,68.39,69.79,71.59,0.1475,0.1476,829.5629,829.1861,0.008239,0.1043,0.1318,AVANZAR
2571,128.55,67.39,67.3,69.99,66.73,70.27,72.8,0.1475,0.1475,829.9648,829.588,0.008239,0.1028,0.1318,AVANZAR
2572,128.6,70.88,68.31,64.75,65.04,67.93,68.16,0.1475,0.1475,830.3667,829.9899,0.008239,0.1016,0.1318,AVANZAR
2573,128.65,66.8,63.77,69.2,65.22,73.69,67.03,0.1476,0.1475,830.7624,830.3918,0.008175,0.1005,0.1318,AVANZAR
2574,128.7,68.72,67.03,60.08,70.34,64.24,67.24,0.1475,0.1475,831.1643,830.7875,0.008175,0.0996,0.1318,GIRAR_DERECHA
2575,128.75,72.68,63.48,63.59,70.68,68.36,63.33,0.1475,0.1475,831.359,830.5991,6.4e-05,0.1059,0.1318,AVANZAR
2576,128.8,66.67,68.94,64.83,70.31,68.37,68.95,0.1475,0.1475,831.7609,831.001,0.008239,0.1042,0.1318,AVANZAR
2577,128.85,63.86,69.87,69.33,65.28,65.83,67.47,0.1476,0.1475,832.1565,831.3966,0.008111,0.1029,0.1318,AVANZAR
2578,128.9,68.7,69.26,66.28,65.42,63.31,61.07,0.1475,0.1475,832.5584,831.7986,0.008239,0.1016,0.1318,AVANZAR
2579,128.95,65.44,65.23,68.59,65.28,69.71,67.98,0.1476,0.1475,832.9604,832.2005,0.008239,0.1005,0.1318,AVANZAR
2580,129.0,66.05,62.51,70.38,64.52,68.26,72.31,0.1476,0.1476,833.3623,832.6024,0.008239,0.0996,0.1318,GIRAR_DERECHA
2581,129.05,67.01,69.18,63.46,67.1,73.09,61.18,0.1475,0.1476,833.5507,832.4077,-6.4e-05,0.1059,0.1318,AVANZAR
2582,129.1,65.19,63.68,64.67,69.04,71.67,75.0,0.1476,0.1476,833.9526,832.8096,0.008239,0.1043,0.1318,AVANZAR
2583,129.15,67.82,72.02,64.08,67.95,67.24,66.25,0.1474,0.1475,834.3545,833.2116,0.008239,0.1028,0.1318,AVANZAR
2584,129.2,66.07,68.87,65.42,62.85,72.89,70.51,0.1475,0.1475,834.7502,833.6072,0.008111,0.1017,0.1318,AVANZAR
2585,129.25,68.39,62.83,63.32,63.99,70.22,66.51,0.1476,0.1476,835.1521,834.0091,0.008239,0.1006,0.1318,AVANZAR
2586,129.3,68.84,65.83,68.41,67.06,68.04,64.08,0.1475,0.1475,835.554,834.411,0.008239,0.0996,0.1318,GIRAR_IZQUIERDA
2587,129.35,62.52,66.26,74.34,66.54,70.26,67.78,0.1476,0.1476,835.3593,834.5994,-6.4e-05,0.106,0.1318,AVANZAR
2588,129.4,69.19,66.75,70.95,70.71,68.07,65.73,0.1475,0.1476,835.7612,835.0014,0.008239,0.1043,0.1318,AVANZAR
2589,129.45,68.2,69.64,67.14,64.04,63.6,68.71,0.1475,0.1475,836.1632,835.4033,0.008239,0.1028,0.1318,AVANZAR
2590,129.5,67.62,68.72,71.35,68.48,71.17,62.82,0.1475,0.1475,836.5651,835.8052,0.008239,0.1016,0.1318,AVANZAR
2591,129.55,70.72,65.64,63.9,70.5,69.53,63.84,0.1475,0.1475,836.967,836.2071,0.008239,0.1005,0.1318,AVANZAR
2592,129.6,70.01,63.33,64.62,71.22,66.48,78.83,0.1476,0.1475,837.3626,836.6028,0.008111,0.0996,0.1318,GIRAR_DERECHA
2593,129.65,65.18,66.14,68.42,70.12,67.49,69.32,0.1476,0.1475,837.5573,836.4144,6.4e-05,0.1059,0.1318,AVANZAR
2594,129.7,60.69,69.18,72.74,71.78,60.53,64.49,0.1476,0.1476,837.9592,836.8163,0.008239,0.1042,0.1318,AVANZAR
2595,129.75,66.15,67.94,68.03,67.58,66.75,69.04,0.1475,0.1476,838.3549,837.2119,0.008111,0.1029,0.1318,AVANZAR
2596,129.8,66.14,67.21,66.27,62.98,64.34,66.93,0.1476,0.1476,838.7568,837.6138,0.008239,0.1016,0.1318,AVANZAR
2597,129.85,64.0,66.96,65.19,68.8,65.55,64.45,0.1476,0.1476,839.1587,838.0158,0.008239,0.1005,0.1318,AVANZAR
2598,129.9,64.32,66.73,63.68,70.77,69.13,62.74,0.1476,0.1476,839.5606,838.4177,0.008239,0.0996,0.1318,GIRAR_IZQUIERDA
2599,129.95,71.32,69.64,69.26,68.09,68.03,65.64,0.1474,0.1475,839.366,838.6061,-6.4e-05,0.1059,0.1318,AVANZAR
2600,130.0,68.5,68.95,69.32,69.98,67.15,66.51,0.1475,0.1475,839.7679,839.008,0.008239,0.1043,0.1318,AVANZAR
2601,130.05,83.33,64.6,62.53,64.73,67.9,65.07,0.1473,0.1475,840.1698,839.4099,0.008239,0.1028,0.1318,AVANZAR
2602,130.1,88.99,65.93,65.93,61.27,69.28,66.39,0.1472,0.1474,840.5654,839.8056,0.008111,0.1016,0.1318,AVANZAR
2603,130.15,116.07,70.65,62.83,71.22,60.25,58.57,0.1466,0.1471,840.9674,840.2075,0.008239,0.1004,0.1318,AVANZAR
2604,130.2,77.37,67.8,95.71,69.87,69.49,63.44,0.1473,0.1472,841.3693,840.6094,0.008239,0.0994,0.1318,GIRAR_IZQUIERDA
2605,130.25,67.86,64.74,1326.72,68.51,68.81,62.29,0.1476,0.1473,841.1746,840.7978,-6.4e-05,0.1058,0.1318,AVANZAR
2606,130.3,61.22,65.36,331.96,65.29,72.51,63.24,0.1477,0.1474,841.5765,841.1997,0.008239,0.1042,0.1318,AVANZAR
2607,130.35,65.09,64.35,227.09,77.05,65.62,68.58,0.1476,0.1475,841.9722,841.5954,0.008111,0.1029,0.1318,AVANZAR
2608,130.4,69.74,68.31,280.37,64.68,69.41,63.33,0.1475,0.1475,842.3741,841.9973,0.008239,0.1016,0.1318,AVANZAR
2609,130.45,67.3,65.87,317.86,58.83,66.28,70.14,0.1476,0.1475,842.776,842.3992,0.008239,0.1005,0.1318,AVANZAR
2610,130.5,72.79,70.97,313.94,62.27,67.5,69.73,0.1474,0.1475,843.1779,842.8011,0.008239,0.0995,0.1318,GIRAR_IZQUIERDA
2611,130.55,65.32,66.95,306.58,63.14,67.15,66.9,0.1476,0.1475,842.9832,842.9895,-6.4e-05,0.1059,0.1318,AVANZAR
2612,130.6,69.54,63.57,230.21,66.69,70.75,67.52,0.1476,0.1475,843.3852,843.3914,0.008239,0.1042,0.1318,AVANZAR
2613,130.65,66.76,67.13,261.51,71.83,66.56,68.12,0.1475,0.1475,843.7871,843.7934,0.008239,0.1028,0.1318,AVANZAR
2614,130.7,66.5,63.37,271.34,350.33,70.38,72.28,0.1476,0.1476,844.1827,844.1953,0.008175,0.1016,0.1318,AVANZAR
2615,130.75,63.58,66.18,271.92,319.13,68.22,68.44,0.1476,0.1476,844.5846,844.5909,0.008175,0.1006,0.1318,AVANZAR
2616,130.8,70.12,67.06,303.9,304.43,70.25,67.87,0.1475,0.1475,844.9866,844.9928,0.008239,0.0996,0.1318,GIRAR_IZQUIERDA
2617,130.85,69.15,67.67,148.93,368.72,61.46,64.51,0.1475,0.1475,844.7982,845.1875,6.4e-05,0.1059,0.1318,AVANZAR
2618,130.9,65.41,60.2,134.66,368.87,67.29,69.09,0.1477,0.1476,845.1938,845.5832,0.008111,0.1043,0.1318,AVANZAR
2619,130.95,73.1,67.01,143.01,374.98,68.82,67.68,0.1474,0.1475,845.5957,845.9851,0.008239,0.1029,0.1318,AVANZAR
2620,131.0,68.24,65.88,143.08,373.7,62.13,66.63,0.1475,0.1475,845.9976,846.387,0.008239,0.1016,0.1318,AVANZAR
2621,131.05,65.84,67.51,136.41,363.48,67.07,70.32,0.1476,0.1475,846.3996,846.7889,0.008239,0.1005,0.1318,AVANZAR
2622,131.1,61.82,69.52,144.15,372.33,70.08,68.4,0.1476,0.1476,846.7952,847.1908,0.008175,0.0996,0.1318,GIRAR_IZQUIERDA
2623,131.15,68.22,69.27,68.28,373.66,68.97,67.79,0.1475,0.1475,846.6068,847.3792,0.0,0.1059,0.1318,AVANZAR
2624,131.2,68.41,72.31,63.63,357.69,65.7,60.64,0.1474,0.1475,847.0087,847.7812,0.008239,0.1042,0.1318,AVANZAR
2625,131.25,73.08,65.21,63.3,368.62,66.5,67.43,0.1475,0.1475,847.4044,848.1831,0.008175,0.1028,0.1318,AVANZAR
2626,131.3,64.43,71.5,69.36,366.42,65.41,63.53,0.1475,0.1475,847.8063,848.5787,0.008175,0.1016,0.1318,AVANZAR
2627,131.35,62.14,61.15,70.47,370.77,65.42,67.12,0.1477,0.1476,848.2082,848.9806,0.008239,0.1005,0.1318,AVANZAR
2628,131.4,66.37,64.24,69.75,70.89,69.13,64.14,0.1476,0.1476,848.6101,849.3826,0.008239,0.0996,0.1318,GIRAR_IZQUIERDA
2629,131.45,71.52,70.72,67.91,68.28,55.11,67.57,0.1474,0.1475,848.4154,849.571,-6.4e-05,0.1059,0.1318,AVANZAR
2630,131.5,68.66,68.81,62.85,66.82,66.83,63.34,0.1475,0.1475,848.8174,849.9729,0.008239,0.1043,0.1318,AVANZAR
2631,131.55,64.78,67.95,64.65,66.06,73.54,63.55,0.1476,0.1475,849.2193,850.3748,0.008239,0.1028,0.1318,AVANZAR
2632,131.6,66.82,65.73,69.57,69.77,64.22,65.79,0.1476,0.1475,849.6212,850.7767,0.008239,0.1016,0.1318,AVANZAR
2633,131.65,68.11,71.03,74.58,68.16,65.32,74.8,0.1475,0.1475,850.0168,851.1724,0.008111,0.1006,0.1318,AVANZAR
2634,131.7,63.47,63.76,67.61,66.35,64.54,68.86,0.1477,0.1476,850.4188,851.5743,0.008239,0.0996,0.1318,GIRAR_IZQUIERDA
2635,131.75,69.93,64.69,72.33,64.11,68.88,69.26,0.1475,0.1476,850.2304,851.769,6.4e-05,0.1059,0.1318,AVANZAR
2636,131.8,63.6,70.39,63.02,66.49,62.17,68.78,0.1475,0.1476,850.626,852.1709,0.008175,0.1043,0.1318,AVANZAR
2637,131.85,67.04,61.55,65.9,64.22,71.85,74.41,0.1476,0.1476,851.0279,852.5665,0.008175,0.1029,0.1318,AVANZAR
2638,131.9,62.93,70.16,64.26,66.09,66.58,64.8,0.1476,0.1476,851.4298,852.9684,0.008239,0.1016,0.1318,AVANZAR
2639,131.95,67.94,65.02,69.29,72.32,65.24,64.54,0.1476,0.1476,851.8318,853.3704,0.008239,0.1005,0.1318,AVANZAR
2640,132.0,71.13,62.79,69.09,64.82,71.63,66.68,0.1475,0.1476,852.2274,853.7723,0.008175,0.0996,0.1318,GIRAR_DERECHA
2641,132.05,69.39,70.4,66.79,65.61,64.61,67.05,0.1474,0.1475,852.4221,853.5776,0.0,0.1059,0.1318,AVANZAR
2642,132.1,63.88,64.81,66.13,67.1,62.54,65.87,0.1476,0.1476,852.824,853.9795,0.008239,0.1043,0.1318,AVANZAR
2643,132.15,67.95,65.28,69.46,72.89,61.37,63.2,0.1476,0.1476,853.2196,854.3814,0.008175,0.1029,0.1318,AVANZAR
2644,132.2,67.73,66.37,70.27,69.42,61.93,67.32,0.1475,0.1476,853.6216,854.7771,0.008175,0.1017,0.1318,AVANZAR
2645,132.25,63.9,68.7,61.79,68.45,65.5,59.12,0.1476,0.1476,854.0235,855.179,0.008239,0.1006,0.1318,AVANZAR
2646,132.3,71.59,68.92,64.43,66.39,72.72,71.72,0.1474,0.1475,854.4254,855.5809,0.008239,0.0996,0.1318,GIRAR_DERECHA
2647,132.35,68.09,67.24,67.64,66.02,71.68,71.89,0.1475,0.1475,854.6138,855.3862,-6.4e-05,0.106,0.1318,AVANZAR
2648,132.4,68.76,64.88,61.34,64.53,63.01,69.51,0.1476,0.1475,855.0157,855.7882,0.008239,0.1043,0.1318,AVANZAR
2649,132.45,69.9,66.47,67.06,67.91,70.01,65.12,0.1475,0.1475,855.4176,856.1901,0.008239,0.1028,0.1318,AVANZAR
2650,132.5,73.6,69.38,70.64,67.39,65.92,74.67,0.1474,0.1475,855.8196,856.592,0.008239,0.1015,0.1318,AVANZAR
2651,132.55,65.18,68.62,63.63,61.77,67.89,71.08,0.1476,0.1475,856.2152,856.9876,0.008111,0.1006,0.1318,AVANZAR
2652,132.6,68.17,62.94,61.47,67.5,67.38,67.29,0.1476,0.1475,856.6171,857.3896,0.008239,0.0996,0.1318,GIRAR_DERECHA
2653,132.65,69.45,69.66,72.29,64.31,64.72,70.23,0.1475,0.1475,856.8118,857.2012,6.4e-05,0.1059,0.1318,AVANZAR
2654,132.7,64.61,64.99,67.74,68.23,62.03,64.74,0.1476,0.1475,857.2074,857.6031,0.008175,0.1043,0.1318,AVANZAR
2655,132.75,63.45,60.57,67.39,63.62,73.92,71.41,0.1477,0.1476,857.6094,857.9987,0.008175,0.1029,0.1318,AVANZAR
2656,132.8,67.94,69.85,66.15,61.12,68.2,71.2,0.1475,0.1476,858.0113,858.4006,0.008239,0.1016,0.1318,AVANZAR
2657,132.85,69.27,70.67,66.15,74.55,62.12,66.86,0.1474,0.1475,858.4132,858.8026,0.008239,0.1005,0.1318,AVANZAR
2658,132.9,64.33,69.0,68.06,67.16,64.95,63.79,0.1476,0.1475,858.8151,859.2045,0.008239,0.0995,0.1318,GIRAR_IZQUIERDA
2659,132.95,66.83,64.97,68.51,59.44,65.27,69.22,0.1476,0.1476,858.6204,859.3929,-6.4e-05,0.1059,0.1318,AVANZAR
2660,133.0,68.61,65.19,67.98,64.95,67.56,68.27,0.1475,0.1476,859.0224,859.7948,0.008239,0.1043,0.1318,AVANZAR
2661,133.05,65.55,61.94,65.94,68.76,74.03,67.49,0.1477,0.1476,859.4243,860.1967,0.008239,0.1028,0.1318,AVANZAR
2662,133.1,69.47,69.69,68.17,70.68,65.77,68.03,0.1475,0.1475,859.8199,860.5924,0.008111,0.1017,0.1318,AVANZAR
2663,133.15,63.55,58.66,64.94,71.15,66.56,65.55,0.1478,0.1476,860.2218,860.9943,0.008239,0.1006,0.1318,AVANZAR
2664,133.2,69.7,67.39,74.05,70.42,63.45,69.81,0.1475,0.1476,860.6238,861.3962,0.008239,0.0996,0.1318,GIRAR_IZQUIERDA
2665,133.25,71.53,64.72,64.76,69.55,67.75,72.82,0.1475,0.1476,860.4291,861.5846,-6.4e-05,0.106,0.1318,AVANZAR
2666,133.3,66.66,64.51,67.4,63.58,68.4,65.93,0.1476,0.1476,860.831,861.9865,0.008239,0.1043,0.1318,AVANZAR
2667,133.35,67.84,67.62,69.9,63.16,64.92,71.55,0.1475,0.1476,861.2329,862.3884,0.008239,0.1029,0.1318,AVANZAR
2668,133.4,67.1,69.95,65.12,70.92,64.45,69.04,0.1475,0.1475,861.6348,862.7904,0.008239,0.1016,0.1318,AVANZAR
2669,133.45,68.93,67.1,79.02,67.59,69.66,61.22,0.1475,0.1475,862.0305,863.1923,0.008175,0.1005,0.1318,AVANZAR
2670,133.5,64.86,69.94,62.23,64.28,65.59,65.17,0.1475,0.1475,862.4324,863.5879,0.008175,0.0996,0.1318,GIRAR_DERECHA
2671,133.55,67.9,71.73,71.94,65.44,69.1,63.31,0.1474,0.1475,862.6271,863.3995,6.4e-05,0.1059,0.1318,AVANZAR
2672,133.6,72.66,67.93,69.73,63.07,68.49,70.83,0.1474,0.1475,863.0227,863.8014,0.008175,0.1043,0.1318,AVANZAR
2673,133.65,68.31,66.35,65.0,71.49,64.27,65.01,0.1475,0.1475,863.4246,864.1971,0.008175,0.1029,0.1318,AVANZAR
2674,133.7,67.36,63.2,73.34,68.96,72.76,69.23,0.1476,0.1475,863.8266,864.599,0.008239,0.1016,0.1318,AVANZAR
2675,133.75,60.86,70.67,69.89,70.54,70.12,68.85,0.1476,0.1475,864.2285,865.0009,0.008239,0.1005,0.1318,AVANZAR
2676,133.8,82.33,108.93,66.83,69.26,64.5,67.75,0.1465,0.1472,864.6304,865.4028,0.008239,0.0994,0.1318,GIRAR_IZQUIERDA
2677,133.85,105.35,97.45,64.93,63.16,69.35,69.08,0.1463,0.1469,864.4357,865.5912,-6.4e-05,0.1056,0.1318,AVANZAR
2678,133.9,118.38,117.33,67.04,69.15,63.87,70.91,0.1457,0.1466,864.8376,865.9932,0.008239,0.1038,0.1318,AVANZAR
2679,133.95,176.19,153.85,89.15,66.65,72.02,69.19,0.144,0.1458,865.2396,866.3951,0.008239,0.1019,0.1318,AVANZAR
2680,134.0,311.77,293.24,120.95,68.33,68.06,113.64,0.1389,0.1437,865.6352,866.7907,0.008111,0.0997,0.1318,GIRAR_IZQUIERDA
2681,134.05,341.31,222.91,185.97,64.21,70.38,68.1,0.1397,0.1425,865.4468,866.9854,6.4e-05,0.105,0.1318,AVANZAR
2682,134.1,835.35,373.54,302.56,64.78,70.62,110.77,0.1279,0.1381,865.8487,867.3873,0.008239,0.1008,0.1318,AVANZAR
2683,134.15,1456.05,569.8,361.21,65.19,67.33,124.0,0.1129,0.1306,866.2444,867.783,0.008111,0.0954,0.1318,GIRAR_IZQUIERDA
2684,134.2,1674.01,393.79,605.65,59.96,65.34,63.66,0.1121,0.125,866.056,867.9776,6.4e-05,0.0975,0.1318,GIRAR_IZQUIERDA
2685,134.25,1620.51,283.67,1277.15,65.58,69.69,65.0,0.1151,0.1221,865.8613,868.1723,0.0,0.0998,0.1318,GIRAR_IZQUIERDA
2686,134.3,1420.45,176.42,1675.84,111.36,64.52,61.41,0.1208,0.1217,865.6729,868.3607,0.0,0.1026,0.1318,AVANZAR
2687,134.35,1531.38,212.07,1592.29,101.61,65.07,70.37,0.1181,0.1206,866.0685,868.7626,0.008175,0.0975,0.1318,GIRAR_IZQUIERDA
2688,134.4,1536.2,215.09,1637.74,103.22,65.71,66.58,0.1179,0.1198,865.8801,868.951,0.0,0.1002,0.1318,AVANZAR
2689,134.45,1860.15,283.45,1719.88,82.22,69.72,62.58,0.1107,0.1171,866.282,869.353,0.008239,0.0945,0.1318,GIRAR_IZQUIERDA
2690,134.5,1558.76,169.78,1969.33,131.98,67.69,64.69,0.1183,0.1175,866.0874,869.5414,-6.4e-05,0.0977,0.1318,GIRAR_IZQUIERDA
2691,134.55,1117.87,106.51,2075.6,217.48,67.95,69.29,0.1276,0.1205,865.899,869.736,6.4e-05,0.1016,0.1318,AVANZAR
2692,134.6,1014.02,110.05,2012.99,194.08,74.24,67.37,0.1294,0.1232,866.3009,870.138,0.008239,0.0981,0.1318,GIRAR_IZQUIERDA
2693,134.65,918.31,104.12,1989.19,217.11,63.93,67.05,0.1313,0.1256,866.1062,870.3264,-6.4e-05,0.1025,0.1318,AVANZAR
2694,134.7,1452.23,122.13,2257.78,195.63,59.79,70.52,0.1212,0.1243,866.5081,870.7283,0.008239,0.0978,0.1318,GIRAR_IZQUIERDA
2695,134.75,666.35,68.47,2327.01,325.27,70.8,69.23,0.1365,0.128,866.3134,870.923,0.0,0.1029,0.1318,AVANZAR
2696,134.8,735.9,62.91,2260.79,303.05,62.19,72.57,0.1354,0.1302,866.7154,871.3186,0.008175,0.1001,0.1318,AVANZAR
2697,134.85,660.71,70.18,2248.05,290.63,73.61,65.57,0.1366,0.1321,867.1173,871.7205,0.008239,0.0978,0.1318,GIRAR_IZQUIERDA
2698,134.9,381.31,69.48,2093.89,434.25,63.98,63.09,0.1417,0.135,866.9226,871.9152,0.0,0.1035,0.1318,AVANZAR
