time,front_left,front_right,measurement_z,ema_filter,kalman_estimate,delta_s
0.5120000000000002,67.34719874909506,61.20973534693474,0.7965342415797578,0.7540899182061349,0.0020598399999989282
1.0240000000000007,62.70426522033861,61.08304121625122,0.8272253670246432,0.7530311309840975,0.002059840000001259
1.5360000000000011,70.22348529640429,65.9944812720689,0.7517363720778069,0.755716726782385,0.002059840000001259
2.0480000000000014,69.96420362073705,66.7032468900493,0.7492639953206575,0.7506630329814892,0.0020598399999989282
2.560000000000002,71.11838989277229,64.23016064158219,0.756565176322362,0.7465630890225066,0.0020598399999989282
3.0720000000000023,65.31357526605306,67.24590520971445,0.7724834137285201,0.7480942961377739,0.002059840000001259
3.5840000000000027,62.14592013976451,68.04586081768818,0.7865319857131751,0.7593146590889874,0.0020598399999989282
4.096000000000003,63.14294344815014,70.16092211464958,0.7681697718792645,0.7587190731443341,0.0020598399999989282
4.608000000000003,69.65607787233895,66.52479607829254,0.7519411282168905,0.7486191068735509,0.002059840000001259
5.120000000000004,63.47948022130154,65.02890841220187,0.7968351411831749,0.7604794456477418,0.002059840000001259
5.632000000000004,63.67175174893762,70.41281035980957,0.7636971653526382,0.749522970398705,0.0020598399999989282
6.144000000000005,68.06556652485276,66.17817428681059,0.7627916160624697,0.7582439092907026,0.0020598399999989282
6.656000000000005,70.12887500977462,71.22767840101962,0.7244092865112299,0.7361279553033511,0.002059840000001259
7.1680000000000055,367.5190978886359,232.3152842517804,0.17071378875382473,0.30555531415477943,0.002059840000001259
7.680000000000006,397.4868607905519,188.81721291404077,0.17465340015971628,0.17986266324219663,-6.43699999982913e-05
8.192000000000005,65.68534023400352,381.8452568891655,0.22881117103110057,0.2063189617295601,0.0016736199999998575
8.704000000000006,71.53820923805928,62.44230937020462,0.7642902196803706,0.5701624175043665,0.0016736199999998575
9.216000000000006,69.86473606634391,65.92279483674892,0.7541193165451957,0.7467480502581024,0.002059840000001259
9.728000000000007,65.01578267851926,63.57081141054887,0.7963505116954149,0.760394472213976,0.0020598399999989282
10.240000000000007,64.86478881387647,69.4172622551655,0.7625739939535954,0.7522162867593423,0.002059840000001259
10.752000000000008,70.25264115950867,65.01857565685825,0.7569976999542322,0.7524029328685174,0.0020598399999989282
11.264000000000008,69.4938391121135,65.39575338891088,0.7591393679925482,0.7520806315071507,0.002059840000001259
11.776000000000009,67.07985206180943,70.94683928264152,0.7418854933243081,0.7410657830792865,0.0020598399999989282
12.28800000000001,71.2926258389927,67.61150113020099,0.7371991188045146,0.7598594088556565,0.0016092499999992356
12.80000000000001,66.8390438978862,63.06024449345706,0.7883030097247565,0.7554874932012766,0.0016092500000015662
13.31200000000001,66.01693517122769,71.77565742645271,0.7431458982630668,0.7506151497557058,0.002059840000001259
13.82400000000001,68.5362131908958,66.90906430526735,0.7560248824688683,0.7443299827008565,0.0020598399999989282
14.336000000000011,67.14377472441065,69.66046871159459,0.7485147933141492,0.7451329891164646,0.0020598399999989282
14.848000000000011,73.26928899800123,66.57953567663638,0.7322192391551133,0.7524837499975966,0.0020598399999989282
15.360000000000012,62.86464072147889,68.83047389346879,0.7775535204885831,0.7469619476855668,0.002059840000001259
15.872000000000012,69.456206331402,65.92409900540385,0.7563877164056041,0.760596268318013,0.0020598399999989282
16.38400000000001,62.4300370984559,66.95646580086878,0.7914272177189702,0.7673674941017057,0.0020598399999989282
16.89600000000001,64.91453847925723,68.13630107519596,0.7696306189641979,0.7501549811456709,0.002059840000001259
17.408000000000012,66.53123893913707,62.570283197200844,0.7931742268062517,0.7559450839619356,0.0020598399999989282
17.920000000000012,64.75696206076174,61.93574611227628,0.8082548828314664,0.7609228615334552,0.002059840000001259
18.432000000000013,62.85674199964585,66.70500039489447,0.7903567681898904,0.7466093376833337,0.0020598399999989282
18.944000000000013,157.18300957546697,205.7294635447459,0.2821616989892781,0.4386171099194809,0.0016736199999998575
19.456000000000014,105.27994378083609,464.08598255530757,0.17984918883176168,0.20709881145336748,0.0016092499999992356
19.968000000000014,67.68330903624371,267.8016977993343,0.30522973579617074,0.25886932852968564,0.0016736199999998575
20.480000000000015,73.45563462034804,65.09693514463197,0.7390696554650422,0.6610533698093602,0.0016092500000015662
20.992000000000015,67.23156990801569,76.4520794692991,0.7126767759851124,0.7450583759215141,0.002059840000001259
21.504000000000016,65.44687242680754,70.35710778254153,0.7540279735700305,0.7431192465869589,0.002059840000001259
22.016000000000016,65.85991815280644,66.45147244212156,0.7739318552965566,0.7491936408814557,0.0020598399999989282
22.528000000000016,68.0651383461284,69.21078219294087,0.7459429126236059,0.7390857027888882,0.002059840000001259
23.040000000000017,66.65044433978282,61.886449338078165,0.7966584306653215,0.7520722527827179,0.002059840000001259
23.552000000000017,66.64621741209687,69.09413757653041,0.7543814071252382,0.7535550691685746,0.002059840000001259
24.064000000000018,68.11225733872026,68.7093209862907,0.7484199587053098,0.7617358193025019,0.0020598399999989282
24.57600000000002,66.17263623175485,70.41463293750375,0.7497038385993806,0.7450093991670246,0.002059840000001259
25.08800000000002,69.59494474560074,68.93146416581853,0.7392092295230126,0.7487231076922729,0.002059840000001259
25.60000000000002,63.458879045716166,70.95773138639625,0.7618106100935903,0.7588350335541627,0.002059840000001259
26.11200000000002,68.9337873904749,69.99211677869722,0.7370835598471687,0.7534932415010788,0.0020598399999989282
26.62400000000002,65.22941356355777,72.18624279283705,0.7451843750207047,0.7459544298299673,0.0020598399999989282
27.13600000000002,64.01599503689685,67.2745296276994,0.7799496594411367,0.7582959012857571,0.002059840000001259
27.64800000000002,68.99385589849993,66.98791176853939,0.7530421302562665,0.7530315531164137,0.0020598399999989282
28.16000000000002,70.11438168388689,69.36109711127675,0.7341792326835215,0.7556243952570947,0.0020598399999989282
28.672000000000022,64.24549130795351,69.89968869492333,0.7633520637700436,0.7432123016702769,0.002059840000001259
29.184000000000022,70.40259985350698,64.61420560967515,0.7584241061600554,0.7582854371930863,0.002059840000001259
29.696000000000023,69.26722082169796,65.3128355397896,0.7608853998764081,0.7539177456562927,0.0020598399999989282
30.208000000000023,68.98861215192575,65.11564688123299,0.7635849952735692,0.7455612565578171,0.002059840000001259
30.720000000000024,65.05675470422455,70.61274453376275,0.7547753959080593,0.7472258116507315,0.002059840000001259
31.232000000000024,70.4304116017926,60.996479008349354,0.7791403990812973,0.7517917100965885,0.002059840000001259
31.744000000000025,66.95332310335205,67.00077320209299,0.7644409751121407,0.7372301233426899,0.0020598399999989282
32.25599999999999,66.27069663656499,66.8391089852824,0.7692896817151766,0.751398712310858,0.0020598399999989282
32.76799999999994,68.00261280297997,67.05626433948493,0.7581878523392791,0.7533596129030199,0.0019954700000006367
33.27999999999988,69.63800666939993,61.40698216514422,0.7814110322775413,0.7551993369559719,0.002059840000001259
33.791999999999824,70.00059036007885,70.38621230150947,0.7294132928352388,0.7425081859847855,0.0020598399999989282
34.30399999999977,70.89123851838059,72.02311267510088,0.716513066356562,0.7391194393000138,0.0020598399999989282
34.81599999999971,66.2412963274932,67.13341993539638,0.7677617082848255,0.7529365663437028,0.002059840000001259
35.327999999999655,69.54975631135818,63.227042888579255,0.7712190730385392,0.760750339441389,0.0020598399999989282
35.8399999999996,68.45207913908281,64.4253472637235,0.7706350338964525,0.7593019685104745,0.0020598399999965976
36.35199999999954,64.21699793814719,70.69849557942662,0.7589936287537028,0.7432059106789538,0.0020598399999989282
36.863999999999486,67.64252098043379,62.226774376626,0.7884850666084211,0.7622469939770335,0.002059840000001259
37.37599999999943,65.66223067148417,63.940949231051164,0.7901040705714725,0.7523232195102385,0.002059840000001259
37.88799999999937,59.09462207664746,66.14961773391991,0.8176024714180915,0.7520194243561908,0.0020598399999965976
38.39999999999932,94.44465592538677,252.61134652869444,0.29505324580446785,0.3816938280305148,0.0016736199999998575
38.91199999999926,62.645372008478596,255.7085391825831,0.3216546001174904,0.3087439367097623,0.0016736199999998575
39.423999999999204,66.69206420753949,108.4784866446655,0.5845731460101247,0.4836118529615614,0.0016092499999992356
39.93599999999915,64.22445533513411,66.36933333479536,0.7841107991652794,0.7386695199620956,0.0016736199999998575
40.44799999999909,68.62663893685887,68.02296782343599,0.7493618344590328,0.7501381221661564,0.0020598399999989282
40.959999999999035,70.09699148590228,66.58379687196037,0.7491908792031005,0.7493646132376743,0.0020598399999989282
41.47199999999898,65.14354333725908,62.362556076642264,0.8030988358258558,0.7675123642586338,0.002059840000001259
41.98399999999892,65.095225938594,70.66181375738437,0.7542886927213505,0.7533057466883825,0.002059840000001259
42.495999999998865,65.36835204684513,68.58061322055005,0.7644702577252788,0.7463915430821125,0.0020598399999989282
43.00799999999881,69.27046753967264,70.55499783511958,0.7323415640028381,0.7502717854875472,0.001995469999998306
43.51999999999875,70.4651100420927,62.345658356608375,0.7710218172414512,0.7409650175027267,0.0020598399999989282
44.031999999998696,66.6161323090603,64.48681382934674,0.7810655901805214,0.761837647835966,0.002059840000001259
44.54399999999864,69.33868376005796,64.70668354618705,0.7639204700454375,0.7452475291921618,0.0020598399999989282
45.05599999999858,65.92056248030637,62.77111997314405,0.7957002196862218,0.7565470969425869,0.002059840000001259
45.56799999999853,68.9986044609361,66.14725957318733,0.7576998432903925,0.7475650458500456,0.0020598399999989282
46.07999999999847,63.67915271177321,68.6711937200253,0.7737040571538493,0.7516709977094136,0.002059840000001259
46.591999999998414,64.55329385372788,70.12503032905718,0.760330221075687,0.7540534718135852,0.0020598399999989282
47.10399999999836,70.50178107334982,69.63003665961386,0.7307405388484597,0.7442172950073759,0.002059840000001259
47.6159999999983,70.64871663791114,70.27256678092712,0.7266468024964869,0.7404275901344585,0.002059840000001259
48.127999999998245,66.81207333095935,64.62820558142657,0.779061037052856,0.7598936898652895,0.002059840000001259
48.63999999999819,60.99294271436424,64.43911638887805,0.8163782108983417,0.7539877894959124,0.0020598399999989282
49.15199999999813,104.60863618287914,67.8486445107343,0.593770234507659,0.7199108719998719,0.0020598399999989282
49.663999999998076,118.33803050091858,527.864184612055,0.15846432835594307,0.19376145529038435,0.0
50.17599999999802,339.3079807653427,69.98389868129316,0.2501882034367386,0.20950945411587263,0.0016092499999992356
50.68799999999796,66.81464244258999,69.60049889341876,0.7506498105498063,0.6443957995072965,0.002059840000001259
51.19999999999791,66.90288372766541,69.90034095232294,0.7485203674075318,0.7453016358127879,0.0020598399999989282
51.71199999999785,64.45180081047432,76.86005207855534,0.7246384355345858,0.7428539392200673,0.002059840000001259
52.223999999997794,68.96241517886415,67.75254146207023,0.749003638782123,0.7500208666383339,0.0019954700000006367
52.73599999999774,64.88041430671213,62.167040929582434,0.8059980407285376,0.7586584275949391,0.002059840000001259
53.24799999999768,62.54914439528282,68.50799457116585,0.7813385887068307,0.7544462444189085,0.0020598399999989282
53.759999999997625,65.54268643472187,73.0020818028965,0.7391112728585578,0.7392249392552462,0.0016736199999998575
54.27199999999757,69.84595159792066,69.82240743545128,0.7331653404443083,0.7545834384766616,0.0020598399999965976
54.78399999999751,68.94328409497128,65.65771505501677,0.7607670124788156,0.7561893203035381,0.0020598399999989282
55.295999999997456,319.45694774492324,153.83888518558757,0.21635516916759828,0.3413751492765591,0.0016092500000015662
55.8079999999974,270.879821898898,151.59273786885217,0.24238260600000466,0.20286196129626427,6.437000000062191e-05
56.31999999999734,147.1100010066812,262.20342778435526,0.2501750316437271,0.2396978001045073,0.0016092499999992356
56.83199999999729,308.2779526427961,246.09002394000535,0.18471485425837064,0.1937639330950526,0.0
57.34399999999723,385.1029380829302,68.23797480103752,0.22587857634241187,0.2104868290469995,0.0016736200000021881
57.855999999997174,264.41219572416065,64.33172997146191,0.3114886451006554,0.24786829795218124,0.0016736199999998575
58.36799999999712,203.19530573232765,65.37722498479053,0.3812750310933912,0.3619573076278642,0.0016092499999992356
58.87999999999706,65.1540708760746,61.08045264422289,0.8111885492524152,0.5557044643843723,0.0016736199999998575
59.391999999997005,72.99527235030013,69.77967814695481,0.717212645799298,0.738726980295216,0.0020598399999989282
59.90399999999695,72.36229294709881,68.6090184653375,0.7263889295915736,0.7579259399366832,0.002059840000001259
60.41599999999689,65.93760533368368,64.29972020165523,0.7862569319439421,0.7615116836570637,0.0020598399999989282
60.927999999996835,69.9523246271273,68.05418548760964,0.7419939821307406,0.7544061969725027,0.0020598399999989282
61.43999999999678,71.58111834296965,58.18890281402002,0.7890882584978646,0.7510711692720243,0.0020598399999989282
61.95199999999672,68.72953213074368,70.25306709679437,0.7367828819516741,0.742518234778671,0.002059840000001259
62.463999999996666,71.12262235079554,66.01001323375142,0.7467223215211006,0.7463756165514898,0.0020598399999989282
62.97599999999661,65.84925624563736,63.78682380347688,0.7899035512428677,0.7607663536135839,0.002059840000001259
63.48799999999655,63.70489497761281,63.33657218726823,0.8060360312676486,0.7513030881512571,0.0020598399999989282
63.9999999999965,69.6246257951982,64.55424760305814,0.7631603799211113,0.7509833058718091,0.002059840000001259
64.51199999999645,72.96953553380733,65.56922758120717,0.7391433104898433,0.753337002768094,0.0020598399999989282
65.02399999999639,67.35154206388042,66.89330641083868,0.7627853222187807,0.7592011656762035,0.0020598399999989282
65.53599999999633,66.51484875365423,70.93062683953866,0.7450227048803013,0.74401958826651,0.0020598399999989282
66.04799999999628,64.08142426864998,69.17727469348152,0.7684301347493967,0.7561316944423943,0.002059840000001259
66.55999999999622,67.70147231168517,70.33163704930126,0.7418509984601004,0.7503448567533,0.0020598399999989282
67.07199999999617,66.1095332299198,68.61304765975075,0.7600804506845015,0.7590091442189352,0.0020598399999989282
67.58399999999611,65.56742324744923,69.79493839700952,0.7564879834836413,0.7542304944624147,0.001995469999998306
68.09599999999605,72.37599938388435,62.46257248837704,0.7594266134545544,0.7423877960135924,0.002059840000001259
68.607999999996,63.196081173736594,69.92391545140613,0.7692307887323027,0.7545470163033517,0.002059840000001259
69.11999999999594,99.49793917735303,69.76755332749885,0.604966780202201,0.7194884948902586,0.0020598399999989282
69.63199999999588,206.6140631358304,67.08850436831958,0.37412875200174134,0.3921841823439218,0.0016092499999992356
70.14399999999583,63.40403910060116,64.6486268354124,0.7996709732788234,0.7101048154715466,0.0016736199999998575
70.65599999999577,69.61107586570871,67.98453099109084,0.7442098068332311,0.7424824980651371,0.0020598399999989282
71.16799999999571,67.60898060527435,67.18694431479773,0.7596668820716843,0.751359122648843,0.002059840000001259
71.67999999999566,66.01573309590516,62.336437976790045,0.797804970061655,0.759902915548307,0.0020598399999989282
72.1919999999956,60.516966929630634,61.31005418399838,0.8405360244710467,0.7549338601738803,0.0020598399999989282
72.70399999999555,65.91333405161792,68.77839843093597,0.7602545316822877,0.7468623997540624,0.0020598399999989282
73.21599999999549,67.52966412396098,62.84490168703338,0.785429269605013,0.7453237003921532,0.0020598399999989282
73.72799999999543,58.58918380440359,69.257733260807,0.800957913969635,0.7487916428401484,0.0020598399999989282
74.23999999999538,64.86517021483748,68.99315006563562,0.7649879348959517,0.7683988427033794,0.0020598399999989282
74.75199999999532,70.36848585014013,63.68741576859105,0.7638604400366958,0.7480573819310012,0.0020598399999989282
75.26399999999526,66.03588718331731,65.04420965392863,0.7812017420702989,0.7547608821307056,0.0020598399999989282
75.77599999999521,65.62766460362062,69.97265577808714,0.755160457672588,0.7526978412796168,0.002059840000001259
76.28799999999515,64.64793328255695,69.59853706814634,0.7627761067571602,0.7393465859800833,0.0020598399999989282
76.7999999999951,68.63860347914986,64.5364583916665,0.7689127270639524,0.7437443317752165,0.002059840000001259
77.31199999999504,67.62870621886701,65.36671963900288,0.7699512922304055,0.7496796842584668,0.0020598399999989282
77.82399999999498,66.65847810959043,65.43683178171004,0.7751978483131887,0.755587134055752,0.002059840000001259
78.33599999999493,69.19802211492376,64.1740804178275,0.7677767543242737,0.7478111265747128,0.0020598399999989282
78.84799999999487,64.87421824526751,71.24675000958445,0.7522720511970059,0.7454027167842792,0.002059840000001259
79.35999999999481,65.7183134088856,64.40228310056202,0.7869622699782588,0.7548398591671862,0.0020598399999989282
79.87199999999476,66.38446287930573,63.97122494522333,0.7855430147232239,0.7518697440441953,0.002059840000001259
80.3839999999947,59.72829725810006,67.50072187764724,0.8048478302795378,0.756633646161798,0.0020598399999989282
80.89599999999464,70.86364888917701,60.741509333793076,0.778085003526308,0.7589621030589403,0.002059840000001259
81.40799999999459,71.5665263935363,61.248502965646615,0.7709970813850519,0.7425947286516535,0.002059840000001259
81.91999999999453,69.85717532342355,62.7668812167645,0.7721072833341552,0.744931984487644,0.002059840000001259
82.43199999999447,74.45846775172386,65.6557894889945,0.7308321224161742,0.7445630730535128,0.0020598399999989282
82.94399999999442,64.38006996784299,65.78243571426758,0.7867088871974118,0.7611821752827093,0.0020598399999989282
83.45599999999436,67.67652627968265,65.55738984649163,0.7685730704111846,0.7472156266858798,0.002059840000001259
83.9679999999943,65.01950103713992,67.55088850658828,0.7724198469389235,0.7428655225192845,0.0020598399999989282
84.47999999999425,138.079217292176,215.5315609874289,0.28958393321096937,0.42206988582783095,0.0016736199999998575
84.99199999999419,71.32074776593457,341.51580370298154,0.24804005274157526,0.2483426294978583,0.0016092499999992356
85.50399999999414,68.04217841091459,163.9632445364972,0.44136899344465247,0.3215857245365577,0.0016736199999998575
86.01599999999408,67.06755079979439,62.50386525942303,0.7902977609907467,0.6713416909618849,0.0016092499999992356
86.52799999999402,63.821999234564615,66.84654586180933,0.7836622036655829,0.7532606321472258,0.0016736199999998575
87.03999999999397,67.11437346573123,62.97111464403239,0.787174660970614,0.7567104996306641,0.002059840000001259
87.55199999999391,69.55152748923483,65.57001668465648,0.7578362179477379,0.7518839877835727,0.002059840000001259
88.06399999999385,66.486077876566,68.27775643913053,0.7598477775581741,0.7559910819166535,0.0020598399999965976
88.5759999999938,71.81154479885288,65.91371664575719,0.7435092075768753,0.7378053444784983,0.002059840000001259
89.08799999999374,67.41183860988953,67.22306924158535,0.7605754082215035,0.7610872730937744,0.0019954700000006367
89.59999999999368,65.18008526850878,65.49995452580792,0.7835932722485549,0.7534629461234319,0.002059840000001259
90.11199999999363,68.58259055926331,61.37140186580214,0.7879711741757089,0.757956710965048,0.0020598399999965976
90.62399999999357,62.59161903437825,70.49632006964106,0.7694160769892595,0.7541031813090052,0.002059840000001259
91.13599999999352,68.43104190114835,69.98790147750996,0.7397831358954604,0.7507551450607179,0.0019954700000006367
91.64799999999346,66.14702452649172,65.96937255023951,0.7750741184724226,0.7551098624853914,0.002059840000001259
92.1599999999934,67.48682636866054,67.57445127310952,0.7581743767566065,0.7531465477520762,0.0020598399999965976
92.67199999999335,68.3710881114798,106.14632280251723,0.5867609395744656,0.6768251024885561,0.0016736199999998575
93.18399999999329,65.6606841246873,83.60618283827934,0.6860196243377014,0.5920328840108832,0.0016092499999992356
93.69599999999323,73.87199825715552,68.83060979520496,0.7175762335221467,0.7337564965890541,0.0016736199999998575
94.20799999999318,70.35674175132407,66.65782588262104,0.7473657857577373,0.7531860978711745,0.002059840000001259
94.71999999999312,66.31725193806007,69.73028016006202,0.7526781149263749,0.7459442938745361,0.002059840000001259
95.23199999999306,69.20092820046929,65.4602600667617,0.760426974673581,0.7501281396419367,0.002059840000001259
95.74399999999301,68.52981398694827,60.66336813932799,0.7926114854877712,0.7599165019895401,0.0020598399999989282
96.25599999999295,66.15405018826436,73.85712776348583,0.7313701769960715,0.7460244656322156,0.002059840000001259
96.7679999999929,68.19955546662776,68.87071968105089,0.7470620445583471,0.7513558335265255,0.002059840000001259
97.27999999999284,61.81734384053896,66.41552956920656,0.7985471843307985,0.7689972845173533,0.0019954700000006367
97.79199999999278,70.10329019560852,66.15185727776259,0.7515312404620343,0.7556011848660649,0.0020598399999989282
98.30399999999273,70.30567617718091,69.88812694345347,0.7304174487076761,0.7406737815572728,0.002059840000001259
98.81599999999267,66.81688290145941,65.6392354426506,0.7730862211587185,0.7421981322544141,0.002059840000001259
99.32799999999261,67.18553913307255,66.33597895693396,0.7669175835086928,0.7403523617219505,0.0020598399999989282
99.83999999999256,72.20333643752171,65.4541196824982,0.7438754346202661,0.7546184492772063,0.002059840000001259
100.3519999999925,74.33852026517478,64.52287267544727,0.737425988833245,0.728906398392986,0.002059840000001259
100.86399999999244,66.428124729336,61.52593018836384,0.8002872598751464,0.7536243228969985,0.002059840000001259
101.37599999999239,65.46042126067955,68.83319567748933,0.7625083182259268,0.7471134662502744,0.0020598399999989282
101.88799999999233,72.51147364763094,71.57408438961512,0.7106888531710419,0.7432125096955159,0.002059840000001259
102.39999999999227,69.96630162038471,67.5331772859453,0.7447300950846429,0.7388506213813788,0.002059840000001259
102.91199999999222,115.4536477317662,72.80051152192425,0.5439454852203623,0.6838943568785759,0.002059840000001259
103.42399999999216,214.37115398806134,349.54794698542804,0.18158633006618796,0.21657224690265786,0.0020598399999989282
103.9359999999921,66.53588079076697,68.79516681173565,0.7566630260690184,0.35592787160761663,0.0016736200000021881
104.44799999999205,70.96930128759456,72.78725807271857,0.7123153229018472,0.7293513818199745,0.0016092500000015662
104.959999999992,68.96781734708227,62.6639637670456,0.7779276336860987,0.7578430328066137,0.002059840000001259
105.47199999999194,64.7520325576642,69.25897257856964,0.7641163492199875,0.737126520486894,0.0016736199999998575
105.98399999999188,67.05731725389161,72.21720120073844,0.735238585896513,0.7475814982887891,0.0016092500000015662
106.49599999999182,72.77657678131142,68.75702393318952,0.7235031079761721,0.7486634089643689,0.002059840000001259
107.00799999999177,63.19762362099777,67.35982055959194,0.784329079377184,0.7469675604851364,0.002059840000001259
107.51999999999171,65.06787174999147,63.29086352742812,0.797764170694613,0.7552564722254745,0.002059839999994267
108.03199999999165,67.78214736608369,70.45662867179882,0.7407472992377958,0.7488667152341286,0.002059840000001259
108.5439999999916,62.229755557158015,65.44643132233507,0.8020289648581849,0.7542548601281497,0.002059840000001259
109.05599999999154,59.7118884724238,66.1444553777191,0.813626050681463,0.758498592214752,0.002059840000001259
109.56799999999149,70.46880078510756,68.34663619420797,0.7376701196082271,0.7510213193200624,0.0020598399999989282
110.07999999999143,65.24331747904218,65.49986151717697,0.7832148551547857,0.7512907787912945,0.002059840000001259
110.59199999999137,68.40537355968098,64.69600064795006,0.7693384129923517,0.761384259709973,0.002059840000001259
111.10399999999132,65.73058485534949,59.66041526178981,0.8166455320105807,0.7549932695333851,0.002059840000001259
111.61599999999126,91.64644638830481,91.55640652800204,0.5589432608169029,0.7051103091700033,0.002059839999994267
112.1279999999912,157.78528852547544,462.487465747645,0.16508866348643603,0.27578341787485267,0.0016736199999998575
112.63999999999115,67.67146995810656,342.7733643432586,0.24948541543786074,0.22640478277613285,0.0016092499999992356
113.15199999999109,60.94412512231684,134.02935320453088,0.5251996367851616,0.39536810556602375,0.0016736199999998575
113.66399999999103,65.21219662019375,107.91219964779529,0.5914822070569954,0.5394008629071572,0.0016736199999998575
114.17599999999098,61.641455848891006,120.17656877798655,0.5632004869162051,0.5506143150358016,0.0016092499999992356
114.68799999999092,66.23148177725226,117.01086881463502,0.5588227812470202,0.5502931000892112,0.0016736199999998575
115.19999999999087,61.50062029958313,119.18370840748987,0.5667342637446536,0.549594623612853,0.0016736199999998575
115.71199999999081,62.16869168276072,118.7678133973016,0.5659443900206274,0.5449178653146596,0.0016092499999992356
116.22399999999075,63.41056285172084,112.01625159233066,0.58371920122085,0.5541069626952208,0.0016092499999992356
116.7359999999907,66.44816029769103,118.69186320600012,0.5530948849531633,0.5525197995484937,0.0016736199999998575
117.24799999999064,67.46378798152347,67.35159980267035,0.7595572114061426,0.7374709373070214,0.0016092499999992356
117.75999999999058,72.0675041968843,65.2847549626855,0.7455283271390258,0.747599519509534,0.0020598399999989282
118.27199999999053,68.5755709855059,66.78299397531389,0.7565092022779659,0.7528026397929284,0.002059840000001259
118.78399999999047,65.91475912011603,66.23082106930147,0.7749029506187027,0.7577814033001653,0.002059840000001259
119.29599999999041,64.15294512133357,66.54519408483573,0.783484758252522,0.7461476468956463,0.0020598399999989282
119.80799999999036,66.85706323225271,64.55859809373318,0.779206975536877,0.7528050226258521,0.0020598399999989282
120.3199999999903,65.05979162473135,63.04161179414307,0.7993667303172763,0.7573294233563501,0.0020598399999965976
120.83199999999024,70.53496430903712,64.71447279875622,0.7571196020460148,0.7444394376312204,0.002059840000001259
121.34399999999019,75.03943213104415,64.40407192068898,0.7343475818135631,0.741161960480456,0.0020598399999989282
121.85599999999013,70.78072235311207,65.93150580918484,0.7490185872651903,0.7419939958270205,0.002059840000001259
122.36799999999008,59.257581152490374,65.22237084677897,0.8226224251805709,0.7531170382779775,0.002059840000001259
122.87999999999002,71.83162511026666,68.73623761958847,0.7284737635713611,0.7449718513208085,0.002059840000001259
123.39199999998996,63.71976128826001,63.9717400819548,0.8019327747045014,0.7668824376486335,0.0020598399999989282
123.9039999999899,67.19534002000867,63.27349124676822,0.7848617865719747,0.7578918867309858,0.0020598399999965976
124.41599999998985,67.41022618608089,66.27217125218401,0.765994640747588,0.7536278854230574,0.0020598399999965976
124.9279999999898,69.95841273145412,73.35020705426761,0.7145418060205365,0.7303889717337962,0.002059840000001259
125.43999999998974,62.53771557119963,61.46470775259118,0.8257903132474814,0.751877710262547,0.0020598399999989282
125.95199999998968,69.08375993505621,66.25785466442453,0.7566039484827668,0.7569365400565339,0.002059840000001259
126.46399999998962,68.07164984866162,71.15088368949398,0.7355131198782277,0.7475563722673046,0.002059840000001259
126.97599999998957,65.8146159076151,64.07635555132156,0.7883534848484248,0.7541456113674563,0.002059840000001259
127.48799999998951,69.38851898077577,67.85786571176001,0.7461034418458461,0.7360547731908048,0.002059840000001259
127.99999999998946,62.7036463534084,66.56349374072204,0.7921580064773911,0.7649468093386699,0.0020598399999965976
128.51199999998963,72.96502847761205,67.64747339945201,0.7282425007239198,0.7398687283440086,0.002059840000001259
129.0239999999898,67.34872618588447,68.41100420672034,0.7542737430596578,0.7489906326185852,0.002059840000001259
129.53599999998997,64.7309518778128,65.16173210622998,0.7883430910749352,0.747047945345412,0.002059840000001259
130.04799999999014,63.849370919595245,74.515018373477,0.7400748163828818,0.7502055574890335,0.0020598399999965976
130.5599999999903,67.62406213653328,68.27106994648672,0.7535222081203217,0.7467347985114073,0.002059840000001259
131.07199999999048,68.36759667378728,63.41357021627232,0.7770457829185011,0.7503983111331549,0.002059840000001259
131.58399999999065,63.198006427928775,64.30307119545358,0.8031304668849396,0.7589120764962111,0.002059840000001259
132.09599999999082,67.6173875317344,65.29643517496731,0.7704240079375646,0.7526903133528073,0.0020598399999965976
132.607999999991,67.65274881979532,69.1769141660329,0.7483757378734888,0.7469438049131512,0.002059840000001259
133.11999999999117,63.31064775943107,71.57128171843422,0.7591824968429465,0.746659650395018,0.002059840000001259
133.63199999999134,67.6315549059882,70.19298837313586,0.742973621125072,0.7605496875761163,0.0020598399999965976
134.1439999999915,120.98108157610957,123.25982889682967,0.41925818161141126,0.5802743953303997,0.002059840000001259
134.65599999999168,394.0025625700047,168.5385193105523,0.1820311498987417,0.22486745554794793,0.0016736200000021881
135.16799999999185,272.4963865293366,64.66554505487217,0.30371163054754546,0.24260113480926568,0.0016736200000021881
135.67999999999202,115.61294625902318,67.25222436524916,0.5599754160424473,0.42907148820615315,0.001609249999996905
136.1919999999922,61.2620648748505,67.20314133036459,0.7971029901779199,0.7254411303118453,0.0016736200000021881
136.70399999999236,116.49492479119156,66.64189058273503,0.5591448108940897,0.6416235103424512,0.0016092500000015662
137.21599999999253,108.97322017530085,72.683450993307,0.5637007401999327,0.5616060086237901,0.001673619999997527
137.7279999999927,67.8941692166927,63.58617520915194,0.7788236366976812,0.7244557290372885,0.0016092500000015662
138.23999999999288,67.15862919593769,68.67565794391612,0.753859737155832,0.7505469834286165,0.002059840000001259
138.75199999999305,71.34173663860712,72.44486555153314,0.7121664914550835,0.740588481615694,0.0020598399999965976
139.26399999999322,63.99701231700153,67.16558629348934,0.780710363204177,0.757121391940125,0.002059840000001259
139.7759999999934,67.92405823691173,69.28936327447273,0.7462826804555994,0.756397379100247,0.002059840000001259
140.28799999999356,69.96798413721038,66.59806585691601,0.7498203250691088,0.7456760845761894,0.0020598399999965976
140.79999999999373,66.78894519390883,62.179234381705996,0.7939943041528492,0.7448793034801879,0.0020598399999965976
141.3119999999939,65.29644680405394,67.93702612431856,0.7685756270502019,0.7533844459750099,0.002059839999991937
141.82399999999407,70.6599833691019,70.49389117034107,0.7254494453950403,0.7528699241367028,0.0020598399999965976
142.33599999999424,68.01963633167853,63.493895141362664,0.7786271028771733,0.755650797523372,0.002059840000001259
142.8479999999944,63.142301037506286,68.95823700155962,0.775167168279946,0.7521971599778623,0.002059840000001259
143.35999999999459,67.87467764681485,63.973185902819566,0.7766527059534135,0.7567271251267201,0.002059840000001259
143.87199999999476,72.46806048865739,68.88092348496684,0.7244480796487924,0.7410098487915457,0.002059840000001259
144.38399999999493,67.95471282729328,69.83332281179938,0.7431704757604333,0.7456928537982822,0.002059840000001259
144.8959999999951,71.43648049190953,67.6989850531633,0.7359733882288093,0.7494015739294005,0.002059840000001259
145.40799999999527,56.89372682118991,66.99465040162538,0.8265504988884625,0.7513756363829979,0.002059840000001259
145.91999999999544,63.0814055433585,65.2776875152558,0.7977619470499044,0.7591104744607485,0.0020598399999965976
146.4319999999956,63.79798749776963,62.9390502966264,0.8079721743703865,0.7685446381281699,0.002059840000001259
146.94399999999578,67.53304416890141,65.5167197891019,0.7696368407862956,0.7485300637015978,0.002059840000001259
147.45599999999595,60.677123104429555,69.82298535746519,0.7846736773395112,0.7543476204408198,0.002059840000001259
147.96799999999612,71.96426114586004,67.4885403262499,0.7342986223226189,0.7371396377552223,0.0020598399999965976
148.4799999999963,68.4077788509971,72.57047372926174,0.7263531652990503,0.7406190569633978,0.002059840000001259
148.99199999999647,69.60429821651375,64.57888030041197,0.7631358947655528,0.7485444616201083,0.002059840000001259
149.50399999999664,69.77130699824393,68.79257964079939,0.73900929371843,0.747713559739885,0.002059840000001259
150.0159999999968,62.29154520276294,62.57671890024354,0.8200642552020109,0.7537434138402671,0.0020598399999965976
150.52799999999698,65.01108572741524,66.15154117845566,0.7807101947835152,0.7519366850987785,0.002059840000001259
151.03999999999715,67.96918131128376,69.4732595999943,0.7450391547258778,0.7466684922547595,0.002059840000001259
151.55199999999732,65.53145274062273,61.78794331896575,0.8042765137848626,0.7626306679637054,0.0020598399999965976
152.0639999999975,68.8177259595062,65.0049230710623,0.7651918471335091,0.743703728005853,0.002059840000001259
152.57599999999766,71.77075830585981,65.7529947565346,0.7445986436506079,0.7489474512327683,0.002059840000001259
153.08799999999783,62.5685360956511,64.63053381730006,0.8050373329779658,0.7543290465494593,0.002059840000001259
153.599999999998,66.21644441262553,69.8599913646525,0.7525182403190096,0.7424028381160639,0.002059840000001259
154.11199999999818,70.85496315277479,71.15067355000485,0.7210981365079546,0.7535188301897463,0.002059840000001259
154.62399999999835,67.46424686460688,70.81907270804099,0.7405086912612306,0.7603745339784577,0.002059840000001259
155.13599999999852,149.997366385491,130.9100774523241,0.3645328817242797,0.5124897043175115,0.002059840000001259
155.6479999999987,319.5895985317878,73.76299571656598,0.26032623528433374,0.2695009621083336,0.0016092500000015662
156.15999999999886,214.9802617084837,66.42393545375646,0.3638893841407864,0.30247549149191055,0.0016736200000021881
156.67199999999903,67.29023795282659,65.45762177430974,0.7713872013491107,0.6299723461078037,0.001673619999997527
157.1839999999992,66.71902705668056,66.70292966438862,0.7674898683585983,0.7387479924297844,0.0016092500000015662
157.69599999999937,70.90945100845391,66.46248299475815,0.7454215502098533,0.7435647482861005,0.0020598399999965976
158.20799999999954,68.33693787605553,71.96167023548963,0.729871816822205,0.7508438618649842,0.0020598399999965976
158.71999999999971,66.97797737243674,69.91734099783666,0.7480168147389035,0.7614649540907925,0.001609249999996905
159.23199999999989,64.4860701983998,67.85242689983089,0.7737733331215915,0.749593616230258,0.002059840000001259
159.74400000000006,68.83442025734067,71.9955416497823,0.7271179982817333,0.743531296023173,0.002059840000001259
160.25600000000023,64.98985701337786,60.14331974710523,0.8183281416726392,0.7514838155307102,0.002059840000001259
160.7680000000004,63.49712432894654,68.01363734044402,0.7786435018711769,0.7588824239209815,0.0020598399999965976
161.28000000000057,63.577245637888666,64.65805037191359,0.7985320983091316,0.7538567845789511,0.002059840000001259
161.79200000000074,69.80605991028249,58.31458171048857,0.7992466998650967,0.7522309802242457,0.002059840000001259
162.3040000000009,64.36337454359553,65.2087215704799,0.7902936131391047,0.7520108789371277,0.002059840000001259
162.81600000000108,65.33435475188884,66.43570052589845,0.7771113079077667,0.7593520675358115,0.002059840000001259
163.32800000000125,67.67119255153584,66.20650564830505,0.7648772079061762,0.7511572732218531,0.002059840000001259
163.84000000000142,67.63052190633128,71.41477075957813,0.7364506775935323,0.7476436128554679,0.002059840000001259
164.3520000000016,65.42402976599539,71.04568464492863,0.7503496320924606,0.7481347576232193,0.002059840000001259
164.86400000000177,67.16265961820342,67.93813041259966,0.7579526365216128,0.7608742417817196,0.0020598399999965976
165.37600000000194,64.34951806267534,72.5684739383127,0.7478929430929797,0.7499163052352217,0.002059840000001259
165.8880000000021,65.41391859351027,67.74292199760879,0.7690179456452919,0.7575228118463265,0.002059840000001259
166.40000000000228,67.40525326991634,68.89032118170807,0.7513083268624029,0.7577203029757095,0.002059840000001259
166.91200000000245,70.64553005629294,63.04820878765592,0.7659296604721647,0.7453557045443904,0.002059840000001259
167.42400000000262,66.31979316992367,68.24575482626543,0.7609674357577765,0.7544254697296255,0.002059840000001259
167.9360000000028,65.70858852377631,65.65336775006655,0.7795255407625973,0.7461867721060126,0.002059840000001259
168.44800000000296,72.55948257392292,74.16462124287821,0.6979085053936064,0.7400144965536355,0.0020598399999965976
168.96000000000313,69.33985192672367,67.95445347814383,0.7458430245743435,0.7452855559436737,0.0020598399999965976
169.4720000000033,67.54867767495095,64.76830276225446,0.7738991598935155,0.7556670130780263,0.002059840000001259
169.98400000000348,70.53271964272881,68.08401001232451,0.738727571014131,0.7410679437754428,0.002059840000001259
170.49600000000365,66.81327064200025,64.6928748001713,0.7786708343986048,0.7621859632992988,0.0020598399999965976
171.00800000000382,66.49599954124625,66.47159705660886,0.770112438067876,0.7578019753917076,0.002059840000001259
171.520000000004,65.23173289610833,67.59928877968036,0.7709042564615356,0.745164694306588,0.002059840000001259
172.03200000000416,71.97720766433604,65.69714803475303,0.7437841236302045,0.7444287788576947,0.002059840000001259
172.54400000000433,303.6926292968209,202.69965632628956,0.20221477085496647,0.3393517199966272,0.0016736200000021881
173.0560000000045,340.499207728455,65.21474352407883,0.25239457426560574,0.2178842433475105,0.001673619999997527
173.56800000000467,173.56727613407793,74.56914341182832,0.41267622135998294,0.3388271000417514,0.0016092500000015662
174.08000000000484,69.09530547946173,62.80476504952256,0.7763453013279337,0.6681583145284373,0.001673619999997527
174.59200000000502,66.83391264888805,64.15888971451108,0.7817223401017317,0.7548215168805084,0.002059840000001259
175.1040000000052,65.39603140136427,70.62913403345479,0.752801878039754,0.746116390924965,0.002059840000001259
175.61600000000536,65.08648024397851,69.99145898737339,0.7580808574864069,0.7555577582137067,0.002059840000001259
176.12800000000553,68.06925975333304,65.31286733891153,0.7677190507629414,0.7522072304596783,0.002059840000001259
176.6400000000057,64.87741390308983,70.95768657679554,0.7538552232687715,0.748212606143219,0.002059840000001259
177.15200000000587,71.72246392526756,68.85137490907643,0.7284427945420978,0.7293080355553055,0.002059840000001259
177.66400000000604,66.95298939466974,67.67019857899405,0.7606416215610079,0.7533768718282894,0.0020598399999965976
178.1760000000062,63.020886385734585,72.18024522673547,0.7573901104135087,0.7436256897818576,0.002059840000001259
178.68800000000638,63.36357619287098,60.561371199372395,0.8263065843868121,0.7608482509753601,0.002059840000001259
179.20000000000655,68.18063990796266,67.44970625078518,0.7549932806346041,0.753322318594305,0.002059840000001259
179.71200000000673,64.32756664410616,69.69491879808871,0.764050895356407,0.7504909675274327,0.002059840000001259
180.2240000000069,67.01431690222483,69.46533801601409,0.7502949803129627,0.7595062636614309,0.002059840000001259
180.73600000000707,68.30146100960062,69.33404737547608,0.7439940550334238,0.7572290474994798,0.002059840000001259
181.24800000000724,66.82078091982062,73.71589305143792,0.7286354309263221,0.7453075611505564,0.002059840000001259
181.7600000000074,68.73649599341441,66.00657637657493,0.7599648590379556,0.7548754155005608,0.002059840000001259
182.27200000000758,66.47603762286306,64.26200417068623,0.7832456306918045,0.7469604864963857,0.002059840000001259
182.78400000000775,72.43001253378014,59.03043469282438,0.7789415155684686,0.7564861552143144,0.002059840000001259
183.29600000000792,68.0106009338905,69.03783155827077,0.7471811106329651,0.7528904048018151,0.002059840000001259
183.8080000000081,64.369356102002,57.17611674163414,0.8424830444465333,0.7615599454043467,0.0020598399999965976
184.32000000000826,67.67526884799516,64.65057165105935,0.7738473423921436,0.7528561449567684,0.002059840000001259
184.83200000000843,74.18697107840931,66.11985759968965,0.729829053687278,0.7478981844769783,0.0019954700000006367
185.3440000000086,66.78751458460744,68.46991980653554,0.7570748362997594,0.7488636163069684,0.002059840000001259
185.85600000000878,68.75284070277979,65.65501630166969,0.7618602236669105,0.7530209038173614,0.002059840000001259
186.36800000000895,61.841133691907864,67.77279042482378,0.7900385756994557,0.7593888540660958,0.002059840000001259
186.88000000000912,68.9029866797041,68.59352423490631,0.7447461707853341,0.7450666341775841,0.002059840000001259
187.3920000000093,68.74961803842476,69.59753826366874,0.7401670026118959,0.7471094824985559,0.002059840000001259
187.90400000000946,65.31839782829456,66.42383561248047,0.7772754212948281,0.755086063307479,0.0016092500000015662
188.41600000000963,59.23747801118583,65.63224382763713,0.8200546817280012,0.761519450000851,0.0020598399999965976
188.9280000000098,63.39367294917218,70.0281262976915,0.7674907742065028,0.7493847406017794,0.0020598399999965976
189.44000000000997,70.47161185519303,65.57941773303955,0.7526587656846138,0.7440646375149941,0.002059840000001259
189.95200000001014,65.95411038258464,69.6366936733419,0.7552134579699339,0.7443443760860347,0.002059840000001259
190.46400000001032,70.68622929163314,71.25858691232575,0.7214071125560697,0.7469113319328228,0.002059840000001259
190.9760000000105,67.16112321327246,70.35646145732211,0.7446320428422725,0.7462883040680706,0.002059840000001259
191.48800000001066,71.34645503972655,68.57034841185877,0.7318634894016353,0.7446075143915402,0.002059840000001259
192.00000000001083,121.4595175675355,121.40714030898589,0.4216305395533641,0.5520093719854736,0.002059840000001259
192.512000000011,502.33381769125543,162.22893325074327,0.15408627681110765,0.1920971288818191,-4.6609851395151836e-15
193.02400000001117,315.77132549670813,68.72184830938171,0.26632462414441477,0.2453094755791806,0.001673619999997527
193.53600000001134,121.54608671218034,68.53110924019633,0.5387284860076327,0.44131694553455203,0.0016092500000015662
194.0480000000115,72.05030322049994,65.3202339751578,0.7454291297860401,0.7209876884964669,0.001673619999997527
194.56000000001168,64.98696658056565,68.11528428178542,0.7693333458793113,0.7519168309874555,0.002059840000001259
195.07200000001185,70.40193091561588,73.71784848214892,0.7105200995165287,0.7398283196701549,0.0020598399999965976
195.58400000001203,66.4846695144486,65.34724163702504,0.7767466852721521,0.7534641462695109,0.002059839999991937
196.0960000000122,69.75029761310739,67.83019020993646,0.7442915897471375,0.7435739251632028,0.002059840000001259
196.60800000001237,69.80274883976112,72.945250390921,0.7173480577792242,0.7435231167778734,0.002059840000001259
197.12000000001254,62.806947952124005,71.09919152548767,0.7647147501935166,0.7477771919378452,0.002059840000001259
197.6320000000127,63.04033798351546,65.23565534069672,0.7982787530725902,0.7603624260016606,0.002059840000001259
198.14400000001288,58.3769128378775,68.93763643047387,0.8043071321264554,0.7577623885787131,0.0020598399999965976
198.65600000001305,70.71225656290041,67.2342983299533,0.7423164723434844,0.7537954261743762,0.002059840000001259
199.16800000001322,66.3555681906011,65.10976334643246,0.778912575678966,0.7562607903496379,0.002059840000001259
199.6800000000134,67.09199825472471,67.40959212543503,0.7613292877100803,0.743860440608364,0.002059840000001259
200.19200000001356,66.46713809331712,67.50581840055904,0.764333360103766,0.7549487099534802,0.0020598399999965976
200.70400000001374,71.97085908655504,70.89800684925208,0.7167411831070997,0.7386825939745688,0.002059840000001259
201.2160000000139,66.79095849437823,61.705301564949195,0.7969103532874915,0.7612085924332223,0.002059840000001259
201.72800000001408,59.886564913127344,67.01279645488351,0.8069386551366308,0.7577987542208979,0.002059840000001259
202.24000000001425,64.21122553579745,67.79251062847811,0.7757356191234285,0.7542581654692375,0.0020598399999965976
202.75200000001442,67.1490759138728,67.36113462564688,0.7612804975122275,0.7393770417874231,0.002059840000001259
203.2640000000146,65.45722776647142,67.54621872971055,0.7699048610965095,0.7517349161474342,0.002059840000001259
203.77600000001476,69.51123920601664,65.57543698606845,0.7580318273165104,0.7482568093755576,0.002059840000001259
204.28800000001493,62.181740214986036,65.97218904711181,0.7990390976664756,0.7564134631269149,0.002059840000001259
204.8000000000151,70.83097245478176,72.4645093362875,0.7146073185287407,0.7542253844336385,0.002059840000001259
205.31200000001527,69.44231611000117,70.27763200435842,0.7328946323125347,0.7343242444503986,0.0020598399999965976
205.82400000001545,66.87010216133616,63.94749305324817,0.7827693196166002,0.7551604072544641,0.002059840000001259
206.33600000001562,63.79304516850949,69.3698084808884,0.7689832201223861,0.7601509659508957,0.0020598399999965976
206.8480000000158,63.788562389105024,66.39672799819488,0.7865711993679243,0.7616309487605329,0.002059840000001259
207.36000000001596,76.3484653170866,65.55594772960283,0.7216125122642121,0.7463447249406836,0.0016092500000015662
207.87200000001613,62.29412809121847,66.33051992976897,0.7961149093546332,0.7683142513940118,0.001673619999997527
208.3840000000163,70.78919161383268,68.33612800707553,0.73602706020027,0.7498687478932905,0.002059840000001259
208.89600000001647,67.32831419460562,66.63812668150632,0.764370534369099,0.7517751385622431,0.0019954700000006367
209.40800000001664,64.67985976387958,67.22374221078884,0.7763245162908101,0.7493652400251141,0.0020598399999965976
209.9200000000168,71.67677860949787,69.87831126536427,0.723393274593827,0.7453141054540109,0.002059840000001259
210.43200000001698,67.79153824382402,64.02810869757526,0.7768189520756503,0.7477773855955867,0.002059840000001259
210.94400000001716,60.44352549352085,70.64946133316865,0.7811249287910204,0.7443329773510078,0.002059840000001259
211.45600000001733,69.1551197054653,67.23427222283011,0.7507915282284945,0.7375900983791391,0.002059840000001259
211.9680000000175,62.718768953001835,66.11532588185787,0.7948206577711973,0.7512431769829867,0.0020598399999965976
212.48000000001767,63.94281906912996,70.22165975115836,0.7632422598023398,0.7590162252303799,0.002059840000001259
212.99200000001784,60.77208200982756,70.07203269035988,0.7826106679282939,0.7630912565433513,0.002059840000001259
213.504000000018,72.06743556457077,73.41101206238434,0.703884332492882,0.7471806538626208,0.0020598399999965976
214.01600000001818,63.33386017758952,65.51250628923303,0.7947449571763252,0.75622722233566,0.002059840000001259
214.52800000001835,67.12649810034435,64.22210435888015,0.7796047927635072,0.7448847490261703,0.002059840000001259
215.04000000001852,62.855736633152866,66.04036912855663,0.7944382756551784,0.739709446736026,0.002059840000001259
215.5520000000187,69.15153251057656,65.83729206543902,0.7585813145764226,0.7430371287323017,0.002059840000001259
216.06400000001886,66.40319590934386,75.2513894754285,0.7228851767971631,0.7471418218072653,0.0020598399999965976
216.57600000001904,68.26766914371674,68.08210880391348,0.7510096572312,0.7519926734687389,0.002059840000001259
217.0880000000192,66.44830174083283,67.8904047532322,0.7622523892957385,0.7516766265869411,0.0020598399999965976
217.60000000001938,68.05914604647018,69.59474797157753,0.743894684058661,0.7642181899908097,0.0020598399999965976
218.11200000001955,65.85202943496952,68.04693750913243,0.7647557134831992,0.7586917902629212,0.002059840000001259
218.62400000001972,70.76646221110315,67.46988689941884,0.7407603040653924,0.745621894447015,0.002059840000001259
219.1360000000199,70.4574897106448,67.25601001036195,0.7435727086120952,0.7446833896579605,0.002059840000001259
219.64800000002006,110.01154490683965,116.04491796225332,0.45298417351287507,0.6167097482083806,0.001995469999995976
220.16000000002023,500.59269288257497,162.05068012480854,0.1545325950145117,0.23104483662896877,0.0016092500000015662
220.6720000000204,313.86453971047166,67.40972915861298,0.26857306763378874,0.23100683047484222,0.0016736200000021881
221.18400000002057,126.80082668355004,64.20710259968068,0.5361033983471913,0.40918732641920547,0.001609249999996905
221.69600000002075,66.39621373050684,65.55260930497597,0.7760584569402584,0.7316683641773948,0.0016736200000021881
222.20800000002092,69.88849427971661,64.26551729479962,0.7633018110913636,0.7494906696931503,0.002059840000001259
222.7200000000211,67.37063480699575,65.74872553861667,0.769234465476269,0.752510045532829,0.002059840000001259
223.23200000002126,68.3117371419623,68.85281578560813,0.7465485638557959,0.7464326876673567,0.002059840000001259
223.74400000002143,64.39823802293822,63.451010684891614,0.8009433065501366,0.7584944360768032,0.0020598399999965976
224.2560000000216,67.41132911777909,67.8603162885108,0.7569953015093478,0.7571026263199657,0.002059840000001259
224.76800000002177,69.09353841708821,113.43464219785953,0.5610092625424119,0.5497165372253904,0.002059840000001259
225.28000000002194,456.9617916715534,113.25594950649135,0.17958052267620805,0.23081786160706333,0.002059840000001259
225.7920000000221,70.13347702348426,440.8031345139648,0.20041625064187557,0.20295967133677517,0.0016092500000015662
226.30400000002228,63.46977191096242,68.50487611889432,0.7759065966732791,0.47266116788260537,0.0016092500000015662
226.81600000002246,66.88307416748549,69.94603928623793,0.7483787434947636,0.7255332570111749,0.002059840000001259
227.32800000002263,66.17690496499132,66.80391279849559,0.7700358722573323,0.7508489956648853,0.0016736200000021881
227.8400000000228,66.49958245358754,69.44281884044224,0.7532601971515795,0.7525610649113368,0.0016736200000021881
228.35200000002297,70.37079275748005,68.53624388287774,0.7371836767716986,0.7494734048048542,0.002059840000001259
228.86400000002314,68.84961170143814,68.51196540525312,0.7454777540917724,0.7365517264178502,0.002059840000001259
229.3760000000233,64.49575006289852,64.46156618800359,0.7940611899891618,0.7585408984692737,0.0020598399999965976
229.88800000002348,60.816989669341154,64.14686039290045,0.8194369807668133,0.7575904122098225,0.0020598399999965976
230.40000000002365,66.99357851504634,66.85580030532645,0.7650390379280118,0.7555606163618576,0.0020598399999965976
230.91200000002382,68.45834441108498,71.02512060680625,0.7341371967413154,0.7511966853254,0.002059840000001259
231.424000000024,71.69631392961779,65.60583621867536,0.7458004109141985,0.7468365070414137,0.002059840000001259
231.93600000002417,70.22567606293586,67.30286948528587,0.7445726964668249,0.7527556193449844,0.002059840000001259
232.44800000002434,63.05067448871825,63.002548648859076,0.8123552690773986,0.7532386966778752,0.001995469999995976
232.9600000000245,67.08310161887252,61.08523946555786,0.798949250131469,0.7498503882131157,0.0020598399999965976
233.47200000002468,66.0684846805726,68.03786887134049,0.7635730693427629,0.7430949493622029,0.002059840000001259
233.98400000002485,63.86690277478501,70.23419989044459,0.7636029679459957,0.7561812900923404,0.0020598399999965976
234.49600000002502,69.53554528398689,68.76814320462444,0.74039963155742,0.7515772299615743,0.002059840000001259
235.0080000000252,71.27173291201025,65.02112284867228,0.7513233135257273,0.736700178103596,0.002059840000001259
235.52000000002536,73.1810541820531,64.75208705027006,0.7423886608043379,0.7532765791941184,0.002059840000001259
236.03200000002553,60.170217714170924,68.9570550808571,0.7930160514002806,0.7586624337995138,0.002059840000001259
236.5440000000257,62.61356071613218,68.12596511502426,0.7832367399912746,0.7505182124838656,0.0020598399999965976
237.05600000002588,69.95383829306186,68.60104138902997,0.7390573340682939,0.7455342296648098,0.002059840000001259
237.56800000002605,61.010280676550735,73.8927762696952,0.759063599580273,0.7432671828561487,0.002059840000001259
238.08000000002622,69.01009253780951,71.4432290399806,0.7290678415411183,0.7461403423332739,0.0020598399999965976
238.5920000000264,67.76241718468611,65.74342329324,0.7670076427624966,0.7462780907342277,0.002059840000001259
239.10400000002656,67.17091834884647,62.18216358057421,0.7916316988556394,0.7685420115881938,0.002059840000001259
239.61600000002673,64.54251636753568,73.84622710877868,0.7399445751707838,0.7477630142207513,0.002059840000001259
240.1280000000269,67.24301631740353,66.91116312265731,0.763300855980798,0.7500286723122748,0.002059840000001259
240.64000000002707,65.29233893941075,65.47089615184814,0.7830947278761928,0.7443750318039851,0.0020598399999965976
241.15200000002724,148.46229919939518,148.5649271312358,0.3447495411953082,0.49676579169241686,0.002059840000001259
241.66400000002741,475.68851851272825,153.7489745316676,0.16268493874542275,0.19501672912873136,0.001609249999996905
242.17600000002759,248.39681031671984,66.97938602290141,0.32469159431971795,0.2732775210224408,0.001673619999997527
242.68800000002776,63.54410345196211,72.142726546044,0.7546789913325025,0.5500658511587413,0.0016092500000015662
243.20000000002793,68.47517670784715,74.94968411341313,0.713962693870859,0.7447854104138167,0.002059840000001259
243.7120000000281,67.72884874701595,69.89460877025,0.7440592021687373,0.7386096723161878,0.002059840000001259
244.22400000002827,68.1678734007362,65.1704700376482,0.7679711428792348,0.7470484249995535,0.0020598399999965976
244.73600000002844,65.46463600053191,64.12095880072823,0.7902112897428645,0.7576363697881012,0.002059840000001259
245.2480000000286,63.311538283792174,67.08350403411802,0.7853059301928308,0.7495831486000974,0.002059840000001259
245.76000000002878,67.19535623853585,60.28919915418293,0.8032345540568009,0.7530671536846527,0.002059840000001259
246.27200000002895,67.05756653748344,73.75087667501585,0.7272291182529753,0.7511199553247536,0.002059840000001259
246.78400000002912,65.16421316157667,67.72348543535549,0.77057546395317,0.7528263387692617,0.002059840000001259
247.2960000000293,67.67795683820562,74.76376590768113,0.7188904909741902,0.7354928183071656,0.002059840000001259
247.80800000002947,71.36553025324066,70.86590872598316,0.719953343191289,0.7365572074625724,0.002059840000001259
248.32000000002964,62.62222742508429,71.35420015292027,0.764313557624755,0.7458896772675675,0.0020598399999965976
248.8320000000298,71.45852023820527,66.99862461032954,0.739579023617889,0.7497646025608493,0.002059840000001259
249.34400000002998,69.6389573532832,67.42583908304833,0.7470919058896804,0.7495893629568315,0.002059840000001259
249.85600000003015,68.58678808393547,65.60933329562633,0.763062292317456,0.7559770925768193,0.002059840000001259
250.36800000003032,71.27279740672934,63.835162522031105,0.757912413554267,0.7503732819944372,0.002059840000001259
250.8800000000305,62.820660581806315,68.45925408369048,0.7800126947135574,0.7640375399953608,0.002059840000001259
251.39200000003066,66.15892683143915,74.37964776620228,0.7286255769504476,0.7446981584024265,0.002059840000001259
251.90400000003083,69.85412748737153,68.19612916582565,0.7417588527723209,0.7494095371405656,0.0020598399999965976
252.416000000031,73.89923065582124,65.15944934363814,0.7363797786689625,0.7384980950941068,0.0020598399999965976
252.92800000003118,63.62132826709283,68.28203583234549,0.776325916318582,0.7588222500407242,0.002059840000001259
253.44000000003135,67.03754186638353,65.61294153611023,0.7719534627649531,0.7454150649014721,0.002059840000001259
253.95200000003152,68.73888970551408,66.75889978774129,0.7557318859810414,0.7612906284828324,0.002059840000001259
254.4640000000317,68.32053562982396,70.27922082572626,0.7388180370492953,0.7440674578600408,0.0020598399999965976
254.97600000003186,65.72644006682063,63.220214766743425,0.7941268436329059,0.7553941167111112,0.002059839999991937
255.48800000003203,70.4275386461375,70.6639610966632,0.725770157569149,0.7369254145151638,0.002059840000001259
256.0000000000322,67.68846576429031,67.77392817613573,0.755929354423145,0.7579986884287072,0.002059840000001259
256.5120000000319,86.6489164494587,70.75818706073846,0.6505424324345459,0.7237353958640856,0.002059840000001259
257.0240000000316,364.0586648632905,60.10959823364442,0.2414136297052441,0.27389259621904294,0.002059840000001259
257.5360000000313,69.86656231892947,63.88066949309136,0.7656233225366581,0.4846320346737453,0.0016092500000015662
258.04800000003104,68.56201706562223,67.99707145956857,0.7498585491884743,0.7303759408893705,0.0016736200000021881
258.56000000003075,68.40739826859961,65.90641471239043,0.7623936639673321,0.7522353686719228,0.0020598399999965976
259.07200000003047,68.85338924623994,71.83335267077214,0.7278582089874783,0.7468468575335434,0.0020598399999965976
259.5840000000302,68.5122856689722,63.589570605107006,0.7751594329419937,0.7491294384086871,0.002059840000001259
260.0960000000299,71.53667701188698,71.37393611786922,0.7165318079422525,0.7402835707699085,0.002059840000001259
260.6080000000296,65.93322991136674,67.55305591565167,0.7671200031192541,0.7581749166640006,0.002059840000001259
261.12000000002934,65.04194395153652,72.71988484574011,0.7433118512870985,0.7364444402388475,0.002059840000001259
261.63200000002905,61.56150932380517,62.4929923078848,0.8254436449554986,0.7536066831108815,0.002059840000001259
262.14400000002877,73.32040021548261,62.46023290997352,0.7541576264811368,0.7415263501465451,0.0016092500000015662
262.6560000000285,68.656284020121,65.00272483452649,0.7661286798210417,0.757885242441188,0.0020598399999965976
263.1680000000282,62.51322020417223,69.04145678047618,0.778383576677775,0.7485367028293377,0.002059840000001259
263.6800000000279,70.83052216014168,69.76980625705534,0.7283055534276782,0.7433947666755565,0.002059840000001259
264.19200000002763,66.32320789503075,65.61260288677644,0.7761349962016535,0.7608424384206309,0.002059840000001259
264.70400000002735,66.24737458801822,66.31041182494091,0.7724932859167688,0.7568849403889856,0.002059840000001259
265.21600000002707,64.68596418824015,69.95153275937304,0.7605607822599626,0.7448881592611535,0.002059839999991937
265.7280000000268,68.2313229619605,67.58120482540859,0.753980517617046,0.7496806421570139,0.0020598399999965976
266.2400000000265,68.16962411522522,67.07842863698065,0.7571273516788573,0.744281468068234,0.002059840000001259
266.7520000000262,65.10075664777389,67.83883010293358,0.7702746977243411,0.7565302634204143,0.002059840000001259
267.26400000002593,66.83950543382885,62.00699594765881,0.7947441250020048,0.7556266768683451,0.002059840000001259
267.77600000002565,70.15801168435202,61.205912725979545,0.779513861660686,0.7454014544701338,0.002059840000001259
268.28800000002536,59.368575771450615,60.89451435662896,0.8514665629408369,0.7664203915172098,0.002059840000001259
268.8000000000251,67.52013995454692,65.42907783691774,0.7702188978698458,0.7495376031402871,0.0020598399999965976
269.3120000000248,62.19981126334976,75.62657510861128,0.742963685659192,0.742608975441959,0.0020598399999965976
269.8240000000245,133.13296033569097,323.36190757368735,0.22431796543291715,0.33453047370327554,0.0016736200000021881
270.3360000000242,65.6144296611787,373.5997517307808,0.23314365596182138,0.22303318839012673,0.0016092500000015662
270.84800000002394,66.90644738035354,216.584649810893,0.36121063770450507,0.30509869709263043,0.0016092500000015662
271.36000000002366,67.62805575361787,65.65692177340601,0.7682786304948592,0.6996010270044118,0.0016736200000021881
271.8720000000234,67.499604090047,68.26846954089972,0.7542273913258142,0.75454348339253,0.002059840000001259
272.3840000000231,68.59917174919273,70.87773010970396,0.7341717419533312,0.744301640556608,0.002059840000001259
272.8960000000228,67.66333292604311,67.45877180345693,0.7578330740554539,0.7476335051648878,0.002059840000001259
273.4080000000225,68.47777845525934,70.43003525852816,0.7371795528435139,0.7460103578171267,0.0020598399999965976
273.92000000002224,63.99644078641124,62.889579630232895,0.8070234976537084,0.7606439277049563,0.002059840000001259
274.43200000002196,69.09758508516427,68.78034841872979,0.7426859207830233,0.7434390686759391,0.0019954700000006367
274.9440000000217,67.93507051782497,68.66752678855772,0.7496197145529342,0.739643983258584,0.0020598399999965976
275.4560000000214,70.61801715477547,123.79727623755787,0.5267075352624399,0.5899671580534186,0.001609249999996905
275.9680000000211,70.9749249920466,114.07868765280035,0.5533531528321204,0.5501348591905578,0.0016092500000015662
276.4800000000208,60.99585355220272,65.19457694935761,0.8114719919172781,0.7355303792001403,0.001673619999997527
276.99200000002054,70.893994705447,69.75260468345206,0.7280659500117442,0.7421710769072434,0.0020598399999965976
277.50400000002026,66.53622504170364,67.1459910644646,0.7659956797744554,0.7427062213379506,0.0020598399999965976
278.01600000002,64.15110767315556,64.4955466647746,0.7959787258129137,0.761706450143415,0.002059840000001259
278.5280000000197,68.58212895129043,66.64526639485894,0.7572430108402282,0.7578527051914747,0.0020598399999965976
279.0400000000194,70.81169761991104,65.2159814229004,0.7527879672766605,0.7472831422594652,0.0020598399999965976
279.5520000000191,70.8018838154802,68.93487991238891,0.7328064373912313,0.7471886176671789,0.002059840000001259
280.06400000001884,60.990614766398686,68.21442089940147,0.7925387696565197,0.7557666678415619,0.002059840000001259
280.57600000001855,66.99116407306099,69.61003544711217,0.7496273851158799,0.7337590126642808,0.002059840000001259
281.08800000001827,64.55657863845062,60.52296547026421,0.8186790312490863,0.7639129941555338,0.002059840000001259
281.600000000018,69.83075969039743,69.96044183002505,0.7325210663207592,0.7543770856327251,0.002059840000001259
282.1120000000177,63.731865322353585,67.13106456521112,0.782498145868967,0.7503819998177034,0.002059840000001259
282.6240000000174,64.45219997825468,59.557601739506964,0.8257411799839487,0.7521086134971653,0.002059839999991937
283.13600000001713,70.64198825581002,69.18185307791231,0.7323500700828154,0.745230880022329,0.002059840000001259
283.64800000001685,68.8177349529635,65.02251097296994,0.7650912421116416,0.7523224157940289,0.002059840000001259
284.16000000001657,67.93774019057314,65.66930503571533,0.7664266493324997,0.7497689780761326,0.002059840000001259
284.6720000000163,62.33594212654937,64.32967353323173,0.8084277604984956,0.7516260217977573,0.002059840000001259
285.184000000016,65.04443843214331,62.994382391004834,0.7997574434197469,0.7643899478897467,0.002059840000001259
285.6960000000157,60.27363181326063,72.1215506064133,0.7734420401748952,0.7581124132334597,0.002059840000001259
286.20800000001543,69.06771275013654,62.92620936692079,0.7757932968245896,0.7398255595770322,0.0020598399999965976
286.72000000001515,62.174238110767675,65.99684514138818,0.7989321569401469,0.7467180618532397,0.0020598399999965976
287.23200000001486,59.31969972985531,63.749524810654755,0.832052045361621,0.7440734778667463,0.002059840000001259
287.7440000000146,65.11550512873768,70.06568286713804,0.757501850058635,0.7339684826714251,0.002059840000001259
288.2560000000143,63.95350202532084,69.20744909020704,0.7689942069515541,0.7491472843911604,0.002059840000001259
288.768000000014,69.30024877348943,68.3958405661227,0.743666726419817,0.7362393255413282,0.002059840000001259
289.28000000001373,65.70721981800975,66.23132182680511,0.776118931764957,0.7554504647861799,0.002059840000001259
289.79200000001345,69.10607872343832,68.19699208538086,0.7457954100865071,0.7432324205207725,0.002059840000001259
290.30400000001316,62.946353219456334,68.48224819490707,0.7791302570218862,0.7372514682376876,0.002059839999991937
290.8160000000129,71.01798645405472,64.19570613829907,0.7573197509568689,0.7458087158300535,0.0020598399999965976
291.3280000000126,71.20632951776629,66.53522027111418,0.7434212854215068,0.7428017325504814,0.002059840000001259
291.8400000000123,68.81862093773113,65.50437679699732,0.7623415329237032,0.7507125489586355,0.002059840000001259
292.352000000012,75.35618643832709,67.96855902530478,0.7144614118710131,0.7407247220086031,0.002059840000001259
292.86400000001174,189.22484609504036,338.0142126341934,0.19421929825686157,0.3288726793429909,0.0016736200000021881
293.37600000001146,67.63918602281319,359.3115109987055,0.2398403392109674,0.21187296475582534,0.0016092500000015662
293.8880000000112,65.10978786098812,160.65298908794966,0.4535734428140936,0.3124462446520451,0.0016092500000015662
294.4000000000109,69.74040570778523,67.46593229992378,0.7463212085308086,0.6825148501286324,0.0016736200000021881
294.9120000000106,73.30984238006982,71.56246542667337,0.7068293557979319,0.7403433528875156,0.002059839999991937
295.4240000000103,68.74839803110623,63.29787933972304,0.7754857012169091,0.7467906291456494,0.0020598399999965976
295.93600000001004,71.2385901686062,65.0110579667274,0.75156157393,0.7439914908648549,0.002059840000001259
296.44800000000976,70.3028194098368,69.3396221988023,0.733301414816174,0.7487517278820894,0.002059840000001259
296.9600000000095,69.1532356974063,61.70123158953848,0.7825487514725173,0.748016901233184,0.002059840000001259
297.4720000000092,74.76389646893092,69.78476237994933,0.708411968782464,0.7337118067153806,0.002059840000001259
297.9840000000089,62.289024667732264,71.09068064296956,0.7677329902736251,0.7542574808983906,0.002059840000001259
298.4960000000086,68.49547312278767,71.84417446602106,0.7296583806454264,0.7477795427042592,0.002059840000001259
299.00800000000834,66.10655112476024,69.36261015729956,0.7558915920856213,0.74922539370615,0.0020598399999965976
299.52000000000805,65.77161358909449,66.80518072204889,0.7723825314381814,0.7528352451530982,0.002059840000001259
300.03200000000777,64.65395479137798,62.80388056440795,0.8034029427391461,0.7622273127171715,0.002059840000001259
300.5440000000075,65.04045056241947,188.88782131930896,0.40326348555506497,0.5908702101938157,0.001673619999997527
301.0560000000072,66.84180044409918,63.95912757105753,0.7828690633458983,0.744552999427537,0.0016092500000015662
301.5680000000069,66.96398099059282,67.45076020034907,0.7618212042274176,0.741744208573031,0.002059840000001259
302.08000000000663,67.80356966350324,68.7352729277152,0.7499697379636783,0.7435195558542389,0.0020598399999965976
302.59200000000635,73.82152024044073,65.98877483835179,0.7324210276667444,0.7442657609530442,0.0019954700000006367
303.10400000000607,66.63921952805772,66.99075318915995,0.7662951500910259,0.741382068575473,0.002059840000001259
303.6160000000058,61.429648188822235,68.53662775264543,0.7878967005726735,0.7483141548667048,0.002059840000001259
304.1280000000055,68.81903312038072,68.38265884309762,0.7463464811152462,0.7569170530968092,0.002059840000001259
304.6400000000052,69.47453476574915,66.4244757306207,0.7535007033972138,0.7449205628608033,0.002059840000001259
305.15200000000493,66.38952039042888,67.97510106000863,0.7621053733833637,0.7467836558413047,0.002059840000001259
305.66400000000465,72.02901518996026,62.32510462965251,0.7621649424482466,0.7506675833614168,0.002059840000001259
306.17600000000436,67.01882738286865,63.54791675109457,0.7842732135139728,0.749800034874442,0.002059840000001259
306.6880000000041,69.38326346906327,64.3807625326696,0.7655271978631493,0.7412940750823349,0.002059840000001259
307.2000000000038,66.15760766987461,64.16322911171137,0.7857530885227472,0.7607435216019331,0.002059840000001259
307.7120000000035,66.42644617618544,68.2723262317218,0.760214797577389,0.7499022468092671,0.002059840000001259
308.22400000000323,68.2638423727179,64.79883452790486,0.7695621521012761,0.7451803973975055,0.002059840000001259
308.73600000000295,71.06890740655496,69.14009717528064,0.7303382568430713,0.7503247124370459,0.002059840000001259
309.24800000000266,62.55000350659256,60.69570566798339,0.830860568581351,0.7687544275408071,0.002059840000001259
309.7600000000024,70.24837492588266,69.06666151914499,0.7350247511897686,0.7426077112709777,0.002059840000001259
310.2720000000021,66.94464387189691,69.76407210332775,0.7490378303206189,0.7506166789370982,0.0016092500000015662
310.7840000000018,69.34653853151346,68.37873315530027,0.7435091522843887,0.76001062300477,0.0020598399999965976
311.2960000000015,65.5554722824887,68.72723217245513,0.7625702834601347,0.744008188303833,0.0019954700000006367
311.80800000000124,64.22904339049575,63.471779858784906,0.8018742353767624,0.7637803047676808,0.0019954700000006367
312.32000000000096,69.43739510403283,66.30293208894716,0.7543815616004775,0.7561458588361437,0.002059840000001259
312.8320000000007,68.17868201519381,67.31152950864328,0.7557741540759536,0.7519041535905584,0.002059840000001259
313.3440000000004,63.08594391920376,63.54886658695919,0.808624418441535,0.7612536377434459,0.002059840000001259
313.8560000000001,449.1830760824441,201.7266015760016,0.15731829394267013,0.2803780621669499,0.001609249999996905
314.3679999999998,235.58560949457413,64.44749672445404,0.3412956699693221,0.3082528529893249,0.0016736200000021881
314.87999999999954,66.92941968337063,66.37503066409649,0.7681664020449989,0.683526959061373,0.001609249999996905
315.39199999999926,71.22703164017663,58.95185881231866,0.7866098692657676,0.7509312862510387,0.002059840000001259
315.903999999999,65.54909202548933,71.2837363509686,0.748358425496216,0.74304927309362,0.002059840000001259
316.4159999999987,66.66664520922934,66.36255339636504,0.7697558210780178,0.7514604576990648,0.0020598399999965976
316.9279999999984,63.81560564177816,64.80443821669607,0.7961434075755317,0.746635886958633,0.0020598399999965976
317.4399999999981,65.15426268327244,67.2854481701587,0.7731819960957511,0.7426358812339365,0.002059840000001259
317.95199999999784,74.75244148375661,566.0946097067865,0.15978851710367534,0.45845285474552694,0.001673619999997527
318.46399999999755,66.34344290042651,68.84643214075005,0.7574531744245692,0.7266354407284875,0.0019954700000006367
318.97599999999727,71.18430755375677,61.12675678265145,0.773933763692221,0.7439624221574477,0.002059840000001259
319.487999999997,71.19816621281917,68.14176433922485,0.7348934335929872,0.742059813738092,0.002059840000001259
319.9999999999967,70.65539616649254,68.46552064246639,0.7360503535253139,0.7530662781155304,0.002059840000001259
320.5119999999964,62.534753245723245,73.98235797773599,0.7500891212998615,0.7568729019046152,0.002059840000001259
321.02399999999614,59.91453238246773,66.9434670885299,0.8072017565073676,0.7545491300293635,0.0020598399999965976
321.53599999999585,70.16157391913957,68.4034498707563,0.739003228948076,0.7416505527698141,0.002059840000001259
322.04799999999557,66.70550377033356,70.75233479149702,0.7449556974805693,0.7482588014257116,0.0016736200000021881
322.5599999999953,72.94041143018461,65.83795370061353,0.7378671733413804,0.7608264341374936,0.0016092500000015662
323.071999999995,63.475246406131674,62.373311133378316,0.8136763901155694,0.749985998635435,0.001609249999996905
323.5839999999947,69.56585065250465,70.03169787364277,0.7335372367289094,0.7506881748716325,0.002059840000001259
324.09599999999443,140.34019685485757,126.93219003452117,0.3831297396329323,0.5499768489817034,0.002059840000001259
324.60799999999415,495.55627492230633,181.61695390271376,0.15121684620887446,0.1991201063885224,0.0016736200000021881
325.11999999999387,270.24681914305285,171.2848640128677,0.2319199366806004,0.21649279851257028,0.0016736200000021881
325.6319999999936,302.72726356206863,363.11364633732364,0.1537904903071704,0.1930328981271895,0.0
326.1439999999933,344.2409973675533,114.92595481215062,0.22301256550345935,0.22978040681847345,0.0016092500000015662
326.655999999993,325.27081874852473,65.67968146040268,0.2619257423772998,0.23289244756931582,0.0016736200000021881
327.16799999999273,146.31727195769295,67.99641287590802,0.4778042992425154,0.39410264334850786,0.001673619999997527
327.67999999999245,63.19388558860752,61.85617716213664,0.8188720401053188,0.7286497513416714,0.0016092500000015662
328.19199999999216,62.22236476351737,68.96261912463426,0.7805771435494956,0.7419661894755963,0.002059840000001259
328.7039999999919,67.67898003136874,62.99752292140511,0.7836144806921189,0.7466832579799423,0.002059840000001259
329.2159999999916,62.27489689457236,67.71986076921426,0.7877240731879617,0.7472679059560084,0.002059840000001259
329.7279999999913,69.92665769131052,69.09852700414496,0.7365571944703001,0.7477287481008945,0.002059840000001259
330.239999999991,65.01132218706215,64.46710796342754,0.7908653192735109,0.7854666975435506,0.002059840000001259
330.75199999999074,63.221324355687706,63.688274003433804,0.8068735645213718,0.7538615393960916,0.002059840000001259
331.26399999999046,66.34290322383586,171.29446092123828,0.43090866778629267,0.46953953278664406,0.002059840000001259
331.7759999999902,64.91760142649565,155.3775201503888,0.46483099247507276,0.44171701369218136,0.0020598399999965976
332.2879999999899,475.6160411886253,157.47121848532754,0.16174705529967098,0.20594535108859274,0.0020598399999965976
332.7999999999896,66.69149633539239,71.86091276543482,0.7390705124837027,0.40746575040703986,0.0016736200000021881
333.3119999999893,64.90285501414692,66.77938831089531,0.7776295225107729,0.7199216195795662,0.002059840000001259
333.82399999998904,70.45598185362914,66.14085763312099,0.7496513124663677,0.7531085294145898,0.002059840000001259
334.33599999998876,73.3567436266937,65.12192734165302,0.7394640581393684,0.7484605247764703,0.0016092500000015662
334.8479999999885,60.504229252424516,69.09165308032344,0.7901485614880857,0.7564909397611321,0.0020598399999965976
335.3599999999882,71.95721204239314,68.06772307278317,0.7312983213723453,0.7485319264565787,0.002059840000001259
335.8719999999879,63.33008538957494,69.30923249909961,0.7720184454352013,0.747722482787844,0.002059840000001259
336.3839999999876,62.05039384998293,71.12164090660583,0.7689302051077485,0.7511829992100685,0.0020598399999965976
336.89599999998734,65.23044740968528,69.7657161812138,0.7585400745929303,0.7473698609855615,0.0020598399999965976
337.40799999998706,67.00965706619691,58.99423549413772,0.8126733065089053,0.7555836956877778,0.0020598399999965976
337.91999999998677,67.1641478197152,68.13135357389882,0.7568618242678193,0.7423060426893383,0.002059840000001259
338.4319999999865,69.70440455121759,65.18833839488912,0.759121638151517,0.7555914980067908,0.002059840000001259
338.9439999999862,66.63859509337287,67.3157097293168,0.7644397851606418,0.7568911407884984,0.002059840000001259
339.4559999999859,61.94517806230351,62.8897593616593,0.8202831844440346,0.7519467607537232,0.0020598399999965976
339.96799999998564,69.16772512105435,68.8511771837601,0.7419273613251164,0.7493442173966418,0.002059840000001259
340.47999999998535,67.962818633443,64.86373208600018,0.7709302051838245,0.7477298709040419,0.002059840000001259
340.99199999998507,66.07760957387998,71.19046758645385,0.7459855351539112,0.7440475046573235,0.002059840000001259
341.5039999999848,59.82367313472958,65.23056637010308,0.8188446901557689,0.7536285032600704,0.002059840000001259
342.0159999999845,67.75830629531764,65.36633543662087,0.7692039480278486,0.7541834672714127,0.0020598399999965976
342.5279999999842,72.8565669082258,66.19055378481805,0.7364409956107981,0.7454294946782263,0.0019954700000006367
343.03999999998393,64.01645670806221,62.539158206419614,0.8091304369955878,0.7600361825437795,0.002059840000001259
343.55199999998365,66.63510169304709,68.408964403006,0.7582710070886471,0.738990219932111,0.0020598399999965976
344.06399999998337,69.79457557673568,65.07698133768443,0.7592408832721916,0.7475847310381404,0.002059840000001259
344.5759999999831,68.49572997777933,68.94490682576205,0.7450489344455765,0.7415445071676482,0.002059840000001259
345.0879999999828,65.8515793588487,61.5683847397141,0.8036417269807958,0.752271319435115,0.002059840000001259
345.5999999999825,69.12608030349203,69.69843714003521,0.737621868857967,0.7446957442872247,0.002059840000001259
346.11199999998223,64.92466438335192,63.01503523567955,0.8003770550104344,0.7512064094130227,0.0020598399999965976
346.62399999998195,62.36874261303568,64.92499683552013,0.8044386192408441,0.741083905094476,0.002059840000001259
347.13599999998166,67.67443814500552,69.02031734055723,0.7491143287557595,0.7486581970672859,0.0020598399999965976
347.6479999999814,65.10770072796073,68.08573100638085,0.7688066796284668,0.7546197996123069,0.002059840000001259
348.1599999999811,173.76873177026584,163.57417084088863,0.3035487013581357,0.46903152973333795,0.002059840000001259
348.6719999999808,438.89834356959955,104.03595735198391,0.18860477193315095,0.21865265795690386,0.0016736200000021881
349.18399999998053,227.76023627482832,66.412132695343,0.34809523531553443,0.25393615107857875,0.0016736200000021881
349.69599999998024,62.298082960555675,68.65245910357159,0.7819746171791646,0.6202428741259405,0.001673619999997527
350.20799999997996,70.00615996647396,68.55779362869087,0.7390089366183705,0.733576882207541,0.002059840000001259
350.7199999999797,68.14974571747473,70.67158186936733,0.7376388180407072,0.7445838744447928,0.002059840000001259
351.2319999999794,65.68046836468021,74.08124301754502,0.7326756304518403,0.7447086717461469,0.002059840000001259
351.7439999999791,65.32847112734653,69.48526663349446,0.7595665078410421,0.7674915737093588,0.002059840000001259
352.2559999999788,71.96772755764916,71.17063562635964,0.7153917211443982,0.7420184129874803,0.002059840000001259
352.76799999997854,67.54386673743721,68.1952398518268,0.754388345208831,0.742075368659873,0.0020598399999965976
353.27999999997826,59.15167497030897,67.95226632053254,0.8056398484582512,0.759015914314486,0.002059839999991937
353.791999999978,60.39429504624659,66.60481637158,0.8063048540796826,0.770359490363253,0.002059840000001259
354.3039999999777,67.5444211147785,61.54789752964677,0.7932307752721742,0.7452834626781479,0.0019954700000006367
354.8159999999774,67.79643963674812,71.8021814094082,0.7335316010474264,0.7401655881469154,0.002059840000001259
355.3279999999771,71.30307271324672,68.56031238576468,0.7321430117504271,0.7470826856515945,0.002059840000001259
355.83999999997684,66.81832480527882,67.86530992751197,0.7603002414002209,0.7413939006693147,0.002059840000001259
356.35199999997656,66.3126499483394,70.06689966096134,0.7508457117900365,0.7460632583964597,0.002059840000001259
356.8639999999763,71.91351208617746,70.94001189804523,0.7168181585167578,0.7462802930070249,0.0020598399999965976
357.375999999976,65.32917674714199,65.05126104800247,0.7853938959837846,0.7443001638741934,0.0020598399999965976
357.8879999999757,63.96730525859479,68.87604299053642,0.7708327240289179,0.7536450939173024,0.0020598399999965976
358.3999999999754,66.24075373026609,61.609179321173194,0.8009390193329259,0.7558054675129465,0.002059840000001259
358.91199999997514,70.78203260971956,68.90733861336646,0.7330550571128684,0.7530366851418654,0.002059840000001259
359.42399999997485,58.52604509976751,62.700154588625054,0.844701890046998,0.7645038964689319,0.002059840000001259
359.93599999997457,64.1648063180805,73.03806617671563,0.7463400593444854,0.7597838804906457,0.0020598399999965976
360.4479999999743,67.82167316749,68.67403780898381,0.7502067227420025,0.7511165477599279,0.002059840000001259
360.959999999974,62.44472654495375,70.61952426622467,0.7695530495663199,0.7548205422764646,0.002059840000001259
361.4719999999737,60.61171738438748,66.38709514328333,0.8063067517083188,0.7465830530809549,0.0020598399999965976
361.98399999997343,63.569938032990386,66.5938747153363,0.7867009873012222,0.7574209281058646,0.0020598399999965976
362.49599999997315,67.60500787091944,68.29119218525803,0.7535162863837942,0.7498130015298282,0.002059840000001259
363.00799999997287,69.03974580856126,67.89230374524905,0.74781616381021,0.7559616934421459,0.002059840000001259
363.5199999999726,60.43591544545846,73.64646430285156,0.7637095954906086,0.7560643783876266,0.0016092500000015662
364.0319999999723,64.4168739530071,65.23162216965099,0.7898279043909713,0.7564698879920572,0.002059840000001259
364.543999999972,69.36927450784344,69.64020721339963,0.7366403984250773,0.7512242110051154,0.002059840000001259
365.05599999997173,62.97320557358137,63.14134097802456,0.8119602599379608,0.7655202287924983,0.0020598399999965976
365.56799999997145,71.22316576670103,70.53632524005707,0.7223502234155053,0.7462124780937687,0.002059840000001259
366.07999999997116,67.11573328070881,67.13297888632746,0.7627633691754961,0.7533730766366915,0.002059840000001259
366.5919999999709,68.68689533623244,70.09058503331838,0.7378718775360301,0.7372935972503731,0.002059840000001259
367.1039999999706,70.17945067096082,62.9802864744108,0.7690012175993488,0.7451340255588761,0.002059840000001259
367.6159999999703,147.71560325063203,297.6075184244851,0.22994539249346527,0.34800948224401734,0.001609249999996905
368.12799999997003,67.4032678751647,369.6319912962053,0.23430603790218898,0.20309348991486667,4.6609851395151836e-15
368.63999999996975,68.67827144927422,197.2153296273029,0.3851164510367773,0.2991765074092943,0.001673619999997527
369.15199999996946,67.51634656136254,69.77481154838873,0.7458601224569823,0.690815122703959,0.0016092500000015662
369.6639999999692,67.62771426661912,68.41424227866253,0.7527089627376543,0.7458699120175698,0.002059840000001259
370.1759999999689,70.0386704944633,67.50949627703227,0.7444664832946403,0.7427129455484326,0.0020598399999965976
370.6879999999686,69.13247835964263,69.32279942381538,0.7395889968178176,0.7560387752082878,0.0020598399999965976
371.1999999999683,71.75598005072595,70.88050797898876,0.717908870405359,0.7508277424790272,0.002059840000001259
371.71199999996804,69.34506940002102,70.39461771477305,0.7327911069092343,0.7525646342301601,0.002059840000001259
372.22399999996776,71.5430868264025,67.57907228042217,0.7360437809290494,0.7501975298905487,0.002059840000001259
372.7359999999675,67.04143855791217,65.1476263683287,0.7746480395873696,0.7535539786982229,0.002059840000001259
373.2479999999672,66.05358840712486,61.825398063286926,0.8007570502890479,0.7538244066499307,0.002059840000001259
373.7599999999669,63.64827748061283,121.71972003717889,0.5524146636485707,0.607398189690504,0.0016092500000015662
374.2719999999666,63.087595121719986,108.11645207123055,0.5981167015555016,0.556488539916129,0.0016736200000021881
374.78399999996634,65.44421325893424,70.51547373441385,0.753164428842867,0.7158949311699739,0.0016092500000015662
375.29599999996606,69.94331912582798,64.72422559142638,0.7603910817190382,0.7381047469229859,0.0020598399999965976
375.8079999999658,70.02460488609066,66.0636717427927,0.7524527647539233,0.7373674094026932,0.002059840000001259
376.3199999999655,66.07304021038411,64.92902716405389,0.7816670534466769,0.751735047136135,0.002059840000001259
376.8319999999652,59.99547987186057,67.68502651671818,0.8020018317311426,0.7551118370543701,0.002059840000001259
377.3439999999649,71.57162188773763,57.564079614844175,0.7929642911178418,0.7545840717552772,0.002059840000001259
377.85599999996464,65.86974245659567,72.64550964157215,0.7392687696761914,0.7463176015788757,0.002059840000001259
378.36799999996435,68.6332908334399,65.69150573089273,0.7623313239187168,0.7535970510045669,0.0020598399999965976
378.87999999996407,66.17696582069149,66.46897200062327,0.7719799164746486,0.7534277195402553,0.0020598399999965976
379.3919999999638,70.92232629161447,70.17181099072084,0.7257565904038471,0.7488935547431801,0.0020598399999965976
379.9039999999635,95.6657005380797,118.11727042809629,0.47899044314526523,0.6794719061183782,0.002059840000001259
380.4159999999632,220.5094096695762,373.1405875364542,0.17249221002600523,0.21301939044783894,0.002059840000001259
380.92799999996294,325.3791602411475,67.09849779310122,0.26090657112274224,0.2222923742755502,0.0016736200000021881
381.43999999996265,68.10145694976922,65.48931946451353,0.7665199854999271,0.5834706136807513,0.001609249999996905
381.95199999996237,68.84277122890553,95.53459568406589,0.6229568092194533,0.6673576228008264,0.0016736200000021881
382.4639999999621,65.23327438022547,68.48097226058917,0.7658121895946401,0.6587947318389761,0.001673619999997527
382.9759999999618,67.72772199826808,63.5623202635697,0.7799525252324846,0.7438456219881255,0.001673619999997527
383.4879999999615,67.15155597415911,69.01438701504821,0.7520235805814993,0.7491266362882872,0.0016736200000021881
383.99999999996123,71.28517263748938,70.47891417707679,0.7223268057582443,0.7362890670889123,0.001673619999997527
384.51199999996095,66.08679480562941,67.42508283962647,0.7669729600543792,0.7497526101430019,0.001609249999996905
385.02399999996067,65.37059595762406,68.80526505369104,0.7631775136614519,0.7452179275398748,0.0016092500000015662
385.5359999999604,68.63898449283687,65.52675664611225,0.7632350787221395,0.760079988107128,0.001673619999997527
386.0479999999601,71.68632671268661,73.77677010390819,0.7039586138407989,0.7406694683408825,0.002059840000001259
386.5599999999598,75.03641806016886,66.64410191770041,0.722752852798642,0.7331496977808517,0.002059840000001259
387.07199999995953,69.96387495085374,65.94812774360575,0.753428674215058,0.7502630175816482,0.002059840000001259
387.58399999995925,69.86796661076679,63.66109342371684,0.7668742667218312,0.7478186046472125,0.002059840000001259
388.09599999995896,71.1725636909341,71.53105927396729,0.7175711300979776,0.7391888330548056,0.002059840000001259
388.6079999999587,70.2041331366338,65.86441750420647,0.7525618485515431,0.7527685960129622,0.0020598399999965976
389.1199999999584,63.50816004611592,67.37761720964303,0.7823615533099828,0.7641114239971819,0.0019954700000006367
389.6319999999581,66.42972478561319,70.05609960935992,0.750261065234636,0.7607877553323924,0.0020598399999965976
390.1439999999578,64.09575006907978,69.24411451396152,0.7679623818443839,0.7384336541066403,0.002059840000001259
390.65599999995754,66.2015226912076,68.59938728854418,0.7596387889026961,0.7548357514454508,0.002059840000001259
391.16799999995726,62.68707998615791,65.97509226271754,0.7958827230269698,0.7558013176197798,0.002059840000001259
391.679999999957,68.74791047893187,64.18810208603827,0.7702954077244779,0.7487720612424861,0.002059840000001259
392.1919999999567,69.19402234771185,67.20595266791894,0.7507332753416227,0.7514861309424686,0.0020598399999965976
392.7039999999564,65.46343961014433,65.70348930150996,0.7806845890931101,0.7542292325657466,0.002059840000001259
393.2159999999561,69.94439688555167,58.77807429096495,0.7955098986530431,0.757000092133517,0.0020598399999965976
393.72799999995584,69.83108382045393,64.63030156915667,0.7615569310348049,0.7557149850943621,0.002059840000001259
394.23999999995556,64.52279068397108,58.390246130871994,0.8331093483131164,0.7522013503746461,0.002059840000001259
394.7519999999553,63.54760107944658,136.2672726634457,0.5124743623027839,0.5792704817758099,0.0016092500000015662
395.263999999955,69.46653475606564,123.71302451300085,0.530076786526747,0.5239754103916111,0.001673619999997527
395.7759999999547,66.78905259997458,67.6866353034378,0.7614759336538895,0.7141421319724646,0.0016736200000021881
396.2879999999544,67.8292354950131,64.56699320646088,0.773435927928814,0.7489955659243513,0.001609249999996905
396.79999999995414,67.20022364304604,62.27386951478127,0.7908918108827815,0.7547572541523975,0.002059840000001259
397.31199999995385,69.2341509306941,69.17175544046364,0.7398528190364788,0.7464940426574117,0.002059840000001259
397.82399999995357,68.04077491710451,67.82500316166147,0.753685007718686,0.7526607886867147,0.002059840000001259
398.3359999999533,64.26167018039074,73.69341080306478,0.7422705946748022,0.7442119508659354,0.002059840000001259
398.847999999953,64.6477376823615,70.34083779232787,0.7585827144253421,0.7517807953533998,0.0019954700000006367
399.3599999999527,68.87774304007675,65.02007643936435,0.7647622672131915,0.7433001942824998,0.002059840000001259
399.87199999995244,64.85427543518234,66.491652154746,0.7796206694713851,0.7551010046812877,0.002059839999991937
400.38399999995215,71.56761694312783,68.20088263160946,0.7326400463020244,0.7542263015088787,0.002059840000001259
400.89599999995187,71.77218295239247,66.74031357095181,0.7392834767276176,0.7550685714247943,0.002059840000001259
401.4079999999516,65.65071432868885,69.78040883830732,0.7561038969877961,0.7466631880065581,0.002059840000001259
401.9199999999513,68.48207964097007,68.89937084495578,0.7453699144812163,0.7492315362245273,0.002059840000001259
402.431999999951,66.62718731732875,68.38385507326899,0.7584564802021795,0.7588438635706738,0.0020598399999965976
402.94399999995073,71.36437234531041,64.46144378173787,0.75390675292698,0.7515784131240298,0.002059840000001259
403.45599999995045,63.3710906321915,65.9177177883871,0.7920252437232707,0.747456385438151,0.002059840000001259
403.96799999995017,69.73612970773591,63.7501859778926,0.7671198315276048,0.7548679499486974,0.002059840000001259
404.4799999999499,67.3408972437161,69.3162065466038,0.7493207243519345,0.7540921057709891,0.002059840000001259
404.9919999999496,66.4803469586367,342.9774970101019,0.25008679527902283,0.38895093633345174,0.001609249999996905
405.5039999999493,67.27965222236308,68.61717529777745,0.7535128072421253,0.5495874691928078,0.0016736200000021881
406.01599999994903,72.29237517609624,65.90487225615693,0.7409698955849202,0.7240045277108774,0.002059840000001259
406.52799999994875,70.45277636237915,66.24681106208132,0.7490878497097567,0.7473249414947992,0.002059840000001259
407.03999999994846,59.1857706592283,63.65381963923022,0.8336074693118298,0.757716745647563,0.0020598399999965976
407.5519999999482,67.35948850549066,64.19653971547261,0.7783755817559922,0.7655863027930804,0.002059840000001259
408.0639999999479,64.52246229590638,72.54140729813098,0.7470969578145829,0.7436575209305761,0.002059840000001259
408.5759999999476,70.17166823385055,67.69347738286334,0.742754809723174,0.7521004095112773,0.002059840000001259
409.08799999994733,72.83130804270412,69.79736058441367,0.7179482286812205,0.7392389280788682,0.0020598399999965976
409.59999999994704,69.18650030906552,67.00771124594544,0.7518674900411539,0.7587041139878702,0.002059840000001259
410.11199999994676,65.82500391781467,68.95494433008511,0.7597569321784903,0.7495176175014664,0.0019954700000006367
410.6239999999465,69.94562469400324,65.09993635552274,0.7582626130335843,0.752507792784031,0.002059840000001259
411.1359999999462,65.56437351339594,71.19684589780631,0.748750270294916,0.7407359914789684,0.0020598399999965976
411.6479999999459,65.25777551741709,66.43080795580018,0.7775920835295951,0.7516959550102633,0.002059840000001259
412.1599999999456,66.05335091383405,67.54995923370622,0.7664480759265474,0.7561150481891593,0.002059840000001259
412.67199999994534,69.81240695082437,65.84891370879141,0.7548208988539122,0.749375514638642,0.002059840000001259
413.18399999994506,66.74224543643179,62.70812087801514,0.7910367727447054,0.7607539119631473,0.002059840000001259
413.6959999999448,74.59766469933055,71.99412439600299,0.6985384422411672,0.7488081262692402,0.002059840000001259
414.2079999999445,67.29329242290189,65.54603155681421,0.7708560758381756,0.7507551667758345,0.002059840000001259
414.7199999999442,65.67662356358899,71.73962342153264,0.7451811721439829,0.7571036993846437,0.0020598399999965976
415.2319999999439,69.52492392359999,69.70104414998005,0.7354949756634643,0.7367702791777859,0.0020598399999965976
415.74399999994364,66.8773817925269,60.762171202903275,0.8022591555430015,0.7593883684261611,0.002059840000001259
416.25599999994336,68.92384585717984,61.00182270277209,0.7881429523123779,0.7548171959145447,0.002059840000001259
416.7679999999431,73.5580868894687,70.48862922827367,0.7108804890511996,0.7527685490346886,0.0020598399999965976
417.2799999999428,67.1046271993786,66.28033958452322,0.7677027064519135,0.7595341554927603,0.002059840000001259
417.7919999999425,65.88820003491725,64.45718103346825,0.7856051296998089,0.7559840643423376,0.002059840000001259
418.3039999999422,69.32017225625218,67.82515217985889,0.7466532338672827,0.7399526494427467,0.002059840000001259
418.81599999994194,61.81461357852789,70.26487226330664,0.775290722456508,0.7505697877445506,0.002059840000001259
419.32799999994165,61.39844316919513,75.76315928648415,0.7465646228002351,0.7470813153078445,0.002059840000001259
419.83999999994137,67.49204811833556,68.98188027816973,0.7503264631065033,0.7490900946183281,0.002059840000001259
420.3519999999411,63.53092484057118,68.77613584731075,0.7739571831435815,0.753375345349867,0.0020598399999965976
420.8639999999408,67.59060826774814,71.5538870422184,0.7359256273263824,0.7513752779516517,0.0020598399999965976
421.3759999999405,68.68345123176277,62.01477226817224,0.783484252944348,0.7563661582757705,0.002059840000001259
421.88799999994023,75.64347527336311,66.37314637427305,0.721042359774402,0.7396135905470643,0.0016092500000015662
422.39999999993995,67.43635194921168,103.54492527360898,0.5988959824329397,0.6733909079713429,0.0016092500000015662
422.91199999993967,144.2366857127811,150.98585603741458,0.34685698250862695,0.4447058124247429,0.0016736200000021881
423.4239999999394,428.6846445048803,220.06248125459223,0.15784270316438445,0.1835579825308404,0.0
423.9359999999391,265.82664149236336,70.12342465785561,0.30480720296751534,0.26044729261568067,0.001673619999997527
424.4479999999388,107.00155719676815,66.84459205558387,0.5890265642373129,0.44031436446301364,0.0016736200000021881
424.95999999993853,64.46711802863679,69.45689415519868,0.7646126958878521,0.7235525081805259,0.001609249999996905
425.47199999993825,69.3508695848517,62.193441825423925,0.7784449126091286,0.755374704643171,0.002059840000001259
425.98399999993796,67.37588192692743,63.5665560260716,0.782023014087731,0.7407838318768105,0.0020598399999965976
426.4959999999377,65.30205581125324,71.34816402462134,0.749358472478045,0.7581976941813945,0.0020598399999965976
427.0079999999374,66.98394179780111,73.51658134932438,0.728822909027688,0.7389815598941009,0.002059840000001259
427.5199999999371,66.53519616526441,71.3104823744918,0.7428597043067021,0.7478404247118922,0.002059840000001259
428.03199999993683,73.6120054547484,72.25880809846483,0.7019910118115904,0.7369182376027583,0.002059840000001259
428.54399999993655,67.58172364092694,67.27462936428715,0.7593264812377123,0.7656984017179465,0.002059840000001259
429.05599999993626,68.77272659432575,65.66028040689535,0.7617176933271297,0.7520518761370641,0.002059840000001259
429.567999999936,70.59474302978363,57.70123924059824,0.7981543785540651,0.7521346892892168,0.0020598399999965976
430.0799999999357,64.8680575078896,71.72717224880175,0.7496601468616348,0.7521173793289694,0.002059839999991937
430.5919999999354,69.99109679890748,63.776564300972524,0.7655063948792618,0.7512729558377796,0.002059840000001259
431.1039999999351,61.5010992652692,64.54116911137335,0.8124258736284075,0.7656584830510569,0.002059840000001259
431.61599999993484,68.72053265740946,66.09936202744692,0.7595318201320482,0.755376857701144,0.002059840000001259
432.12799999993456,66.75393985534214,65.1507461564808,0.7763181361943551,0.7404005367317443,0.002059840000001259
432.6399999999343,69.93251683582191,70.56496201235188,0.7288387011603021,0.7478582211506705,0.002059840000001259
433.151999999934,66.10397077390834,61.811738700112215,0.8005271629345672,0.748621615587392,0.002059840000001259
433.6639999999337,66.56835499201068,65.94165025441093,0.7727718356781613,0.7586762205792206,0.0020598399999965976
434.1759999999334,65.14685737753113,68.77341316115499,0.7646340586686561,0.7509973621090719,0.0020598399999965976
434.68799999993314,198.00520291189656,69.10909999124631,0.3833564840484443,0.5857069142845028,0.001673619999997527
435.19999999993286,104.61039678346845,71.05858435406324,0.5829145210322065,0.4320023691472229,0.0016092500000015662
435.7119999999326,67.32582895553351,68.9032463220047,0.7516750722368294,0.7243075396963481,0.001673619999997527
436.2239999999323,65.22372221548697,64.74701677859302,0.7878696450642186,0.7624489983099688,0.002059840000001259
436.735999999932,65.10030741935262,58.84617157417622,0.8261630409472643,0.755859614826892,0.0020598399999965976
437.2479999999317,71.55667089075342,69.67913527480869,0.7250286083966748,0.7397577989525705,0.002059840000001259
437.75999999993144,71.275513152725,67.24399227758408,0.7392460699444147,0.748524224612854,0.002059840000001259
438.27199999993115,62.45872441663773,67.79788157506258,0.7861405509562005,0.7409644408072753,0.002059840000001259
438.78399999993087,66.11621985910448,66.24882475321836,0.7736181429161612,0.7545332503517828,0.0020598399999965976
439.2959999999306,72.09446826660208,74.1682413615592,0.700110098194735,0.7436983763303062,0.002059840000001259
439.8079999999303,66.44791336838927,68.86152645457504,0.7567838587904715,0.7580540590852819,0.002059840000001259
440.31999999993,64.20310149617552,65.49721623092155,0.789512329610944,0.7660230654719365,0.0020598399999965976
440.83199999992974,68.36126826095408,66.16760937080898,0.7611748629933025,0.7445946407175623,0.0020598399999965976
441.34399999992945,72.01484624653393,70.74979924094741,0.7172644155025005,0.7468062726892317,0.002059840000001259
441.85599999992917,66.58557256172355,62.79921139414406,0.7914377322369532,0.7530502582736597,0.002059840000001259
442.3679999999289,68.46944806041695,70.68616333983286,0.7358668397889427,0.7440632211528722,0.0020598399999965976
442.8799999999286,65.0426975042761,68.44077902468318,0.7671361479544946,0.7554947241611351,0.0020598399999965976
443.3919999999283,70.60488057900521,66.74994739929627,0.7455143842208193,0.7527451041940324,0.002059840000001259
443.90399999992803,71.2539015447551,64.48672784594834,0.75437988212992,0.7635948378758467,0.002059840000001259
444.41599999992775,66.50277671856146,72.91669571114002,0.7344741607140455,0.7504114409451331,0.0020598399999965976
444.92799999992747,67.29136330458329,63.61455625820921,0.782241172454246,0.769316030498347,0.0019954700000006367
445.4399999999272,71.12476673901844,69.05418307204981,0.7304948434698195,0.7539901521131125,0.002059840000001259
445.9519999999269,68.31300483889707,68.45689886532864,0.7487027279148124,0.7498354723970561,0.002059840000001259
446.4639999999266,71.29239413644285,64.75284527916469,0.7526907993243044,0.7578910061775738,0.0020598399999965976
446.97599999992633,68.30645663082407,68.18556450207218,0.7502270033813746,0.7449882990574399,0.002059840000001259
447.48799999992605,63.19233468201804,67.55873661868664,0.7831675792888753,0.7657616548025541,0.002059840000001259
447.99999999992576,67.14164647724905,65.57249769698689,0.7715831695042428,0.7537370415309861,0.002059840000001259
448.5119999999255,68.43949045735805,62.910061948342644,0.7795991545042809,0.7582836111508859,0.0020598399999965976
449.0239999999252,69.10461748188504,62.81959650154324,0.7762032223505462,0.749244865890373,0.002059840000001259
449.5359999999249,86.93879829917302,97.00031373706649,0.5567059602844296,0.7006036438649081,0.002059840000001259
450.0479999999246,149.76071480100933,337.55640792330723,0.2101301087627274,0.29262746960820496,0.0016736200000021881
450.55999999992434,66.73411929296861,352.5616283674153,0.24421902814750393,0.20850206332974544,0.001609249999996905
451.07199999992406,67.94097804372545,150.73484117915018,0.46827308279400265,0.3478210665538142,0.0016736200000021881
451.5839999999238,67.75375264782848,68.39702129155462,0.7521073662467055,0.7159018824121659,0.001609249999996905
452.0959999999235,69.38179367631544,65.06814788658804,0.7616217516323082,0.7424692495784532,0.002059840000001259
452.6079999999232,70.12652705504945,65.15299857404688,0.7569512054673816,0.7490679022412725,0.002059840000001259
453.1199999999229,69.07025462666992,64.97156856512301,0.7639406683799099,0.7537129429311924,0.002059840000001259
453.63199999992264,65.85154648101549,66.05971754225287,0.7762794235823353,0.753630254520803,0.0020598399999965976
454.14399999992236,66.94027587887777,64.86095072227538,0.7769275191184306,0.7544483639427454,0.0020598399999965976
454.6559999999221,68.02063340790714,65.28467251554821,0.7681614718231744,0.7450299681306249,0.0020598399999965976
455.1679999999218,72.17752647236242,62.0152220324949,0.7630814715468286,0.7625197680964889,0.002059840000001259
455.6799999999215,65.05514056240223,63.59919585619517,0.7959311971174082,0.7613182546948568,0.002059840000001259
456.1919999999212,68.79610521497725,67.40559413657813,0.7518261555290253,0.7462395982078178,0.002059840000001259
456.70399999992094,64.56552949113593,66.88651542504071,0.778991304892196,0.7547386927865549,0.002059840000001259
457.21599999992065,62.0918731623954,65.55128676870522,0.802236485333594,0.75592943949396,0.002059840000001259
457.72799999992037,67.43960567036116,64.9689529917017,0.7733639051335677,0.7515770226129265,0.0020598399999965976
458.2399999999201,65.53937758838534,68.78594206704356,0.7623283552399229,0.7547595777831043,0.002059840000001259
458.7519999999198,67.60034309150035,113.24235858718687,0.5662379462895855,0.5808316867005817,0.0016092500000015662
459.2639999999195,60.540724452660655,69.5488337127287,0.7871500329781563,0.6737376392315884,0.001673619999997527
459.77599999991924,69.67343655725335,66.04512466641417,0.7545025461273664,0.7394143257902507,0.0016092500000015662
460.28799999991895,67.09478408527337,69.99732273821573,0.7469430762475887,0.7391331333115025,0.002059840000001259
460.79999999991867,65.63880557905695,61.874743125439984,0.8030519191125667,0.7557386352347258,0.002059840000001259
461.3119999999184,67.9517623484198,67.15641032079286,0.7579112201502973,0.7519976170198684,0.0020598399999965976
461.8239999999181,71.33048826238485,66.84242898622679,0.7411003692985205,0.7491486306797545,0.002059840000001259
462.3359999999178,64.79570589068015,63.98135786956353,0.795172657381346,0.7536166123957996,0.002059840000001259
462.84799999991753,67.27924037243241,63.75939607836919,0.7814489128818586,0.7540658352304537,0.002059840000001259
463.35999999991725,63.614696968298986,62.888115889896206,0.8094681666469067,0.7619049615549742,0.002059840000001259
463.87199999991697,72.64713646770204,67.28502671640216,0.7317831559944918,0.731973762515916,0.002059840000001259
464.3839999999167,67.33783154953706,66.83227835260762,0.7632102267389077,0.7375175032032643,0.002059840000001259
464.8959999999164,70.47442034050574,65.67057416156285,0.7521392936590419,0.7505761681205024,0.002059840000001259
465.4079999999161,67.12897517338018,66.01411250961105,0.7690973807353081,0.7546263507973431,0.002059840000001259
465.91999999991583,70.71297079315093,73.62830368210439,0.7094297897276404,0.7495955192249862,0.0020598399999965976
466.43199999991555,63.83543426507045,64.12158198713757,0.8002687386689746,0.7551188645425025,0.0020598399999965976
466.94399999991526,65.34344879972438,68.2720983900509,0.7663778815691293,0.7440076428659943,0.002059840000001259
467.455999999915,70.60457441468392,69.5224097608676,0.7307657451024063,0.7480117573394667,0.002059840000001259
467.9679999999147,66.17659058625986,70.26148666760237,0.7505236225915909,0.7504885827654855,0.002059840000001259
468.4799999999144,91.83544752933712,72.5029165808279,0.6231046569950988,0.7290394303761075,0.002059840000001259
468.9919999999141,287.3079792231679,65.39090554740022,0.2903326447051614,0.33974764964548987,0.002059840000001259
469.50399999991384,268.05920558067436,65.83081252627649,0.3066878146899243,0.29510966347358,0.002059840000001259
470.01599999991356,282.52920645563796,62.46432733988366,0.2968171573345856,0.28518977240126636,0.0020598399999965976
470.5279999999133,275.08601413715,69.12886979096808,0.2974885886148493,0.28757705697667907,0.002059840000001259
471.039999999913,268.2313023206332,68.38660912288529,0.304202469681064,0.2924321157839985,0.002059840000001259
471.5519999999127,271.98178738638376,66.96205125231721,0.30211494745344475,0.28668295165112107,0.0020598399999965976
472.0639999999124,271.69550971742996,74.0534890721422,0.296168608899782,0.27761059743092015,0.002059840000001259
472.57599999991214,265.4609454443256,64.53248431752522,0.3103092085012113,0.2859335991706208,0.002059840000001259
473.08799999991186,264.31273189497074,65.77982260812664,0.310216024575735,0.2908995907443112,0.002059840000001259
473.5999999999116,284.5008745439762,321.3144667829548,0.16902840356553364,0.2106331080971081,0.002059840000001259
474.1119999999113,65.32909556612651,67.1457283007875,0.772977060931007,0.542732620860673,0.001673619999997527
474.623999999911,66.77400711777513,65.24892012442297,0.7756228568705013,0.7364278182789943,0.002059840000001259
475.1359999999107,65.54571332286538,66.09443952109818,0.7778781609390666,0.7502762041667629,0.0016092500000015662
475.64799999991044,66.80300003335091,62.524303284991106,0.7917894935761565,0.7582948461283656,0.0016092500000015662
476.15999999991016,66.8217235685277,73.70535973248933,0.7286851587224177,0.7444827178358271,0.002059840000001259
476.6719999999099,67.93705820457298,65.12099138866229,0.7695889148611574,0.751934699231152,0.002059840000001259
477.1839999999096,70.14142511271423,69.1199100079809,0.735308188100106,0.7412518829309444,0.002059840000001259
477.6959999999093,65.33586027521761,67.91048958087458,0.7685013518988951,0.7510882119976685,0.002059840000001259
478.207999999909,66.59936866567983,63.149427703404655,0.7892173404731411,0.7664152664977366,0.0020598399999965976
478.71999999990874,68.10804513182957,64.45976726481213,0.7724348629486328,0.7483562894234307,0.0020598399999965976
479.23199999990845,63.78396509002058,66.61015252061608,0.7853114992945579,0.7638994908859487,0.002059840000001259
479.74399999990817,71.26670536132265,63.43277317456118,0.7602108123434251,0.7642923530347036,0.002059840000001259
480.2559999999079,70.06043507765705,70.36833620870105,0.7291952999516675,0.7444377744886644,0.002059840000001259
480.7679999999076,67.43923704640216,71.32671210788753,0.737933193438864,0.7565274928317995,0.002059840000001259
481.2799999999073,108.83910678336845,114.50032594088773,0.45849494086620673,0.6090390504850048,0.0020598399999965976
481.79199999990703,153.80864439618193,426.64174104084714,0.1764147334020661,0.23641837940719093,0.0016736200000021881
482.30399999990675,65.5458815823093,279.00506173527606,0.29719843171526056,0.24409466588974083,0.0016736200000021881
482.81599999990647,67.26170653513513,117.34925242719406,0.5546799636141604,0.4760921804212553,0.0016092500000015662
483.3279999999062,65.65390389504591,70.49252915387339,0.752131346424671,0.734059613751701,0.0016736200000021881
483.8399999999059,64.89316878543947,63.072567727687975,0.8002142041318634,0.7452588774669381,0.002059840000001259
484.3519999999056,71.6381501954132,65.37399398587041,0.7473790050647805,0.7471012736876793,0.002059840000001259
484.86399999990533,69.12914889992263,65.71615471084499,0.7593887014083833,0.7490995458415048,0.002059840000001259
485.37599999990505,62.797182516565805,64.34381109025206,0.8054050632691364,0.7504497419852407,0.0020598399999965976
485.88799999990476,76.90811854499513,71.25271541002111,0.691140818167169,0.7405240939726824,0.0020598399999965976
486.3999999999045,68.00538875987395,62.720748256703246,0.7833169581612804,0.7482860434817021,0.002059840000001259
486.9119999999042,68.28401509292729,67.10188571240788,0.7563564550730878,0.7405929288830351,0.0019954700000006367
487.4239999999039,64.67591653191246,64.56957749548113,0.792290677292752,0.7557557446376976,0.002059840000001259
487.93599999990363,62.88541805393385,70.44743585591712,0.7680027614891879,0.7529615598070034,0.002059840000001259
488.44799999990335,68.62614790446624,64.3274377470949,0.7701935942394619,0.7502538077382334,0.0016092500000015662
488.95999999990306,76.24040844275902,69.77161825537198,0.7013120926792173,0.7399386050636975,0.002059840000001259
489.4719999999028,70.25760353973423,69.4157096459542,0.7331393353851678,0.7424092022350932,0.002059840000001259
489.9839999999025,68.06895223092248,73.17105965702302,0.7250070191245828,0.7321121806394391,0.002059840000001259
490.4959999999022,68.59739845428464,65.7307089281748,0.7623125345497973,0.7429048100914306,0.002059840000001259
491.0079999999019,67.69904320273717,69.67647130390056,0.7454021218246446,0.7363404525246662,0.002059840000001259
491.51999999990164,62.25041485962128,65.53524289490912,0.8013418860879135,0.7491569050570089,0.002059840000001259
492.03199999990136,66.77561094200014,67.73288737180356,0.7612901882311133,0.745872218383779,0.002059840000001259
492.5439999999011,68.29275334003347,62.513264457013776,0.7828386011940158,0.7524299177592968,0.002059840000001259
493.0559999999008,72.20494543264837,63.14275519061946,0.7565699271465589,0.7563120979160318,0.002059839999991937
493.5679999999005,66.2464609671031,68.17916553702854,0.7617595146328197,0.7522203222371061,0.0020598399999965976
494.0799999999002,69.62764481680236,66.04179138406471,0.7547757466050822,0.7546189087283678,0.0019954700000006367
494.59199999989994,71.37214681086078,68.97779927618454,0.7296048402932147,0.7471270380101239,0.002059840000001259
495.10399999989966,66.54444061376117,63.93307759294463,0.7848095319974997,0.7584712816861912,0.002059840000001259
495.6159999998994,61.529431564055734,66.82794432234229,0.7977726195542402,0.7493447171980504,0.002059840000001259
496.1279999998991,66.13630668409043,64.68717233297757,0.7827341144676354,0.754546627072382,0.0020598399999965976
496.6399999998988,63.70790094605016,67.27104309766308,0.7818050507860621,0.7512930242952255,0.002059840000001259
497.1519999998985,62.542378220730804,66.56443019894661,0.793141750256395,0.7548400246014986,0.0019954700000006367
497.66399999989824,66.9157785450277,66.90805788307605,0.7651850577084146,0.7477637862993095,0.0020598399999965976
498.17599999989795,70.63834548859356,68.67481507356464,0.7350346484624586,0.728871005772721,0.002059840000001259
498.68799999989767,76.61235920823529,69.13098168677136,0.7026049997973414,0.7419634530380537,0.002059840000001259
499.1999999998974,68.43254665137593,70.79713064558361,0.7354753813125169,0.7369882896297989,0.002059840000001259
499.7119999998971,67.60046094423701,71.21351814665823,0.7376778669599882,0.7545608135546126,0.002059840000001259
500.2239999998968,117.92774134296879,100.71327505953529,0.46834762152535997,0.6353122352165254,0.0020598399999965976
500.73599999989653,221.11810878883696,67.19947755276684,0.3551639055367044,0.37312024949571065,0.001673619999997527
501.24799999989625,193.584658118413,72.75334246355477,0.38447386319732296,0.38112935232497547,0.0016092500000015662
501.75999999989597,111.50504376855604,113.16250880566304,0.4557845528947581,0.45684165011617356,0.001673619999997527
502.2719999998957,207.49069304054842,115.2948055014717,0.3172385390995798,0.35872813748770477,0.0016736200000021881
502.7839999998954,265.43433056324176,68.18879107625291,0.3069331630757027,0.2922596641033319,0.001609249999996905
503.2959999998951,145.31734728149735,76.45040767840051,0.46174431453534326,0.4009873456156461,0.0016736200000021881
503.80799999989483,68.5536093778761,67.67859779812613,0.7516577916682107,0.7026929907045739,0.001609249999996905
504.31999999989455,62.16391712854286,61.626213190741936,0.8272064964782374,0.7621926472405095,0.002059840000001259
504.83199999989426,68.44031682407336,60.23249919551547,0.7958168878841579,0.7561382787569368,0.002059840000001259
505.343999999894,65.34751045392883,68.88604356918626,0.7628495032051872,0.7501407095163688,0.0020598399999965976
505.8559999998937,73.57170087744223,68.64790032924681,0.7200132691356739,0.7456118441159044,0.002059840000001259
506.3679999998934,69.53900813581045,69.83468397274926,0.7347154147300591,0.7405703573727473,0.002059840000001259
506.87999999989313,70.03271457611481,66.33124279681329,0.75093156558926,0.7484346799194846,0.002059840000001259
507.39199999989285,68.29390231856216,67.28291414049926,0.755291374103924,0.7557986847931211,0.002059840000001259
507.90399999989256,63.32416633153742,62.456023850093416,0.8141186609125884,0.7548847823152108,0.0020598399999965976
508.4159999998923,69.32984340773868,65.33458521143432,0.7604086769608933,0.7537231323940369,0.002059840000001259
508.927999999892,68.60373922159323,71.03854322800925,0.733302250605626,0.7413047906167682,0.002059840000001259
509.4399999998917,67.20189322000064,66.74694042278774,0.7644710089307529,0.7535457490997787,0.002059840000001259
509.9519999998914,72.14819585202751,67.9717640109913,0.7308023789052337,0.7481369191819561,0.002059840000001259
510.46399999989114,65.07375864282194,63.914515948052255,0.7938706081990239,0.7583268357556268,0.002059840000001259
510.97599999989086,61.421152683745085,64.68040805195751,0.8120438748146908,0.7561511954730952,0.002059840000001259
511.4879999998906,64.42443815190103,67.7039418282253,0.77500382594112,0.7701370627913505,0.002059840000001259
511.9999999998903,67.42528277149005,71.49843464891501,0.7370951620170187,0.7444457858334605,0.002059840000001259
512.5119999998909,63.97016621025954,70.98303319452877,0.7587815661402298,0.7540827675867365,0.002059840000001259
513.0239999998915,67.22986798105545,63.97599957938415,0.7804529012609116,0.7563777323506368,0.0020598399999965976
513.5359999998922,64.88179118934637,64.95379554849724,0.7886897773779085,0.765149458286204,0.002059840000001259
514.0479999998928,252.89123930737847,64.81584056833826,0.32230946833182844,0.4188158931584813,0.0016092500000015662
514.5599999998934,102.73013892033129,59.57000864714845,0.6309298021890277,0.5336594664097367,0.001609249999996905
515.071999999894,62.0234534399646,68.79182418419896,0.7827831875585545,0.7371309081324426,0.0016736200000021881
515.5839999998947,63.43890237771822,67.94094358558569,0.7794193945744284,0.7561259053302591,0.002059840000001259
516.0959999998953,65.49206780209903,67.52630836688184,0.7698184487676757,0.7573816693157657,0.002059840000001259
516.6079999998959,65.89391941616965,65.01325873071804,0.782233651733746,0.7523113999100215,0.002059840000001259
517.1199999998965,69.6322910410726,66.54930447958473,0.751937143991436,0.7535848002978415,0.002059840000001259
517.6319999998972,65.71592685776572,67.37784825640503,0.7693823389723453,0.7704459221952947,0.002059840000001259
518.1439999998978,69.70074673871453,76.51808723215949,0.7003201791391492,0.7522779260852824,0.002059840000001259
518.6559999998984,68.66150641696741,66.57362818295816,0.7571996752392508,0.7436559076987689,0.0020598399999965976
519.167999999899,74.5275896239662,65.63588013206335,0.7305755214125254,0.7513545878334036,0.0020598399999965976
519.6799999998997,66.6780308783007,67.65125483586746,0.7623058475714021,0.7480115474745882,0.002059840000001259
520.1919999999003,69.31928109068834,69.1462805125343,0.739534067636474,0.7532359572917655,0.002059840000001259
520.7039999999009,68.00669948985939,61.63444934973231,0.7898726671012622,0.7584545978301382,0.002059840000001259
521.2159999999016,67.2654175543612,66.73193845173292,0.764194183020618,0.758459496983612,0.002059840000001259
521.7279999999022,71.70271578593612,69.79724741711075,0.7236750998518637,0.7465454618917655,0.002059840000001259
522.2399999999028,67.15786822314772,70.76812542405294,0.7424271327849037,0.7595471584732286,0.002059840000001259
522.7519999999034,64.15432229522226,63.5789650804318,0.8016704345739514,0.7527463256025894,0.0020598399999965976
523.2639999999041,58.03514905298581,67.11296698923215,0.8182304555464182,0.7570440919639255,0.0020598399999965976
523.7759999999047,69.96051506980051,69.56369226936584,0.7339228220883425,0.7513099883858517,0.002059840000001259
524.2879999999053,72.33843359483569,68.75240797979822,0.7257735431809207,0.736290535600642,0.002059840000001259
524.7999999999059,65.12587390021416,69.08318442828686,0.7629887376853314,0.7379333597910219,0.002059840000001259
525.3119999999066,74.31121139172663,71.18179551883568,0.7038138957630279,0.7356107276021915,0.002059840000001259
525.8239999999072,65.24278498736454,67.24245216800433,0.7729163052326568,0.7511745976913776,0.0019954700000006367
526.3359999999078,64.91465394858015,72.28423944266916,0.7463617050320259,0.7525753234956027,0.002059840000001259
526.8479999999084,69.41943551014168,71.3119940984769,0.7276270857531948,0.7493827053019123,0.0020598399999965976
527.3599999999091,71.23478583969037,65.93390905127117,0.7465260209802247,0.7442576851009415,0.0020598399999965976
527.8719999999097,73.25065503032255,71.3689462439017,0.7080644608183615,0.745764488384189,0.002059840000001259
528.3839999999103,63.69195023298593,67.80157535776937,0.7787455659124808,0.7545728581498073,0.002059840000001259
528.8959999999109,66.9117492737734,73.49658156303187,0.729301455189423,0.7447957940462689,0.002059840000001259
529.4079999999116,111.04012559471107,103.36296266181859,0.4776050607884908,0.6385892300116328,0.0019954700000006367
529.9199999999122,172.24791556047535,454.95722172404436,0.16326396885609085,0.24003173782399662,0.001609249999996905
530.4319999999128,64.58756136866874,330.5902300664743,0.2591238734042219,0.2303029374568433,0.001673619999997527
530.9439999999134,69.3604229505398,134.48719042252995,0.5023360259440155,0.39783080793398257,0.0016092500000015662
531.4559999999141,74.23041407185953,71.1912625143385,0.7041591212799894,0.7169376374920453,0.001673619999997527
531.9679999999147,64.13902894000321,59.818337410801966,0.826090477835768,0.7661024848143648,0.0020598399999965976
532.4799999999153,63.690731049504,68.39154848165145,0.7752743241824955,0.758043742719785,0.002059840000001259
532.991999999916,68.1876303103365,67.83951647271086,0.7527909128559462,0.7509944714070919,0.0020598399999965976
533.5039999999166,67.35147138768124,66.18361241211922,0.7668396730369447,0.7609580462426287,0.002059840000001259
534.0159999999172,68.97127263673443,69.1444694266451,0.7414071594605774,0.7521850235653578,0.002059840000001259
534.5279999999178,67.16435463813909,66.64343422712449,0.7652768263222006,0.744092384326679,0.002059840000001259
535.0399999999185,72.25997883821108,65.83888013092587,0.7414977992170441,0.7471180051389441,0.002059840000001259
535.5519999999191,64.30634895508122,68.5968093587569,0.7704858281711575,0.7535441888857618,0.0020598399999965976
536.0639999999197,65.64208528444188,73.21991960311321,0.7374227390920896,0.7448075484071219,0.002059840000001259
536.5759999999203,65.06083617705089,68.59371442845128,0.7661542351988164,0.7468174483123681,0.002059840000001259
537.087999999921,63.808607171386456,63.701564582821874,0.8030731869563215,0.7539302307419967,0.0020598399999965976
537.5999999999216,65.51521864954671,69.03789123456616,0.7610377797153443,0.7515725801133671,0.002059840000001259
538.1119999999222,68.71283358960648,66.29601876912423,0.7584687834240229,0.7557029678890785,0.002059840000001259
538.6239999999228,64.6318226296171,79.14400465387676,0.7122198629265408,0.7432015742800389,0.002059840000001259
539.1359999999235,65.57849521887684,108.80892836692861,0.587198307621164,0.5809325080171764,0.0016736200000021881
539.6479999999241,64.74558586416335,69.84009856642294,0.7608535813689283,0.7244878358778828,0.001609249999996905
540.1599999999247,70.5389268972271,70.6952230620819,0.725037110567823,0.7450979875509702,0.002059840000001259
540.6719999999253,67.9491153647675,71.2728669704345,0.735516031896842,0.7412984937031986,0.0020598399999965976
541.183999999926,63.880405707495065,66.39334740299931,0.7860370761955966,0.7471949625933746,0.002059840000001259
541.6959999999266,65.34099744320122,63.20166648079822,0.7966226688793674,0.753225272102068,0.002059840000001259
542.2079999999272,69.32612826365289,62.50461193580068,0.7767535845211346,0.7521070846005149,0.002059840000001259
542.7199999999278,66.49013872219628,71.03764470590815,0.7445768225700502,0.7464056723394665,0.002059840000001259
543.2319999999285,63.18991842110169,72.54127169870321,0.7544323446189142,0.744219950804013,0.002059839999991937
543.7439999999291,65.7019793146804,66.69794239568274,0.7734143546097354,0.7637225435275788,0.0020598399999965976
544.2559999999297,66.13029203813191,62.84812110451618,0.7939313060608617,0.7624660500585958,0.002059840000001259
544.7679999999303,69.98605967551386,64.36659831929114,0.7621732351879448,0.7601818541314629,0.002059840000001259
545.279999999931,64.2503970113593,72.46472163788857,0.7490027512078917,0.7491953837077115,0.002059840000001259
545.7919999999316,67.71605612706372,70.03254903586156,0.7433832079742955,0.7505252422281259,0.002059840000001259
546.3039999999322,69.26193895483489,72.31746735823064,0.7232690309038972,0.7489385133332751,0.002059840000001259
546.8159999999328,67.49680982148163,66.75283701237788,0.7627580586988434,0.7604753051088133,0.002059840000001259
547.3279999999335,62.192015256505655,65.09627217930121,0.8044730749609751,0.7582849390623959,0.002059839999991937
547.8399999999341,67.81837649223421,64.92268739082267,0.7714266934775591,0.7572008324902492,0.002059840000001259
548.3519999999347,66.53003527524749,59.22776765073939,0.8142635893556934,0.7613762919272385,0.0019954700000006367
548.8639999999353,134.36709586864708,72.23962837742413,0.49562762477198136,0.4783893518003659,0.0016092500000015662
549.375999999936,65.69890071924536,65.7967645044531,0.7787328945467417,0.7398070049256206,0.001609249999996905
549.8879999999366,72.01946718890208,70.40164361120577,0.718994532655495,0.7505610262289043,0.002059840000001259
550.3999999999372,68.50234786876709,71.5072130389564,0.7313786239747518,0.7500988556231272,0.002059840000001259
550.9119999999378,65.45712956152938,68.85895096235834,0.7623807931306369,0.7542744433866796,0.002059840000001259
551.4239999999385,63.91105438692216,66.00919748558547,0.7881758118856359,0.7542573673794915,0.002059840000001259
551.9359999999391,66.7950092773996,73.5325080538022,0.7297214541201846,0.7433328697524975,0.002059840000001259
552.4479999999397,67.24703558145984,69.77355397012184,0.7473329397802023,0.7438532220630821,0.0020598399999965976
552.9599999999404,64.37149107287814,66.03245285819325,0.7852523237650415,0.7522559993859484,0.002059840000001259
553.471999999941,68.0011380585183,70.9344327215153,0.7370322763644335,0.753691240015003,0.002059840000001259
553.9839999999416,71.48343233688564,61.248229033525966,0.7714813401923325,0.7631755272952006,0.002059840000001259
554.4959999999422,62.877420508562366,64.77736156040446,0.8021634469179333,0.7597577894831363,0.0020598399999965976
555.0079999999429,71.3430070821908,72.00601325724166,0.714340424214478,0.7486186947703075,0.002059840000001259
555.5199999999435,75.95886522076415,74.6374315538681,0.6799635993256983,0.722740837193595,0.002059840000001259
556.0319999999441,363.47460309583767,174.84627314228626,0.19022112000483482,0.29903372719495036,0.0016736200000021881
556.5439999999447,345.10432736877584,120.7251692430665,0.2198229196407585,0.2064973979849023,0.0016736200000021881
557.0559999999454,151.731777774249,310.9015107922013,0.22134161663399582,0.21469759491979162,0.001673619999997527
557.567999999946,247.3919084606551,122.89212266430984,0.27654446692960855,0.2103106773079201,0.0
558.0799999999466,327.88577739778464,66.93364507364532,0.25935907448274004,0.24040077854776015,0.0016736200000021881
558.5919999999472,209.8751928977758,64.9449636517228,0.3726073126719745,0.3192125136839359,0.001609249999996905
559.1039999999479,67.152644385972,62.92134856720311,0.7872442267291867,0.6553686153654099,0.0016736200000021881
559.6159999999485,71.99235972515147,68.1657782153943,0.7306033135474265,0.7376781140351726,0.002059840000001259
560.1279999999491,70.73999779963296,69.60560283859789,0.7296274306734893,0.7453820219159797,0.002059840000001259
560.6399999999497,63.6003106396804,67.80032748986805,0.7792960632279686,0.7499837331847535,0.002059840000001259
561.1519999999504,64.73646260981067,67.81288407055432,0.7725424724041201,0.7510392438087883,0.002059840000001259
561.663999999951,63.88827163026573,61.827097685893484,0.814538433582263,0.7546972928405536,0.002059840000001259
562.1759999999516,62.58628639048591,70.8785167139112,0.7672434800649427,0.7422456624800999,0.002059840000001259
562.6879999999522,116.83403485382195,69.10640347296398,0.5507139862714233,0.67657302246756,0.002059840000001259
563.1999999999529,409.24475884497565,109.07147261921723,0.19756278847515535,0.2449240756712546,0.002059840000001259
563.7119999999535,133.64699282507172,66.3832410436069,0.5119226129947255,0.4514763013863299,0.001673619999997527
564.2239999999541,71.21190375634134,70.91263074192517,0.7204948840219348,0.7301508834460526,0.0016736200000021881
564.7359999999547,68.61794825218945,62.53517132066709,0.7807667887237408,0.7576702782309809,0.0016092500000015662
565.2479999999554,67.60176667627599,63.518558909090544,0.7809620632259031,0.751097613751045,0.0020598399999965976
565.759999999956,65.70431847148478,65.84371454573713,0.7784228897333195,0.755978355970021,0.002059840000001259
566.2719999999566,63.34169403106159,71.21130962230754,0.7610383805611609,0.7488155934235815,0.0020598399999965976
566.7839999999572,64.85100105732036,65.62219999508088,0.7848355001183244,0.7565052648728197,0.002059840000001259
567.2959999999579,66.13228491639869,70.00335088527146,0.752190999784817,0.7423443165099906,0.002059840000001259
567.8079999999585,74.79586167632775,69.53202129555889,0.7094956143709688,0.741810988284406,0.002059840000001259
568.3199999999591,383.7970038829469,141.21002865162106,0.19504500636047706,0.27765368883758623,0.0016736200000021881
568.8319999999597,278.8147573895945,64.57206139656255,0.29820597180164116,0.260766367857664,0.0016092500000015662
569.3439999999604,67.78852981123826,67.8592402048371,0.7548963022972275,0.6044436462148436,0.0016736200000021881
569.855999999961,69.02669044977974,64.57810555539578,0.7664395520354921,0.7410705390593938,0.002059840000001259
570.3679999999616,73.39914444693979,67.09745301737584,0.7288432734181218,0.7504308845782319,0.002059840000001259
570.8799999999623,69.92883021947287,66.00468597773173,0.7533094329101583,0.748742077821334,0.002059840000001259
571.3919999999629,68.5951649221461,69.44777783099923,0.7417981532248001,0.7501045738099913,0.002059839999991937
571.9039999999635,67.89554590057138,70.52375945177091,0.7397812013240769,0.742839137168482,0.002059840000001259
572.4159999999641,237.19102970418666,189.06559059668007,0.2402308729603367,0.37949789788418625,0.0016736200000021881
572.9279999999648,325.9133903559665,67.40536345860258,0.26034863328250224,0.21684547687291822,0.0016736200000021881
573.4399999999654,157.30518480996383,68.11519957567953,0.4542623786179724,0.3257979583891967,0.0016736200000021881
573.951999999966,65.97343014197658,63.85059046599595,0.7887600424055238,0.6802782884665293,0.0016092500000015662
574.4639999999666,64.14199043140141,59.01516214787516,0.8314580018735401,0.7538376219458159,0.002059840000001259
574.9759999999673,65.40168082058297,67.26154300569664,0.7718793275677606,0.7536074369540176,0.002059840000001259
575.4879999999679,61.582553054626125,65.74551468510475,0.8042217385196962,0.7525715958395853,0.0020598399999965976
575.9999999999685,65.41181011478638,68.50514720288123,0.7646529763747135,0.7555376400609012,0.002059840000001259
576.5119999999691,71.67333487010217,67.11869989216649,0.7377945007823892,0.7449317480786712,0.002059840000001259
577.0239999999698,65.54441904708467,72.40619483347834,0.7422946308064814,0.7429805015211137,0.002059840000001259
577.5359999999704,66.43397994180212,67.54185586489069,0.7643169335979956,0.7451371396240934,0.002059840000001259
578.047999999971,66.59674988100376,66.14391382122585,0.7714290191414798,0.7363300488186695,0.0020598399999965976
578.5599999999716,109.70613583179642,68.63116555612456,0.5741928312420662,0.6851911242504873,0.0020598399999965976
579.0719999999723,139.82267722320756,65.82506292919805,0.497938853712233,0.5077052672138876,0.001609249999996905
579.5839999999729,60.360397294384654,69.48064211017932,0.7886566563976583,0.6549121679955904,0.0016736200000021881
580.0959999999735,69.94585272609655,68.54983114597972,0.7393732218729892,0.7564974900977998,0.001609249999996905
580.6079999999741,65.42266657890136,70.77470030533192,0.7518500712795662,0.7463736328160083,0.002059840000001259
581.1199999999748,67.68115459462216,71.07774429666816,0.737970687416773,0.7673977191482341,0.002059840000001259
581.6319999999754,66.9981019428497,69.40871220858702,0.7506956352365002,0.7553774895650263,0.0020598399999965976
582.143999999976,61.55961049620285,60.185422512809374,0.8411020759460455,0.7558520724632787,0.002059840000001259
582.6559999999766,69.21464404015835,67.65195953619246,0.7481737496530797,0.7442955312306109,0.002059840000001259
583.1679999999773,64.48542386319295,69.6730704734759,0.7632763061802754,0.7478221638451229,0.002059840000001259
583.6799999999779,73.66786783621399,65.87665786562542,0.7338159593504586,0.7437495763543464,0.002059840000001259
584.1919999999785,69.55961459061747,68.34424246573116,0.7425463086080221,0.7486264743288655,0.002059840000001259
584.7039999999791,75.47875171161134,69.21373949161318,0.707707768029071,0.7362867673269933,0.0020598399999965976
585.2159999999798,74.06429151366252,63.86098681920989,0.7424309831941409,0.7459288980557979,0.0020598399999965976
585.7279999999804,65.60608869431012,64.56785074036763,0.7866397870780049,0.7642372932471789,0.002059840000001259
586.239999999981,72.1427960662921,66.94285023480302,0.7362370073639564,0.7567410814470032,0.002059840000001259
586.7519999999816,65.46039882722833,66.28549547063128,0.7772538229425768,0.7559789067509568,0.002059840000001259
587.2639999999823,68.78026460451558,68.87498859496247,0.7438873389859724,0.755995741474761,0.002059840000001259
587.7759999999829,66.52372568117865,68.49786471346057,0.7583972289224762,0.7456908926329312,0.002059840000001259
588.2879999999835,61.96105097512223,65.96966133921772,0.8004332825755854,0.7634473569965141,0.002059840000001259
588.7999999999842,66.27064588167555,62.27018276615259,0.7966340428732733,0.7509965427677217,0.002059839999991937
589.3119999999848,68.17345915553975,71.24058673957602,0.7345027492928351,0.7430253664944574,0.0020598399999965976
589.8239999999854,70.85199903949194,62.944902449369266,0.76533909874232,0.75910192122694,0.002059840000001259
590.335999999986,71.0903474467093,63.665364034310834,0.7598935798311055,0.7622222006942875,0.002059840000001259
590.8479999999867,70.79477715926855,73.7542145764924,0.7084103373559996,0.749643334293791,0.002059840000001259
591.3599999999873,67.14736781508329,67.49595566330429,0.7605278698905323,0.7465817731670589,0.002059840000001259
591.8719999999879,67.36546565599063,62.947741421526345,0.7857990935568583,0.7549502942782376,0.002059840000001259
592.3839999999885,60.131594874574674,67.03235804944826,0.8052596482368024,0.7546351857571577,0.0020598399999965976
592.8959999999892,61.90833516999651,72.050079909263,0.764416329794681,0.7503719286141493,0.0020598399999965976
593.4079999999898,68.08068354530914,72.01508930748297,0.730928549197544,0.7546911005107666,0.002059840000001259
593.9199999999904,66.725263746259,69.52535063552587,0.7515562440919876,0.752993984992727,0.002059840000001259
594.431999999991,65.95234998156008,65.67834621266648,0.7779340454821004,0.7502794633964455,0.002059840000001259
594.9439999999917,68.54851024348383,62.562903981326166,0.7810151435360158,0.7513952230728994,0.002059840000001259
595.4559999999923,68.54772309188539,63.69109520906427,0.7743565869362024,0.7491128347362717,0.0020598399999965976
595.9679999999929,120.12104426500284,118.87357080650533,0.42846153654701175,0.5760553399716448,0.002059840000001259
596.4799999999935,336.40862257049537,125.8313438672897,0.22152995724090524,0.2604276697086568,0.0016736200000021881
596.9919999999942,315.1092476159863,66.23761073317135,0.2685219446760029,0.2469245746789592,0.0016092500000015662
597.5039999999948,62.416111905244584,66.58414315445425,0.7937968801116808,0.5244331902830607,0.0016736200000021881
598.0159999999954,63.17483811243261,62.280123449040346,0.8162291767936495,0.7351472783754528,0.002059840000001259
598.527999999996,67.4393455507145,64.82351748978934,0.7742158127080713,0.7541474440691233,0.0020598399999965976
599.0399999999967,68.22328121601561,70.78243905330505,0.7366603316870858,0.7558300589046871,0.002059840000001259
599.5519999999973,63.080044194670386,71.05796761941976,0.7633928564702619,0.7498658951499042,0.002059840000001259
600.0639999999979,61.560002369328004,64.15087220223113,0.8145675570947545,0.7568567647169024,0.002059840000001259
600.5759999999985,69.48906989827705,67.54459315733048,0.7472616415314436,0.7430553260677328,0.002059840000001259
601.0879999999992,70.87344331462434,65.21934687812542,0.7524278094009956,0.7573238867021524,0.0020598399999965976
601.5999999999998,69.29360358869916,65.20630317751449,0.7613388177137597,0.7567618776838871,0.002059840000001259
602.1120000000004,65.05773441232206,67.31334248046144,0.7735828883747834,0.7460950237917654,0.0020598399999965976
602.624000000001,60.94342777795943,63.92595763013857,0.8200568911694122,0.757133734435063,0.002059840000001259
603.1360000000017,65.28593439517509,67.61791943930426,0.770481796017222,0.7602333315722325,0.002059840000001259
603.6480000000023,66.10464068471815,65.16758138499264,0.7800584037163744,0.7579822318199952,0.002059840000001259
604.1600000000029,67.41896763105926,67.79774501413334,0.7573028362898945,0.7585774861267084,0.002059840000001259
604.6720000000035,67.15081765286888,67.14734850763378,0.762482488983651,0.7596377387077501,0.0020598399999965976
605.1840000000042,72.57787962875895,67.3530710742443,0.7317894967878773,0.7533145055817346,0.002059840000001259
605.6960000000048,67.82437537012919,63.74816188778021,0.7782779152405856,0.7485350122285589,0.002059840000001259
606.2080000000054,60.11475248336898,70.17428530547903,0.7859448633426384,0.7564542101277558,0.002059840000001259
606.720000000006,59.22935023170341,69.94377623404172,0.7927345478252787,0.7551381525630776,0.002059840000001259
607.2320000000067,67.80994566192398,66.8874137067919,0.7602227725912117,0.7471109228522421,0.0020598399999965976
607.7440000000073,65.68633320940918,66.91968667611248,0.7722123029437244,0.7457023547975744,0.002059840000001259
608.2560000000079,63.610950835975196,69.4835996741203,0.769377856625563,0.7413696424037457,0.002059840000001259
608.7680000000086,66.15409597671282,69.95051592429749,0.7523624553918579,0.7465104616798954,0.0020598399999965976
609.2800000000092,69.7134953010754,65.61370609582218,0.7566845315870662,0.7463470694157446,0.0020598399999965976
609.7920000000098,61.610200906676496,68.67126708622395,0.7859905294096025,0.7612941622800959,0.002059840000001259
610.3040000000104,70.86466722320884,64.79113659355257,0.7548515958691892,0.7497719456877303,0.002059840000001259
610.8160000000111,69.28126561290198,67.03046928994009,0.7512192554293797,0.7504850672711333,0.002059840000001259
611.3280000000117,367.7619526158105,70.22343245419464,0.2337977555658232,0.49071453083455274,0.0020598399999965976
611.8400000000123,63.84434550760409,68.52480283132418,0.7735941590997253,0.612242833477981,0.001673619999997527
612.3520000000129,71.79317510339125,66.38004781139833,0.7410987298396402,0.7376466997497394,0.0016736200000021881
612.8640000000136,64.63086159769338,61.684024340899136,0.8106724653955779,0.7577409804845259,0.0020598399999965976
613.3760000000142,66.17716386055868,69.3559657819689,0.755534829529008,0.7526678389894161,0.0019954700000006367
613.8880000000148,68.92873873342873,70.0150237361831,0.7369888232470726,0.752811445511358,0.002059840000001259
614.4000000000154,65.0109040324912,70.80574360507735,0.7539576464385865,0.7465795435851804,0.002059840000001259
614.9120000000161,70.71563440042542,65.2352518541098,0.7532131847105485,0.754529824726046,0.0020598399999965976
615.4240000000167,68.73680379489375,63.21701300953342,0.7760290871447107,0.7555618184463407,0.002059840000001259
615.9360000000173,64.2740293909268,67.71708900429493,0.7758097760288925,0.7542213277876592,0.002059840000001259
616.4480000000179,68.78894078089867,67.75382408074468,0.7499481946462732,0.7392371259863321,0.0016736200000021881
616.9600000000186,65.93680041074298,70.14996000344685,0.7524611482288083,0.752373264557357,0.0019954700000006367
617.4720000000192,67.92393701655588,68.7975089846681,0.7489680879990349,0.7562009153995269,0.002059840000001259
617.9840000000198,67.81039335359259,63.38250382120039,0.7805300607362062,0.7469850461475758,0.002059840000001259
618.4960000000204,65.54962062657496,67.91536752011551,0.7672424163215963,0.7544765273206145,0.002059840000001259
619.0080000000211,70.78460550914711,63.05814990287728,0.76507689702569,0.7501899814187104,0.002059840000001259
619.5200000000217,63.7864797559811,62.79058365201821,0.8089933297783287,0.7513185501011749,0.002059840000001259
620.0320000000223,66.46749051234397,66.29392753003114,0.7713084231091576,0.7546825525475624,0.002059840000001259
620.544000000023,69.12373958317357,70.7300050860613,0.7321934799971505,0.747932117131913,0.0020598399999965976
621.0560000000236,74.27644093107429,64.353507789581,0.738657129610139,0.732980116994582,0.001995469999995976
621.5680000000242,64.57934994095787,68.46241579031384,0.7696831099403448,0.7546276876238098,0.002059840000001259
622.0800000000248,71.10137506844096,65.63133584721332,0.7489063832221322,0.7425781529649865,0.002059840000001259
622.5920000000255,61.74759439915941,69.97792803627347,0.777374028257833,0.75133036602957,0.002059840000001259
623.1040000000261,70.44695545815551,64.43899184098596,0.7591598832227036,0.7486234236375222,0.002059840000001259
623.6160000000267,67.45185372479017,66.48338429692909,0.7645486095555717,0.7410891013820985,0.002059840000001259
624.1280000000273,71.24904664033802,64.1073544160567,0.7565212963761958,0.7448635038794327,0.002059840000001259
624.640000000028,67.60237589306881,108.18291117518564,0.5825288436127184,0.6673053656760244,0.0020598399999965976
625.1520000000286,62.67424734652807,127.48720980073873,0.5384897735648836,0.5160843067252403,0.001673619999997527
625.6640000000292,67.61822845048042,66.99225936948653,0.7607133861438312,0.6115635967553761,0.001673619999997527
626.1760000000298,66.11089800778758,63.229322737432554,0.7917104162185704,0.7333130598877269,0.0016736200000021881
626.6880000000305,67.06976601977519,66.36789079240779,0.7673995665566183,0.7531495675987407,0.002059840000001259
627.2000000000311,69.7628173853406,66.51125087760586,0.751426895118556,0.759742109383428,0.002059840000001259
627.7120000000317,65.2160462770488,63.35092502689813,0.7964720562477494,0.7567849178964898,0.002059840000001259
628.2240000000323,86.01510352462661,152.6743927067483,0.4290092426217953,0.5435663001090516,0.0016092500000015662
628.736000000033,67.51114110254953,137.94321307223436,0.4984075436672732,0.45149972125368826,0.001673619999997527
629.2480000000336,64.49852997475608,69.8916063625689,0.7619606824638651,0.6077537049386786,0.0016092500000015662
629.7600000000342,73.04465632874201,66.0969439185892,0.7359409394313335,0.7327711863672987,0.001673619999997527
630.2720000000348,64.01938901126785,64.20617229384133,0.7985927217455655,0.7567668950843263,0.0020598399999965976
630.7840000000355,64.25170050194068,65.99064483167447,0.7862266280425378,0.7516252991394152,0.0020598399999965976
631.2960000000361,66.71124883181749,69.5602059589222,0.7514413063047346,0.7476162466708379,0.002059840000001259
631.8080000000367,65.8289242158411,67.4205697201038,0.7684832187747391,0.7464888628828924,0.002059840000001259
632.3200000000373,65.62974607422349,66.78210669572502,0.7733446655860114,0.7652617857838285,0.0020598399999965976
632.832000000038,67.35996452884,69.73768737355462,0.7469128652393167,0.7630218055754141,0.0020598399999965976
633.3440000000386,60.85404529059998,63.497316941542294,0.8234730859549177,0.7641248512442828,0.002059840000001259
633.8560000000392,67.55681471751625,62.011066499554744,0.7903193217186644,0.7520665162629023,0.002059840000001259
634.3680000000398,72.12459543260668,73.44148520790752,0.7034605833269915,0.7324230272125029,0.002059840000001259
634.8800000000405,64.01532825626911,64.13273962039942,0.7990756450464097,0.7501430012055849,0.002059840000001259
635.3920000000411,67.52787780451408,67.62185564664017,0.7576781498944604,0.7451305290125237,0.002059840000001259
635.9040000000417,66.29952622330423,68.46141997841453,0.7598640621498841,0.7574707329294439,0.002059840000001259
636.4160000000423,64.30491375293433,72.87706351217987,0.7464537400718793,0.7512982927904459,0.0020598399999965976
636.928000000043,65.95598112821864,69.1825840986653,0.7577407665094031,0.7478125845182975,0.002059840000001259
637.4400000000436,77.4494590967819,65.50760277653917,0.7162989967626783,0.7387199322707589,0.002059840000001259
637.9520000000442,69.26425943084966,66.42305990838562,0.7546762696666385,0.744877005244055,0.002059840000001259
638.4640000000448,63.99925052682097,63.1464852963687,0.8053750236846214,0.7576239660268194,0.002059840000001259
638.9760000000455,66.02843242943545,71.3019130935048,0.7456472901897321,0.747792995944988,0.002059840000001259
639.4880000000461,65.84272977141707,67.10144898817867,0.770248091758654,0.7508684710854477,0.002059840000001259
640.0000000000467,63.32828699591549,72.92604233463979,0.75153575305175,0.7545623228495336,0.002059840000001259
640.5120000000474,58.78732792939836,67.23008001441143,0.8125861471905484,0.7493527160758106,0.0020598399999965976
641.024000000048,71.51438481726059,61.008216083981075,0.7726983873211967,0.7466359220722125,0.002059840000001259
641.5360000000486,60.0724453543656,62.764863259831166,0.8336229534433585,0.7597660048965454,0.002059840000001259
642.0480000000492,66.67696503576583,71.34276144011133,0.7419229309797052,0.7552126621397236,0.002059840000001259
642.5600000000499,63.189310044797146,61.851070256208565,0.8189354491204822,0.7578680690592114,0.002059840000001259
643.0720000000505,69.58201831600802,69.63815835646051,0.7355255714184861,0.7508353249281096,0.002059840000001259
643.5840000000511,68.11692095995636,69.03784381104664,0.7466018418752683,0.7475340035923174,0.002059840000001259
644.0960000000517,64.49254054605053,71.6425832733169,0.7521938286541738,0.7478534989247801,0.0020598399999965976
644.6080000000524,70.9346800225178,67.07783664621154,0.7419616892125092,0.749451565256068,0.0020598399999965976
645.120000000053,63.837306364542556,65.19984257837444,0.7935699202816343,0.7519036028505739,0.0020598399999965976
645.6320000000536,63.984526400025246,60.85089516691812,0.8202800031807295,0.7559321192876094,0.002059840000001259
646.1440000000542,94.89363399611707,97.37586848461711,0.5325857646626027,0.6975587204558577,0.002059840000001259
646.6560000000549,167.20756132511485,427.58117883177505,0.17216196791652366,0.278204037454358,0.0016092500000015662
647.1680000000555,63.54703572957815,341.844724666971,0.2525951684361656,0.2255400596540945,0.0016736200000021881
647.6800000000561,66.67216225617241,140.4005503127873,0.49451228377519124,0.3823242769956836,0.001609249999996905
648.1920000000567,64.76880551817281,59.98423625371052,0.8208216693204412,0.717323621702548,0.0016092500000015662
648.7040000000574,62.22535723636353,67.35222468315816,0.7902601552141851,0.7619598097971363,0.002059840000001259
649.216000000058,70.00607697377937,65.72870824473917,0.7544123625726958,0.7498384207872048,0.002059840000001259
649.7280000000586,64.21838513340622,61.92207008551134,0.8117934870481016,0.7568473389728816,0.002059840000001259
650.2400000000592,67.95418557535649,68.8335889367592,0.7486049127214227,0.7546475604064957,0.002059840000001259
650.7520000000599,69.42209055985488,66.55789446204126,0.753052002348074,0.7463091213437374,0.002059840000001259
651.2640000000605,64.24618488551238,63.51977698446888,0.8014654177159135,0.7502831645609462,0.0020598399999965976
651.7760000000611,64.94706830924807,64.24210509289477,0.7926360801245091,0.7672050409501328,0.002059840000001259
652.2880000000617,69.46533106296101,67.23615714097927,0.7490774339430228,0.7617485527227335,0.0020598399999965976
652.8000000000624,66.45868633372994,65.68591342603048,0.7749086999102782,0.7568416932347367,0.002059840000001259
653.312000000063,66.04738981757971,66.68818656839693,0.7714585854679609,0.7428676148102664,0.002059840000001259
653.8240000000636,69.07940100722674,67.54610424033119,0.7494940261297246,0.7461451348958602,0.002059840000001259
654.3360000000642,67.40136135552373,64.50849461554621,0.7762877098619383,0.7009566539542024,0.001673619999997527
654.8480000000649,62.495968002993656,65.24007663261631,0.8016531300316556,0.7531367124554834,0.0020598399999965976
655.3600000000655,75.08495049189966,66.93622184853248,0.7210192558792704,0.7470961585299533,0.002059840000001259
655.8720000000661,66.24197496596372,65.11864082691433,0.7795334954995835,0.7559816536518095,0.002059840000001259
656.3840000000667,65.74195150413085,63.711194228127546,0.7910197888260584,0.7600252552420246,0.002059840000001259
656.8960000000674,69.7933137999079,65.03200888864579,0.7595012417403507,0.7576762468925123,0.002059840000001259
657.408000000068,66.49046218031272,69.52047055580213,0.7528806540770809,0.7556559530278513,0.002059840000001259
657.9200000000686,64.86119032983633,67.56703678561547,0.7732490438819135,0.7441713204914697,0.002059840000001259
658.4320000000693,67.22016396812407,67.28345446127247,0.761317808366261,0.747170268952234,0.002059840000001259
658.9440000000699,65.34801018617935,66.89285779338192,0.774344584730241,0.7529327566760773,0.0020598399999965976
659.4560000000705,66.1332166768334,70.51568932539453,0.7493656773097801,0.7474334865790683,0.002059840000001259
659.9680000000711,69.06144511484997,65.06121771712091,0.7634802190610166,0.7598766542946378,0.002059840000001259
660.4800000000718,62.68773475003184,65.85213403009952,0.796639991714603,0.75814251449105,0.002059840000001259
660.9920000000724,66.68730704716141,61.70155220222689,0.7975769907036375,0.7481857565791653,0.002059840000001259
661.504000000073,72.99395785651012,63.5555100543948,0.7499113805907571,0.7460124825375699,0.002059840000001259
662.0160000000736,75.3302718126102,68.04767148303534,0.7141963236901163,0.7392812092260425,0.002059840000001259
662.5280000000743,65.10598373765802,65.52812577104604,0.7838687796404137,0.7487127755224202,0.0020598399999965976
663.0400000000749,66.1925693853798,70.2576988152055,0.7504565681722916,0.7469911771882621,0.002059840000001259
663.5520000000755,64.58009588767165,66.08783685348249,0.7836658761782717,0.7486276391176085,0.002059840000001259
664.0640000000761,69.53310142327864,68.01216120407251,0.7444822020328715,0.735833832164553,0.002059840000001259
664.5760000000768,65.87260859563423,70.4633002377255,0.7510860555832081,0.7453173873309654,0.002059840000001259
665.0880000000774,67.91223292712041,67.36606759016185,0.7569580605938944,0.7551185230723317,0.002059840000001259
665.600000000078,60.41612917136306,73.46047273714404,0.7648834713476027,0.7491640645222147,0.002059840000001259
666.1120000000786,70.86234935152879,70.56491951920364,0.7240470725175059,0.7605799562254845,0.002059840000001259
666.6240000000793,69.68109450057538,68.29264341955484,0.7421702241572739,0.7516314082790857,0.002059840000001259
667.1360000000799,65.70978729118896,67.16060139155044,0.7706758519725947,0.7525563161706758,0.002059840000001259
667.6480000000805,73.35365016903724,64.4116676310496,0.7432930263957584,0.7455259511636736,0.0020598399999965976
668.1600000000811,66.72288240497737,67.79256294926095,0.7612508714544696,0.7465323067671142,0.002059840000001259
668.6720000000818,75.47264771577717,64.70252649067955,0.730514519277004,0.7419820557215213,0.001609249999996905
669.1840000000824,66.5232581734981,67.21192199721867,0.7656923172293445,0.7536893574783723,0.0020598399999965976
669.696000000083,62.37083622687415,67.29803901171273,0.7897037728721488,0.7442784656779119,0.0020598399999965976
670.2080000000836,67.0029198629418,63.94777770028334,0.7819736886133013,0.7488260762045976,0.0020598399999965976
670.7200000000843,67.56477012856857,67.13316735856202,0.7602195097440418,0.7593637845814291,0.002059840000001259
671.2320000000849,61.29632025728348,67.77139239289262,0.7933820000168748,0.7446322794140064,0.002059840000001259
671.7440000000855,67.3096861709178,66.94779191903054,0.762713566922471,0.7492484281092556,0.0020598399999965976
672.2560000000861,68.10673091394075,69.44034111308999,0.7444724085429922,0.7593744329414359,0.002059840000001259
672.7680000000868,69.82451395187262,72.10481434260777,0.7214858354542238,0.7426976142168258,0.002059840000001259
673.2800000000874,71.30944107183281,59.1527613177589,0.7849016659569247,0.7492006523899943,0.002059840000001259
673.792000000088,70.41727080173685,68.43556364995797,0.7374714416479823,0.7566231541095916,0.002059840000001259
674.3040000000886,65.38454075527467,66.63259330803596,0.7756568927703935,0.7607287146457724,0.0020598399999965976
674.8160000000893,65.80189024572752,65.6153817282593,0.7791974255885437,0.750473617268997,0.0020598399999965976
675.3280000000899,65.69196958588631,65.2797163282837,0.7818483765041099,0.7399839039760309,0.0020598399999965976
675.8400000000905,118.9654369657805,124.08100203058788,0.42131866001760293,0.5902649848463597,0.0020598399999965976
676.3520000000912,163.11404336540917,356.98131054916087,0.1968869731853441,0.23974819160753072,0.001609249999996905
676.8640000000918,67.20057497661612,339.97755309153195,0.25148698552605375,0.22120322518089347,0.001673619999997527
677.3760000000924,70.18165956335592,67.31480476533336,0.7447464231168144,0.4614377559225282,0.0016736200000021881
677.888000000093,66.16628662384944,66.64670772648711,0.7710088948818321,0.7346100697346193,0.001609249999996905
678.4000000000937,65.9050033903721,61.02190306939339,0.8067635370319196,0.7559889658025115,0.0019954700000006367
678.9120000000943,59.9702222386608,70.04648776633283,0.7875910719173487,0.7569222621757747,0.002059840000001259
679.4240000000949,65.44576575567713,65.97873335485244,0.7791545769094421,0.7538171787407625,0.002059840000001259
679.9360000000955,65.71060241801753,71.44453966974119,0.7465997879574895,0.760063318829881,0.002059840000001259
680.4480000000962,69.91049401844963,62.80284671581923,0.7715878406303924,0.7432263597914178,0.0020598399999965976
680.9600000000968,67.5977341803843,70.15359589022438,0.7433685028486603,0.7463226408668496,0.0020598399999965976
681.4720000000974,65.0993662723558,74.673335068086,0.732618022102801,0.7429344445921747,0.002059840000001259
681.984000000098,65.54678816042937,68.55339331131489,0.7636082134726739,0.7484185117933463,0.002059840000001259
682.4960000000987,69.89029422636513,67.82947747501603,0.7435388451124848,0.7377014507449821,0.002059840000001259
683.0080000000993,61.7076267023544,64.35170804903746,0.812315884436074,0.7529890887276381,0.001673619999997527
683.5200000000999,69.69733066616683,69.09569443195983,0.7377892363654673,0.7512192491064595,0.0020598399999965976
684.0320000001005,68.46617779962781,71.38268764236675,0.7322190257058087,0.7409357372461571,0.0019954700000006367
684.5440000001012,69.2548728717576,67.76197546038856,0.747353345566448,0.7464094363222947,0.002059840000001259
685.0560000001018,67.9899866627835,66.67148849896168,0.7604253545938428,0.7455314725918951,0.0020598399999965976
685.5680000001024,62.7850952446808,69.55783230163978,0.7737474294888904,0.7438662038238186,0.002059840000001259
686.080000000103,62.86169974440699,67.57806338354216,0.7850366908406237,0.7483614747484542,0.002059840000001259
686.5920000001037,68.49342682995402,68.33274805036547,0.7483948161933802,0.741451250967118,0.002059840000001259
687.1040000001043,65.83163341198616,65.35995526793646,0.7805378456833273,0.7516654007006623,0.002059840000001259
687.6160000001049,72.77852991628902,70.04284933606957,0.7169794923984321,0.7440656366245904,0.001995469999995976
688.1280000001055,69.61503944941823,68.18985980592107,0.7430795316664511,0.7464857378384212,0.002059840000001259
688.6400000001062,67.25473078255449,68.6130081168909,0.7536741306616239,0.7509334582847716,0.002059840000001259
689.1520000001068,70.73152209577069,62.58920975295993,0.7680725914120083,0.7455598864914126,0.002059840000001259
689.6640000001074,67.27980045229417,69.04349441170673,0.751155553437558,0.7377703377791679,0.002059840000001259
690.176000000108,69.2011440998847,69.75954058680698,0.7368990749496998,0.7560287204138858,0.002059840000001259
690.6880000001087,64.17643769012835,67.91236821577932,0.7752360186596262,0.7513380528056064,0.002059840000001259
691.2000000001093,70.17129115640589,62.66936340564595,0.770848354651606,0.7473157014001282,0.002059840000001259
691.7120000001099,68.38439123046048,68.49787161019671,0.7480881589399386,0.7486820390883288,0.002059840000001259
692.2240000001105,66.03506860531273,65.80871259760899,0.7766767538500388,0.7532165980389243,0.002059840000001259
692.7360000001112,69.42642647585971,66.38729746027234,0.7539738771035744,0.7535082616346687,0.0020598399999965976
693.2480000001118,65.99284844745773,71.4173273821135,0.7452140962762898,0.749869875959856,0.002059840000001259
693.7600000001124,68.81051404429927,71.76103038181127,0.7284546841827233,0.7270916161831494,0.002059840000001259
694.272000000113,68.46362213221691,72.91941121988722,0.7242736102922639,0.7463069220921497,0.002059840000001259
694.7840000001137,109.90903323238092,96.08448338626212,0.4971030238275591,0.6662454790409407,0.002059840000001259
695.2960000001143,362.4095772240516,116.49700187626779,0.21382040771369248,0.2771514331174795,0.0016736200000021881
695.8080000001149,366.8902998591836,64.57913804100781,0.2373285127640661,0.21209219634067347,0.001609249999996905
696.3200000001156,68.0793635087579,96.34383606431449,0.6227831611711931,0.4192258249165439,0.0016736200000021881
696.8320000001162,121.77556348782734,91.9379810330091,0.47914604677765904,0.5080364273195379,0.001673619999997527
697.3440000001168,170.90859643390496,69.58513404692638,0.42579072558468145,0.45482144441123445,0.0016092500000015662
697.8560000001174,120.51908995984694,70.5567530499114,0.5359128521273638,0.49950654925854354,0.001673619999997527
698.3680000001181,71.50402070412615,67.30245968600975,0.7377177183096195,0.7154763927652413,0.0016092500000015662
698.8800000001187,69.11209735630354,68.13728582420907,0.7460871417201335,0.7611186919739338,0.002059840000001259
699.3920000001193,68.06574059522137,67.12206062803371,0.7574647939638589,0.7689110929361137,0.0020598399999965976
699.9040000001199,66.00119028059292,67.05625725694964,0.7695923970817758,0.7550062605792821,0.002059840000001259
700.4160000001206,70.8928524194224,63.112079934650204,0.7641509771404167,0.7499815691185423,0.002059840000001259
700.9280000001212,69.63069103349369,68.28534509223853,0.7424807359359303,0.7432913512199981,0.0020598399999965976
701.4400000001218,66.95734455472508,65.13407021340001,0.7752207074150446,0.7523058158767372,0.0020598399999965976
701.9520000001224,69.7199597894844,59.66671349706879,0.7914261755011995,0.7650482390019511,0.002059840000001259
702.4640000001231,69.33721794510869,70.01940459620903,0.7348054088325764,0.7365721310329898,0.002059840000001259
702.9760000001237,66.4628104691193,70.7155025635838,0.7464736789377778,0.7388576725096354,0.0020598399999965976
703.4880000001243,66.58678639869599,67.07191766622414,0.7661304268688908,0.7494531946324018,0.001995469999995976
704.0000000001249,73.36692285355359,64.51935557225404,0.742640973192255,0.7480430266095017,0.002059840000001259
704.5120000001256,63.67976379046061,69.33793637184745,0.7698223610470758,0.7646524429390866,0.002059840000001259
705.0240000001262,69.45781141391056,71.36557269233286,0.7271519616567721,0.7553070471434246,0.0020598399999965976
705.5360000001268,62.068939892379014,71.09520622217663,0.7689757565216503,0.7493791227600113,0.002059840000001259
706.0480000001274,65.1377123374233,66.40427381677544,0.7784586731111286,0.7432272240624098,0.002059840000001259
706.5600000001281,65.12222996930062,65.09997191072307,0.786348245703472,0.7509569838086607,0.002059840000001259
707.0720000001287,63.91517145296571,67.54365053850518,0.7789511456800045,0.7531501948379657,0.0020598399999965976
707.5840000001293,65.86572218129311,65.82221023533698,0.7775959278943658,0.7455195527445483,0.002059840000001259
708.09600000013,68.27120337030985,72.9882503197301,0.724907235056227,0.7410540339693683,0.002059840000001259
708.6080000001306,64.3775799881273,167.64513330830664,0.4413361025960118,0.5207945934369799,0.002059840000001259
709.1200000001312,65.7321497512829,172.26086262673573,0.43026473330801795,0.4241924922459026,0.0020598399999965976
709.6320000001318,416.52351719705996,171.44241739705444,0.1741597496982354,0.2757005214432181,0.002059840000001259
710.1440000001325,67.53299736794249,481.54308790207415,0.18649510103803416,0.20667047456654325,0.0016092500000015662
710.6560000001331,64.4838443749369,71.11968997847862,0.7551425594344828,0.6937023547502541,0.001609249999996905
711.1680000001337,65.74503848903286,66.23084717873357,0.7758993204090315,0.749162735105882,0.002059840000001259
711.6800000001343,62.9096468876847,66.4165066425193,0.7917965330661797,0.7483980252531595,0.0020598399999965976
712.192000000135,65.57377115615114,68.1912542154111,0.7655214785446429,0.7520391333421912,0.002059840000001259
712.7040000001356,65.23114088294584,62.40692518298709,0.8022685015229242,0.7544909951840051,0.002059840000001259
713.2160000001362,72.24862634384148,67.61182736020129,0.7321583570484304,0.7455467492597763,0.002059840000001259
713.7280000001368,65.9210164046318,72.95425036835033,0.7373523189510208,0.7439926961578575,0.0016736200000021881
714.2400000001375,70.68702840849882,72.28538593418585,0.7162220801179288,0.7423419319079051,0.0019954700000006367
714.7520000001381,63.712338315738286,65.30975627352714,0.7936625143622466,0.7552216816431229,0.0020598399999965976
715.2640000001387,61.24730557956717,70.9179321547337,0.7747876957317658,0.7580259076444541,0.002059840000001259
715.7760000001393,66.05615990855694,67.01660782044726,0.7695037966635841,0.755689400690845,0.002059840000001259
716.28800000014,66.80580821053704,68.15529905751433,0.7587371063622017,0.7545754247988511,0.002059840000001259
716.8000000001406,70.77965916667668,67.86199829185514,0.7385947476185373,0.7542518093941185,0.002059840000001259
717.3120000001412,63.164298528359794,67.57066497430398,0.7832640730259856,0.744142001301325,0.0020598399999965976
717.8240000001418,67.13198052922286,68.23140100009407,0.7564822837838331,0.7501456805240879,0.0020598399999965976
718.3360000001425,66.3908925784429,74.66383177494367,0.7259593783151546,0.7512525573298007,0.0020598399999965976
718.8480000001431,68.88089866436083,72.92625525218338,0.7221074337354239,0.7492419869206616,0.002059840000001259
719.3600000001437,67.7937452978907,72.32648112380531,0.730800988658298,0.7471187023286571,0.002059840000001259
719.8720000001443,64.75568223757664,74.51022554499559,0.7352840449643366,0.733729461925853,0.002059840000001259
720.384000000145,301.31606884509273,143.3637051239235,0.23027806973549217,0.34958675270619255,0.0016092500000015662
720.8960000001456,431.67588793542956,92.9020958580091,0.19520453233569504,0.20355842948416009,0.0016092500000015662
721.4080000001462,176.65140122763373,61.48131777082207,0.4300123075513367,0.30961870455333734,0.0016092500000015662
721.9200000001468,64.79286169969973,70.74747504939722,0.7554946553626757,0.6702427526515055,0.001673619999997527
722.4320000001475,70.74338051831299,68.68959867819537,0.7344030127598699,0.7488188834354872,0.002059840000001259
722.9440000001481,63.40623224324363,68.07189624868315,0.7788367630003779,0.7586525821208564,0.002059840000001259
723.4560000001487,67.50175635145052,67.99649175640954,0.755729328090552,0.7461507100935285,0.002059840000001259
723.9680000001493,66.38746342283106,72.63015936351621,0.7365972597400549,0.7439020021882704,0.002059840000001259
724.48000000015,65.07508010133003,66.16231033232133,0.7802654385433667,0.753060865066655,0.002059840000001259
724.9920000001506,65.93810057977183,144.89790152412505,0.4856855516997462,0.6723228510652465,0.002059839999991937
725.5040000001512,536.5898401506648,109.49441922588781,0.15849325922103755,0.28266684801772574,0.0020598399999965976
726.0160000001518,67.77985744260458,472.2057616156772,0.1896346798616275,0.20402775417372193,0.0016736200000021881
726.5280000001525,57.71234362161946,64.89930990872196,0.8351571571837595,0.6893352811820804,0.0016736200000021881
727.0400000001531,66.38924597807457,70.21942257842151,0.7495863994725293,0.7385441049425704,0.002059840000001259
727.5520000001537,71.15743588626562,66.57026426838914,0.7434960424447282,0.7478863498185915,0.002059840000001259
728.0640000001544,66.97039445112871,67.65474631627764,0.7606305881374553,0.7490797166240055,0.001673619999997527
728.576000000155,69.37454753733357,61.82217471607511,0.7805073041551502,0.7634888119939226,0.0020598399999965976
729.0880000001556,71.10215531323618,62.44668656588887,0.7667606739164549,0.7544490130417142,0.002059840000001259
729.6000000001562,68.89248036429557,69.60448812574084,0.7393663638736377,0.7535693074627443,0.002059840000001259
730.1120000001569,68.81534931322803,65.55631686966301,0.7620654183198493,0.752051714523094,0.002059840000001259
730.6240000001575,61.07444145229182,69.55494632070312,0.7838971133964786,0.7528284326778469,0.002059839999991937
731.1360000001581,59.993332477308236,67.64317243619685,0.8022783142596469,0.75191961194781,0.002059840000001259
731.6480000001587,67.23797615146928,67.0827770920376,0.7623542716021067,0.7530637153921023,0.002059840000001259
732.1600000001594,66.65694588048162,69.88820656735571,0.7499350812846953,0.7581222550210157,0.002059840000001259
732.67200000016,69.3838147603927,66.53275826324007,0.753403339430836,0.7465751262989924,0.002059840000001259
733.1840000001606,69.86949694963413,65.67795240848669,0.7554550121371583,0.7513529753780934,0.0020598399999965976
733.6960000001612,69.84921236126573,70.21420052181598,0.7310974214620821,0.7524783027100818,0.002059840000001259
734.2080000001619,65.6084700470071,69.5614945289458,0.7575647468817731,0.7568145418762103,0.002059840000001259
734.7200000001625,65.9601516634114,64.9768154385078,0.7820556888284537,0.7513410761755409,0.002059840000001259
735.2320000001631,60.27180021989119,69.97610125322744,0.7861930890390119,0.7521270179303193,0.002059840000001259
735.7440000001637,70.35898060309876,67.64989474801689,0.7419812656213506,0.7520882989003143,0.002059840000001259
736.2560000001644,58.71554936373299,70.88824179044148,0.7901003441958476,0.747179151750532,0.002059840000001259
736.768000000165,65.46215373945273,67.76181979447719,0.7686304295219091,0.7517549658081457,0.002059840000001259
737.2800000001656,63.058251639077845,65.25984308551928,0.7980168363610458,0.7598297153182134,0.0020598399999965976
737.7920000001662,64.54981520592912,74.15332879990899,0.7382673315299177,0.7387823552232167,0.002059840000001259
738.3040000001669,69.4797679759209,69.12242648204109,0.7388050412943347,0.7484927976290896,0.002059840000001259
738.8160000001675,69.0492258031645,65.23998185204887,0.7625333546007012,0.7467571061587793,0.002059840000001259
739.3280000001681,72.55538688333407,74.40073536947024,0.6968066279256082,0.7406771208736564,0.002059840000001259
739.8400000001687,68.2780884575475,62.070438869137895,0.7855861673324508,0.7443359046951288,0.002059840000001259
740.3520000001694,65.00698711007107,64.75787264500201,0.789119644511439,0.7640777400141355,0.002059840000001259
740.86400000017,60.811572510999454,66.91497249565312,0.8017127527771659,0.7510489418390882,0.0019954700000006367
741.3760000001706,66.41711534369907,64.0581306159506,0.7848231995796956,0.755068280264955,0.002059840000001259
741.8880000001712,145.8747942376078,147.2747545237424,0.3493097650420152,0.49387308790305445,0.002059840000001259
742.4000000001719,380.06623288693953,117.9436454317384,0.20561841131688147,0.2278865492818447,0.0016092500000015662
742.9120000001725,351.2385897195436,72.72773416973239,0.2415286173218395,0.2210053584907071,0.001673619999997527
743.4240000001731,68.45884154982045,69.25922692554288,0.7435480408173061,0.6148558325164024,0.0016092500000015662
743.9360000001737,67.84411038674648,64.18087168213314,0.7756107851359239,0.7481530046685273,0.001673619999997527
744.4480000001744,62.1698419654103,63.394027791630116,0.8155212179915983,0.7545551777052621,0.002059840000001259
744.960000000175,64.40078263539127,67.71176135733288,0.7750967236361711,0.7515434705650673,0.002059840000001259
745.4720000001756,64.64500726919886,63.03538459869045,0.8020025510726276,0.7525261851379321,0.002059840000001259
745.9840000001763,67.72485855268697,68.84118562819698,0.7498203569869062,0.7381303185448489,0.002059840000001259
746.4960000001769,67.78536205852764,66.15402186766657,0.7645249440330887,0.7502677086233864,0.0020598399999965976
747.0080000001775,63.466010824956896,69.80202897822366,0.7683762749961011,0.7502712688934572,0.002059840000001259
747.5200000001781,66.6553436430083,71.78921882014687,0.7396462394631942,0.7570198966165609,0.002059840000001259
748.0320000001788,65.02797592982341,63.52272733170632,0.7965728494823752,0.7543889784053145,0.002059840000001259
748.5440000001794,61.345954464679885,66.98650811399182,0.7979274919409085,0.7437064988431923,0.0020598399999965976
749.05600000018,68.28580542600677,70.32655511015592,0.738750856012475,0.7455767876860749,0.002059840000001259
749.5680000001806,61.05188697965594,66.13207132190739,0.8051329850672002,0.7506351514619687,0.002059840000001259
750.0800000001813,71.95218258813124,73.22527601635565,0.7053436599890667,0.7447606166777295,0.0020598399999965976
750.5920000001819,65.51336905754647,72.08171564655274,0.7442126309977796,0.7443130687869963,0.002059840000001259
751.1040000001825,63.549856295481135,69.50870313072325,0.7695859660707665,0.7687599476407725,0.002059840000001259
751.6160000001831,68.99245673983384,73.63250948840864,0.7179668658860852,0.7521737148340388,0.002059840000001259
752.1280000001838,68.5305880951714,66.99119677994885,0.7555980766808739,0.7594848417197994,0.002059840000001259
752.6400000001844,66.31204861785962,68.99913865782563,0.7567740854373597,0.7562715627743565,0.0020598399999965976
753.152000000185,65.82233479286758,67.1861389726749,0.7698757613030217,0.7551274969753266,0.002059840000001259
753.6640000001856,65.12552144879854,68.7121139748978,0.7651061652115068,0.7410832044821616,0.002059840000001259
754.1760000001863,71.12547612788386,76.23701706345032,0.6948850944523906,0.7332352664728731,0.0020598399999965976
754.6880000001869,66.73080518465247,73.85644436104342,0.7283733078988528,0.7505433115292137,0.002059840000001259
755.2000000001875,68.54325190548053,65.88387987713526,0.7617509846568224,0.761208135045371,0.002059840000001259
755.7120000001881,70.06559355170029,69.70185361439243,0.7326455628706798,0.7527045803716608,0.002059840000001259
756.2240000001888,66.98671934080691,63.327750218005235,0.7857914807671139,0.7637123779836025,0.0020598399999965976
756.7360000001894,73.28379882364682,69.89370752129527,0.71519614088891,0.7462491862660579,0.002059840000001259
757.24800000019,67.27548542939844,70.27406900387231,0.7444589727818942,0.7576957220109484,0.002059840000001259
757.7600000001906,67.53117777741096,70.8093461288637,0.7402024880965157,0.7510212945013852,0.002059840000001259
758.2720000001913,66.668768517168,67.692179180274,0.7621262111859124,0.7473228188331432,0.002059840000001259
758.7840000001919,63.77134879452068,68.27687529375716,0.7754742686394844,0.7480224538405073,0.0020598399999965976
759.2960000001925,62.181115697993185,77.31930442306793,0.7340479685375523,0.7386629723843465,0.0020598399999965976
759.8080000001931,69.64051528405031,59.93506753272313,0.7902723474128523,0.7502835238448783,0.002059840000001259
760.3200000001938,64.40806937171813,65.20351313160195,0.790052848844562,0.7602238002165486,0.0020598399999965976
760.8320000001944,87.26879603179258,66.45565411834926,0.6661269557314174,0.7264166052149731,0.0019954700000006367
761.344000000195,319.4504969305194,110.47911141834028,0.23817852506894366,0.3334822860892453,0.001609249999996905
761.8560000001956,327.11407517130795,68.97424404094495,0.2585281994774672,0.24485673130488297,0.0016736200000021881
762.3680000001963,150.07266514478385,65.61364833483549,0.47476355058419595,0.3859839341342553,0.001609249999996905
762.8800000001969,64.72493652880364,67.48473830799344,0.7745272812024167,0.7069216024129513,0.0016736200000021881
763.3920000001975,69.21174449929785,71.93899677533736,0.725465548925185,0.743523776451974,0.002059840000001259
763.9040000001982,65.52737293051776,66.40530726077766,0.7761534128733337,0.7489035738869876,0.002059840000001259
764.4160000001988,56.85533443238418,66.37095041529747,0.8309915382629223,0.7561699829368029,0.002059840000001259
764.9280000001994,71.6519867257621,70.0582211500695,0.7226014380680627,0.7459061843054858,0.002059840000001259
765.4400000002,69.83636874145212,63.94488393763256,0.7654286228402852,0.7490143440813885,0.002059840000001259
765.9520000002007,66.535855018266,68.79256704667424,0.7566777062608561,0.7525762098845187,0.0020598399999965976
766.4640000002013,61.5151018694401,70.37822633501149,0.7763849877324109,0.7463282169119891,0.002059840000001259
766.9760000002019,71.57356863427272,61.47626504659342,0.7696364374691145,0.7490787749838805,0.0020598399999965976
767.4880000002025,66.9236876978003,67.01375522643704,0.7645360234174642,0.7475366478125339,0.002059840000001259
768.0000000002032,70.46456100296253,69.17835512414051,0.733298922995818,0.7468413966538952,0.002059840000001259
768.5120000002038,67.37683047342858,63.38264534323202,0.7831172414883052,0.7649612442694836,0.002059840000001259
769.0240000002044,62.01812933393702,68.39796614885564,0.7851791576869501,0.762620222537777,0.002059840000001259
769.536000000205,64.58466741212291,63.85146284943488,0.7972834419058275,0.7559474880095463,0.002059840000001259
770.0480000002057,71.53805323264714,63.31189477625887,0.7593625471271009,0.7532813574376068,0.002059840000001259
770.5600000002063,69.6988823193322,68.75194501319686,0.7396127706341348,0.7660387214077317,0.0020598399999965976
771.0720000002069,69.87412527696415,63.69567258176657,0.7666403756057393,0.7448529147975386,0.002059840000001259
771.5840000002075,71.9087273401079,68.39120962541433,0.7298649038250395,0.7443163788473172,0.002059840000001259
772.0960000002082,66.33579205834981,70.30130751098088,0.7494304279200648,0.7396109840129123,0.0020598399999919364
772.6080000002088,62.89132830684813,69.35167259916113,0.774332095448893,0.7508466595286694,0.002059840000001259
773.1200000002094,68.62428227052115,65.7813738505415,0.761872699075742,0.7533804875972339,0.002059840000001259
773.63200000021,62.18503229226421,67.19241284203481,0.7914826258449041,0.7440686774747863,0.002059840000001259
774.1440000002107,63.72676130266957,63.17641048700257,0.8069144258247272,0.7644561096649974,0.002059840000001259
774.6560000002113,69.10726351853377,65.9293544017664,0.7583128308236913,0.761510105361342,0.002059840000001259
775.1680000002119,69.32248938705423,67.69790464835373,0.7473340061592469,0.7434037614463439,0.002059840000001259
775.6800000002125,72.04936565150817,61.7431907104024,0.7653639543518902,0.7525315939277811,0.0020598399999919364
776.1920000002132,66.24809950983143,60.73465572362312,0.8064087112595739,0.7575899330801732,0.002059840000001259
776.7040000002138,64.27150925294224,63.99386697861179,0.7983448301367007,0.7559974948981859,0.002059840000001259
777.2160000002144,63.37195654143807,65.54803540795072,0.7942910827996331,0.7500286712387239,0.002059840000001259
777.728000000215,67.56504184526231,65.06200907551882,0.7720898511206744,0.7493845213856185,0.0020598399999919364
778.2400000002157,64.35683094431361,67.12856303566775,0.7787937268195004,0.7474255596790377,0.0020598399999919364
778.7520000002163,67.42658950515033,65.29119962059168,0.7715619788013667,0.7475994109172928,0.002059840000001259
779.2640000002169,66.69661485068195,66.13119718027029,0.7709228845547663,0.7440703247409797,0.0020598399999965976
779.7760000002176,77.01046885758339,64.340215891569,0.7244393628635326,0.7513690529334104,0.0020598399999872757
780.2880000002182,63.532997860645665,66.41964205590722,0.7879793751458579,0.7558123088220566,0.002059840000001259
780.8000000002188,66.55208775565683,67.17341302543109,0.7657477399739293,0.7516139498741004,0.002059840000001259
781.3120000002194,59.61384546472449,65.15206649647833,0.820736997713304,0.7715856929123183,0.002059840000001259
781.82400000022,65.28637195524757,69.7167288032507,0.758501096824282,0.7411847729342793,0.002059840000001259
782.3360000002207,68.06469294229599,66.7504627822942,0.7595585188447942,0.7408035063122973,0.002059840000001259
782.8480000002213,62.78393662476836,70.95013035917351,0.765698690762883,0.7625136275835873,0.002059840000001259
783.3600000002219,67.12553792336297,69.3750324709274,0.750180015396355,0.7484761443627013,0.002059840000001259
783.8720000002226,65.86792106776902,67.54769198906025,0.7675263610742623,0.7451624836433488,0.0020598399999965976
784.3840000002232,58.702324705564344,67.15504359883711,0.8136194279252135,0.7451436971966668,0.002059840000001259
784.8960000002238,75.26600893024751,72.88455881871698,0.691188711294802,0.7297154627512756,0.002059840000001259
785.4080000002244,65.69708737988073,67.27487931967934,0.7700871284499003,0.7518869153683089,0.002059840000001259
785.9200000002251,68.11075538388673,63.12351129280829,0.7802840111285089,0.7358529876684821,0.002059840000001259
786.4320000002257,66.04656290063743,57.162319429844956,0.8311089108440506,0.7561615131378261,0.002059840000001259
786.9440000002263,69.22460202605909,68.03571195253976,0.7460277266739013,0.7501600008507447,0.002059840000001259
787.4560000002269,68.70013359245121,69.02043666369853,0.7435345337994449,0.7537760682260701,0.0020598399999965976
787.9680000002276,306.73267700235755,189.15758717770993,0.20649729869029362,0.33445563641068243,0.0016092500000015662
788.4800000002282,343.5375884180614,71.80124397840292,0.24654569236678897,0.21517778731418152,0.001673619999997527
788.9920000002288,166.5235424664333,70.34923545549835,0.4322995698296278,0.3168302798465725,0.001673619999997527
789.5040000002294,67.47897871123143,69.83800221174627,0.7457198615329087,0.6672712186510213,0.0016092500000015662
790.0160000002301,67.29396923016853,70.13244803281286,0.7451260248169443,0.7451825701655639,0.002059840000001259
790.5280000002307,69.9477483583047,69.70411197181127,0.7332519578181188,0.752041187944254,0.0020598399999965976
791.0400000002313,73.2914691294185,69.05309362678132,0.7193811833570719,0.7506830021945519,0.002059840000001259
791.5520000002319,65.19359242997344,65.98350641507713,0.7806240639683398,0.7501891792458046,0.002059840000001259
792.0640000002326,75.30473339251127,63.94844391266634,0.7353512643778839,0.7524192426041659,0.002059840000001259
792.5760000002332,63.703914059970074,115.20157642043914,0.5723692421346519,0.7098979832521861,0.002059840000001259
793.0880000002338,486.2634719896522,109.26252429790506,0.17194883286095014,0.2984246408615819,0.002059840000001259
793.6000000002344,510.47677353466486,119.52853107789281,0.16253831396383914,0.1800504957183073,9.322187119464864e-15
794.1120000002351,532.7679978812168,120.28747053675099,0.15680138204502725,0.1869303816138005,6.437000000528311e-05
794.6240000002357,456.9094475373704,117.06556403006687,0.17840497919998538,0.19555580425343713,6.437000000062191e-05
795.1360000002363,176.01108628138994,69.04651788833901,0.4178609366027953,0.3432787348824358,0.0016736200000068494
795.648000000237,119.47011200200217,66.19865300958415,0.5515197992166853,0.4310336117983157,0.001673619999997527
796.1600000002376,64.47019639196066,68.36287394199984,0.770892366957659,0.7270539236187608,0.0016092500000015662
796.6720000002382,67.01984616175876,67.36466234907692,0.7619925922618028,0.7539143899811773,0.002059840000001259
797.1840000002388,69.35724063742553,65.134154734349,0.7613869996436257,0.7524545729024592,0.002059840000001259
797.6960000002395,68.07838169452636,68.80328474063293,0.748091418426052,0.7494015345826821,0.002059840000001259
798.2080000002401,77.3608106069694,61.4319053011361,0.7377908799464586,0.746595553368083,0.002059840000001259
798.7200000002407,65.8504277540095,69.232825987512,0.758051032705652,0.7402977266913874,0.002059840000001259
799.2320000002413,63.19243550995751,69.06644459542424,0.7742391279769595,0.7501206433882192,0.002059840000001259
799.744000000242,173.85459839376236,141.43463387227712,0.32478115178254935,0.5803000478813554,0.0020598399999965976
800.2560000002426,186.13056521488022,71.64878138280838,0.3972389617381325,0.3259007963117522,0.0016092500000015662
800.7680000002432,61.871918703127506,66.76448980249735,0.7960421251618075,0.661909127989437,0.001673619999997527
801.2800000002438,67.72222026375589,67.89796936138791,0.7550498217340289,0.7422025264664379,0.002059840000001259
801.7920000002445,69.2965480171805,66.77614614645648,0.752538932438986,0.7450325445402854,0.002059840000001259
802.3040000002451,68.0442849676781,71.65880583985215,0.7329830672184416,0.7491050455208064,0.0020598399999919364
802.8160000002457,68.70903606848583,65.62779365436845,0.7622630384478921,0.7490264091428258,0.0020598399999965976
803.3280000002463,68.95774164539165,64.58392476483047,0.7668018735473984,0.7555486565590132,0.002059840000001259
803.840000000247,167.14646594315985,287.42138498169294,0.225268900542921,0.35723157213482315,0.001673619999997527
804.3520000002476,68.92804378333287,360.393729714038,0.23851573882643318,0.20219619159132185,0.0
804.8640000002482,69.45980488026868,203.37626739047224,0.375316940856656,0.30951216403161824,0.0016092500000015662
805.3760000002488,66.62583671461108,63.33812208028776,0.7879107480990281,0.6967785212369043,0.001673619999997527
805.8880000002495,71.85862069641485,64.8452004931439,0.7490646501973652,0.7566097071227478,0.002059840000001259
806.4000000002501,68.13685066352295,63.695962068027285,0.776741373246098,0.7576909198732434,0.002059840000001259
806.9120000002507,67.54637407985696,67.0787843599266,0.7606304882887286,0.7522835399066314,0.002059840000001259
807.4240000002513,69.62977069588608,62.56637622602209,0.7746065402381996,0.748377306020692,0.002059840000001259
807.936000000252,66.93698402850649,68.68827014851344,0.7550216264763354,0.7495296583983887,0.0020598399999919364
808.4480000002526,71.77443382547844,70.03124131103445,0.7221149640268064,0.7426677965089825,0.002059840000001259
808.9600000002532,65.12646576817593,69.47830407405354,0.760745701062624,0.7529130134473102,0.002059840000001259
809.4720000002538,66.83451064215612,69.15046714298562,0.7530243536296599,0.7463686974411844,0.0019954700000006367
809.9840000002545,65.02492362202912,70.34163844984018,0.7564645096448076,0.751778609388424,0.002059840000001259
810.4960000002551,64.07631691886479,65.60758473859121,0.789612270229785,0.748768608411771,0.002059840000001259
811.0080000002557,63.70130255972685,66.90242716175305,0.7840511156792689,0.7578258806624308,0.002059840000001259
811.5200000002563,73.41422927885867,66.0516774018389,0.7342296224011314,0.7468934587833174,0.002059840000001259
812.032000000257,66.3938039713836,67.55673359225766,0.7644612844599352,0.7472596209035921,0.002059840000001259
812.5440000002576,69.29695283754151,64.94645594001031,0.7627935027311622,0.7565725401926325,0.002059840000001259
813.0560000002582,63.95459328809503,67.61073211360483,0.7783205771532031,0.7588857584050589,0.0020598399999965976
813.5680000002588,71.80587480640887,66.10883493279746,0.7424878767002893,0.7488768977264223,0.002059840000001259
814.0800000002595,70.83185771016507,62.16018218920148,0.7699708950812758,0.7508242424966663,0.002059840000001259
814.5920000002601,66.81357975855964,63.853773312032224,0.7836693527011244,0.7516046686306597,0.002059840000001259
815.1040000002607,107.61217545787206,358.98269337920624,0.2194623362558991,0.3992684133267596,0.002059840000001259
815.6160000002614,64.51571864548939,124.49419478385799,0.5417705248475103,0.4241084702802042,0.0016736200000021881
816.128000000262,77.75966383141893,64.93265783085789,0.7176279620872636,0.6961248456488648,0.001609249999996905
816.6400000002626,67.1253477982998,71.7315984759122,0.7374496036934478,0.7371210549666314,0.002059840000001259
817.1520000002632,64.91507372683239,67.18020948549488,0.7751980048780722,0.7534550516068046,0.002059840000001259
817.6640000002639,69.15423376728985,62.539136775156216,0.7775638179675527,0.7593438598552262,0.002059840000001259
818.1760000002645,63.11099318709767,71.88599578562321,0.7585354368214255,0.7450346830139989,0.002059840000001259
818.6880000002651,69.61805589452058,69.99733471303055,0.7334434946920649,0.7485652393774201,0.0020598399999965976
819.2000000002657,67.40039402504989,67.46998015042168,0.75924754139685,0.7552624796962902,0.002059840000001259
819.7120000002664,67.01553261547375,72.48213246432023,0.734062465786981,0.7354156028476778,0.002059840000001259
820.224000000267,63.49944070313823,67.4696530432251,0.7818638510113642,0.7581437887956493,0.002059840000001259
820.7360000002676,65.74581945873678,63.991367448747084,0.7892879631575631,0.7562405039067207,0.002059840000001259
821.2480000002682,69.56209126508712,67.00278971872767,0.7498267436130678,0.7359999888045432,0.002059840000001259
821.7600000002689,65.26749087075432,67.56291902736953,0.7709078070190187,0.7498140432436916,0.002059840000001259
822.2720000002695,61.51766437256999,69.78539104389138,0.7798752258674567,0.7508555415461801,0.0020598399999919364
822.7840000002701,69.98450170341255,85.20523612330281,0.6598374443698055,0.733713701492759,0.0020598399999965976
823.2960000002707,60.60439995066113,66.52429545739922,0.8054829766899938,0.4310666876363665,0.001673619999997527
823.8080000002714,65.02344107270032,64.24073119702093,0.7921761939289198,0.7281810666583369,0.002059840000001259
824.320000000272,66.00601566415926,73.35974952561102,0.7347572042571927,0.7534973315289918,0.0020598399999965976
824.8320000002726,66.35578138807143,71.28342773506618,0.7439740510888058,0.7514378967647989,0.0020598399999965976
825.3440000002732,64.31827392731341,71.38221297900728,0.754603040375903,0.7502621600404362,0.002059840000001259
825.8560000002739,64.80890017275136,69.57609114825752,0.7619898546214472,0.7427814445227945,0.002059840000001259
826.3680000002745,64.73523193972606,66.81694586028395,0.7783983641507773,0.7433925836077342,0.002059840000001259
826.8800000002751,59.84235540924974,68.80185681328241,0.7959938362626511,0.754911480482227,0.002059840000001259
827.3920000002757,68.61991527162566,66.05065257838987,0.7603740121898372,0.7453357965482622,0.002059840000001259
827.9040000002764,66.66423014666219,68.5088720931531,0.7575471621442008,0.7499141888627345,0.002059840000001259
828.416000000277,64.63998651964567,74.613919112686,0.7353474183364304,0.7488747383658633,0.002059840000001259
828.9280000002776,70.84113306878359,58.058528356062084,0.7944163612850437,0.7579757646193155,0.002059840000001259
829.4400000002782,69.08406090994487,60.42374345115134,0.7906859397792455,0.762257202856116,0.002059840000001259
829.9520000002789,67.75769883359062,65.8325204324519,0.7665231823302291,0.7663406411747791,0.002059840000001259
830.4640000002795,61.49920263133364,72.70941160403783,0.7629912623970144,0.7460816709742982,0.0020598399999826144
830.9760000002801,71.25604684716787,62.04558690979196,0.7681826329803222,0.7634925150387472,0.002059840000001259
831.4880000002807,66.28044603019369,62.59604020921884,0.7945592170302701,0.7620558833541908,0.002059840000001259
832.0000000002814,67.65686778985209,65.36791884560247,0.7697813512050222,0.7503856722096273,0.002059840000001259
832.512000000282,64.57888143823394,65.6956946212018,0.7860321107725702,0.7410352045140938,0.002059840000001259
833.0240000002826,67.21835132972656,64.23675408077797,0.7789731686740351,0.7516989498916892,0.002059840000001259
833.5360000002833,67.18718374145523,63.4668145640133,0.7837494552641949,0.7688089410533633,0.002059840000001259
834.0480000002839,70.11383896773546,66.68816228758556,0.7485270614490889,0.7396076662264727,0.0020598399999826144
834.5600000002845,70.99101647276667,66.91503239644872,0.7425345069316871,0.7520448812123053,0.002059840000001259
835.0720000002851,68.88218266699766,68.17266953468476,0.7471461123413111,0.7580391560982209,0.002059840000001259
835.5840000002858,67.49577358532771,61.804224498150624,0.7919567016071322,0.769152731767937,0.002059840000001259
836.0960000002864,69.71427566197619,64.67823702456224,0.7619472093571252,0.7473624290800881,0.002059840000001259
836.608000000287,66.42189829113613,68.5383129547734,0.7587421437375945,0.7462616720244406,0.002059840000001259
837.1200000002876,70.5760666910659,69.58292588069077,0.7305988586324539,0.7445138542430562,0.002059840000001259
837.6320000002883,62.93712167573789,58.91848680506362,0.8403388344339787,0.7539141525025993,0.002059840000001259
838.1440000002889,63.21805211999786,66.26806398712944,0.7908183755799871,0.7603696737192631,0.002059840000001259
838.6560000002895,63.36644660483885,60.976678249197946,0.8235276387030223,0.7672458043647463,0.0020598399999919364
839.1680000002901,139.26738454458382,134.83258183902933,0.37358632819636095,0.5297000203070743,0.0020598399999919364
839.6800000002908,377.3317732866818,128.15997554357557,0.20257501776628528,0.23642649991190648,0.0016092500000015662
840.1920000002914,224.50811223867592,206.55823787871418,0.2375504373563697,0.21609683469992988,0.0016092500000015662
840.704000000292,314.7976415206336,374.72549815053554,0.14850843156450727,0.1914800559617112,0.001673619999997527
841.2160000002926,363.08568225380503,103.66302487425527,0.21939000244922985,0.20653104817965973,0.001673619999997527
841.7280000002933,290.50850446310574,65.55782198348803,0.2875868690586751,0.24345178774929452,0.0016092500000015662
842.2400000002939,74.75703988155341,62.78118254105671,0.7445203100368579,0.576928389892285,0.001673619999997527
842.7520000002945,64.79202350564749,71.07492806826929,0.7536784980730986,0.7311944572610144,0.0016092500000015662
843.2640000002951,69.3245420429811,63.65671991667959,0.7700333001130838,0.7561457236391588,0.002059840000001259
843.7760000002958,66.5211212660539,60.04195210116254,0.8090827543583072,0.758561064876776,0.002059840000001259
844.2880000002964,65.07556767492866,68.20650970175251,0.7682953478478401,0.7493640043591654,0.002059840000001259
844.800000000297,72.4676869349278,69.61213413608644,0.7207216283642314,0.7370931026081067,0.002059840000001259
845.3120000002976,61.870366477458944,69.07441697577941,0.782009006388315,0.7585064141478737,0.0019954699999959755
845.8240000002983,68.70040324188037,67.87585435707027,0.749764284072657,0.7475913327816937,0.002059840000001259
846.3360000002989,69.47238522952546,73.61768456679702,0.7156331682957342,0.7441328510410193,0.002059840000001259
846.8480000002995,65.93131620452135,69.6737167333441,0.7551342142803795,0.74630544527475,0.002059840000001259
847.3600000003001,71.51958449227365,68.2840389387628,0.7324559799447028,0.7460506815723996,0.002059840000001259
847.8720000003008,70.74628756848698,59.70126308791828,0.7849898252955195,0.7529094903119493,0.002059840000001259
848.3840000003014,64.0897171810283,72.0570550329861,0.7521294727357434,0.7508880878373004,0.002059840000001259
848.896000000302,68.190522427932,71.04240674219295,0.7354582038195879,0.7555462216888054,0.002059840000001259
849.4080000003026,69.29612172362962,63.987117080704856,0.7682886529365303,0.7511267646190192,0.002059840000001259
849.9200000003033,68.58247906169755,68.78101161251313,0.7454673690760037,0.7471614893773834,0.002059840000001259
850.4320000003039,61.899839313607025,62.419044337154354,0.8236882201071218,0.762926058708834,0.0020598399999919364
850.9440000003045,70.49501933077721,59.6248897321576,0.7869664276392355,0.7504255882388136,0.002059840000001259
851.4560000003052,70.87294413424866,71.0870958304062,0.7213297490300474,0.7463277346049455,0.002059840000001259
851.9680000003058,70.20161515957992,63.99247045716695,0.763073868191557,0.7573767008632782,0.002059840000001259
852.4800000003064,68.75014777917912,71.12891619728568,0.7320609467134352,0.7408553967486056,0.002059840000001259
852.992000000307,68.87047208419126,65.06288041111338,0.7645593729432696,0.7458110893639508,0.002059840000001259
853.5040000003077,60.25139884835056,61.83967877018174,0.8387181274617289,0.7666640200034583,0.002059840000001259
854.0160000003083,70.9754279049851,71.78123146259962,0.7173045408433789,0.7454874616962895,0.0020598399999919364
854.5280000003089,68.99006172621192,65.65698445729912,0.7605068429086711,0.760997694101306,0.002059840000001259
855.0400000003095,68.26642804741638,64.59109318903077,0.7707504930620995,0.749248577729125,0.002059840000001259
855.5520000003102,67.50634899299067,71.72714314349813,0.7354552301224954,0.7477688350309336,0.002059840000001259
856.0640000003108,65.2104280797413,67.32891871495649,0.7726007595209945,0.7399960240988058,0.002059840000001259
856.5760000003114,67.74631781949313,69.42289103236108,0.746523223813256,0.7510639901352055,0.0019954699999959755
857.088000000312,68.6683930154968,64.1573292783875,0.7709350134263476,0.7498695435167052,0.0020598399999919364
857.6000000003127,62.36596519064223,67.98296190018324,0.7855837580362207,0.7588617522893817,0.002059840000001259
858.1120000003133,71.01927910420773,67.75091702098487,0.7379106094771175,0.7475149695825998,0.002059840000001259
858.6240000003139,65.67282189640304,69.29184008441037,0.7587171226684302,0.7551717435355106,0.002059840000001259
859.1360000003145,66.85864412604742,71.9409753506235,0.7377541839530124,0.7496599488412968,0.002059840000001259
859.6480000003152,63.91777110042364,71.1677946372936,0.7580380586244152,0.7561689206334924,0.002059840000001259
860.1600000003158,68.40654278498315,65.44678058575614,0.7650164928395414,0.7572705111488615,0.002059840000001259
860.6720000003164,65.96496931072892,70.54071252596022,0.7501519249763389,0.7385804783848386,0.0020598399999919364
861.184000000317,118.99020195294327,274.3067099569126,0.2603630918502361,0.3664834596109637,0.001673619999997527
861.6960000003177,70.44628304844417,318.1812021865001,0.2634913995804857,0.2619395416272071,0.0016092500000015662
862.2080000003183,68.92953147224557,141.76324444002236,0.4860157143813947,0.4061604101392585,0.001673619999997527
862.7200000003189,68.24654185972965,66.10663062567205,0.7621703165299383,0.7091678269438567,0.001673619999997527
863.2320000003195,64.33921096552415,68.487786182662,0.770927614103624,0.7527282163633878,0.002059840000001259
863.7440000003202,69.01615925523429,72.22907081898866,0.724980234349789,0.7436551474665949,0.002059840000001259
864.2560000003208,70.80447480087048,68.66807577265917,0.73419464675248,0.7418948400366673,0.002059840000001259
864.7680000003214,64.84780200902631,66.92865708006076,0.7770735433919408,0.7525207368250121,0.002059840000001259
865.280000000322,68.31298351604721,64.1773637342444,0.7728864941877841,0.7455898321876285,0.0020598399999919364
865.7920000003227,68.86630629173528,65.27345775303698,0.763382884480262,0.755035951061674,0.002059840000001259
866.3040000003233,69.45895048950621,67.93555605304768,0.7452990849258201,0.7421131487493835,0.002059840000001259
866.8160000003239,68.61454849733825,89.50676588897731,0.6476040273091868,0.717053447889446,0.002059840000001259
867.3280000003246,68.31986433452478,116.5498234619109,0.5539036778855548,0.582010947273923,0.0016736200000068494
867.8400000003252,73.423525010058,73.31027310636047,0.6978623964927012,0.6965186079106669,0.0016092499999922438
868.3520000003258,67.91627157294023,64.01953014941637,0.7761350494954264,0.7517987650583717,0.0019954699999959755
868.8640000003264,65.11297427057669,66.08925283449656,0.7804745564112492,0.756133414845872,0.002059840000001259
869.376000000327,55.683876198470976,59.205620364317696,0.8912912238590671,0.7762704657711289,0.002059840000001259
869.8880000003277,66.39789275796248,62.17843776209386,0.7964140801484987,0.7627334880732185,0.002059840000001259
870.4000000003283,63.12222590275267,69.14075521173307,0.774215121549116,0.7457953082114798,0.002059840000001259
870.9120000003289,71.40804164666382,69.88348609618455,0.7247426766194274,0.7467648306345024,0.0020598399999919364
871.4240000003296,65.84718280204196,68.08688626130947,0.7645552824320175,0.758381486746765,0.002059840000001259
871.9360000003302,67.18130504095606,63.815046859579205,0.7817011581952427,0.7604583496653028,0.002059840000001259
872.4480000003308,66.14379244464571,67.87434457729421,0.7640756861381847,0.7558676998589748,0.002059840000001259
872.9600000003314,68.40490632999942,67.55943627067225,0.7531386394501212,0.7549374803608047,0.002059840000001259
873.4720000003321,201.75149286291122,429.35599566354693,0.16225445246908532,0.2501535492877265,0.002059840000001259
873.9840000003327,74.69917674493911,67.69140365877105,0.7191486944548746,0.29630987241984574,0.001673619999997527
874.4960000003333,63.10372382472824,62.404275733609715,0.8158842492936316,0.7268822640491605,0.0016092500000015662
875.0080000003339,64.9064375187771,95.16251935956318,0.6397242913117045,0.7266438706109811,0.002059840000001259
875.5200000003346,60.92911905123491,66.56360218098982,0.8031831073201506,0.7009618694276625,0.0016092500000015662
876.0320000003352,64.632821954266,72.14533809918252,0.7486575339219753,0.7491342467933831,0.0016092499999922438
876.5440000003358,73.38653877777546,60.51328538178771,0.7647508175811638,0.7477384107358299,0.001673619999997527
877.0560000003364,68.59050451962763,64.66044954951042,0.7684747979130352,0.7741140221694963,0.0016092500000015662
877.5680000003371,66.4452952993012,66.59625852437232,0.7696843358858824,0.7606924316173471,0.001673619999997527
878.0800000003377,70.1210434982009,67.23906083118939,0.7454857471165297,0.7483462689378102,0.0016736200000068494
878.5920000003383,62.659713289247726,65.50705322131462,0.7989590655044038,0.7610059006776271,0.0016092500000015662
879.1040000003389,66.0230977450307,67.07674056219032,0.7693472907430611,0.7536516843261015,0.002059840000001259
879.6160000003396,66.47294076541357,65.46337954093893,0.7761319988478534,0.7525315254520101,0.002059840000001259
880.1280000003402,69.71257283891002,64.84637431892922,0.7610047652935601,0.7493753996759137,0.002059840000001259
880.6400000003408,66.27140301067985,64.87178522972525,0.7808259153520462,0.7518272663175676,0.002059840000001259
881.1520000003414,71.1168589194775,66.88525155374018,0.7420176376206432,0.7452296708567043,0.0020598399999919364
881.6640000003421,67.93264908070417,62.94969032044236,0.7823821034108365,0.7508348963299182,0.002059840000001259
882.1760000003427,65.99669758619463,69.46297702377626,0.7559445295793039,0.7403761472949524,0.002059840000001259
882.6880000003433,70.67915677251555,70.79676150549324,0.72379809402458,0.7519470469925429,0.002059840000001259
883.200000000344,71.32399128907204,68.6111962910453,0.7317673400864436,0.7421159645836839,0.002059840000001259
883.7120000003446,65.7636247666454,73.08002495659431,0.7375202265578319,0.7498836348043123,0.002059840000001259
884.2240000003452,59.33189812460877,68.99748934008662,0.7979466124091895,0.7561480550233123,0.002059840000001259
884.7360000003458,65.76593000593515,70.26611473313058,0.7527638079426203,0.7452386813438568,0.0020598399999919364
885.2480000003465,66.54604078590647,64.56794770548956,0.7809998092363708,0.7585071669740182,0.001995470000005298
885.7600000003471,65.4052038346242,63.49982899957058,0.7943832583458,0.7520888668675809,0.002059840000001259
886.2720000003477,68.09225780100736,66.3472294194382,0.7616809771975016,0.7482170555477745,0.002059840000001259
886.7840000003483,69.82759444630553,66.79053246869182,0.749534504039222,0.7337951937706916,0.002059840000001259
887.296000000349,67.58107315731003,65.97978559310825,0.766691686157486,0.7545762225071677,0.002059840000001259
887.8080000003496,73.45476313941626,126.90863094895376,0.5110713983754769,0.5800189734259763,0.001673619999997527
888.3200000003502,67.75181452218274,113.01788579684464,0.566466613703965,0.5407715701763258,0.0016092500000015662
888.8320000003508,76.64654069367894,57.382375643685684,0.7640142351240731,0.7297586235621529,0.001673619999997527
889.3440000003515,65.35125775183695,71.4402338118503,0.7485845707905356,0.7459333029496701,0.002059840000001259
889.8560000003521,65.58330165445041,68.90976831579134,0.7613775194711316,0.7482038092948098,0.002059840000001259
890.3680000003527,71.07667727685805,66.44564171296767,0.7446064082701793,0.749393241993057,0.002059840000001259
890.8800000003533,70.44953976210618,64.71213298384725,0.7576112215810508,0.7544614699532091,0.002059840000001259
891.392000000354,67.17692438624633,66.0170817292918,0.7688033642532976,0.7598105654800853,0.002059840000001259
891.9040000003546,65.73811060753505,68.3983057205998,0.7634019366485925,0.7527483942091582,0.002059840000001259
892.4160000003552,71.93252525246933,71.79280399821494,0.7124701020610985,0.7316082323405451,0.002059840000001259
892.9280000003558,68.6684638816422,66.04314573641845,0.7601423536570328,0.7507891168762252,0.002059840000001259
893.4400000003565,66.52831001319132,62.94593307463124,0.7908908950372618,0.764928757043906,0.002059840000001259
893.9520000003571,69.20160318228447,66.27065487940294,0.7558743130521386,0.760692930510542,0.002059840000001259
894.4640000003577,69.87418646835185,68.32766818043358,0.7409451939717506,0.7377028011217437,0.0020598399999919364
894.9760000003583,63.677611086450625,68.51585381386793,0.7746222559278212,0.7495640554119265,0.002059840000001259
895.488000000359,67.48570720796108,67.1321620748704,0.7606716741657686,0.7441193732644379,0.002059840000001259
896.0000000003596,67.87168240162335,69.04010680493911,0.7479268264145348,0.7398271076793214,0.002059840000001259
896.5120000003602,69.1105803246279,63.008433934123474,0.7750587648152785,0.7524766713125587,0.0020598399999919364
897.0240000003608,60.43684428313857,68.84982025006887,0.7920383774283112,0.7600267426087205,0.002059840000001259
897.5360000003615,70.0719233212546,66.62165852123387,0.7491207606074377,0.745821468407859,0.002059840000001259
898.0480000003621,187.3204210204671,355.56563432555276,0.1886215329932046,0.2688807197941388,0.0020598399999919364
898.5600000003627,320.34563913366975,61.018464543592835,0.2685098020831509,0.2055665906309076,0.0
899.0720000003633,209.24888186681846,63.33318135374803,0.3756666847045637,0.3391942230772538,0.001673619999997527
899.584000000364,69.36586687483567,64.97123750094619,0.7622614799970377,0.6530202404289898,0.002059840000001259
900.0960000003646,65.73467204095505,71.64027152658038,0.745405219763812,0.7390393833116706,0.002059840000001259
900.6080000003652,70.25806917776269,67.90496116950459,0.741153402198994,0.741584358604791,0.0016092500000015662
901.1200000003658,71.22097104222856,70.09130066831878,0.7246362878501302,0.7581813888498246,0.001673619999997527
901.6320000003665,66.50099141289039,63.8223496251128,0.785737989713903,0.7514928300899764,0.0020598399999919364
902.1440000003671,65.61425249839648,71.21171892590367,0.7483959290334984,0.7414089101859506,0.002059840000001259
902.6560000003677,65.40230552369458,67.41937908935571,0.7709584492797402,0.7564188050512227,0.002059840000001259
903.1680000003684,71.20524825890715,67.47458017568239,0.7383914528586148,0.7457819441069896,0.002059840000001259
903.680000000369,64.73015635416048,61.9975021902878,0.8080319732577114,0.7704885444305268,0.002059840000001259
904.1920000003696,68.60826127661038,69.17872534841862,0.743176133742365,0.7538554707479966,0.002059840000001259
904.7040000003702,68.74903058618627,72.07178306750511,0.7271652346209531,0.7422222983319557,0.002059840000001259
905.2160000003709,71.60007366656541,66.03516212100287,0.7439955285726997,0.7571610001725106,0.002059840000001259
905.7280000003715,61.74261639018824,59.52751739815602,0.8443958689673852,0.7584769992264768,0.002059840000001259
906.2400000003721,64.24491355354867,64.83470772042928,0.793308804204274,0.7507449154835893,0.002059840000001259
906.7520000003727,140.62345178146404,145.53140394374725,0.3578481998513862,0.515100391205318,0.002059840000001259
907.2640000003734,143.89908586048097,388.82817862882285,0.19221843300655023,0.22124064083172026,0.001673619999997527
907.776000000374,70.02437674868204,355.96837754516713,0.24037967540021732,0.21946144400070566,0.001673619999997527
908.2880000003746,65.7733649968895,192.69032976164056,0.3961871708739106,0.29751054476315864,0.001673619999997527
908.8000000003752,67.16802639900405,65.18354888618079,0.7736968734928421,0.7079782303012082,0.0016092500000015662
909.3120000003759,66.7565007945041,65.18556001227782,0.7760982311012727,0.7603571928676994,0.002059840000001259
909.8240000003765,74.16641984038377,68.05993010256901,0.7199791040202664,0.7519154807596127,0.002059840000001259
910.3360000003771,70.09893880045965,62.497819015246044,0.7722662430579508,0.742596005255367,0.0020598399999919364
910.8480000003777,65.33374629042287,71.27309405713795,0.7495964311850685,0.7534709932803221,0.0020598399999919364
911.3600000003784,62.26836097748352,66.1094580164017,0.797645580852853,0.7568002844847722,0.002059840000001259
911.872000000379,72.75892738937195,67.31140467534922,0.731061306777547,0.7332384050852878,0.002059840000001259
912.3840000003796,70.13495307794598,63.40360796496312,0.7668197051119674,0.7392016532559206,0.002059840000001259
912.8960000003802,61.74688370554282,68.6381876642439,0.7853659849568368,0.7444870567605437,0.002059840000001259
913.4080000003809,72.74948115791253,67.69301294695244,0.7291240493318243,0.7398421423796379,0.002059840000001259
913.9200000003815,66.43848267486709,65.60160707046124,0.7755220418094497,0.7412533418627514,0.002059840000001259
914.4320000003821,65.71482114222641,74.72422038997611,0.7291419742174743,0.751247879590159,0.002059840000001259
914.9440000003827,69.23364055075028,65.1828627822289,0.7618112170819734,0.7540223518031554,0.002059840000001259
915.4560000003834,68.35259966766728,71.28558234157175,0.7333237838431956,0.7418966804257032,0.002059840000001259
915.968000000384,67.6753291394463,75.39239812161057,0.7157449269683993,0.737299951990345,0.001995470000005298
916.4800000003846,72.97926807142342,66.63939592999881,0.7334262989291811,0.750725391485053,0.002059840000001259
916.9920000003852,66.26954970365482,60.940962958226535,0.8049649188363359,0.7561305109339991,0.002059840000001259
917.5040000003859,62.20536464298309,68.65149690643221,0.7825344333306575,0.7518086126503316,0.0020598399999919364
918.0160000003865,65.47859724343239,63.056778075162455,0.7966678414108624,0.7463929296727033,0.002059840000001259
918.5280000003871,64.7666488119451,64.96011621449446,0.7893513723180401,0.7548507993756945,0.002059840000001259
919.0400000003877,67.41815798465942,67.14144023706353,0.7610010831874557,0.7502718106489165,0.002059840000001259
919.5520000003884,64.83731715359714,65.39488984564417,0.7862878343188682,0.7549664952481019,0.002059840000001259
920.064000000389,70.51497556475375,66.2523242805108,0.7487169821722959,0.7479929907601587,0.002059840000001259
920.5760000003896,66.60306191202983,64.32705700925007,0.7820965935390827,0.7575007563333397,0.002059840000001259
921.0880000003903,68.1635012113733,69.80326870185117,0.7422077074385771,0.7481194731864423,0.002059840000001259
921.6000000003909,70.17158396722479,59.980359843976636,0.7867727288694326,0.7478704946820082,0.002059840000001259
922.1120000003915,68.17601465333492,66.0253930514734,0.7630322345443705,0.758503839202726,0.002059840000001259
922.6240000003921,72.51022524287308,69.90770270158087,0.7190106012491504,0.7416469555932041,0.002059840000001259
923.1360000003928,67.45656308562613,66.80195561214354,0.7627076552997981,0.7481244703055188,0.002059840000001259
923.6480000003934,69.55487300887162,68.94583235895793,0.7393464150817611,0.7491996330772914,0.002059840000001259
924.160000000394,70.37274382923806,63.08379306962078,0.7672910025951348,0.7565171496525089,0.0020598399999919364
924.6720000003946,69.77682508950103,61.77167230395823,0.7784201418410991,0.7529614546160751,0.002059840000001259
925.1840000003953,73.21689644080534,70.28666956620785,0.7135711177727498,0.7509873445263936,0.002059840000001259
925.6960000003959,65.91266829289228,67.95586996400539,0.7649295445617804,0.7508191995560183,0.002059840000001259
926.2080000003965,288.7137232536458,208.40762017663562,0.20598592547527797,0.34940968241207854,0.0016736200000068494
926.7200000003971,340.71955093613485,64.18338790444547,0.25290011550229147,0.2158958096571471,0.0016736200000068494
927.2320000003978,159.89415424113255,71.17980676864083,0.443148157206986,0.3347062165378173,0.0016092499999922438
927.7440000003984,70.4743156052933,72.88564033281286,0.7142859338224817,0.6725622489997691,0.0016736200000068494
928.256000000399,72.45977342926678,64.548535227,0.747399927816832,0.7494506460962935,0.001673619999997527
928.7680000003996,69.69361942742249,66.99298147750173,0.749159020138535,0.7461961429882861,0.0020598399999919364
929.2800000004003,113.1043797948052,70.77088736209346,0.5568992588471579,0.6003108091280337,0.001673619999997527
929.7920000004009,90.4194722798282,68.07863009796603,0.6460645172641913,0.5986865355944131,0.0016092500000015662
930.3040000004015,67.58665292866756,69.949842312089,0.7445296597150423,0.7307269505707941,0.0016092500000015662
930.8160000004021,65.56043555257774,73.28086971717573,0.7375326802139175,0.7476048816151464,0.002059840000001259
931.3280000004028,66.56319818630311,63.54868747940949,0.787014956213064,0.7484256896897209,0.002059840000001259
931.8400000004034,64.99608309654722,73.69017694722899,0.7383572097746203,0.7470860447743526,0.002059840000001259
932.352000000404,65.74429568015228,65.98508205460891,0.7773512769959616,0.7529206583040852,0.0020598399999919364
932.8640000004046,66.75760500973973,67.199769204571,0.7644222694017285,0.7611565771473889,0.002059840000001259
933.3760000004053,65.52787834531772,64.58607139912561,0.7870024713039895,0.7485669053434115,0.002059840000001259
933.8880000004059,67.29604928889876,65.17545942221052,0.7729964050104653,0.7521017401983409,0.002059840000001259
934.4000000004065,67.74062950782461,66.92195423729349,0.760419094540894,0.757312255944279,0.002059840000001259
934.9120000004071,72.60630331824241,63.39730878895429,0.7529211791763981,0.7482013838231514,0.0020598399999919364
935.4240000004078,62.57594037273424,70.04125660790729,0.7721472202051413,0.7582011109458013,0.002059840000001259
935.9360000004084,65.92704840646282,67.55317112471528,0.7671548665387203,0.7501787717085465,0.0020598399999919364
936.448000000409,69.5118405195479,72.66934739960416,0.7202077961131349,0.7444843003022502,0.002059840000001259
936.9600000004097,69.86689784218142,63.85763697031869,0.7657532714066171,0.7500624800688529,0.002059840000001259
937.4720000004103,65.05258826040323,71.8358910101172,0.7480541864858918,0.7468295187114947,0.002059840000001259
937.9840000004109,65.4011099123181,63.58646641654916,0.7938749057422441,0.743704336264523,0.002059840000001259
938.4960000004115,70.48255095288094,65.67542204042759,0.7520676002207557,0.7522455613012755,0.0020598399999919364
939.0080000004122,66.50845547937516,65.27218975130128,0.777048858887837,0.7481016851826874,0.002059840000001259
939.5200000004128,64.47116319778185,67.36091749690102,0.7767456863337671,0.7558786851275141,0.002059840000001259
940.0320000004134,73.3047178437572,66.01319604111254,0.7350095701592392,0.7492782909835685,0.002059840000001259
940.544000000414,65.6472809511986,66.07540265754658,0.7773907818653156,0.7573830991133432,0.002059840000001259
941.0560000004147,73.91737397253165,74.22796858184898,0.6912130900261775,0.7447918006497026,0.002059840000001259
941.5680000004153,62.74893180576836,68.93215292782276,0.7776363644571218,0.7529930007091401,0.002059840000001259
942.0800000004159,73.59716818606132,69.9178484553777,0.713514184065061,0.7325512670491751,0.002059840000001259
942.5920000004165,61.31865220790482,68.92123641023699,0.7862414586381654,0.744972122846169,0.002059840000001259
943.1040000004172,66.36265594550301,67.67196203442953,0.7639817350419963,0.7402393376502011,0.002059840000001259
943.6160000004178,64.42646121403419,64.35438531527538,0.7951493002237294,0.7601690734585108,0.0020598399999919364
944.1280000004184,63.86480647853977,68.35681219449579,0.7744573166451699,0.7595180641912397,0.002059840000001259
944.640000000419,71.05171068187224,73.48221251903219,0.7084841934143197,0.7481280708409588,0.002059840000001259
945.1520000004197,66.6112202067929,72.2991621210299,0.7371659215388251,0.7563890998530908,0.002059840000001259
945.6640000004203,63.08299716727519,65.85894513102966,0.7941558671661659,0.7507281984906564,0.0019954699999959755
946.1760000004209,63.329564536579085,63.73048244436147,0.8059181657264801,0.7532815509272435,0.002059840000001259
946.6880000004215,75.33769357418358,67.56156680775437,0.7165887333937738,0.7435234072046758,0.002059840000001259
947.2000000004222,103.32195678802346,95.09488157123414,0.5160852317109925,0.6605186395668383,0.002059840000001259
947.7120000004228,346.82279659595883,155.9005462022062,0.2036905615522848,0.27564494102006276,0.0016736200000068494
948.2240000004234,350.37549546852404,66.88067292419045,0.2454127889695398,0.22206257218383768,0.001673619999997527
948.736000000424,153.74452685392905,65.53111656730006,0.46699213101059894,0.380343727981317,0.0016092500000015662
949.2480000004247,70.7289580777637,60.82914272699473,0.7783633191236841,0.7269122138554942,0.001673619999997527
949.7600000004253,68.42746320455171,69.37537925425853,0.7430906226089475,0.7506632525993873,0.002059840000001259
950.2720000004259,59.98934877067329,66.69971764696339,0.8082781166168943,0.7694004293408235,0.0020598399999919364
950.7840000004265,68.70432232215846,66.06640641369393,0.7598089062848484,0.7470859236710644,0.002059840000001259
951.2960000004272,69.37582499389242,62.403754018490105,0.7770551459295382,0.7495635591118783,0.0016092499999922438
951.8080000004278,64.26590949748208,67.95018443466654,0.774489677879534,0.7530219545489012,0.002059840000001259
952.3200000004284,70.17818983508482,71.04469230663841,0.7250949594502484,0.745456511663385,0.0020598399999919364
952.832000000429,62.7907577390411,67.36850945935328,0.78672846124677,0.7546752870651329,0.002059840000001259
953.3440000004297,64.62558328499566,64.05800597280816,0.7957502630335602,0.745002406043185,0.002059840000001259
953.8560000004303,67.51282273128555,63.04999602681491,0.7842967927164703,0.7526926640648046,0.002059840000001259
954.3680000004309,70.0227483891725,63.66727436053248,0.7659509505186765,0.7506834593515948,0.002059840000001259
954.8800000004316,69.41224937557683,62.41841289616331,0.7767540436755506,0.7648718907082396,0.002059840000001259
955.3920000004322,64.76148345100151,66.28572590936116,0.7813977916798931,0.7483017888430923,0.002059840000001259
955.9040000004328,70.5766663983903,67.43474750136996,0.7419676177969935,0.7451565214334559,0.002059840000001259
956.4160000004334,62.83880826107294,64.79935540179609,0.8022678880782816,0.7531616647403636,0.002059840000001259
956.928000000434,66.62350825180204,64.51785975160321,0.7808367531848612,0.7461300229390211,0.002059840000001259
957.4400000004347,66.39556514329199,63.801587186937,0.786499536796896,0.7564056939062318,0.0020598399999919364
957.9520000004353,71.80222902331849,66.90276178852066,0.7382575017715921,0.746842153400562,0.0020598399999919364
958.4640000004359,66.38666608997026,67.24603590981788,0.7662794994608606,0.7524658397623313,0.002059840000001259
958.9760000004366,67.36370783638597,65.57679844870346,0.7702693698217482,0.7474730661392984,0.002059840000001259
959.4880000004372,67.3906101453868,66.44130244799568,0.7651388821672069,0.7575570514410189,0.002059840000001259
960.0000000004378,62.54759854982126,65.31774439800458,0.8008424928855296,0.7510974120145331,0.002059840000001259
960.5120000004384,67.6156229559069,69.55604279680917,0.7465098527315392,0.744769299661023,0.002059840000001259
961.0240000004391,71.7902734235374,66.7617267570015,0.7390726937652913,0.7352511660177684,0.0020598399999919364
961.5360000004397,69.76193295774534,60.660606162917695,0.7851403652344369,0.7547774569790964,0.0020598399999919364
962.0480000004403,72.30746130037907,71.68862667832099,0.7111304302596542,0.7456924345575323,0.002059840000001259
962.5600000004409,72.99235087587927,68.10951330459685,0.7257168471496978,0.7262466495430953,0.002059840000001259
963.0720000004416,65.5986744626579,61.7255012440778,0.8042463218914273,0.7634814377031974,0.002059840000001259
963.5840000004422,62.88944112426722,70.02825482973661,0.7704015576333458,0.7567895800636243,0.002059840000001259
964.0960000004428,64.65298941598334,66.0571698215065,0.7834127094432457,0.7449608365073559,0.002059840000001259
964.6080000004434,65.8640816396736,63.3526886285795,0.7924667965885414,0.7564951275135444,0.002059840000001259
965.1200000004441,212.40636243502485,191.23668306905014,0.2536894940729661,0.40699838387959264,0.001673619999997527
965.6320000004447,321.78204455138433,67.26384034294517,0.26320802757703843,0.2087270974897051,0.0
966.1440000004453,222.69420416494356,68.04812719286318,0.35220189479040737,0.3156529440187323,0.0016736200000068494
966.6560000004459,66.4336783119115,68.88535202184121,0.7567302229955332,0.6604206958229942,0.0016092500000015662
967.1680000004466,65.9989447698496,62.13158648409913,0.7991850107688072,0.745400081953575,0.0016736200000068494
967.6800000004472,65.53083779177156,69.35570287715268,0.759156543656482,0.7516486939018263,0.002059840000001259
968.1920000004478,65.70716311765405,61.74790212435615,0.803420403932665,0.7499568849024161,0.002059840000001259
968.7040000004484,69.36129095812987,70.46276534982844,0.7323489441220835,0.7399067622415042,0.002059840000001259
969.2160000004491,67.91732271270295,69.19629251736023,0.7468259065898222,0.7425573498579516,0.002059840000001259
969.7280000004497,64.27217953442718,69.9500297912108,0.7629139805884602,0.7539306240006248,0.002059840000001259
970.2400000004503,70.11222612284054,73.2045482674367,0.7145011491896018,0.7554418013150356,0.002059840000001259
970.752000000451,67.3310558573754,67.83019350720883,0.7576135947351745,0.7511789839234477,0.002059840000001259
971.2640000004516,69.47796685548337,66.53999254763707,0.7528417603774962,0.7551310508362571,0.0019954699999959755
971.7760000004522,68.97727773153204,73.07305606306089,0.7208712381350125,0.7510737098282503,0.002059840000001259
972.2880000004528,68.03028387318311,66.37803378553723,0.76185761256239,0.7624808335103446,0.002059840000001259
972.8000000004535,70.67656593413051,66.79989139296757,0.7448548063495659,0.7371226826184332,0.002059840000001259
973.3120000004541,72.82377490668618,68.2906863349487,0.72565206357311,0.7515130700710496,0.002059840000001259
973.8240000004547,69.01975263393845,68.98145390780881,0.74202249796289,0.7396931903483968,0.002059840000001259
974.3360000004553,63.969003870026505,65.70234256950705,0.7896887231578927,0.7508092714880517,0.002059840000001259
974.848000000456,63.239645254053194,68.06083019628318,0.779890549891666,0.7431021123126558,0.002059840000001259
975.3600000004566,62.192741234952805,63.248398518221194,0.8163191135020679,0.7434840820309038,0.002059840000001259
975.8720000004572,71.79516604223373,67.18150290871044,0.7368143212307459,0.7520793421852003,0.002059840000001259
976.3840000004578,69.93480655591581,62.14254727098642,0.7753032373301729,0.756335023476657,0.002059840000001259
976.8960000004585,68.26384713664011,72.12535024854921,0.7294008506868415,0.7417689348767634,0.002059840000001259
977.4080000004591,67.70293149474277,68.30916665418245,0.7528742030571284,0.7489070980703457,0.002059840000001259
977.9200000004597,63.22665728294612,68.68259877566473,0.7762912403546641,0.7620221931745517,0.002059840000001259
978.4320000004603,63.68324378101918,64.58740307431772,0.7983120262540369,0.7580328017910263,0.0020598399999919364
978.944000000461,71.70616939202496,66.37166647287825,0.7416106963045774,0.7483368432994474,0.002059840000001259
979.4560000004616,65.4145513536075,67.8184606616625,0.7685782859000727,0.7509839075115173,0.002059840000001259
979.9680000004622,70.55771503518162,69.2875168394807,0.732238050788725,0.7496056344941918,0.002059840000001259
980.4800000004628,63.59722785241696,71.89938887308305,0.7557384270889227,0.7508901620157782,0.002059840000001259
980.9920000004635,72.63837297945533,71.87372010358075,0.7085912176302185,0.7432423585511596,0.001673619999997527
981.5040000004641,65.82790982689566,63.689133864172135,0.7906295347834756,0.7394822351215891,0.002059840000001259
982.0160000004647,64.71733773085526,67.03669610320145,0.7772058055465086,0.759665063555161,0.002059840000001259
982.5280000004653,66.20153090523804,67.53868819056237,0.7656634682694002,0.760485018898582,0.002059840000001259
983.040000000466,73.61884758323849,67.55622745479448,0.7253405034310282,0.7585072865977237,0.002059840000001259
983.5520000004666,68.5879688816713,66.30002931646781,0.759148340607613,0.7370145660779773,0.002059840000001259
984.0640000004672,64.76000331401592,65.51727901547494,0.7860157824064444,0.7466191926501133,0.002059840000001259
984.5760000004678,75.63979656080096,85.1459578903332,0.6368723420153576,0.7276460015587635,0.002059840000001259
985.0880000004685,168.39513471209523,379.6490841298896,0.1868462369995815,0.29467388297721325,0.001673619999997527
985.6000000004691,66.11650167005092,360.7851664226921,0.23986788446503313,0.21593955267215023,0.0016092500000015662
986.1120000004697,69.09940718951319,159.15258360413569,0.44862697426623843,0.3502477929905017,0.001673619999997527
986.6240000004703,71.70371022276674,68.223205209688,0.7318106004375573,0.691348461525174,0.001673619999997527
987.136000000471,65.79037877883225,70.5858443437095,0.7508640264072118,0.7426004952253439,0.002059840000001259
987.6480000004716,54.68274417391585,63.75481166997854,0.8645906213647929,0.7664449812539582,0.002059840000001259
988.1600000004722,65.7952748252293,68.14266342245485,0.7645331960436575,0.7448687403083685,0.0020598399999919364
988.6720000004728,63.67298885602153,68.34705047986719,0.7756398234321937,0.7399454077922987,0.002059840000001259
989.1840000004735,69.70263399977647,64.30713113656769,0.764123419631519,0.7557933698142557,0.002059840000001259
989.6960000004741,72.08198022918384,64.50945003449412,0.7496809997693533,0.7519729879303187,0.002059840000001259
990.2080000004747,71.78706994841274,67.86468921390734,0.7332524890071624,0.7496628451676851,0.002059840000001259
990.7200000004754,66.37383356082616,64.26075578672176,0.7838659003823945,0.7533061327481313,0.002059840000001259
991.232000000476,68.31622114063141,99.28446290140434,0.6109760266510438,0.6683874860368201,0.001673619999997527
991.7440000004766,61.51349911297367,73.63816462184637,0.7576673284682474,0.721634845107922,0.0016092500000015662
992.2560000004772,67.60477721884915,68.04660107127495,0.7548762223483805,0.7565256853323122,0.001673619999997527
992.7680000004779,64.90714912948839,68.68020801574687,0.7665396051564327,0.7612152043640265,0.002059840000001259
993.2800000004785,69.85681745659812,72.12539272909792,0.7212171149193469,0.747854477761706,0.002059840000001259
993.7920000004791,65.02168130114227,63.95733151556882,0.7939276147625517,0.758312959461351,0.002059840000001259
994.3040000004797,64.0013629598071,65.05725648553033,0.793437900080524,0.7473564517255514,0.002059840000001259
994.8160000004804,67.21328435783198,69.60555699941236,0.748434930337013,0.755912016852664,0.002059840000001259
995.328000000481,67.64801898723262,68.00482780630172,0.7548680504719104,0.7526884422266664,0.0020598399999919364
995.8400000004816,64.6112700259375,66.35348884981131,0.781889730329292,0.754246418491459,0.002059840000001259
996.3520000004822,68.9307446943815,69.96922594175942,0.7372211781688898,0.7554980631153941,0.002059840000001259
996.8640000004829,107.56402030534592,61.38146230005672,0.6061126845230332,0.7335276875937898,0.002059840000001259
997.3760000004835,231.07795837466438,61.533782859916286,0.3499517810459563,0.37217301322360297,0.001995470000005298
997.8880000004841,373.3111103510976,65.18130487943777,0.23352741448484043,0.21610736655495566,0.0016092500000015662
998.4000000004847,61.24408309401879,68.47571386279188,0.7893937733659372,0.6551685247731903,0.0016092500000015662
998.9120000004854,69.84488875347994,68.76521742156397,0.7387628710902513,0.7423026547316104,0.001673619999997527
