t,raw_front,filtered_front,kalman_prior,kalman_post,kalman_gain,delta_s,enc_left,enc_right,side_left,side_right,action
0.032,0.09837,0.09837,0.5,0.11746,0.95247,0.0,0.0,0.0,0.09837,0.09844,turn_right
0.064,0.09835,0.09837,0.11739,0.10791,0.49811,6.4e-05,0.01884,-0.01256,0.09828,0.09825,turn_right
0.096,0.09836,0.09836,0.10791,0.10457,0.34985,0.0,0.05024,-0.04396,0.0983,0.09847,turn_right
0.128,0.09837,0.09836,0.10457,0.10283,0.2805,-0.0,0.08792,-0.08164,0.09845,0.09841,turn_right
0.16,0.09832,0.09836,0.10283,0.10175,0.24271,0.0,0.13816,-0.13188,0.09843,0.09844,turn_right
0.192,0.09845,0.09837,0.10175,0.101,0.2204,0.0,0.1884,-0.18212,0.09831,0.0986,turn_right
0.224,0.09839,0.09838,0.101,0.10046,0.2066,-0.0,0.2512,-0.24492,0.09835,0.09824,turn_right
0.256,0.09825,0.09835,0.10046,0.10004,0.19782,0.0,0.30772,-0.30144,0.09867,0.09836,turn_right
0.288,0.0983,0.09834,0.10004,0.09972,0.19213,0.0,0.37052,-0.36424,0.09842,0.0985,turn_right
0.32,0.09845,0.09836,0.09972,0.09946,0.1884,0.0,0.4396,-0.43332,0.09827,0.09819,turn_right
0.352,0.09836,0.09836,0.09946,0.09926,0.18593,-0.0,0.5024,-0.49612,0.0984,0.0983,turn_right
0.384,0.09827,0.09834,0.09926,0.09909,0.18429,0.0,0.57148,-0.5652,0.09836,0.09853,turn_right
0.416,0.09835,0.09834,0.09909,0.09895,0.1832,0.0,0.64056,-0.63428,0.09823,0.09848,turn_right
0.448,0.0983,0.09833,0.09895,0.09884,0.18247,0.0,0.70964,-0.70336,0.09827,0.09839,turn_right
0.48,0.09838,0.09834,0.09884,0.09875,0.18199,-0.0,0.77872,-0.77244,0.09833,0.09831,turn_right
0.512,0.09834,0.09834,0.09875,0.09868,0.18166,0.0,0.8478,-0.84152,0.09847,0.09836,turn_right
0.544,0.09843,0.09836,0.09868,0.09862,0.18144,0.0,0.91688,-0.9106,0.0983,0.09831,turn_right
0.576,0.09842,0.09837,0.09862,0.09857,0.1813,-0.0,0.98596,-0.97968,0.09831,0.09844,turn_right
0.608,0.09838,0.09838,0.09857,0.09854,0.1812,0.0,1.05504,-1.04876,0.09839,0.09834,turn_right
0.64,0.09836,0.09837,0.09854,0.09851,0.18113,0.0,1.12412,-1.11784,0.09829,0.09839,turn_right
0.672,0.09837,0.09837,0.09851,0.09848,0.18109,0.0,1.19948,-1.1932,0.09858,0.09846,turn_right
0.704,0.09834,0.09837,0.09848,0.09846,0.18106,-0.0,1.26856,-1.26228,0.09838,0.09834,turn_right
0.736,0.09835,0.09836,0.09846,0.09844,0.18104,0.0,1.33764,-1.33136,0.09829,0.09847,turn_right
0.768,0.09841,0.09837,0.09844,0.09843,0.18102,0.0,1.40672,-1.40044,0.09844,0.09824,turn_right
0.8,0.09844,0.09839,0.09843,0.09842,0.18102,0.0,1.4758,-1.46952,0.09842,0.09838,turn_right
0.832,0.09838,0.09838,0.09842,0.09842,0.18101,0.0,1.55116,-1.54488,0.09829,0.09829,turn_right
0.864,0.09835,0.09838,0.09842,0.09841,0.18101,-0.0,1.62024,-1.61396,0.09832,0.09831,turn_right
0.896,0.09845,0.09839,0.09841,0.09841,0.181,0.0,1.68932,-1.68304,0.09844,0.09844,turn_right
0.928,0.09822,0.09836,0.09841,0.0984,0.181,0.0,1.7584,-1.75212,0.09831,0.09842,turn_right
0.96,0.0983,0.09835,0.0984,0.09839,0.181,0.0,1.82748,-1.8212,0.09817,0.09834,turn_right
0.992,0.09832,0.09834,0.09839,0.09838,0.181,0.0,1.90284,-1.89656,0.09839,0.09834,turn_right
1.024,0.09829,0.09833,0.09838,0.09837,0.181,-0.0,1.97192,-1.96564,0.09852,0.09841,turn_right
1.056,0.09849,0.09836,0.09837,0.09837,0.181,0.0,2.041,-2.03472,0.09828,0.09832,turn_right
1.088,0.09831,0.09835,0.09837,0.09837,0.181,0.0,2.11008,-2.1038,0.09841,0.09838,turn_right
1.12,0.09835,0.09835,0.09837,0.09836,0.181,0.0,2.17916,-2.17288,0.09844,0.09833,turn_right
1.152,0.09833,0.09835,0.09836,0.09836,0.181,0.0,2.25452,-2.24824,0.09859,0.0984,turn_right
1.184,0.09839,0.09836,0.09836,0.09836,0.181,0.0,2.3236,-2.31732,0.09849,0.09854,turn_right
1.216,0.09837,0.09836,0.09836,0.09836,0.181,0.0,2.39268,-2.3864,0.09847,0.09821,turn_right
1.248,0.09833,0.09835,0.09836,0.09836,0.181,0.0,2.46176,-2.45548,0.09815,0.09848,turn_right
1.28,0.09835,0.09835,0.09836,0.09836,0.181,0.0,2.53084,-2.52456,0.09846,0.09842,turn_right
1.312,0.09851,0.09838,0.09836,0.09836,0.181,0.0,2.6062,-2.59992,0.09814,0.09855,turn_right
1.344,0.0984,0.09839,0.09836,0.09837,0.181,0.0,2.67528,-2.669,0.09843,0.0983,turn_right
1.376,0.0983,0.09837,0.09837,0.09837,0.181,0.0,2.74436,-2.73808,0.0983,0.09829,turn_right
1.408,0.09834,0.09836,0.09837,0.09837,0.181,0.0,2.81344,-2.80716,0.09829,0.09837,turn_right
1.44,0.09835,0.09836,0.09837,0.09837,0.181,0.0,2.88252,-2.87624,0.09863,0.09857,turn_right
1.472,0.09835,0.09836,0.09837,0.09836,0.181,0.0,2.95788,-2.9516,0.09837,0.09834,turn_right
1.504,0.09841,0.09837,0.09836,0.09837,0.181,0.0,3.02696,-3.02068,0.09837,0.09836,turn_right
1.536,0.09842,0.09838,0.09837,0.09837,0.181,0.0,3.09604,-3.08976,0.09844,0.0983,turn_right
1.568,0.09834,0.09837,0.09837,0.09837,0.181,0.0,3.16512,-3.15884,0.09832,0.09842,turn_right
1.6,0.09837,0.09837,0.09837,0.09837,0.181,0.0,3.2342,-3.22792,0.09844,0.09814,turn_right
1.632,0.09833,0.09836,0.09837,0.09837,0.181,0.0,3.30956,-3.30328,0.09831,0.09842,turn_right
1.664,0.09848,0.09839,0.09837,0.09837,0.181,0.0,3.37864,-3.37236,0.09825,0.09836,turn_right
1.696,0.09832,0.09837,0.09837,0.09837,0.181,0.0,3.44772,-3.44144,0.09827,0.09849,turn_right
1.728,0.09828,0.09836,0.09837,0.09837,0.181,0.0,3.5168,-3.51052,0.09834,0.09834,turn_right
1.76,0.09844,0.09837,0.09837,0.09837,0.181,0.0,3.58588,-3.5796,0.09846,0.09843,turn_right
1.792,0.09835,0.09837,0.09837,0.09837,0.181,0.0,3.66124,-3.65496,0.09836,0.09829,turn_right
1.824,0.09836,0.09837,0.09837,0.09837,0.181,0.0,3.73032,-3.72404,0.09838,0.09844,turn_right
1.856,0.09845,0.09838,0.09837,0.09837,0.181,0.0,3.7994,-3.79312,0.09838,0.09837,turn_right
1.888,0.0982,0.09835,0.09837,0.09837,0.181,0.0,3.86848,-3.8622,0.09823,0.09848,turn_right
1.92,0.09839,0.09836,0.09837,0.09836,0.181,0.0,3.93756,-3.93128,0.09839,0.09833,turn_right
1.952,0.09833,0.09835,0.09836,0.09836,0.181,0.0,4.01292,-4.00664,0.09834,0.09837,turn_right
1.984,0.09825,0.09833,0.09836,0.09836,0.181,0.0,4.082,-4.07572,0.09824,0.09837,turn_right
2.016,0.09841,0.09835,0.09836,0.09835,0.181,0.0,4.15108,-4.1448,0.09848,0.09821,turn_right
2.048,0.09843,0.09836,0.09835,0.09836,0.181,0.0,4.22016,-4.21388,0.0984,0.09836,turn_right
2.08,0.09833,0.09836,0.09836,0.09836,0.181,-0.0,4.29552,-4.28924,0.09833,0.09829,turn_right
2.112,0.09834,0.09835,0.09836,0.09836,0.181,0.0,4.3646,-4.35832,0.09831,0.09839,turn_right
2.144,0.09822,0.09833,0.09836,0.09835,0.181,0.0,4.43368,-4.4274,0.09845,0.09825,turn_right
2.176,0.09838,0.09834,0.09835,0.09835,0.181,0.0,4.50276,-4.49648,0.09843,0.09829,turn_right
2.208,0.09833,0.09834,0.09835,0.09835,0.181,0.0,4.57184,-4.56556,0.09834,0.09824,turn_right
2.24,0.09831,0.09833,0.09835,0.09834,0.181,-0.0,4.6472,-4.64092,0.09839,0.09848,turn_right
2.272,0.09842,0.09835,0.09834,0.09834,0.181,0.0,4.71628,-4.71,0.09827,0.0984,turn_right
2.304,0.09829,0.09834,0.09834,0.09834,0.181,0.0,4.78536,-4.77908,0.09827,0.09823,turn_right
2.336,0.0984,0.09835,0.09834,0.09834,0.181,0.0,4.85444,-4.84816,0.09833,0.09825,turn_right
2.368,0.09829,0.09834,0.09834,0.09834,0.181,0.0,4.92352,-4.91724,0.09836,0.09839,turn_right
2.4,0.09837,0.09834,0.09834,0.09834,0.181,-0.0,4.99888,-4.9926,0.09834,0.09846,turn_right
2.432,0.09842,0.09836,0.09834,0.09835,0.181,0.0,5.06796,-5.06168,0.09829,0.09843,turn_right
2.464,0.09836,0.09836,0.09835,0.09835,0.181,-0.0,5.13704,-5.13076,0.09835,0.09846,turn_right
2.496,0.09836,0.09836,0.09835,0.09835,0.181,0.0,5.20612,-5.19984,0.09843,0.09831,turn_right
2.528,0.09834,0.09836,0.09835,0.09835,0.181,0.0,5.2752,-5.26892,0.09827,0.09843,turn_right
2.56,0.09834,0.09835,0.09835,0.09835,0.181,-0.0,5.35056,-5.34428,0.09824,0.09837,turn_right
2.592,0.09835,0.09835,0.09835,0.09835,0.181,0.0,5.41964,-5.41336,0.09845,0.09835,turn_right
2.624,0.09843,0.09837,0.09835,0.09835,0.181,-0.0,5.48872,-5.48244,0.09836,0.09832,turn_right
2.656,0.09832,0.09836,0.09835,0.09835,0.181,0.0,5.5578,-5.55152,0.09829,0.09825,turn_right
2.688,0.0983,0.09834,0.09835,0.09835,0.181,0.0,5.62688,-5.6206,0.09818,0.09851,turn_right
2.72,0.09832,0.09834,0.09835,0.09835,0.181,-0.0,5.70224,-5.69596,0.09836,0.09844,turn_right
2.752,0.09837,0.09834,0.09835,0.09835,0.181,0.0,5.77132,-5.76504,0.09831,0.09843,turn_right
2.784,0.09841,0.09836,0.09835,0.09835,0.181,-0.0,5.8404,-5.83412,0.09829,0.09838,turn_right
2.816,0.09829,0.09834,0.09835,0.09835,0.181,0.0,5.90948,-5.9032,0.09836,0.09832,turn_right
2.848,0.09836,0.09835,0.09835,0.09835,0.181,0.0,5.97856,-5.97228,0.09848,0.09836,turn_right
2.88,0.09839,0.09836,0.09835,0.09835,0.181,-0.0,6.05392,-6.04764,0.09824,0.09842,turn_right
2.912,0.09825,0.09833,0.09835,0.09835,0.181,0.0,6.123,-6.11672,0.09836,0.09826,turn_right
2.944,0.09831,0.09833,0.09835,0.09834,0.181,-0.0,6.19208,-6.1858,0.09842,0.09849,turn_right
2.976,0.09838,0.09834,0.09834,0.09834,0.181,0.0,6.26116,-6.25488,0.09827,0.09809,turn_right
3.008,0.09843,0.09836,0.09834,0.09835,0.181,0.0,6.33652,-6.33024,0.09834,0.0983,turn_right
3.04,0.09835,0.09836,0.09835,0.09835,0.181,-0.0,6.4056,-6.39932,0.09852,0.09841,turn_right
3.072,0.09833,0.09835,0.09835,0.09835,0.181,0.0,6.47468,-6.4684,0.09818,0.09828,turn_right
3.104,0.09838,0.09836,0.09835,0.09835,0.181,-0.0,6.54376,-6.53748,0.09819,0.09847,turn_right
3.136,0.09836,0.09836,0.09835,0.09835,0.181,0.0,6.61284,-6.60656,0.09842,0.09834,turn_right
3.168,0.09829,0.09834,0.09835,0.09835,0.181,0.0,6.68192,-6.67564,0.09828,0.09835,turn_right
3.2,0.09836,0.09835,0.09835,0.09835,0.181,-0.0,6.75728,-6.751,0.09831,0.09824,turn_right
3.232,0.09837,0.09835,0.09835,0.09835,0.181,0.0,6.82636,-6.82008,0.09844,0.09825,turn_right
3.264,0.09831,0.09834,0.09835,0.09835,0.181,-0.0,6.89544,-6.88916,0.09846,0.09825,turn_right
3.296,0.09837,0.09835,0.09835,0.09835,0.181,0.0,6.96452,-6.95824,0.09817,0.09836,turn_right
3.328,0.09835,0.09835,0.09835,0.09835,0.181,0.0,7.03988,-7.0336,0.09844,0.09834,turn_right
3.36,0.09844,0.09837,0.09835,0.09835,0.181,-0.0,7.10896,-7.10268,0.0983,0.09829,turn_right
3.392,0.09827,0.09835,0.09835,0.09835,0.181,0.0,7.17804,-7.17176,0.09839,0.09831,turn_right
3.424,0.09839,0.09836,0.09835,0.09835,0.181,-0.0,7.24712,-7.24084,0.09842,0.09826,turn_right
3.456,0.09832,0.09835,0.09835,0.09835,0.181,0.0,7.3162,-7.30992,0.0984,0.09836,turn_right
3.488,0.09842,0.09836,0.09835,0.09835,0.181,0.0,7.39156,-7.38528,0.09835,0.09835,turn_right
3.52,0.09844,0.09838,0.09835,0.09836,0.181,-0.0,7.46064,-7.45436,0.09845,0.09832,turn_right
3.552,0.09843,0.09839,0.09836,0.09836,0.181,0.0,7.52972,-7.52344,0.09846,0.09845,turn_right
3.584,0.09832,0.09838,0.09836,0.09837,0.181,-0.0,7.5988,-7.59252,0.09851,0.09837,turn_right
3.616,0.09841,0.09838,0.09837,0.09837,0.181,0.0,7.66788,-7.6616,0.09834,0.09843,turn_right
3.648,0.09837,0.09838,0.09837,0.09837,0.181,0.0,7.74324,-7.73696,0.09841,0.09837,turn_right
3.68,0.09838,0.09838,0.09837,0.09837,0.181,-0.0,7.81232,-7.80604,0.09838,0.09836,turn_right
3.712,0.09843,0.09839,0.09837,0.09838,0.181,0.0,7.8814,-7.87512,0.09827,0.09832,turn_right
3.744,0.09829,0.09837,0.09838,0.09837,0.181,-0.0,7.95048,-7.9442,0.09841,0.09833,turn_right
3.776,0.09838,0.09837,0.09837,0.09837,0.181,0.0,8.01956,-8.01328,0.09843,0.09841,turn_right
3.808,0.0983,0.09836,0.09837,0.09837,0.181,0.0,8.09492,-8.08864,0.09842,0.09831,turn_right
3.84,0.09831,0.09835,0.09837,0.09837,0.181,0.0,8.164,-8.15772,0.09829,0.09836,turn_right
3.872,0.09839,0.09836,0.09837,0.09836,0.181,-0.0,8.23308,-8.2268,0.09846,0.09841,turn_right
3.904,0.09841,0.09837,0.09836,0.09836,0.181,0.0,8.30216,-8.29588,0.09835,0.09836,turn_right
3.936,0.09835,0.09836,0.09836,0.09836,0.181,0.0,8.37124,-8.36496,0.09832,0.0983,turn_right
3.968,0.09847,0.09838,0.09836,0.09837,0.181,0.0,8.4466,-8.44032,0.09837,0.09838,turn_right
4.0,0.0983,0.09837,0.09837,0.09837,0.181,0.0,8.51568,-8.5094,0.09834,0.0983,turn_right
4.032,0.09849,0.09839,0.09837,0.09837,0.181,-0.0,8.58476,-8.57848,0.09848,0.0985,turn_right
4.064,0.09832,0.09838,0.09837,0.09837,0.181,0.0,8.65384,-8.64756,0.09832,0.09839,turn_right
4.096,0.09838,0.09838,0.09837,0.09837,0.181,0.0,8.72292,-8.71664,0.09829,0.09822,turn_right
4.128,0.09837,0.09838,0.09837,0.09837,0.181,0.0,8.79828,-8.792,0.09834,0.09834,turn_right
4.16,0.09839,0.09838,0.09837,0.09838,0.181,0.0,8.86736,-8.86108,0.09841,0.09831,turn_right
4.192,0.09836,0.09838,0.09838,0.09838,0.181,-0.0,8.93644,-8.93016,0.09822,0.09843,turn_right
4.224,0.09839,0.09838,0.09838,0.09838,0.181,0.0,9.00552,-8.99924,0.09831,0.09837,turn_right
4.256,0.09837,0.09838,0.09838,0.09838,0.181,0.0,9.0746,-9.06832,0.09835,0.0983,turn_right
4.288,0.09848,0.0984,0.09838,0.09838,0.181,0.0,9.14996,-9.14368,0.09863,0.09822,turn_right
4.32,0.09833,0.09838,0.09838,0.09838,0.181,0.0,9.21904,-9.21276,0.09848,0.09844,turn_right
4.352,0.09833,0.09837,0.09838,0.09838,0.181,-0.0,9.28812,-9.28184,0.09848,0.09839,turn_right
4.384,0.0984,0.09838,0.09838,0.09838,0.181,0.0,9.3572,-9.35092,0.09827,0.09831,turn_right
4.416,0.09845,0.09839,0.09838,0.09838,0.181,0.0,9.42628,-9.42,0.09849,0.09845,turn_right
4.448,0.09829,0.09837,0.09838,0.09838,0.181,0.0,9.50164,-9.49536,0.09824,0.09842,turn_right
4.48,0.09832,0.09836,0.09838,0.09838,0.181,0.0,9.57072,-9.56444,0.09838,0.09831,turn_right
4.512,0.09831,0.09835,0.09838,0.09837,0.181,-0.0,9.6398,-9.63352,0.09834,0.0984,turn_right
4.544,0.09828,0.09834,0.09837,0.09837,0.181,0.0,9.70888,-9.7026,0.0984,0.09851,turn_right
4.576,0.09829,0.09833,0.09837,0.09836,0.181,0.0,9.78424,-9.77796,0.0985,0.0983,turn_right
4.608,0.09846,0.09835,0.09836,0.09836,0.181,0.0,9.85332,-9.84704,0.09839,0.0984,turn_right
4.64,0.09834,0.09835,0.09836,0.09836,0.181,0.0,9.9224,-9.91612,0.09827,0.09837,turn_right
4.672,0.09839,0.09836,0.09836,0.09836,0.181,-0.0,9.99148,-9.9852,0.09828,0.09832,turn_right
4.704,0.09835,0.09836,0.09836,0.09836,0.181,0.0,10.06056,-10.05428,0.09833,0.09832,turn_right
4.736,0.09832,0.09835,0.09836,0.09836,0.181,0.0,10.13592,-10.12964,0.09838,0.09827,turn_right
4.768,0.09837,0.09835,0.09836,0.09836,0.181,0.0,10.205,-10.19872,0.09842,0.0982,turn_right
4.8,0.09838,0.09836,0.09836,0.09836,0.181,0.0,10.27408,-10.2678,0.09833,0.09826,turn_right
4.832,0.09837,0.09836,0.09836,0.09836,0.181,-0.0,10.34316,-10.33688,0.09835,0.09827,turn_right
4.864,0.09832,0.09835,0.09836,0.09836,0.181,0.0,10.41224,-10.40596,0.0984,0.09844,turn_right
4.896,0.0984,0.09836,0.09836,0.09836,0.181,0.0,10.4876,-10.48132,0.09839,0.09836,turn_right
4.928,0.09837,0.09836,0.09836,0.09836,0.181,0.0,10.55668,-10.5504,0.09838,0.09851,turn_right
4.96,0.09837,0.09837,0.09836,0.09836,0.181,0.0,10.62576,-10.61948,0.09836,0.09833,turn_right
4.992,0.09843,0.09838,0.09836,0.09836,0.181,-0.0,10.69484,-10.68856,0.09851,0.09842,turn_right
5.024,0.09838,0.09838,0.09836,0.09837,0.181,0.0,10.76392,-10.75764,0.09837,0.09848,turn_right
5.056,0.09831,0.09837,0.09837,0.09837,0.181,0.0,10.83928,-10.833,0.09833,0.09835,turn_right
5.088,0.09844,0.09838,0.09837,0.09837,0.181,0.0,10.90836,-10.90208,0.09832,0.09836,turn_right
5.12,0.09834,0.09837,0.09837,0.09837,0.181,0.0,10.97744,-10.97116,0.09857,0.09838,turn_right
5.152,0.09843,0.09838,0.09837,0.09837,0.181,-0.0,11.04652,-11.04024,0.09849,0.09831,turn_right
5.184,0.09824,0.09836,0.09837,0.09837,0.181,0.0,11.1156,-11.10932,0.0983,0.09839,turn_right
5.216,0.09834,0.09835,0.09837,0.09837,0.181,0.0,11.19096,-11.18468,0.09834,0.09821,turn_right
5.248,0.09841,0.09836,0.09837,0.09837,0.181,0.0,11.26004,-11.25376,0.09834,0.09838,turn_right
5.28,0.09834,0.09836,0.09837,0.09836,0.181,0.0,11.32912,-11.32284,0.09821,0.09818,turn_right
5.312,0.09834,0.09836,0.09836,0.09836,0.181,-0.0,11.3982,-11.39192,0.09825,0.09826,turn_right
5.344,0.09827,0.09834,0.09836,0.09836,0.181,0.0,11.46728,-11.461,0.09842,0.09838,turn_right
5.376,0.09836,0.09834,0.09836,0.09836,0.181,0.0,11.54264,-11.53636,0.09843,0.09852,turn_right
5.408,0.09839,0.09835,0.09836,0.09836,0.181,0.0,11.61172,-11.60544,0.0984,0.09833,turn_right
5.44,0.09836,0.09835,0.09836,0.09836,0.181,0.0,11.6808,-11.67452,0.09826,0.09838,turn_right
5.472,0.09833,0.09835,0.09836,0.09835,0.181,-0.0,11.74988,-11.7436,0.09824,0.09851,turn_right
5.504,0.09842,0.09836,0.09835,0.09836,0.181,0.0,11.81896,-11.81268,0.09824,0.09844,turn_right
5.536,0.09834,0.09836,0.09836,0.09836,0.181,0.0,11.89432,-11.88804,0.09849,0.09829,turn_right
5.568,0.09834,0.09836,0.09836,0.09836,0.181,0.0,11.9634,-11.95712,0.09836,0.09831,turn_right
5.6,0.09835,0.09835,0.09836,0.09836,0.181,0.0,12.03248,-12.0262,0.09841,0.09831,turn_right
5.632,0.09837,0.09836,0.09836,0.09836,0.181,-0.0,12.10156,-12.09528,0.09846,0.09837,turn_right
5.664,0.09836,0.09836,0.09836,0.09836,0.181,0.0,12.17064,-12.16436,0.09832,0.0983,turn_right
5.696,0.09829,0.09834,0.09836,0.09835,0.181,0.0,12.246,-12.23972,0.09832,0.09818,turn_right
5.728,0.09832,0.09834,0.09835,0.09835,0.181,0.0,12.31508,-12.3088,0.09825,0.09829,turn_right
5.76,0.09833,0.09834,0.09835,0.09835,0.181,0.0,12.38416,-12.37788,0.09828,0.09837,turn_right
5.792,0.09847,0.09836,0.09835,0.09835,0.181,-0.0,12.45324,-12.44696,0.09841,0.09837,turn_right
5.824,0.09824,0.09834,0.09835,0.09835,0.181,0.0,12.52232,-12.51604,0.09823,0.09843,turn_right
5.856,0.09832,0.09834,0.09835,0.09835,0.181,0.0,12.59768,-12.5914,0.09839,0.09828,turn_right
5.888,0.09843,0.09835,0.09835,0.09835,0.181,0.0,12.66676,-12.66048,0.09836,0.09831,turn_right
5.92,0.0984,0.09836,0.09835,0.09835,0.181,0.0,12.73584,-12.72956,0.09838,0.09836,turn_right
5.952,0.09828,0.09835,0.09835,0.09835,0.181,-0.0,12.80492,-12.79864,0.09827,0.09828,turn_right
5.984,0.09841,0.09836,0.09835,0.09835,0.181,0.0,12.88028,-12.874,0.09829,0.09838,turn_right
6.016,0.09832,0.09835,0.09835,0.09835,0.181,0.0,12.94936,-12.94308,0.09842,0.09847,turn_right
6.048,0.09845,0.09837,0.09835,0.09836,0.181,0.0,13.01844,-13.01216,0.09822,0.09826,turn_right
6.08,0.09834,0.09837,0.09836,0.09836,0.181,0.0,13.08752,-13.08124,0.09836,0.09822,turn_right
6.112,0.09846,0.09838,0.09836,0.09836,0.181,-0.0,13.1566,-13.15032,0.09842,0.09829,turn_right
6.144,0.09838,0.09838,0.09836,0.09837,0.181,0.0,13.23196,-13.22568,0.09842,0.09841,turn_right
6.176,0.09836,0.09838,0.09837,0.09837,0.181,0.0,13.30104,-13.29476,0.09854,0.09835,turn_right
6.208,0.09842,0.09839,0.09837,0.09837,0.181,0.0,13.37012,-13.36384,0.0983,0.09836,turn_right
6.24,0.09844,0.0984,0.09837,0.09838,0.181,0.0,13.4392,-13.43292,0.0984,0.09842,turn_right
6.272,0.09842,0.0984,0.09838,0.09838,0.181,-0.0,13.50828,-13.502,0.09836,0.09831,turn_right
6.304,0.09829,0.09838,0.09838,0.09838,0.181,0.0,13.58364,-13.57736,0.0983,0.09829,turn_right
6.336,0.0984,0.09838,0.09838,0.09838,0.181,0.0,13.65272,-13.64644,0.09841,0.09835,turn_right
6.368,0.09846,0.0984,0.09838,0.09838,0.181,0.0,13.7218,-13.71552,0.09816,0.09828,turn_right
6.4,0.0984,0.0984,0.09838,0.09839,0.181,0.0,13.79088,-13.7846,0.0985,0.09838,turn_right
6.432,0.09832,0.09838,0.09839,0.09839,0.181,-0.0,13.85996,-13.85368,0.09842,0.09834,turn_right
6.464,0.0984,0.09839,0.09839,0.09839,0.181,0.0,13.93532,-13.92904,0.09828,0.09829,turn_right
6.496,0.09829,0.09837,0.09839,0.09838,0.181,0.0,14.0044,-13.99812,0.09831,0.09837,turn_right
6.528,0.09839,0.09837,0.09838,0.09838,0.181,0.0,14.07348,-14.0672,0.09817,0.09841,turn_right
6.56,0.09829,0.09835,0.09838,0.09838,0.181,0.0,14.14256,-14.13628,0.09838,0.09839,turn_right
6.592,0.09834,0.09835,0.09838,0.09837,0.181,-0.0,14.21164,-14.20536,0.09835,0.09824,turn_right
6.624,0.09828,0.09834,0.09837,0.09837,0.181,0.0,14.287,-14.28072,0.09834,0.09842,turn_right
6.656,0.09827,0.09832,0.09837,0.09836,0.181,0.0,14.35608,-14.3498,0.09843,0.09828,turn_right
6.688,0.09827,0.09831,0.09836,0.09835,0.181,0.0,14.42516,-14.41888,0.09831,0.09832,turn_right
6.72,0.09837,0.09832,0.09835,0.09835,0.181,0.0,14.49424,-14.48796,0.09821,0.09838,turn_right
6.752,0.09835,0.09833,0.09835,0.09834,0.181,-0.0,14.56332,-14.55704,0.09843,0.09832,turn_right
6.784,0.09836,0.09834,0.09834,0.09834,0.181,0.0,14.63868,-14.6324,0.09825,0.09836,turn_right
6.816,0.09835,0.09834,0.09834,0.09834,0.181,0.0,14.70776,-14.70148,0.09825,0.09837,turn_right
6.848,0.09828,0.09833,0.09834,0.09834,0.181,0.0,14.77684,-14.77056,0.09835,0.09824,turn_right
6.88,0.09835,0.09833,0.09834,0.09834,0.181,0.0,14.84592,-14.83964,0.09827,0.09825,turn_right
6.912,0.09832,0.09833,0.09834,0.09834,0.181,-0.0,14.915,-14.90872,0.09831,0.09854,turn_right
6.944,0.09842,0.09835,0.09834,0.09834,0.181,0.0,14.99036,-14.98408,0.09855,0.09836,turn_right
6.976,0.09832,0.09834,0.09834,0.09834,0.181,0.0,15.05944,-15.05316,0.09837,0.09835,turn_right
7.008,0.09824,0.09832,0.09834,0.09834,0.181,0.0,15.12852,-15.12224,0.09837,0.09837,turn_right
7.04,0.09833,0.09832,0.09834,0.09833,0.181,0.0,15.1976,-15.19132,0.09844,0.0984,turn_right
7.072,0.09831,0.09832,0.09833,0.09833,0.181,0.0,15.27296,-15.26668,0.09835,0.09847,turn_right
7.104,0.09842,0.09834,0.09833,0.09833,0.181,0.0,15.34204,-15.33576,0.09844,0.09854,turn_right
7.136,0.09829,0.09833,0.09833,0.09833,0.181,0.0,15.41112,-15.40484,0.09834,0.09832,turn_right
7.168,0.09846,0.09836,0.09833,0.09834,0.181,0.0,15.4802,-15.47392,0.09833,0.09842,turn_right
7.2,0.0983,0.09835,0.09834,0.09834,0.181,0.0,15.54928,-15.543,0.09836,0.09819,turn_right
7.232,0.09839,0.09835,0.09834,0.09834,0.181,0.0,15.62464,-15.61836,0.09831,0.09847,turn_right
7.264,0.09842,0.09837,0.09834,0.09835,0.181,0.0,15.69372,-15.68744,0.09836,0.0984,turn_right
7.296,0.09837,0.09837,0.09835,0.09835,0.181,0.0,15.7628,-15.75652,0.09835,0.0986,turn_right
7.328,0.09831,0.09836,0.09835,0.09835,0.181,0.0,15.83188,-15.8256,0.0983,0.09846,turn_right
7.36,0.09838,0.09836,0.09835,0.09835,0.181,0.0,15.90096,-15.89468,0.09842,0.09825,turn_right
7.392,0.09833,0.09836,0.09835,0.09835,0.181,0.0,15.97632,-15.97004,0.0983,0.09833,turn_right
7.424,0.09853,0.09839,0.09835,0.09836,0.181,0.0,16.0454,-16.03912,0.09844,0.09847,turn_right
7.456,0.09842,0.0984,0.09836,0.09837,0.181,0.0,16.11448,-16.1082,0.09836,0.09829,turn_right
7.488,0.09834,0.09839,0.09837,0.09837,0.181,0.0,16.18356,-16.17728,0.09845,0.09836,turn_right
7.52,0.09841,0.09839,0.09837,0.09837,0.181,0.0,16.25264,-16.24636,0.0983,0.09824,turn_right
7.552,0.09845,0.0984,0.09837,0.09838,0.181,0.0,16.328,-16.32172,0.09831,0.0983,turn_right
7.584,0.09835,0.09839,0.09838,0.09838,0.181,0.0,16.39708,-16.3908,0.09846,0.0983,turn_right
7.616,0.09828,0.09837,0.09838,0.09838,0.181,0.0,16.46616,-16.45988,0.09836,0.09831,turn_right
7.648,0.09831,0.09836,0.09838,0.09837,0.181,0.0,16.53524,-16.52896,0.09834,0.09826,turn_right
7.68,0.09835,0.09836,0.09837,0.09837,0.181,0.0,16.60432,-16.59804,0.09843,0.09828,turn_right
7.712,0.0984,0.09837,0.09837,0.09837,0.181,0.0,16.67968,-16.6734,0.09843,0.09834,turn_right
7.744,0.09837,0.09837,0.09837,0.09837,0.181,0.0,16.74876,-16.74248,0.0984,0.09828,turn_right
7.776,0.09833,0.09836,0.09837,0.09837,0.181,0.0,16.81784,-16.81156,0.09844,0.09841,turn_right
7.808,0.09832,0.09835,0.09837,0.09836,0.181,0.0,16.88692,-16.88064,0.09841,0.09835,turn_right
7.84,0.09827,0.09833,0.09836,0.09836,0.181,0.0,16.956,-16.94972,0.09854,0.09842,turn_right
7.872,0.09838,0.09834,0.09836,0.09836,0.181,0.0,17.03136,-17.02508,0.09836,0.09835,turn_right
7.904,0.09833,0.09834,0.09836,0.09835,0.181,0.0,17.10044,-17.09416,0.09826,0.09838,turn_right
7.936,0.0984,0.09835,0.09835,0.09835,0.181,0.0,17.16952,-17.16324,0.09831,0.09838,turn_right
7.968,0.09834,0.09835,0.09835,0.09835,0.181,0.0,17.2386,-17.23232,0.09841,0.09848,turn_right
8.0,0.09845,0.09837,0.09835,0.09836,0.181,0.0,17.30768,-17.3014,0.09843,0.09843,turn_right
8.032,0.09828,0.09835,0.09836,0.09836,0.181,0.0,17.38304,-17.37676,0.09847,0.09842,turn_right
8.064,0.09835,0.09835,0.09836,0.09835,0.181,0.0,17.45212,-17.44584,0.0983,0.09849,turn_right
8.096,0.09837,0.09836,0.09835,0.09836,0.181,0.0,17.5212,-17.51492,0.09827,0.0984,turn_right
8.128,0.09832,0.09835,0.09836,0.09835,0.181,0.0,17.59028,-17.584,0.09838,0.09838,turn_right
8.16,0.09836,0.09835,0.09835,0.09835,0.181,0.0,17.65936,-17.65308,0.09836,0.09834,turn_right
8.192,0.0984,0.09836,0.09835,0.09836,0.181,0.0,17.73472,-17.72844,0.09822,0.09831,turn_right
8.224,0.09842,0.09838,0.09836,0.09836,0.181,0.0,17.8038,-17.79752,0.09832,0.09838,turn_right
8.256,0.09833,0.09837,0.09836,0.09836,0.181,0.0,17.87288,-17.8666,0.09845,0.09844,turn_right
8.288,0.09835,0.09836,0.09836,0.09836,0.181,0.0,17.94196,-17.93568,0.09834,0.09838,turn_right
8.32,0.09838,0.09837,0.09836,0.09836,0.181,0.0,18.01104,-18.00476,0.09839,0.0984,turn_right
8.352,0.09823,0.09834,0.09836,0.09836,0.181,0.0,18.0864,-18.08012,0.09841,0.09841,turn_right
8.384,0.0984,0.09835,0.09836,0.09836,0.181,0.0,18.15548,-18.1492,0.09842,0.09833,turn_right
8.416,0.09826,0.09833,0.09836,0.09835,0.181,0.0,18.22456,-18.21828,0.09832,0.09841,turn_right
8.448,0.09835,0.09834,0.09835,0.09835,0.181,0.0,18.29364,-18.28736,0.09841,0.09834,turn_right
8.48,0.09838,0.09834,0.09835,0.09835,0.181,0.0,18.369,-18.36272,0.09829,0.09831,turn_right
8.512,0.09837,0.09835,0.09835,0.09835,0.181,0.0,18.43808,-18.4318,0.09835,0.09823,turn_right
8.544,0.09845,0.09837,0.09835,0.09835,0.181,0.0,18.50716,-18.50088,0.09844,0.09823,turn_right
8.576,0.09838,0.09837,0.09835,0.09836,0.181,0.0,18.57624,-18.56996,0.09829,0.09829,turn_right
8.608,0.09839,0.09837,0.09836,0.09836,0.181,0.0,18.64532,-18.63904,0.09833,0.09827,turn_right
8.64,0.09833,0.09836,0.09836,0.09836,0.181,0.0,18.72068,-18.7144,0.09845,0.0984,turn_right
8.672,0.09831,0.09835,0.09836,0.09836,0.181,0.0,18.78976,-18.78348,0.09826,0.09841,turn_right
8.704,0.09832,0.09835,0.09836,0.09836,0.181,0.0,18.85884,-18.85256,0.09842,0.09824,turn_right
8.736,0.09836,0.09835,0.09836,0.09836,0.181,0.0,18.92792,-18.92164,0.09844,0.09844,turn_right
8.768,0.09832,0.09835,0.09836,0.09835,0.181,0.0,18.997,-18.99072,0.09845,0.09834,turn_right
8.8,0.09844,0.09837,0.09835,0.09836,0.181,0.0,19.07236,-19.06608,0.09848,0.09829,turn_right
8.832,0.09839,0.09837,0.09836,0.09836,0.181,0.0,19.14144,-19.13516,0.09853,0.09836,turn_right
8.864,0.09832,0.09836,0.09836,0.09836,0.181,0.0,19.21052,-19.20424,0.09827,0.09839,turn_right
8.896,0.09842,0.09837,0.09836,0.09836,0.181,0.0,19.2796,-19.27332,0.09834,0.09843,turn_right
8.928,0.0984,0.09838,0.09836,0.09836,0.181,0.0,19.34868,-19.3424,0.09835,0.0983,turn_right
8.96,0.09849,0.0984,0.09836,0.09837,0.181,0.0,19.42404,-19.41776,0.09839,0.09846,turn_right
8.992,0.0983,0.09838,0.09837,0.09837,0.181,0.0,19.49312,-19.48684,0.0984,0.09825,turn_right
9.024,0.09836,0.09838,0.09837,0.09837,0.181,0.0,19.5622,-19.55592,0.09827,0.09832,turn_right
9.056,0.09833,0.09837,0.09837,0.09837,0.181,0.0,19.63128,-19.625,0.09846,0.09843,turn_right
9.088,0.0984,0.09837,0.09837,0.09837,0.181,0.0,19.70036,-19.69408,0.09835,0.09844,turn_right
9.12,0.09833,0.09836,0.09837,0.09837,0.181,0.0,19.77572,-19.76944,0.09848,0.09839,turn_right
9.152,0.09834,0.09836,0.09837,0.09837,0.181,0.0,19.8448,-19.83852,0.09839,0.09833,turn_right
9.184,0.09843,0.09837,0.09837,0.09837,0.181,0.0,19.91388,-19.9076,0.09839,0.09842,turn_right
9.216,0.09847,0.09839,0.09837,0.09837,0.181,0.0,19.98296,-19.97668,0.09839,0.09833,turn_right
9.248,0.09834,0.09838,0.09837,0.09838,0.181,0.0,20.05204,-20.04576,0.09837,0.09842,turn_right
9.28,0.09838,0.09838,0.09838,0.09838,0.181,0.0,20.1274,-20.12112,0.09828,0.09838,turn_right
9.312,0.09842,0.09839,0.09838,0.09838,0.181,0.0,20.19648,-20.1902,0.09841,0.09848,turn_right
9.344,0.09836,0.09838,0.09838,0.09838,0.181,0.0,20.26556,-20.25928,0.09838,0.09831,turn_right
9.376,0.09829,0.09836,0.09838,0.09838,0.181,0.0,20.33464,-20.32836,0.09826,0.09837,turn_right
9.408,0.09835,0.09836,0.09838,0.09837,0.181,0.0,20.40372,-20.39744,0.09821,0.09843,turn_right
9.44,0.09831,0.09835,0.09837,0.09837,0.181,0.0,20.47908,-20.4728,0.09834,0.09822,turn_right
9.472,0.09832,0.09834,0.09837,0.09837,0.181,0.0,20.54816,-20.54188,0.09849,0.09834,turn_right
9.504,0.09842,0.09836,0.09837,0.09836,0.181,0.0,20.61724,-20.61096,0.09826,0.09845,turn_right
9.536,0.09831,0.09835,0.09836,0.09836,0.181,0.0,20.68632,-20.68004,0.09848,0.09848,turn_right
9.568,0.09836,0.09835,0.09836,0.09836,0.181,-0.0,20.76168,-20.7554,0.09841,0.09837,turn_right
9.6,0.09839,0.09836,0.09836,0.09836,0.181,0.0,20.83076,-20.82448,0.09845,0.09827,turn_right
9.632,0.09837,0.09836,0.09836,0.09836,0.181,0.0,20.89984,-20.89356,0.09829,0.09849,turn_right
9.664,0.09841,0.09837,0.09836,0.09836,0.181,0.0,20.96892,-20.96264,0.09847,0.09829,turn_right
9.696,0.09841,0.09838,0.09836,0.09836,0.181,0.0,21.038,-21.03172,0.09825,0.0983,turn_right
9.728,0.09838,0.09838,0.09836,0.09837,0.181,0.0,21.11336,-21.10708,0.09827,0.09845,turn_right
9.76,0.09843,0.09839,0.09837,0.09837,0.181,0.0,21.18244,-21.17616,0.09826,0.09829,turn_right
9.792,0.0983,0.09837,0.09837,0.09837,0.181,0.0,21.25152,-21.24524,0.09839,0.09836,turn_right
9.824,0.0984,0.09838,0.09837,0.09837,0.181,0.0,21.3206,-21.31432,0.09833,0.09839,turn_right
9.856,0.09824,0.09835,0.09837,0.09837,0.181,-0.0,21.38968,-21.3834,0.09841,0.09838,turn_right
9.888,0.0983,0.09834,0.09837,0.09836,0.181,0.0,21.46504,-21.45876,0.09825,0.09832,turn_right
9.92,0.09839,0.09835,0.09836,0.09836,0.181,0.0,21.53412,-21.52784,0.09831,0.09837,turn_right
9.952,0.09845,0.09837,0.09836,0.09836,0.181,0.0,21.6032,-21.59692,0.09829,0.09843,turn_right
9.984,0.09838,0.09837,0.09836,0.09836,0.181,0.0,21.67228,-21.666,0.09848,0.0984,turn_right
10.016,0.09838,0.09837,0.09836,0.09837,0.181,0.0,21.74136,-21.73508,0.09828,0.09829,turn_right
10.048,0.09841,0.09838,0.09837,0.09837,0.181,0.0,21.81672,-21.81044,0.09837,0.09847,turn_right
10.08,0.09839,0.09838,0.09837,0.09837,0.181,0.0,21.8858,-21.87952,0.0984,0.09823,turn_right
10.112,0.09846,0.0984,0.09837,0.09838,0.181,0.0,21.95488,-21.9486,0.09833,0.09845,turn_right
10.144,0.09826,0.09837,0.09838,0.09838,0.181,0.0,22.02396,-22.01768,0.09837,0.09824,turn_right
10.176,0.09837,0.09837,0.09838,0.09837,0.181,-0.0,22.09304,-22.08676,0.09831,0.09836,turn_right
10.208,0.09832,0.09836,0.09837,0.09837,0.181,0.0,22.1684,-22.16212,0.09853,0.09834,turn_right
10.24,0.09836,0.09836,0.09837,0.09837,0.181,0.0,22.23748,-22.2312,0.09843,0.09838,turn_right
10.272,0.09836,0.09836,0.09837,0.09837,0.181,0.0,22.30656,-22.30028,0.09832,0.09833,turn_right
10.304,0.09833,0.09835,0.09837,0.09837,0.181,0.0,22.37564,-22.36936,0.09834,0.09825,turn_right
10.336,0.09847,0.09838,0.09837,0.09837,0.181,0.0,22.44472,-22.43844,0.09831,0.09848,turn_right
10.368,0.09837,0.09838,0.09837,0.09837,0.181,0.0,22.52008,-22.5138,0.09829,0.09832,turn_right
10.4,0.09831,0.09836,0.09837,0.09837,0.181,0.0,22.58916,-22.58288,0.09848,0.09849,turn_right
10.432,0.09834,0.09836,0.09837,0.09837,0.181,0.0,22.65824,-22.65196,0.09834,0.09826,turn_right
10.464,0.09837,0.09836,0.09837,0.09836,0.181,0.0,22.72732,-22.72104,0.09841,0.09844,turn_right
10.496,0.09844,0.09838,0.09836,0.09837,0.181,-0.0,22.7964,-22.79012,0.09847,0.09824,turn_right
10.528,0.09842,0.09838,0.09837,0.09837,0.181,0.0,22.87176,-22.86548,0.09838,0.09839,turn_right
10.56,0.09839,0.09838,0.09837,0.09837,0.181,0.0,22.94084,-22.93456,0.09846,0.09841,turn_right
10.592,0.09847,0.0984,0.09837,0.09838,0.181,0.0,23.00992,-23.00364,0.09837,0.09836,turn_right
10.624,0.09829,0.09838,0.09838,0.09838,0.181,0.0,23.079,-23.07272,0.09839,0.09831,turn_right
10.656,0.09841,0.09838,0.09838,0.09838,0.181,0.0,23.14808,-23.1418,0.09832,0.09834,turn_right
10.688,0.09837,0.09838,0.09838,0.09838,0.181,0.0,23.22344,-23.21716,0.09824,0.09825,turn_right
10.72,0.09834,0.09837,0.09838,0.09838,0.181,0.0,23.29252,-23.28624,0.09839,0.09831,turn_right
10.752,0.09831,0.09836,0.09838,0.09838,0.181,0.0,23.3616,-23.35532,0.09844,0.09834,turn_right
10.784,0.09835,0.09836,0.09838,0.09837,0.181,0.0,23.43068,-23.4244,0.09837,0.09833,turn_right
10.816,0.09836,0.09836,0.09837,0.09837,0.181,-0.0,23.49976,-23.49348,0.09842,0.09852,turn_right
10.848,0.09832,0.09835,0.09837,0.09837,0.181,0.0,23.57512,-23.56884,0.09834,0.09838,turn_right
10.88,0.09842,0.09836,0.09837,0.09837,0.181,0.0,23.6442,-23.63792,0.09835,0.09831,turn_right
10.912,0.09837,0.09836,0.09837,0.09837,0.181,0.0,23.71328,-23.707,0.09831,0.09844,turn_right
10.944,0.09832,0.09836,0.09837,0.09836,0.181,0.0,23.78236,-23.77608,0.09849,0.09834,turn_right
10.976,0.09834,0.09835,0.09836,0.09836,0.181,0.0,23.85772,-23.85144,0.09822,0.09823,turn_right
11.008,0.09841,0.09836,0.09836,0.09836,0.181,0.0,23.9268,-23.92052,0.09833,0.09833,turn_right
11.04,0.09832,0.09835,0.09836,0.09836,0.181,0.0,23.99588,-23.9896,0.09841,0.09826,turn_right
11.072,0.09843,0.09837,0.09836,0.09836,0.181,0.0,24.06496,-24.05868,0.09823,0.09835,turn_right
11.104,0.09838,0.09837,0.09836,0.09836,0.181,0.0,24.13404,-24.12776,0.09847,0.09834,turn_right
11.136,0.09836,0.09837,0.09836,0.09836,0.181,0.0,24.2094,-24.20312,0.09833,0.09828,turn_right
11.168,0.09844,0.09838,0.09836,0.09837,0.181,-0.0,24.27848,-24.2722,0.09838,0.09835,turn_right
11.2,0.09834,0.09837,0.09837,0.09837,0.181,0.0,24.34756,-24.34128,0.09847,0.09832,turn_right
11.232,0.09831,0.09836,0.09837,0.09837,0.181,0.0,24.41664,-24.41036,0.09844,0.09847,turn_right
11.264,0.09838,0.09836,0.09837,0.09837,0.181,0.0,24.48572,-24.47944,0.09843,0.09824,turn_right
11.296,0.09835,0.09836,0.09837,0.09837,0.181,0.0,24.56108,-24.5548,0.09832,0.09836,turn_right
11.328,0.09834,0.09836,0.09837,0.09836,0.181,0.0,24.63016,-24.62388,0.09823,0.09831,turn_right
11.36,0.09832,0.09835,0.09836,0.09836,0.181,0.0,24.69924,-24.69296,0.09828,0.09825,turn_right
11.392,0.09835,0.09835,0.09836,0.09836,0.181,0.0,24.76832,-24.76204,0.09841,0.09836,turn_right
11.424,0.0983,0.09834,0.09836,0.09836,0.181,0.0,24.8374,-24.83112,0.09826,0.09832,turn_right
11.456,0.09842,0.09836,0.09836,0.09836,0.181,0.0,24.91276,-24.90648,0.09828,0.09849,turn_right
11.488,0.09839,0.09836,0.09836,0.09836,0.181,-0.0,24.98184,-24.97556,0.09836,0.09829,turn_right
11.52,0.09832,0.09835,0.09836,0.09836,0.181,0.0,25.05092,-25.04464,0.09831,0.09832,turn_right
11.552,0.09825,0.09833,0.09836,0.09835,0.181,0.0,25.12,-25.11372,0.09833,0.09833,turn_right
11.584,0.09823,0.09831,0.09835,0.09834,0.181,0.0,25.19536,-25.18908,0.09839,0.09849,turn_right
11.616,0.09828,0.09831,0.09834,0.09834,0.181,0.0,25.26444,-25.25816,0.09829,0.09841,turn_right
11.648,0.09823,0.09829,0.09834,0.09833,0.181,0.0,25.33352,-25.32724,0.09844,0.09837,turn_right
11.68,0.09841,0.09832,0.09833,0.09833,0.181,0.0,25.4026,-25.39632,0.09831,0.0982,turn_right
11.712,0.09829,0.09831,0.09833,0.09832,0.181,0.0,25.47168,-25.4654,0.09832,0.09841,turn_right
11.744,0.09843,0.09833,0.09832,0.09833,0.181,0.0,25.54076,-25.53448,0.09833,0.09837,turn_right
11.776,0.09839,0.09835,0.09833,0.09833,0.181,0.0,25.61612,-25.60984,0.09844,0.0983,turn_right
11.808,0.09831,0.09834,0.09833,0.09833,0.181,-0.0,25.6852,-25.67892,0.09837,0.09843,turn_right
11.84,0.09832,0.09833,0.09833,0.09833,0.181,0.0,25.75428,-25.748,0.09832,0.0983,turn_right
11.872,0.09839,0.09835,0.09833,0.09833,0.181,0.0,25.82336,-25.81708,0.09838,0.09834,turn_right
11.904,0.09843,0.09836,0.09833,0.09834,0.181,0.0,25.89244,-25.88616,0.09835,0.09836,turn_right
11.936,0.09839,0.09837,0.09834,0.09834,0.181,0.0,25.9678,-25.96152,0.09843,0.09816,turn_right
11.968,0.09832,0.09836,0.09834,0.09835,0.181,0.0,26.03688,-26.0306,0.09838,0.09836,turn_right
12.0,0.09845,0.09838,0.09835,0.09835,0.181,0.0,26.10596,-26.09968,0.0986,0.09826,turn_right
12.032,0.09846,0.09839,0.09835,0.09836,0.181,0.0,26.17504,-26.16876,0.09847,0.09826,turn_right
12.064,0.09839,0.09839,0.09836,0.09837,0.181,0.0,26.2504,-26.24412,0.09831,0.09838,turn_right
12.096,0.09835,0.09839,0.09837,0.09837,0.181,0.0,26.31948,-26.3132,0.09839,0.09826,turn_right
12.128,0.09841,0.09839,0.09837,0.09837,0.181,-0.0,26.38856,-26.38228,0.09855,0.09833,turn_right
12.16,0.09845,0.0984,0.09837,0.09838,0.181,0.0,26.45764,-26.45136,0.09817,0.09845,turn_right
12.192,0.09836,0.09839,0.09838,0.09838,0.181,0.0,26.52672,-26.52044,0.0984,0.09826,turn_right
12.224,0.09834,0.09838,0.09838,0.09838,0.181,0.0,26.60208,-26.5958,0.09833,0.09846,turn_right
12.256,0.09848,0.0984,0.09838,0.09839,0.181,0.0,26.67116,-26.66488,0.09838,0.09837,turn_right
12.288,0.09832,0.09839,0.09839,0.09839,0.181,0.0,26.74024,-26.73396,0.09825,0.09826,turn_right
12.32,0.0983,0.09837,0.09839,0.09838,0.181,0.0,26.80932,-26.80304,0.09846,0.09842,turn_right
12.352,0.09823,0.09834,0.09838,0.09838,0.181,0.0,26.8784,-26.87212,0.09835,0.0986,turn_right
12.384,0.09838,0.09835,0.09838,0.09837,0.181,0.0,26.95376,-26.94748,0.09829,0.09837,turn_right
12.416,0.09829,0.09834,0.09837,0.09837,0.181,0.0,27.02284,-27.01656,0.09823,0.09838,turn_right
12.448,0.09837,0.09834,0.09837,0.09836,0.181,-0.0,27.09192,-27.08564,0.09837,0.09844,turn_right
12.48,0.09841,0.09836,0.09836,0.09836,0.181,0.0,27.161,-27.15472,0.09841,0.09826,turn_right
12.512,0.09832,0.09835,0.09836,0.09836,0.181,0.0,27.23008,-27.2238,0.09835,0.09838,turn_right
12.544,0.09832,0.09834,0.09836,0.09836,0.181,0.0,27.30544,-27.29916,0.09835,0.09825,turn_right
12.576,0.09846,0.09837,0.09836,0.09836,0.181,0.0,27.37452,-27.36824,0.09833,0.09832,turn_right
12.608,0.09844,0.09838,0.09836,0.09836,0.181,0.0,27.4436,-27.43732,0.0984,0.09847,turn_right
12.64,0.09829,0.09836,0.09836,0.09836,0.181,0.0,27.51268,-27.5064,0.0982,0.09844,turn_right
12.672,0.0984,0.09837,0.09836,0.09836,0.181,0.0,27.58176,-27.57548,0.09837,0.09826,turn_right
12.704,0.09833,0.09836,0.09836,0.09836,0.181,0.0,27.65712,-27.65084,0.09847,0.09843,turn_right
12.736,0.09834,0.09836,0.09836,0.09836,0.181,0.0,27.7262,-27.71992,0.09844,0.09832,turn_right
12.768,0.0983,0.09835,0.09836,0.09836,0.181,-0.0,27.79528,-27.789,0.09828,0.0986,turn_right
12.8,0.0984,0.09836,0.09836,0.09836,0.181,0.0,27.86436,-27.85808,0.09826,0.09845,turn_right
12.832,0.09841,0.09837,0.09836,0.09836,0.181,0.0,27.93344,-27.92716,0.09827,0.09842,turn_right
12.864,0.09835,0.09837,0.09836,0.09836,0.181,0.0,28.0088,-28.00252,0.09845,0.09838,turn_right
12.896,0.0985,0.09839,0.09836,0.09837,0.181,0.0,28.07788,-28.0716,0.09832,0.09824,turn_right
12.928,0.09835,0.09838,0.09837,0.09837,0.181,0.0,28.14696,-28.14068,0.0984,0.09823,turn_right
12.96,0.09833,0.09837,0.09837,0.09837,0.181,0.0,28.21604,-28.20976,0.09845,0.09831,turn_right
12.992,0.0984,0.09838,0.09837,0.09837,0.181,0.0,28.28512,-28.27884,0.09826,0.09848,turn_right
13.024,0.09837,0.09838,0.09837,0.09837,0.181,0.0,28.36048,-28.3542,0.09843,0.09829,turn_right
13.056,0.09834,0.09837,0.09837,0.09837,0.181,0.0,28.42956,-28.42328,0.09835,0.0984,turn_right
13.088,0.09845,0.09839,0.09837,0.09837,0.181,-0.0,28.49864,-28.49236,0.09825,0.09835,turn_right
13.12,0.09832,0.09837,0.09837,0.09837,0.181,0.0,28.56772,-28.56144,0.09847,0.09833,turn_right
13.152,0.09839,0.09838,0.09837,0.09837,0.181,0.0,28.6368,-28.63052,0.0985,0.09832,turn_right
13.184,0.09829,0.09836,0.09837,0.09837,0.181,0.0,28.71216,-28.70588,0.09834,0.09843,turn_right
13.216,0.09835,0.09836,0.09837,0.09837,0.181,0.0,28.78124,-28.77496,0.09843,0.0984,turn_right
13.248,0.09851,0.09839,0.09837,0.09837,0.181,0.0,28.85032,-28.84404,0.09822,0.0983,turn_right
13.28,0.0983,0.09837,0.09837,0.09837,0.181,0.0,28.9194,-28.91312,0.09827,0.09821,turn_right
13.312,0.09832,0.09836,0.09837,0.09837,0.181,0.0,28.98848,-28.9822,0.09837,0.09825,turn_right
13.344,0.09832,0.09835,0.09837,0.09837,0.181,0.0,29.06384,-29.05756,0.09836,0.09832,turn_right
13.376,0.09837,0.09836,0.09837,0.09836,0.181,0.0,29.13292,-29.12664,0.0983,0.09848,turn_right
13.408,0.09837,0.09836,0.09836,0.09836,0.181,0.0,29.202,-29.19572,0.09819,0.09842,turn_right
13.44,0.09836,0.09836,0.09836,0.09836,0.181,0.0,29.27108,-29.2648,0.09826,0.09836,turn_right
13.472,0.09837,0.09836,0.09836,0.09836,0.181,0.0,29.34644,-29.34016,0.09851,0.09834,turn_right
13.504,0.09844,0.09838,0.09836,0.09836,0.181,0.0,29.41552,-29.40924,0.09831,0.09833,turn_right
13.536,0.09847,0.09839,0.09836,0.09837,0.181,0.0,29.4846,-29.47832,0.09837,0.09842,turn_right
13.568,0.09836,0.09839,0.09837,0.09837,0.181,0.0,29.55368,-29.5474,0.09835,0.09831,turn_right
13.6,0.09835,0.09838,0.09837,0.09837,0.181,0.0,29.62276,-29.61648,0.09828,0.09823,turn_right
13.632,0.09825,0.09835,0.09837,0.09837,0.181,0.0,29.69812,-29.69184,0.0983,0.09827,turn_right
13.664,0.09841,0.09837,0.09837,0.09837,0.181,0.0,29.7672,-29.76092,0.09836,0.09838,turn_right
13.696,0.0984,0.09837,0.09837,0.09837,0.181,0.0,29.83628,-29.83,0.09831,0.09833,turn_right
13.728,0.09833,0.09836,0.09837,0.09837,0.181,0.0,29.90536,-29.89908,0.09837,0.09835,turn_right
13.76,0.09836,0.09836,0.09837,0.09837,0.181,0.0,29.97444,-29.96816,0.09833,0.09847,turn_right
13.792,0.09826,0.09834,0.09837,0.09836,0.181,0.0,30.0498,-30.04352,0.09839,0.09838,turn_right
13.824,0.09831,0.09834,0.09836,0.09836,0.181,0.0,30.11888,-30.1126,0.09836,0.09844,turn_right
13.856,0.09835,0.09834,0.09836,0.09836,0.181,0.0,30.18796,-30.18168,0.09839,0.09823,turn_right
13.888,0.09849,0.09837,0.09836,0.09836,0.181,0.0,30.25704,-30.25076,0.09835,0.0984,turn_right
13.92,0.09854,0.0984,0.09836,0.09837,0.181,0.0,30.32612,-30.31984,0.09846,0.0983,turn_right
13.952,0.0983,0.09838,0.09837,0.09837,0.181,0.0,30.40148,-30.3952,0.09832,0.09844,turn_right
13.984,0.09838,0.09838,0.09837,0.09837,0.181,0.0,30.47056,-30.46428,0.0985,0.09843,turn_right
14.016,0.09835,0.09838,0.09837,0.09837,0.181,0.0,30.53964,-30.53336,0.09842,0.09826,turn_right
14.048,0.0983,0.09836,0.09837,0.09837,0.181,0.0,30.60872,-30.60244,0.09836,0.09823,turn_right
14.08,0.09825,0.09834,0.09837,0.09837,0.181,0.0,30.6778,-30.67152,0.09829,0.09843,turn_right
14.112,0.09828,0.09833,0.09837,0.09836,0.181,0.0,30.75316,-30.74688,0.09837,0.09838,turn_right
14.144,0.0984,0.09834,0.09836,0.09836,0.181,0.0,30.82224,-30.81596,0.09849,0.09832,turn_right
14.176,0.09841,0.09836,0.09836,0.09836,0.181,0.0,30.89132,-30.88504,0.09837,0.09834,turn_right
14.208,0.09832,0.09835,0.09836,0.09835,0.181,0.0,30.9604,-30.95412,0.09836,0.09817,turn_right
14.24,0.09841,0.09836,0.09835,0.09836,0.181,0.0,31.02948,-31.0232,0.09836,0.09845,turn_right
14.272,0.09837,0.09836,0.09836,0.09836,0.181,0.0,31.10484,-31.09856,0.09847,0.0983,turn_right
14.304,0.09831,0.09835,0.09836,0.09836,0.181,0.0,31.17392,-31.16764,0.09838,0.0983,turn_right
14.336,0.09833,0.09835,0.09836,0.09835,0.181,0.0,31.243,-31.23672,0.09837,0.09854,turn_right
14.368,0.09833,0.09834,0.09835,0.09835,0.181,0.0,31.31208,-31.3058,0.09847,0.09836,turn_right
14.4,0.09838,0.09835,0.09835,0.09835,0.181,0.0,31.38116,-31.37488,0.09843,0.09837,turn_right
14.432,0.09834,0.09835,0.09835,0.09835,0.181,0.0,31.45652,-31.45024,0.09853,0.09842,turn_right
14.464,0.09834,0.09835,0.09835,0.09835,0.181,0.0,31.5256,-31.51932,0.09837,0.09831,turn_right
14.496,0.09834,0.09834,0.09835,0.09835,0.181,0.0,31.59468,-31.5884,0.09836,0.09852,turn_right
14.528,0.09832,0.09834,0.09835,0.09835,0.181,0.0,31.66376,-31.65748,0.09828,0.09832,turn_right
14.56,0.09837,0.09835,0.09835,0.09835,0.181,0.0,31.73912,-31.73284,0.09848,0.09837,turn_right
14.592,0.0984,0.09836,0.09835,0.09835,0.181,0.0,31.8082,-31.80192,0.0984,0.09849,turn_right
14.624,0.09837,0.09836,0.09835,0.09835,0.181,0.0,31.87728,-31.871,0.09832,0.09847,turn_right
14.656,0.09846,0.09838,0.09835,0.09836,0.181,0.0,31.94636,-31.94008,0.09839,0.09835,turn_right
14.688,0.09845,0.09839,0.09836,0.09836,0.181,-0.0,32.01544,-32.00916,0.09837,0.0984,turn_right
14.72,0.09835,0.09838,0.09836,0.09837,0.181,0.0,32.0908,-32.08452,0.09835,0.09841,turn_right
14.752,0.09843,0.09839,0.09837,0.09837,0.181,0.0,32.15988,-32.1536,0.09825,0.09851,turn_right
14.784,0.09825,0.09837,0.09837,0.09837,0.181,0.0,32.22896,-32.22268,0.09843,0.09837,turn_right
14.816,0.09841,0.09837,0.09837,0.09837,0.181,0.0,32.29804,-32.29176,0.09829,0.09834,turn_right
14.848,0.09838,0.09838,0.09837,0.09837,0.181,-0.0,32.36712,-32.36084,0.09832,0.09834,turn_right
14.88,0.09829,0.09836,0.09837,0.09837,0.181,0.0,32.44248,-32.4362,0.09822,0.09821,turn_right
14.912,0.0984,0.09837,0.09837,0.09837,0.181,0.0,32.51156,-32.50528,0.09825,0.09843,turn_right
14.944,0.09832,0.09836,0.09837,0.09837,0.181,0.0,32.58064,-32.57436,0.0983,0.09826,turn_right
14.976,0.09841,0.09837,0.09837,0.09837,0.181,0.0,32.64972,-32.64344,0.09828,0.09829,turn_right
15.008,0.0984,0.09837,0.09837,0.09837,0.181,0.0,32.7188,-32.71252,0.09849,0.09846,turn_right
15.04,0.09842,0.09838,0.09837,0.09837,0.181,-0.0,32.79416,-32.78788,0.09827,0.09838,turn_right
15.072,0.09833,0.09837,0.09837,0.09837,0.181,0.0,32.86324,-32.85696,0.09844,0.09836,turn_right
15.104,0.09842,0.09838,0.09837,0.09837,0.181,0.0,32.93232,-32.92604,0.09829,0.09832,turn_right
15.136,0.0984,0.09839,0.09837,0.09838,0.181,0.0,33.0014,-32.99512,0.09837,0.09838,turn_right
15.168,0.09832,0.09837,0.09838,0.09837,0.181,0.0,33.07048,-33.0642,0.09831,0.09822,turn_right
15.2,0.09825,0.09835,0.09837,0.09837,0.181,-0.0,33.14584,-33.13956,0.09839,0.09824,turn_right
15.232,0.09835,0.09835,0.09837,0.09837,0.181,0.0,33.21492,-33.20864,0.09823,0.0983,turn_right
15.264,0.09832,0.09834,0.09837,0.09836,0.181,0.0,33.284,-33.27772,0.0983,0.09839,turn_right
15.296,0.09835,0.09835,0.09836,0.09836,0.181,0.0,33.35308,-33.3468,0.09837,0.09844,turn_right
15.328,0.09835,0.09835,0.09836,0.09836,0.181,0.0,33.42216,-33.41588,0.0984,0.09831,turn_right
15.36,0.09831,0.09834,0.09836,0.09835,0.181,0.0,33.49752,-33.49124,0.09829,0.09836,turn_right
15.392,0.09839,0.09835,0.09835,0.09835,0.181,0.0,33.5666,-33.56032,0.0984,0.0984,turn_right
15.424,0.09828,0.09834,0.09835,0.09835,0.181,0.0,33.63568,-33.6294,0.09829,0.09847,turn_right
15.456,0.09833,0.09833,0.09835,0.09835,0.181,0.0,33.70476,-33.69848,0.09837,0.09834,turn_right
15.488,0.09838,0.09834,0.09835,0.09835,0.181,-0.0,33.77384,-33.76756,0.09845,0.09839,turn_right
15.52,0.09832,0.09834,0.09835,0.09834,0.181,0.0,33.8492,-33.84292,0.09836,0.09833,turn_right
15.552,0.0984,0.09835,0.09834,0.09835,0.181,0.0,33.91828,-33.912,0.0984,0.09821,turn_right
15.584,0.09841,0.09836,0.09835,0.09835,0.181,0.0,33.98736,-33.98108,0.09847,0.09833,turn_right
15.616,0.09839,0.09837,0.09835,0.09835,0.181,0.0,34.05644,-34.05016,0.09835,0.09824,turn_right
15.648,0.09834,0.09836,0.09835,0.09835,0.181,0.0,34.12552,-34.11924,0.09834,0.09836,turn_right
15.68,0.09842,0.09837,0.09835,0.09836,0.181,-0.0,34.20088,-34.1946,0.0982,0.09836,turn_right
15.712,0.09841,0.09838,0.09836,0.09836,0.181,0.0,34.26996,-34.26368,0.09828,0.09841,turn_right
15.744,0.09847,0.0984,0.09836,0.09837,0.181,0.0,34.33904,-34.33276,0.09835,0.09843,turn_right
15.776,0.0984,0.0984,0.09837,0.09837,0.181,0.0,34.40812,-34.40184,0.09845,0.09816,turn_right
15.808,0.09834,0.09839,0.09837,0.09838,0.181,0.0,34.4772,-34.47092,0.09839,0.09833,turn_right
15.84,0.09843,0.09839,0.09838,0.09838,0.181,-0.0,34.55256,-34.54628,0.09838,0.09834,turn_right
15.872,0.09837,0.09839,0.09838,0.09838,0.181,0.0,34.62164,-34.61536,0.09845,0.09836,turn_right
15.904,0.09835,0.09838,0.09838,0.09838,0.181,0.0,34.69072,-34.68444,0.09847,0.09836,turn_right
15.936,0.0983,0.09837,0.09838,0.09838,0.181,0.0,34.7598,-34.75352,0.09831,0.09839,turn_right
15.968,0.09833,0.09836,0.09838,0.09837,0.181,0.0,34.83516,-34.82888,0.09842,0.09832,turn_right
16.0,0.09833,0.09835,0.09837,0.09837,0.181,0.0,34.90424,-34.89796,0.09819,0.0982,turn_right
16.032,0.09835,0.09835,0.09837,0.09837,0.181,0.0,34.97332,-34.96704,0.09835,0.09828,turn_right
16.064,0.09843,0.09837,0.09837,0.09837,0.181,0.0,35.0424,-35.03612,0.09837,0.09824,turn_right
16.096,0.0984,0.09837,0.09837,0.09837,0.181,0.0,35.11148,-35.1052,0.0984,0.09824,turn_right
16.128,0.09832,0.09836,0.09837,0.09837,0.181,-0.0,35.18684,-35.18056,0.09839,0.09828,turn_right
16.16,0.09833,0.09835,0.09837,0.09836,0.181,0.0,35.25592,-35.24964,0.09848,0.09837,turn_right
16.192,0.09841,0.09837,0.09836,0.09836,0.181,0.0,35.325,-35.31872,0.09832,0.09846,turn_right
16.224,0.09843,0.09838,0.09836,0.09837,0.181,0.0,35.39408,-35.3878,0.09839,0.09853,turn_right
16.256,0.09836,0.09838,0.09837,0.09837,0.181,0.0,35.46316,-35.45688,0.09839,0.09833,turn_right
16.288,0.09828,0.09836,0.09837,0.09837,0.181,-0.0,35.53852,-35.53224,0.09823,0.09835,turn_right
16.32,0.09841,0.09837,0.09837,0.09837,0.181,0.0,35.6076,-35.60132,0.09831,0.09837,turn_right
16.352,0.09845,0.09838,0.09837,0.09837,0.181,0.0,35.67668,-35.6704,0.09833,0.09825,turn_right
16.384,0.09845,0.0984,0.09837,0.09837,0.181,0.0,35.74576,-35.73948,0.09828,0.09837,turn_right
16.416,0.09842,0.0984,0.09837,0.09838,0.181,0.0,35.81484,-35.80856,0.09829,0.09837,turn_right
16.448,0.0983,0.09838,0.09838,0.09838,0.181,0.0,35.8902,-35.88392,0.09832,0.09833,turn_right
16.48,0.09838,0.09838,0.09838,0.09838,0.181,0.0,35.95928,-35.953,0.0984,0.09822,turn_right
16.512,0.09843,0.09839,0.09838,0.09838,0.181,0.0,36.02836,-36.02208,0.09835,0.09834,turn_right
16.544,0.09836,0.09838,0.09838,0.09838,0.181,0.0,36.09744,-36.09116,0.09844,0.09835,turn_right
16.576,0.09838,0.09838,0.09838,0.09838,0.181,0.0,36.16652,-36.16024,0.09828,0.09835,turn_right
16.608,0.0984,0.09839,0.09838,0.09838,0.181,0.0,36.24188,-36.2356,0.09833,0.09837,turn_right
16.64,0.09849,0.09841,0.09838,0.09839,0.181,0.0,36.31096,-36.30468,0.09828,0.09839,turn_right
16.672,0.09838,0.0984,0.09839,0.09839,0.181,0.0,36.38004,-36.37376,0.09827,0.09837,turn_right
16.704,0.09841,0.0984,0.09839,0.09839,0.181,0.0,36.44912,-36.44284,0.09823,0.09825,turn_right
16.736,0.09844,0.09841,0.09839,0.0984,0.181,-0.0,36.5182,-36.51192,0.09845,0.09834,turn_right
16.768,0.09833,0.09839,0.0984,0.09839,0.181,0.0,36.59356,-36.58728,0.09838,0.09841,turn_right
16.8,0.09841,0.0984,0.09839,0.0984,0.181,0.0,36.66264,-36.65636,0.09831,0.09839,turn_right
16.832,0.09824,0.09837,0.0984,0.09839,0.181,0.0,36.73172,-36.72544,0.09833,0.09845,turn_right
16.864,0.0983,0.09835,0.09839,0.09838,0.181,0.0,36.8008,-36.79452,0.09847,0.09836,turn_right
16.896,0.09831,0.09834,0.09838,0.09838,0.181,0.0,36.86988,-36.8636,0.09832,0.09853,turn_right
16.928,0.09838,0.09835,0.09838,0.09837,0.181,-0.0,36.94524,-36.93896,0.09841,0.09834,turn_right
16.96,0.09825,0.09833,0.09837,0.09836,0.181,0.0,37.01432,-37.00804,0.09835,0.09839,turn_right
16.992,0.0983,0.09832,0.09836,0.09836,0.181,0.0,37.0834,-37.07712,0.09852,0.09837,turn_right
17.024,0.09836,0.09833,0.09836,0.09835,0.181,0.0,37.15248,-37.1462,0.09827,0.09843,turn_right
17.056,0.09832,0.09833,0.09835,0.09835,0.181,0.0,37.22156,-37.21528,0.09849,0.09828,turn_right
17.088,0.0983,0.09832,0.09835,0.09834,0.181,0.0,37.29692,-37.29064,0.09832,0.0983,turn_right
17.12,0.09832,0.09832,0.09834,0.09834,0.181,0.0,37.366,-37.35972,0.09838,0.09831,turn_right
17.152,0.09831,0.09832,0.09834,0.09834,0.181,0.0,37.43508,-37.4288,0.09842,0.09844,turn_right
17.184,0.09833,0.09832,0.09834,0.09833,0.181,0.0,37.50416,-37.49788,0.09834,0.09833,turn_right
17.216,0.09845,0.09835,0.09833,0.09834,0.181,0.0,37.57324,-37.56696,0.09834,0.09841,turn_right
17.248,0.09841,0.09836,0.09834,0.09834,0.181,0.0,37.6486,-37.64232,0.09819,0.09825,turn_right
17.28,0.09844,0.09838,0.09834,0.09835,0.181,0.0,37.71768,-37.7114,0.09831,0.09834,turn_right
17.312,0.09836,0.09837,0.09835,0.09835,0.181,0.0,37.78676,-37.78048,0.09832,0.09836,turn_right
17.344,0.09832,0.09836,0.09835,0.09835,0.181,0.0,37.85584,-37.84956,0.09833,0.09844,turn_right
17.376,0.09832,0.09835,0.09835,0.09835,0.181,-0.0,37.9312,-37.92492,0.0984,0.09844,turn_right
17.408,0.09841,0.09836,0.09835,0.09836,0.181,0.0,38.00028,-37.994,0.09839,0.09833,turn_right
17.44,0.09842,0.09838,0.09836,0.09836,0.181,0.0,38.06936,-38.06308,0.09824,0.09826,turn_right
17.472,0.09824,0.09835,0.09836,0.09836,0.181,0.0,38.13844,-38.13216,0.0983,0.09836,turn_right
17.504,0.09837,0.09835,0.09836,0.09836,0.181,0.0,38.20752,-38.20124,0.09843,0.09834,turn_right
17.536,0.09838,0.09836,0.09836,0.09836,0.181,-0.0,38.28288,-38.2766,0.09833,0.09825,turn_right
17.568,0.09825,0.09834,0.09836,0.09835,0.181,0.0,38.35196,-38.34568,0.09835,0.09838,turn_right
17.6,0.0984,0.09835,0.09835,0.09835,0.181,0.0,38.42104,-38.41476,0.09843,0.09845,turn_right
17.632,0.0983,0.09834,0.09835,0.09835,0.181,0.0,38.49012,-38.48384,0.09834,0.09826,turn_right
17.664,0.09836,0.09835,0.09835,0.09835,0.181,0.0,38.5592,-38.55292,0.09828,0.09829,turn_right
17.696,0.09834,0.09834,0.09835,0.09835,0.181,0.0,38.63456,-38.62828,0.09831,0.0985,turn_right
17.728,0.09843,0.09836,0.09835,0.09835,0.181,-0.0,38.70364,-38.69736,0.09838,0.09834,turn_right
17.76,0.09838,0.09837,0.09835,0.09835,0.181,0.0,38.77272,-38.76644,0.09842,0.09836,turn_right
17.792,0.09845,0.09838,0.09835,0.09836,0.181,0.0,38.8418,-38.83552,0.09842,0.09821,turn_right
17.824,0.09837,0.09838,0.09836,0.09836,0.181,0.0,38.91088,-38.9046,0.0986,0.09841,turn_right
17.856,0.09832,0.09837,0.09836,0.09836,0.181,0.0,38.98624,-38.97996,0.09839,0.09843,turn_right
17.888,0.09838,0.09837,0.09836,0.09837,0.181,0.0,39.05532,-39.04904,0.09846,0.09826,turn_right
17.92,0.09837,0.09837,0.09837,0.09837,0.181,0.0,39.1244,-39.11812,0.09841,0.09844,turn_right
17.952,0.09845,0.09839,0.09837,0.09837,0.181,0.0,39.19348,-39.1872,0.09845,0.0984,turn_right
17.984,0.09844,0.0984,0.09837,0.09837,0.181,0.0,39.26256,-39.25628,0.09827,0.09847,turn_right
18.016,0.09835,0.09839,0.09837,0.09838,0.181,-0.0,39.33792,-39.33164,0.09836,0.09835,turn_right
18.048,0.09832,0.09837,0.09838,0.09838,0.181,0.0,39.407,-39.40072,0.09834,0.09833,turn_right
18.08,0.09832,0.09836,0.09838,0.09837,0.181,0.0,39.47608,-39.4698,0.09826,0.09827,turn_right
18.112,0.09839,0.09837,0.09837,0.09837,0.181,0.0,39.54516,-39.53888,0.09828,0.09842,turn_right
18.144,0.09841,0.09838,0.09837,0.09837,0.181,0.0,39.61424,-39.60796,0.09834,0.09839,turn_right
18.176,0.09833,0.09837,0.09837,0.09837,0.181,-0.0,39.6896,-39.68332,0.09833,0.09848,turn_right
18.208,0.09841,0.09838,0.09837,0.09837,0.181,0.0,39.75868,-39.7524,0.09835,0.09842,turn_right
18.24,0.0984,0.09838,0.09837,0.09837,0.181,0.0,39.82776,-39.82148,0.09837,0.09842,turn_right
18.272,0.09829,0.09836,0.09837,0.09837,0.181,0.0,39.89684,-39.89056,0.09837,0.09841,turn_right
18.304,0.09826,0.09834,0.09837,0.09837,0.181,0.0,39.96592,-39.95964,0.09845,0.09826,turn_right
18.336,0.09833,0.09834,0.09837,0.09836,0.181,0.0,40.04128,-40.035,0.09824,0.09838,turn_right
18.368,0.09835,0.09834,0.09836,0.09836,0.181,-0.0,40.11036,-40.10408,0.09828,0.09828,turn_right
18.4,0.09833,0.09834,0.09836,0.09836,0.181,0.0,40.17944,-40.17316,0.09833,0.09839,turn_right
18.432,0.0983,0.09833,0.09836,0.09835,0.181,0.0,40.24852,-40.24224,0.09831,0.09842,turn_right
18.464,0.09842,0.09835,0.09835,0.09835,0.181,0.0,40.32388,-40.3176,0.09828,0.09842,turn_right
18.496,0.09847,0.09837,0.09835,0.09835,0.181,0.0,40.39296,-40.38668,0.09845,0.09836,turn_right
18.528,0.09841,0.09838,0.09835,0.09836,0.181,0.0,40.46204,-40.45576,0.09838,0.09848,turn_right
18.56,0.09829,0.09836,0.09836,0.09836,0.181,0.0,40.53112,-40.52484,0.09828,0.09838,turn_right
18.592,0.09838,0.09836,0.09836,0.09836,0.181,0.0,40.6002,-40.59392,0.09841,0.0983,turn_right
18.624,0.09837,0.09837,0.09836,0.09836,0.181,-0.0,40.67556,-40.66928,0.09836,0.09834,turn_right
18.656,0.09841,0.09837,0.09836,0.09836,0.181,0.0,40.74464,-40.73836,0.09838,0.0983,turn_right
18.688,0.09833,0.09837,0.09836,0.09836,0.181,0.0,40.81372,-40.80744,0.09826,0.09832,turn_right
18.72,0.09826,0.09834,0.09836,0.09836,0.181,0.0,40.8828,-40.87652,0.09843,0.09836,turn_right
18.752,0.09835,0.09834,0.09836,0.09836,0.181,0.0,40.95188,-40.9456,0.09839,0.0985,turn_right
18.784,0.09832,0.09834,0.09836,0.09835,0.181,-0.0,41.02724,-41.02096,0.09835,0.09841,turn_right
18.816,0.09823,0.09832,0.09835,0.09835,0.181,0.0,41.09632,-41.09004,0.09834,0.09824,turn_right
18.848,0.09839,0.09833,0.09835,0.09834,0.181,0.0,41.1654,-41.15912,0.09833,0.09837,turn_right
18.88,0.09842,0.09835,0.09834,0.09834,0.181,0.0,41.23448,-41.2282,0.09847,0.09819,turn_right
18.912,0.09836,0.09835,0.09834,0.09835,0.181,0.0,41.30356,-41.29728,0.09839,0.09839,turn_right
18.944,0.0984,0.09836,0.09835,0.09835,0.181,0.0,41.37892,-41.37264,0.09841,0.09844,turn_right
18.976,0.09832,0.09835,0.09835,0.09835,0.181,0.0,41.448,-41.44172,0.09832,0.09829,turn_right
19.008,0.09846,0.09837,0.09835,0.09835,0.181,-0.0,41.51708,-41.5108,0.0984,0.09845,turn_right
19.04,0.09847,0.09839,0.09835,0.09836,0.181,0.0,41.58616,-41.57988,0.09841,0.0983,turn_right
19.072,0.0984,0.09839,0.09836,0.09837,0.181,0.0,41.65524,-41.64896,0.09832,0.09831,turn_right
19.104,0.09838,0.09839,0.09837,0.09837,0.181,0.0,41.7306,-41.72432,0.09836,0.09848,turn_right
19.136,0.09835,0.09838,0.09837,0.09837,0.181,0.0,41.79968,-41.7934,0.0983,0.0983,turn_right
19.168,0.09837,0.09838,0.09837,0.09837,0.181,0.0,41.86876,-41.86248,0.09835,0.09836,turn_right
19.2,0.09835,0.09837,0.09837,0.09837,0.181,0.0,41.93784,-41.93156,0.09829,0.0983,turn_right
19.232,0.09837,0.09837,0.09837,0.09837,0.181,0.0,42.00692,-42.00064,0.09842,0.09843,turn_right
19.264,0.09826,0.09835,0.09837,0.09837,0.181,-0.0,42.08228,-42.076,0.09843,0.09819,turn_right
19.296,0.09831,0.09834,0.09837,0.09837,0.181,0.0,42.15136,-42.14508,0.0984,0.09832,turn_right
19.328,0.09848,0.09837,0.09837,0.09837,0.181,0.0,42.22044,-42.21416,0.09845,0.09837,turn_right
19.36,0.09833,0.09836,0.09837,0.09837,0.181,0.0,42.28952,-42.28324,0.09842,0.09852,turn_right
19.392,0.09836,0.09836,0.09837,0.09837,0.181,0.0,42.3586,-42.35232,0.09837,0.09829,turn_right
19.424,0.09844,0.09838,0.09837,0.09837,0.181,-0.0,42.43396,-42.42768,0.09837,0.09832,turn_right
19.456,0.09837,0.09838,0.09837,0.09837,0.181,0.0,42.50304,-42.49676,0.09834,0.0984,turn_right
19.488,0.09837,0.09838,0.09837,0.09837,0.181,0.0,42.57212,-42.56584,0.09843,0.09836,turn_right
19.52,0.09838,0.09838,0.09837,0.09837,0.181,0.0,42.6412,-42.63492,0.0984,0.09847,turn_right
19.552,0.09826,0.09835,0.09837,0.09837,0.181,0.0,42.71028,-42.704,0.09846,0.09833,turn_right
19.584,0.09844,0.09837,0.09837,0.09837,0.181,0.0,42.78564,-42.77936,0.09856,0.09836,turn_right
19.616,0.09838,0.09837,0.09837,0.09837,0.181,0.0,42.85472,-42.84844,0.09825,0.09836,turn_right
19.648,0.09829,0.09836,0.09837,0.09837,0.181,-0.0,42.9238,-42.91752,0.09838,0.09845,turn_right
19.68,0.09838,0.09836,0.09837,0.09837,0.181,0.0,42.99288,-42.9866,0.09839,0.09844,turn_right
19.712,0.09836,0.09836,0.09837,0.09837,0.181,0.0,43.06824,-43.06196,0.09823,0.09827,turn_right
19.744,0.09842,0.09837,0.09837,0.09837,0.181,0.0,43.13732,-43.13104,0.09843,0.09842,turn_right
19.776,0.09848,0.09839,0.09837,0.09837,0.181,0.0,43.2064,-43.20012,0.09838,0.09833,turn_right
19.808,0.09835,0.09839,0.09837,0.09837,0.181,0.0,43.27548,-43.2692,0.09859,0.0984,turn_right
19.84,0.09833,0.09837,0.09837,0.09837,0.181,0.0,43.34456,-43.33828,0.09837,0.09826,turn_right
19.872,0.09838,0.09837,0.09837,0.09837,0.181,-0.0,43.41992,-43.41364,0.09849,0.09845,turn_right
19.904,0.09837,0.09837,0.09837,0.09837,0.181,0.0,43.489,-43.48272,0.09824,0.09838,turn_right
19.936,0.09835,0.09837,0.09837,0.09837,0.181,0.0,43.55808,-43.5518,0.09825,0.09849,turn_right
19.968,0.09829,0.09835,0.09837,0.09837,0.181,0.0,43.62716,-43.62088,0.09834,0.09823,turn_right
20.0,0.09844,0.09837,0.09837,0.09837,0.181,0.0,43.69624,-43.68996,0.09829,0.0984,turn_right
20.032,0.09834,0.09836,0.09837,0.09837,0.181,-0.0,43.7716,-43.76532,0.09827,0.09853,turn_right
20.064,0.09831,0.09835,0.09837,0.09837,0.181,0.0,43.84068,-43.8344,0.09834,0.0982,turn_right
20.096,0.09833,0.09835,0.09837,0.09836,0.181,0.0,43.90976,-43.90348,0.09833,0.09847,turn_right
20.128,0.09847,0.09837,0.09836,0.09837,0.181,0.0,43.97256,-43.96628,0.09843,0.09842,turn_right
20.16,0.0983,0.09836,0.09837,0.09836,0.181,-0.0,44.04792,-44.04164,0.09828,0.09824,turn_right
20.192,0.09833,0.09835,0.09836,0.09836,0.181,0.0,44.12328,-44.117,0.09836,0.09842,turn_right
20.224,0.09835,0.09835,0.09836,0.09836,0.181,0.0,44.19236,-44.18608,0.09827,0.09837,turn_right
20.256,0.09831,0.09834,0.09836,0.09836,0.181,0.0,44.26144,-44.25516,0.0983,0.0983,turn_right
20.288,0.09831,0.09834,0.09836,0.09835,0.181,-0.0,44.33052,-44.32424,0.09842,0.09844,turn_right
20.32,0.0983,0.09833,0.09835,0.09835,0.181,0.0,44.3996,-44.39332,0.0982,0.09842,turn_right
20.352,0.09837,0.09834,0.09835,0.09835,0.181,0.0,44.47496,-44.46868,0.09832,0.09835,turn_right
20.384,0.09845,0.09836,0.09835,0.09835,0.181,0.0,44.54404,-44.53776,0.09835,0.09825,turn_right
20.416,0.09827,0.09834,0.09835,0.09835,0.181,0.0,44.61312,-44.60684,0.09839,0.09839,turn_right
20.448,0.09836,0.09835,0.09835,0.09835,0.181,0.0,44.6822,-44.67592,0.09834,0.09838,turn_right
20.48,0.09839,0.09836,0.09835,0.09835,0.181,0.0,44.75128,-44.745,0.09844,0.09833,turn_right
20.512,0.09831,0.09835,0.09835,0.09835,0.181,-0.0,44.82664,-44.82036,0.09822,0.09836,turn_right
20.544,0.09841,0.09836,0.09835,0.09835,0.181,0.0,44.89572,-44.88944,0.09831,0.09843,turn_right
20.576,0.09838,0.09836,0.09835,0.09835,0.181,0.0,44.9648,-44.95852,0.09833,0.0983,turn_right
20.608,0.09827,0.09835,0.09835,0.09835,0.181,0.0,45.03388,-45.0276,0.09855,0.09831,turn_right
20.64,0.09831,0.09834,0.09835,0.09835,0.181,0.0,45.10296,-45.09668,0.09844,0.0985,turn_right
20.672,0.09837,0.09834,0.09835,0.09835,0.181,-0.0,45.17832,-45.17204,0.09831,0.09825,turn_right
20.704,0.09835,0.09834,0.09835,0.09835,0.181,0.0,45.2474,-45.24112,0.09843,0.09841,turn_right
20.736,0.09835,0.09835,0.09835,0.09835,0.181,0.0,45.31648,-45.3102,0.09824,0.09834,turn_right
20.768,0.09848,0.09837,0.09835,0.09835,0.181,0.0,45.38556,-45.37928,0.0984,0.09837,turn_right
20.8,0.09834,0.09837,0.09835,0.09835,0.181,0.0,45.45464,-45.44836,0.09841,0.09829,turn_right
20.832,0.09831,0.09835,0.09835,0.09835,0.181,0.0,45.53,-45.52372,0.09854,0.09833,turn_right
20.864,0.0984,0.09836,0.09835,0.09836,0.181,0.0,45.59908,-45.5928,0.09839,0.0984,turn_right
20.896,0.09848,0.09839,0.09836,0.09836,0.181,0.0,45.66816,-45.66188,0.09844,0.09837,turn_right
20.928,0.09836,0.09838,0.09836,0.09836,0.181,-0.0,45.73724,-45.73096,0.09831,0.0982,turn_right
20.96,0.09837,0.09838,0.09836,0.09837,0.181,0.0,45.8126,-45.80632,0.09827,0.0984,turn_right
20.992,0.09841,0.09838,0.09837,0.09837,0.181,0.0,45.88168,-45.8754,0.09829,0.09834,turn_right
21.024,0.09825,0.09836,0.09837,0.09837,0.181,0.0,45.95076,-45.94448,0.09853,0.09833,turn_right
21.056,0.09841,0.09837,0.09837,0.09837,0.181,0.0,46.01984,-46.01356,0.09844,0.09838,turn_right
21.088,0.09845,0.09838,0.09837,0.09837,0.181,0.0,46.08892,-46.08264,0.09821,0.09843,turn_right
21.12,0.09832,0.09837,0.09837,0.09837,0.181,-0.0,46.16428,-46.158,0.09825,0.09841,turn_right
21.152,0.09851,0.0984,0.09837,0.09838,0.181,0.0,46.23336,-46.22708,0.09833,0.09831,turn_right
21.184,0.09832,0.09838,0.09838,0.09838,0.181,0.0,46.30244,-46.29616,0.09834,0.09832,turn_right
21.216,0.09829,0.09836,0.09838,0.09837,0.181,0.0,46.37152,-46.36524,0.09843,0.09847,turn_right
21.248,0.09842,0.09838,0.09837,0.09837,0.181,0.0,46.4406,-46.43432,0.09831,0.09845,turn_right
21.28,0.09826,0.09835,0.09837,0.09837,0.181,-0.0,46.51596,-46.50968,0.09841,0.09849,turn_right
21.312,0.09833,0.09835,0.09837,0.09837,0.181,0.0,46.58504,-46.57876,0.09839,0.0985,turn_right
21.344,0.09828,0.09833,0.09837,0.09836,0.181,0.0,46.65412,-46.64784,0.09822,0.09834,turn_right
21.376,0.09834,0.09834,0.09836,0.09836,0.181,0.0,46.7232,-46.71692,0.09843,0.09834,turn_right
21.408,0.09836,0.09834,0.09836,0.09835,0.181,0.0,46.79228,-46.786,0.09846,0.09852,turn_right
21.44,0.09838,0.09835,0.09835,0.09835,0.181,0.0,46.86764,-46.86136,0.09831,0.09836,turn_right
21.472,0.09841,0.09836,0.09835,0.09835,0.181,0.0,46.93672,-46.93044,0.09833,0.09819,turn_right
21.504,0.09825,0.09834,0.09835,0.09835,0.181,0.0,47.0058,-46.99952,0.09831,0.09843,turn_right
21.536,0.09834,0.09834,0.09835,0.09835,0.181,0.0,47.07488,-47.0686,0.09845,0.09841,turn_right
21.568,0.09835,0.09834,0.09835,0.09835,0.181,-0.0,47.14396,-47.13768,0.09839,0.09837,turn_right
21.6,0.09838,0.09835,0.09835,0.09835,0.181,0.0,47.21932,-47.21304,0.09834,0.0984,turn_right
21.632,0.09848,0.09838,0.09835,0.09835,0.181,0.0,47.2884,-47.28212,0.09837,0.09845,turn_right
21.664,0.09835,0.09837,0.09835,0.09836,0.181,0.0,47.35748,-47.3512,0.09834,0.09837,turn_right
21.696,0.09842,0.09838,0.09836,0.09836,0.181,0.0,47.42656,-47.42028,0.0984,0.09835,turn_right
21.728,0.0984,0.09838,0.09836,0.09836,0.181,0.0,47.49564,-47.48936,0.09832,0.09827,turn_right
21.76,0.09838,0.09838,0.09836,0.09837,0.181,-0.0,47.571,-47.56472,0.09825,0.0984,turn_right
21.792,0.09831,0.09837,0.09837,0.09837,0.181,0.0,47.64008,-47.6338,0.09822,0.0983,turn_right
21.824,0.09834,0.09836,0.09837,0.09837,0.181,0.0,47.70916,-47.70288,0.09848,0.09842,turn_right
21.856,0.09838,0.09836,0.09837,0.09837,0.181,0.0,47.77824,-47.77196,0.09827,0.0984,turn_right
21.888,0.0984,0.09837,0.09837,0.09837,0.181,0.0,47.84732,-47.84104,0.09833,0.09846,turn_right
21.92,0.09839,0.09838,0.09837,0.09837,0.181,-0.0,47.92268,-47.9164,0.09827,0.09828,turn_right
21.952,0.09838,0.09838,0.09837,0.09837,0.181,0.0,47.99176,-47.98548,0.09836,0.09847,turn_right
21.984,0.09831,0.09836,0.09837,0.09837,0.181,0.0,48.06084,-48.05456,0.09836,0.09838,turn_right
22.016,0.09827,0.09834,0.09837,0.09836,0.181,0.0,48.12992,-48.12364,0.09839,0.09843,turn_right
22.048,0.09838,0.09835,0.09836,0.09836,0.181,0.0,48.199,-48.19272,0.09832,0.09842,turn_right
22.08,0.09839,0.09836,0.09836,0.09836,0.181,0.0,48.27436,-48.26808,0.09827,0.09836,turn_right
22.112,0.09831,0.09835,0.09836,0.09836,0.181,0.0,48.34344,-48.33716,0.09843,0.09845,turn_right
22.144,0.09836,0.09835,0.09836,0.09836,0.181,0.0,48.41252,-48.40624,0.0983,0.0984,turn_right
22.176,0.09835,0.09835,0.09836,0.09836,0.181,0.0,48.4816,-48.47532,0.09834,0.09833,turn_right
22.208,0.09841,0.09836,0.09836,0.09836,0.181,-0.0,48.55696,-48.55068,0.09819,0.09845,turn_right
22.24,0.09838,0.09837,0.09836,0.09836,0.181,0.0,48.62604,-48.61976,0.09842,0.09855,turn_right
22.272,0.09836,0.09837,0.09836,0.09836,0.181,0.0,48.69512,-48.68884,0.09835,0.09847,turn_right
22.304,0.09827,0.09835,0.09836,0.09836,0.181,0.0,48.7642,-48.75792,0.09849,0.09835,turn_right
22.336,0.09837,0.09835,0.09836,0.09836,0.181,0.0,48.83328,-48.827,0.09842,0.09836,turn_right
22.368,0.09825,0.09833,0.09836,0.09835,0.181,-0.0,48.90864,-48.90236,0.09829,0.09832,turn_right
22.4,0.09842,0.09835,0.09835,0.09835,0.181,0.0,48.97772,-48.97144,0.09843,0.09829,turn_right
22.432,0.09831,0.09834,0.09835,0.09835,0.181,0.0,49.0468,-49.04052,0.09825,0.09836,turn_right
22.464,0.0983,0.09833,0.09835,0.09835,0.181,0.0,49.11588,-49.1096,0.09829,0.09833,turn_right
22.496,0.09835,0.09834,0.09835,0.09834,0.181,0.0,49.18496,-49.17868,0.09836,0.09836,turn_right
22.528,0.09832,0.09833,0.09834,0.09834,0.181,0.0,49.26032,-49.25404,0.09835,0.09845,turn_right
22.56,0.09832,0.09833,0.09834,0.09834,0.181,0.0,49.3294,-49.32312,0.09836,0.09827,turn_right
22.592,0.09831,0.09833,0.09834,0.09834,0.181,0.0,49.39848,-49.3922,0.09825,0.0983,turn_right
22.624,0.09839,0.09834,0.09834,0.09834,0.181,0.0,49.46756,-49.46128,0.09829,0.09829,turn_right
22.656,0.09833,0.09834,0.09834,0.09834,0.181,0.0,49.53664,-49.53036,0.09836,0.09831,turn_right
22.688,0.09839,0.09835,0.09834,0.09834,0.181,0.0,49.612,-49.60572,0.09823,0.09823,turn_right
22.72,0.09836,0.09835,0.09834,0.09834,0.181,0.0,49.68108,-49.6748,0.09843,0.09831,turn_right
22.752,0.09836,0.09835,0.09834,0.09834,0.181,0.0,49.75016,-49.74388,0.09842,0.09843,turn_right
22.784,0.09844,0.09837,0.09834,0.09835,0.181,0.0,49.81924,-49.81296,0.09856,0.09844,turn_right
22.816,0.09832,0.09836,0.09835,0.09835,0.181,-0.0,49.88832,-49.88204,0.09841,0.09847,turn_right
22.848,0.09848,0.09838,0.09835,0.09836,0.181,0.0,49.96368,-49.9574,0.09833,0.09818,turn_right
22.88,0.09822,0.09835,0.09836,0.09836,0.181,0.0,50.03276,-50.02648,0.09838,0.09843,turn_right
22.912,0.09838,0.09836,0.09836,0.09836,0.181,0.0,50.10184,-50.09556,0.09849,0.09845,turn_right
22.944,0.0983,0.09835,0.09836,0.09835,0.181,0.0,50.17092,-50.16464,0.09827,0.09822,turn_right
22.976,0.09831,0.09834,0.09835,0.09835,0.181,0.0,50.24,-50.23372,0.09832,0.09823,turn_right
23.008,0.09832,0.09834,0.09835,0.09835,0.181,-0.0,50.31536,-50.30908,0.09829,0.09844,turn_right
23.04,0.09841,0.09835,0.09835,0.09835,0.181,0.0,50.38444,-50.37816,0.09842,0.09833,turn_right
23.072,0.09843,0.09837,0.09835,0.09835,0.181,0.0,50.45352,-50.44724,0.09838,0.09818,turn_right
23.104,0.0983,0.09835,0.09835,0.09835,0.181,0.0,50.5226,-50.51632,0.09824,0.09823,turn_right
23.136,0.09836,0.09835,0.09835,0.09835,0.181,0.0,50.59168,-50.5854,0.09836,0.09835,turn_right
23.168,0.0985,0.09838,0.09835,0.09836,0.181,0.0,50.66704,-50.66076,0.09834,0.09826,turn_right
23.2,0.09841,0.09839,0.09836,0.09836,0.181,0.0,50.73612,-50.72984,0.0983,0.09842,turn_right
23.232,0.09831,0.09837,0.09836,0.09837,0.181,0.0,50.8052,-50.79892,0.09825,0.09846,turn_right
23.264,0.09835,0.09837,0.09837,0.09837,0.181,0.0,50.87428,-50.868,0.0982,0.09837,turn_right
23.296,0.09831,0.09836,0.09837,0.09836,0.181,0.0,50.94336,-50.93708,0.09828,0.09815,turn_right
23.328,0.09835,0.09836,0.09836,0.09836,0.181,0.0,51.01872,-51.01244,0.09828,0.09833,turn_right
23.36,0.09831,0.09835,0.09836,0.09836,0.181,0.0,51.0878,-51.08152,0.09835,0.09837,turn_right
23.392,0.09845,0.09837,0.09836,0.09836,0.181,0.0,51.15688,-51.1506,0.09822,0.09833,turn_right
23.424,0.09832,0.09836,0.09836,0.09836,0.181,0.0,51.22596,-51.21968,0.09821,0.09842,turn_right
23.456,0.09836,0.09836,0.09836,0.09836,0.181,-0.0,51.30132,-51.29504,0.09846,0.09843,turn_right
23.488,0.09843,0.09837,0.09836,0.09836,0.181,0.0,51.3704,-51.36412,0.09851,0.09832,turn_right
23.52,0.09839,0.09838,0.09836,0.09837,0.181,0.0,51.43948,-51.4332,0.09843,0.0984,turn_right
23.552,0.09835,0.09837,0.09837,0.09837,0.181,0.0,51.50856,-51.50228,0.09826,0.09832,turn_right
23.584,0.09834,0.09837,0.09837,0.09837,0.181,0.0,51.57764,-51.57136,0.0984,0.09842,turn_right
23.616,0.09828,0.09835,0.09837,0.09836,0.181,-0.0,51.653,-51.64672,0.09842,0.09841,turn_right
23.648,0.09837,0.09835,0.09836,0.09836,0.181,0.0,51.72208,-51.7158,0.0984,0.09849,turn_right
23.68,0.09841,0.09837,0.09836,0.09836,0.181,0.0,51.79116,-51.78488,0.09839,0.0983,turn_right
23.712,0.09839,0.09837,0.09836,0.09836,0.181,0.0,51.86024,-51.85396,0.09838,0.09832,turn_right
23.744,0.09831,0.09836,0.09836,0.09836,0.181,0.0,51.92932,-51.92304,0.09842,0.09839,turn_right
23.776,0.09836,0.09836,0.09836,0.09836,0.181,0.0,52.00468,-51.9984,0.09843,0.09851,turn_right
23.808,0.0984,0.09837,0.09836,0.09836,0.181,-0.0,52.07376,-52.06748,0.09824,0.09847,turn_right
23.84,0.09838,0.09837,0.09836,0.09836,0.181,0.0,52.14284,-52.13656,0.09833,0.09837,turn_right
23.872,0.09836,0.09837,0.09836,0.09837,0.181,0.0,52.21192,-52.20564,0.09831,0.09838,turn_right
23.904,0.09834,0.09836,0.09837,0.09837,0.181,0.0,52.281,-52.27472,0.09834,0.0985,turn_right
23.936,0.09831,0.09835,0.09837,0.09836,0.181,0.0,52.35636,-52.35008,0.09845,0.09835,turn_right
23.968,0.09835,0.09835,0.09836,0.09836,0.181,0.0,52.42544,-52.41916,0.09835,0.09826,turn_right
24.0,0.09837,0.09836,0.09836,0.09836,0.181,0.0,52.49452,-52.48824,0.09837,0.09852,turn_right
24.032,0.0985,0.09838,0.09836,0.09836,0.181,0.0,52.5636,-52.55732,0.09838,0.0984,turn_right
24.064,0.09846,0.0984,0.09836,0.09837,0.181,0.0,52.63268,-52.6264,0.09833,0.09834,turn_right
24.096,0.09833,0.09839,0.09837,0.09837,0.181,-0.0,52.70804,-52.70176,0.09841,0.09834,turn_right
24.128,0.09833,0.09837,0.09837,0.09837,0.181,0.0,52.77712,-52.77084,0.09846,0.0984,turn_right
24.16,0.09836,0.09837,0.09837,0.09837,0.181,0.0,52.8462,-52.83992,0.09837,0.09828,turn_right
24.192,0.09828,0.09835,0.09837,0.09837,0.181,0.0,52.91528,-52.909,0.09835,0.09846,turn_right
24.224,0.09835,0.09835,0.09837,0.09837,0.181,0.0,52.98436,-52.97808,0.09821,0.09848,turn_right
24.256,0.09834,0.09835,0.09837,0.09836,0.181,-0.0,53.05972,-53.05344,0.09836,0.09832,turn_right
24.288,0.09835,0.09835,0.09836,0.09836,0.181,0.0,53.1288,-53.12252,0.09831,0.09836,turn_right
24.32,0.09823,0.09833,0.09836,0.09835,0.181,0.0,53.19788,-53.1916,0.09816,0.0985,turn_right
24.352,0.0984,0.09834,0.09835,0.09835,0.181,0.0,53.26696,-53.26068,0.09838,0.09836,turn_right
24.384,0.09838,0.09835,0.09835,0.09835,0.181,0.0,53.33604,-53.32976,0.09848,0.09837,turn_right
24.416,0.09842,0.09836,0.09835,0.09835,0.181,0.0,53.4114,-53.40512,0.09831,0.09833,turn_right
24.448,0.09832,0.09836,0.09835,0.09835,0.181,-0.0,53.48048,-53.4742,0.09833,0.09832,turn_right
24.48,0.09839,0.09836,0.09835,0.09836,0.181,0.0,53.54956,-53.54328,0.09839,0.09834,turn_right
24.512,0.09839,0.09837,0.09836,0.09836,0.181,0.0,53.61864,-53.61236,0.09835,0.09827,turn_right
24.544,0.09825,0.09834,0.09836,0.09836,0.181,0.0,53.68772,-53.68144,0.09837,0.09835,turn_right
24.576,0.09836,0.09835,0.09836,0.09835,0.181,0.0,53.76308,-53.7568,0.09835,0.09837,turn_right
24.608,0.09833,0.09834,0.09835,0.09835,0.181,0.0,53.83216,-53.82588,0.09836,0.09832,turn_right
24.64,0.09831,0.09834,0.09835,0.09835,0.181,0.0,53.90124,-53.89496,0.09844,0.09848,turn_right
24.672,0.09841,0.09835,0.09835,0.09835,0.181,0.0,53.97032,-53.96404,0.09823,0.09828,turn_right
24.704,0.09826,0.09833,0.09835,0.09835,0.181,-0.0,54.04568,-54.0394,0.09849,0.09845,turn_right
24.736,0.09831,0.09833,0.09835,0.09834,0.181,0.0,54.11476,-54.10848,0.09837,0.09838,turn_right
24.768,0.09837,0.09834,0.09834,0.09834,0.181,0.0,54.18384,-54.17756,0.0984,0.09834,turn_right
24.8,0.09842,0.09835,0.09834,0.09834,0.181,0.0,54.25292,-54.24664,0.0983,0.09838,turn_right
24.832,0.09836,0.09835,0.09834,0.09835,0.181,0.0,54.322,-54.31572,0.09826,0.09835,turn_right
24.864,0.09846,0.09838,0.09835,0.09835,0.181,-0.0,54.39736,-54.39108,0.09818,0.09848,turn_right
24.896,0.09832,0.09836,0.09835,0.09835,0.181,0.0,54.46644,-54.46016,0.09831,0.0984,turn_right
24.928,0.09824,0.09834,0.09835,0.09835,0.181,0.0,54.53552,-54.52924,0.09843,0.09833,turn_right
24.96,0.09835,0.09834,0.09835,0.09835,0.181,0.0,54.6046,-54.59832,0.0985,0.09837,turn_right
24.992,0.09841,0.09835,0.09835,0.09835,0.181,0.0,54.67368,-54.6674,0.09825,0.09834,turn_right
25.024,0.09835,0.09835,0.09835,0.09835,0.181,0.0,54.74904,-54.74276,0.09831,0.09838,turn_right
25.056,0.09837,0.09836,0.09835,0.09835,0.181,0.0,54.81812,-54.81184,0.09838,0.09829,turn_right
25.088,0.0984,0.09837,0.09835,0.09835,0.181,-0.0,54.8872,-54.88092,0.09838,0.09831,turn_right
25.12,0.09831,0.09836,0.09835,0.09835,0.181,0.0,54.95628,-54.95,0.09833,0.09837,turn_right
25.152,0.09832,0.09835,0.09835,0.09835,0.181,0.0,55.02536,-55.01908,0.09845,0.09836,turn_right
25.184,0.09832,0.09834,0.09835,0.09835,0.181,0.0,55.10072,-55.09444,0.09837,0.09834,turn_right
25.216,0.09842,0.09836,0.09835,0.09835,0.181,0.0,55.1698,-55.16352,0.09828,0.0984,turn_right
25.248,0.09835,0.09836,0.09835,0.09835,0.181,0.0,55.23888,-55.2326,0.09835,0.09844,turn_right
25.28,0.09829,0.09834,0.09835,0.09835,0.181,0.0,55.30796,-55.30168,0.09845,0.0984,turn_right
25.312,0.09845,0.09836,0.09835,0.09835,0.181,0.0,55.37704,-55.37076,0.09834,0.09845,turn_right
25.344,0.09832,0.09836,0.09835,0.09835,0.181,-0.0,55.4524,-55.44612,0.09833,0.09834,turn_right
25.376,0.09846,0.09838,0.09835,0.09836,0.181,0.0,55.52148,-55.5152,0.0984,0.09835,turn_right
25.408,0.09832,0.09836,0.09836,0.09836,0.181,0.0,55.59056,-55.58428,0.09825,0.09831,turn_right
25.44,0.09835,0.09836,0.09836,0.09836,0.181,0.0,55.65964,-55.65336,0.09844,0.09825,turn_right
25.472,0.09843,0.09837,0.09836,0.09836,0.181,0.0,55.72872,-55.72244,0.0984,0.09845,turn_right
25.504,0.09835,0.09837,0.09836,0.09836,0.181,-0.0,55.80408,-55.7978,0.09831,0.0984,turn_right
25.536,0.09834,0.09836,0.09836,0.09836,0.181,0.0,55.87316,-55.86688,0.09837,0.09845,turn_right
25.568,0.09845,0.09838,0.09836,0.09837,0.181,0.0,55.94224,-55.93596,0.09847,0.09834,turn_right
25.6,0.0984,0.09838,0.09837,0.09837,0.181,0.0,56.01132,-56.00504,0.09837,0.09835,turn_right
25.632,0.09836,0.09838,0.09837,0.09837,0.181,0.0,56.0804,-56.07412,0.09833,0.09843,turn_right
25.664,0.09828,0.09836,0.09837,0.09837,0.181,0.0,56.15576,-56.14948,0.09842,0.0984,turn_right
25.696,0.09823,0.09833,0.09837,0.09836,0.181,0.0,56.22484,-56.21856,0.09836,0.09839,turn_right
25.728,0.09834,0.09833,0.09836,0.09836,0.181,-0.0,56.29392,-56.28764,0.09849,0.09831,turn_right
25.76,0.09821,0.09831,0.09836,0.09835,0.181,0.0,56.363,-56.35672,0.09837,0.09836,turn_right
25.792,0.09835,0.09832,0.09835,0.09834,0.181,0.0,56.43208,-56.4258,0.09842,0.09837,turn_right
25.824,0.09836,0.09833,0.09834,0.09834,0.181,0.0,56.50744,-56.50116,0.09848,0.09831,turn_right
25.856,0.09842,0.09835,0.09834,0.09834,0.181,0.0,56.57652,-56.57024,0.09847,0.0984,turn_right
25.888,0.09825,0.09833,0.09834,0.09834,0.181,0.0,56.6456,-56.63932,0.09817,0.09836,turn_right
25.92,0.0983,0.09832,0.09834,0.09834,0.181,0.0,56.71468,-56.7084,0.09831,0.09828,turn_right
25.952,0.0983,0.09832,0.09834,0.09833,0.181,-0.0,56.79004,-56.78376,0.09832,0.09837,turn_right
25.984,0.09833,0.09832,0.09833,0.09833,0.181,0.0,56.85912,-56.85284,0.09835,0.09833,turn_right
26.016,0.09843,0.09834,0.09833,0.09833,0.181,0.0,56.9282,-56.92192,0.09841,0.09826,turn_right
26.048,0.0985,0.09837,0.09833,0.09834,0.181,0.0,56.99728,-56.991,0.09825,0.09843,turn_right
26.08,0.09842,0.09838,0.09834,0.09835,0.181,0.0,57.06636,-57.06008,0.09837,0.09829,turn_right
26.112,0.09839,0.09838,0.09835,0.09835,0.181,-0.0,57.14172,-57.13544,0.09834,0.09836,turn_right
26.144,0.0983,0.09837,0.09835,0.09836,0.181,0.0,57.2108,-57.20452,0.09834,0.0984,turn_right
26.176,0.09839,0.09837,0.09836,0.09836,0.181,0.0,57.27988,-57.2736,0.09829,0.09843,turn_right
26.208,0.09839,0.09838,0.09836,0.09836,0.181,0.0,57.34896,-57.34268,0.09833,0.09825,turn_right
26.24,0.09839,0.09838,0.09836,0.09836,0.181,0.0,57.41804,-57.41176,0.09834,0.09831,turn_right
26.272,0.09838,0.09838,0.09836,0.09837,0.181,0.0,57.4934,-57.48712,0.09842,0.09834,turn_right
26.304,0.09842,0.09839,0.09837,0.09837,0.181,0.0,57.56248,-57.5562,0.09824,0.09838,turn_right
26.336,0.09841,0.09839,0.09837,0.09837,0.181,0.0,57.63156,-57.62528,0.09834,0.09834,turn_right
26.368,0.09833,0.09838,0.09837,0.09838,0.181,-0.0,57.70064,-57.69436,0.09827,0.09822,turn_right
26.4,0.09847,0.0984,0.09838,0.09838,0.181,0.0,57.76972,-57.76344,0.0983,0.09828,turn_right
26.432,0.09828,0.09837,0.09838,0.09838,0.181,0.0,57.84508,-57.8388,0.09828,0.09843,turn_right
26.464,0.09837,0.09837,0.09838,0.09838,0.181,0.0,57.91416,-57.90788,0.09842,0.09842,turn_right
26.496,0.09832,0.09836,0.09838,0.09837,0.181,0.0,57.98324,-57.97696,0.0984,0.09835,turn_right
26.528,0.09824,0.09834,0.09837,0.09837,0.181,0.0,58.05232,-58.04604,0.09838,0.09834,turn_right
26.56,0.09831,0.09833,0.09837,0.09836,0.181,0.0,58.1214,-58.11512,0.09834,0.09841,turn_right
26.592,0.09838,0.09834,0.09836,0.09836,0.181,-0.0,58.19676,-58.19048,0.09831,0.09839,turn_right
26.624,0.09838,0.09835,0.09836,0.09836,0.181,0.0,58.26584,-58.25956,0.09828,0.09838,turn_right
26.656,0.09832,0.09834,0.09836,0.09835,0.181,0.0,58.33492,-58.32864,0.09845,0.09848,turn_right
26.688,0.09837,0.09835,0.09835,0.09835,0.181,0.0,58.404,-58.39772,0.09831,0.09837,turn_right
26.72,0.09836,0.09835,0.09835,0.09835,0.181,0.0,58.47308,-58.4668,0.09831,0.09833,turn_right
26.752,0.09833,0.09835,0.09835,0.09835,0.181,-0.0,58.54844,-58.54216,0.09828,0.09837,turn_right
26.784,0.09834,0.09835,0.09835,0.09835,0.181,0.0,58.61752,-58.61124,0.09838,0.09823,turn_right
26.816,0.09834,0.09835,0.09835,0.09835,0.181,0.0,58.6866,-58.68032,0.0984,0.09845,turn_right
26.848,0.09831,0.09834,0.09835,0.09835,0.181,0.0,58.75568,-58.7494,0.09826,0.0984,turn_right
26.88,0.09838,0.09835,0.09835,0.09835,0.181,0.0,58.82476,-58.81848,0.09826,0.09833,turn_right
26.912,0.0983,0.09834,0.09835,0.09835,0.181,0.0,58.90012,-58.89384,0.09837,0.0983,turn_right
26.944,0.09832,0.09833,0.09835,0.09834,0.181,0.0,58.9692,-58.96292,0.0983,0.09833,turn_right
26.976,0.09833,0.09833,0.09834,0.09834,0.181,0.0,59.03828,-59.032,0.09829,0.09824,turn_right
27.008,0.09843,0.09835,0.09834,0.09834,0.181,-0.0,59.10736,-59.10108,0.09829,0.0983,turn_right
27.04,0.09844,0.09837,0.09834,0.09835,0.181,0.0,59.17644,-59.17016,0.09833,0.09825,turn_right
27.072,0.09848,0.09839,0.09835,0.09836,0.181,0.0,59.2518,-59.24552,0.09852,0.09836,turn_right
27.104,0.09832,0.09838,0.09836,0.09836,0.181,0.0,59.32088,-59.3146,0.09832,0.09833,turn_right
27.136,0.09837,0.09838,0.09836,0.09836,0.181,0.0,59.38996,-59.38368,0.09833,0.09829,turn_right
27.168,0.0984,0.09838,0.09836,0.09837,0.181,0.0,59.45904,-59.45276,0.09837,0.09826,turn_right
27.2,0.09841,0.09839,0.09837,0.09837,0.181,-0.0,59.5344,-59.52812,0.09826,0.09826,turn_right
27.232,0.09837,0.09838,0.09837,0.09837,0.181,0.0,59.60348,-59.5972,0.09847,0.0984,turn_right
27.264,0.0983,0.09837,0.09837,0.09837,0.181,0.0,59.67256,-59.66628,0.09835,0.09821,turn_right
27.296,0.09832,0.09836,0.09837,0.09837,0.181,0.0,59.74164,-59.73536,0.09845,0.09826,turn_right
27.328,0.09839,0.09837,0.09837,0.09837,0.181,0.0,59.81072,-59.80444,0.09836,0.09856,turn_right
27.36,0.0983,0.09835,0.09837,0.09837,0.181,-0.0,59.88608,-59.8798,0.09823,0.09841,turn_right
27.392,0.09827,0.09834,0.09837,0.09836,0.181,0.0,59.95516,-59.94888,0.09832,0.09835,turn_right
27.424,0.09832,0.09833,0.09836,0.09836,0.181,0.0,60.02424,-60.01796,0.09848,0.09828,turn_right
27.456,0.09841,0.09835,0.09836,0.09835,0.181,0.0,60.09332,-60.08704,0.0985,0.09834,turn_right
27.488,0.09837,0.09835,0.09835,0.09835,0.181,0.0,60.1624,-60.15612,0.09844,0.09833,turn_right
27.52,0.09838,0.09836,0.09835,0.09835,0.181,0.0,60.23776,-60.23148,0.0984,0.09843,turn_right
27.552,0.09841,0.09837,0.09835,0.09836,0.181,0.0,60.30684,-60.30056,0.09843,0.09833,turn_right
27.584,0.09847,0.09839,0.09836,0.09836,0.181,0.0,60.37592,-60.36964,0.09833,0.09845,turn_right
27.616,0.09835,0.09838,0.09836,0.09837,0.181,0.0,60.445,-60.43872,0.0984,0.09829,turn_right
27.648,0.09833,0.09837,0.09837,0.09837,0.181,-0.0,60.51408,-60.5078,0.09832,0.09825,turn_right
27.68,0.09834,0.09836,0.09837,0.09837,0.181,0.0,60.58944,-60.58316,0.09834,0.09839,turn_right
27.712,0.09826,0.09834,0.09837,0.09836,0.181,0.0,60.65852,-60.65224,0.09838,0.09842,turn_right
27.744,0.09837,0.09835,0.09836,0.09836,0.181,0.0,60.7276,-60.72132,0.09834,0.09817,turn_right
27.776,0.09841,0.09836,0.09836,0.09836,0.181,0.0,60.79668,-60.7904,0.09827,0.09836,turn_right
27.808,0.0984,0.09837,0.09836,0.09836,0.181,0.0,60.86576,-60.85948,0.09839,0.09836,turn_right
27.84,0.09844,0.09838,0.09836,0.09836,0.181,-0.0,60.94112,-60.93484,0.09837,0.09824,turn_right
27.872,0.09838,0.09838,0.09836,0.09837,0.181,0.0,61.0102,-61.00392,0.09836,0.09833,turn_right
27.904,0.09835,0.09838,0.09837,0.09837,0.181,0.0,61.07928,-61.073,0.09853,0.09842,turn_right
27.936,0.09841,0.09838,0.09837,0.09837,0.181,0.0,61.14836,-61.14208,0.09831,0.09833,turn_right
27.968,0.09833,0.09837,0.09837,0.09837,0.181,0.0,61.21744,-61.21116,0.09846,0.09838,turn_right
28.0,0.0984,0.09838,0.09837,0.09837,0.181,-0.0,61.2928,-61.28652,0.09824,0.09834,turn_right
28.032,0.09838,0.09838,0.09837,0.09837,0.181,0.0,61.36188,-61.3556,0.09851,0.09845,turn_right
28.064,0.09833,0.09837,0.09837,0.09837,0.181,0.0,61.43096,-61.42468,0.0984,0.09827,turn_right
28.096,0.09828,0.09835,0.09837,0.09837,0.181,0.0,61.50004,-61.49376,0.09837,0.09837,turn_right
28.128,0.09836,0.09835,0.09837,0.09837,0.181,0.0,61.56912,-61.56284,0.09846,0.09837,turn_right
28.16,0.09851,0.09839,0.09837,0.09837,0.181,0.0,61.64448,-61.6382,0.0983,0.09842,turn_right
28.192,0.0983,0.09837,0.09837,0.09837,0.181,0.0,61.71356,-61.70728,0.09841,0.09828,turn_right
28.224,0.09846,0.09839,0.09837,0.09837,0.181,0.0,61.78264,-61.77636,0.09835,0.0983,turn_right
28.256,0.09836,0.09838,0.09837,0.09837,0.181,0.0,61.85172,-61.84544,0.09828,0.09834,turn_right
28.288,0.09835,0.09837,0.09837,0.09837,0.181,-0.0,61.9208,-61.91452,0.09823,0.09829,turn_right
28.32,0.09829,0.09836,0.09837,0.09837,0.181,0.0,61.99616,-61.98988,0.0985,0.09848,turn_right
28.352,0.09834,0.09835,0.09837,0.09837,0.181,0.0,62.06524,-62.05896,0.09837,0.09838,turn_right
28.384,0.09839,0.09836,0.09837,0.09837,0.181,0.0,62.13432,-62.12804,0.09832,0.09829,turn_right
28.416,0.09842,0.09837,0.09837,0.09837,0.181,0.0,62.2034,-62.19712,0.09836,0.0983,turn_right
28.448,0.09843,0.09838,0.09837,0.09837,0.181,-0.0,62.27876,-62.27248,0.09822,0.09836,turn_right
28.48,0.09829,0.09837,0.09837,0.09837,0.181,0.0,62.34784,-62.34156,0.0983,0.09845,turn_right
28.512,0.09836,0.09836,0.09837,0.09837,0.181,0.0,62.41692,-62.41064,0.09833,0.0984,turn_right
28.544,0.09834,0.09836,0.09837,0.09837,0.181,0.0,62.486,-62.47972,0.09836,0.09837,turn_right
28.576,0.09823,0.09833,0.09837,0.09836,0.181,0.0,62.55508,-62.5488,0.09834,0.09833,turn_right
28.608,0.0983,0.09833,0.09836,0.09835,0.181,0.0,62.63044,-62.62416,0.0984,0.09827,turn_right
28.64,0.09833,0.09833,0.09835,0.09835,0.181,0.0,62.69952,-62.69324,0.09827,0.09838,turn_right
28.672,0.09837,0.09833,0.09835,0.09835,0.181,0.0,62.7686,-62.76232,0.09835,0.09836,turn_right
28.704,0.09836,0.09834,0.09835,0.09835,0.181,0.0,62.84396,-62.83768,0.09847,0.09828,turn_right
28.736,0.09843,0.09836,0.09835,0.09835,0.181,-0.0,62.90676,-62.90048,0.09845,0.09824,turn_right
28.768,0.09845,0.09838,0.09835,0.09835,0.181,0.0,62.98212,-62.97584,0.09833,0.0985,turn_right
28.8,0.09843,0.09839,0.09835,0.09836,0.181,0.0,63.0512,-63.04492,0.09835,0.09827,turn_right
28.832,0.09844,0.0984,0.09836,0.09837,0.181,0.0,63.12028,-63.114,0.09827,0.09835,turn_right
28.864,0.09846,0.09841,0.09837,0.09837,0.181,0.0,63.18936,-63.18308,0.09836,0.09819,turn_right
28.896,0.09832,0.09839,0.09837,0.09838,0.181,0.0,63.25844,-63.25216,0.09832,0.09837,turn_right
28.928,0.09834,0.09838,0.09838,0.09838,0.181,-0.0,63.3338,-63.32752,0.09835,0.09837,turn_right
28.96,0.09831,0.09837,0.09838,0.09838,0.181,0.0,63.40288,-63.3966,0.09852,0.09832,turn_right
28.992,0.09849,0.09839,0.09838,0.09838,0.181,0.0,63.47196,-63.46568,0.09838,0.09835,turn_right
29.024,0.09832,0.09838,0.09838,0.09838,0.181,0.0,63.54104,-63.53476,0.09835,0.0983,turn_right
29.056,0.0984,0.09838,0.09838,0.09838,0.181,0.0,63.61012,-63.60384,0.09842,0.09837,turn_right
29.088,0.0984,0.09838,0.09838,0.09838,0.181,-0.0,63.68548,-63.6792,0.09841,0.09839,turn_right
29.12,0.0984,0.09839,0.09838,0.09838,0.181,0.0,63.75456,-63.74828,0.09843,0.09838,turn_right
29.152,0.09836,0.09838,0.09838,0.09838,0.181,0.0,63.82364,-63.81736,0.09859,0.09837,turn_right
29.184,0.09837,0.09838,0.09838,0.09838,0.181,0.0,63.89272,-63.88644,0.09841,0.09848,turn_right
29.216,0.09835,0.09837,0.09838,0.09838,0.181,0.0,63.9618,-63.95552,0.0983,0.09833,turn_right
29.248,0.09832,0.09836,0.09838,0.09838,0.181,0.0,64.03716,-64.03088,0.09834,0.09843,turn_right
29.28,0.09835,0.09836,0.09838,0.09837,0.181,0.0,64.10624,-64.09996,0.09825,0.09838,turn_right
29.312,0.0984,0.09837,0.09837,0.09837,0.181,0.0,64.17532,-64.16904,0.09831,0.09835,turn_right
29.344,0.09846,0.09839,0.09837,0.09838,0.181,0.0,64.2444,-64.23812,0.09847,0.09841,turn_right
29.376,0.09839,0.09839,0.09838,0.09838,0.181,0.0,64.31348,-64.3072,0.0983,0.09856,turn_right
29.408,0.09838,0.09839,0.09838,0.09838,0.181,0.0,64.38884,-64.38256,0.09852,0.09823,turn_right
29.44,0.09828,0.09837,0.09838,0.09838,0.181,0.0,64.45792,-64.45164,0.09839,0.09841,turn_right
29.472,0.09841,0.09838,0.09838,0.09838,0.181,0.0,64.527,-64.52072,0.09825,0.09849,turn_right
29.504,0.09823,0.09835,0.09838,0.09837,0.181,0.0,64.59608,-64.5898,0.09829,0.09827,turn_right
29.536,0.09834,0.09834,0.09837,0.09837,0.181,0.0,64.66516,-64.65888,0.09837,0.09825,turn_right
29.568,0.09834,0.09834,0.09837,0.09836,0.181,0.0,64.74052,-64.73424,0.09847,0.09836,turn_right
29.6,0.09839,0.09835,0.09836,0.09836,0.181,0.0,64.8096,-64.80332,0.09837,0.09835,turn_right
29.632,0.09846,0.09837,0.09836,0.09836,0.181,0.0,64.87868,-64.8724,0.09838,0.09849,turn_right
29.664,0.09839,0.09838,0.09836,0.09837,0.181,0.0,64.94776,-64.94148,0.0983,0.09833,turn_right
29.696,0.09833,0.09837,0.09837,0.09837,0.181,0.0,65.02312,-65.01684,0.09821,0.09839,turn_right
29.728,0.09836,0.09837,0.09837,0.09837,0.181,0.0,65.0922,-65.08592,0.09845,0.09827,turn_right
29.76,0.09844,0.09838,0.09837,0.09837,0.181,0.0,65.16128,-65.155,0.09838,0.09833,turn_right
29.792,0.09837,0.09838,0.09837,0.09837,0.181,0.0,65.23036,-65.22408,0.09822,0.09831,turn_right
29.824,0.09826,0.09835,0.09837,0.09837,0.181,0.0,65.29944,-65.29316,0.09823,0.09842,turn_right
29.856,0.09831,0.09835,0.09837,0.09836,0.181,-0.0,65.3748,-65.36852,0.09844,0.09834,turn_right
29.888,0.09838,0.09835,0.09836,0.09836,0.181,0.0,65.44388,-65.4376,0.09834,0.09827,turn_right
29.92,0.09834,0.09835,0.09836,0.09836,0.181,0.0,65.51296,-65.50668,0.09829,0.09843,turn_right
29.952,0.09845,0.09837,0.09836,0.09836,0.181,0.0,65.58204,-65.57576,0.09826,0.09829,turn_right
29.984,0.09837,0.09837,0.09836,0.09836,0.181,0.0,65.65112,-65.64484,0.09838,0.09839,turn_right
30.016,0.09835,0.09837,0.09836,0.09836,0.181,-0.0,65.72648,-65.7202,0.09839,0.09842,turn_right
30.048,0.09835,0.09836,0.09836,0.09836,0.181,0.0,65.79556,-65.78928,0.09833,0.0984,turn_right
30.08,0.09827,0.09834,0.09836,0.09836,0.181,0.0,65.86464,-65.85836,0.09825,0.09838,turn_right
30.112,0.09831,0.09834,0.09836,0.09836,0.181,0.0,65.93372,-65.92744,0.09832,0.09842,turn_right
30.144,0.09832,0.09833,0.09836,0.09835,0.181,0.0,66.0028,-65.99652,0.09825,0.09843,turn_right
30.176,0.09837,0.09834,0.09835,0.09835,0.181,0.0,66.07816,-66.07188,0.09834,0.09832,turn_right
30.208,0.09836,0.09834,0.09835,0.09835,0.181,-0.0,66.14724,-66.14096,0.09848,0.09837,turn_right
30.24,0.09836,0.09835,0.09835,0.09835,0.181,0.0,66.21632,-66.21004,0.09818,0.09834,turn_right
30.272,0.0983,0.09834,0.09835,0.09835,0.181,0.0,66.2854,-66.27912,0.09826,0.09823,turn_right
30.304,0.09827,0.09833,0.09835,0.09834,0.181,0.0,66.35448,-66.3482,0.09856,0.09834,turn_right
30.336,0.09839,0.09834,0.09834,0.09834,0.181,0.0,66.42984,-66.42356,0.09841,0.09834,turn_right
30.368,0.09833,0.09834,0.09834,0.09834,0.181,0.0,66.49892,-66.49264,0.09818,0.0983,turn_right
30.4,0.09835,0.09834,0.09834,0.09834,0.181,0.0,66.568,-66.56172,0.09834,0.09828,turn_right
30.432,0.09834,0.09834,0.09834,0.09834,0.181,0.0,66.63708,-66.6308,0.09835,0.0985,turn_right
30.464,0.09847,0.09836,0.09834,0.09834,0.181,0.0,66.70616,-66.69988,0.09835,0.09835,turn_right
30.496,0.09838,0.09837,0.09834,0.09835,0.181,0.0,66.78152,-66.77524,0.09832,0.09828,turn_right
30.528,0.09822,0.09834,0.09835,0.09835,0.181,0.0,66.8506,-66.84432,0.09838,0.09843,turn_right
30.56,0.09838,0.09835,0.09835,0.09835,0.181,0.0,66.91968,-66.9134,0.09849,0.0984,turn_right
30.592,0.09833,0.09834,0.09835,0.09835,0.181,0.0,66.98876,-66.98248,0.09837,0.09835,turn_right
30.624,0.09846,0.09837,0.09835,0.09835,0.181,0.0,67.05784,-67.05156,0.09838,0.09841,turn_right
30.656,0.09838,0.09837,0.09835,0.09835,0.181,0.0,67.1332,-67.12692,0.09846,0.09832,turn_right
30.688,0.09829,0.09835,0.09835,0.09835,0.181,0.0,67.20228,-67.196,0.0984,0.09828,turn_right
30.72,0.09835,0.09835,0.09835,0.09835,0.181,0.0,67.27136,-67.26508,0.0983,0.09846,turn_right
30.752,0.09834,0.09835,0.09835,0.09835,0.181,0.0,67.34044,-67.33416,0.09835,0.09841,turn_right
30.784,0.09843,0.09837,0.09835,0.09835,0.181,0.0,67.40952,-67.40324,0.09847,0.09838,turn_right
30.816,0.09838,0.09837,0.09835,0.09836,0.181,0.0,67.48488,-67.4786,0.09829,0.09837,turn_right
30.848,0.09837,0.09837,0.09836,0.09836,0.181,0.0,67.55396,-67.54768,0.09836,0.0984,turn_right
30.88,0.09833,0.09836,0.09836,0.09836,0.181,0.0,67.62304,-67.61676,0.09836,0.09817,turn_right
30.912,0.09838,0.09837,0.09836,0.09836,0.181,0.0,67.69212,-67.68584,0.09835,0.09842,turn_right
30.944,0.09833,0.09836,0.09836,0.09836,0.181,0.0,67.76748,-67.7612,0.09845,0.0984,turn_right
30.976,0.09839,0.09836,0.09836,0.09836,0.181,0.0,67.83656,-67.83028,0.09824,0.09839,turn_right
31.008,0.09826,0.09834,0.09836,0.09836,0.181,0.0,67.90564,-67.89936,0.09837,0.09826,turn_right
31.04,0.09834,0.09834,0.09836,0.09836,0.181,0.0,67.97472,-67.96844,0.09831,0.0983,turn_right
31.072,0.09839,0.09835,0.09836,0.09836,0.181,0.0,68.0438,-68.03752,0.09846,0.09838,turn_right
31.104,0.09828,0.09834,0.09836,0.09835,0.181,-0.0,68.11916,-68.11288,0.09845,0.0983,turn_right
31.136,0.09831,0.09833,0.09835,0.09835,0.181,0.0,68.18824,-68.18196,0.09833,0.09839,turn_right
31.168,0.09839,0.09834,0.09835,0.09835,0.181,0.0,68.25732,-68.25104,0.09848,0.09845,turn_right
31.2,0.09835,0.09835,0.09835,0.09835,0.181,0.0,68.3264,-68.32012,0.09845,0.09828,turn_right
31.232,0.09841,0.09836,0.09835,0.09835,0.181,0.0,68.39548,-68.3892,0.09828,0.09835,turn_right
31.264,0.0984,0.09837,0.09835,0.09835,0.181,-0.0,68.47084,-68.46456,0.09836,0.09838,turn_right
31.296,0.09834,0.09836,0.09835,0.09835,0.181,0.0,68.53992,-68.53364,0.09843,0.09836,turn_right
31.328,0.0983,0.09835,0.09835,0.09835,0.181,0.0,68.609,-68.60272,0.09816,0.09842,turn_right
31.36,0.09841,0.09836,0.09835,0.09835,0.181,0.0,68.67808,-68.6718,0.0983,0.09838,turn_right
31.392,0.09831,0.09835,0.09835,0.09835,0.181,0.0,68.74716,-68.74088,0.09842,0.09839,turn_right
31.424,0.09843,0.09837,0.09835,0.09836,0.181,0.0,68.82252,-68.81624,0.09838,0.09837,turn_right
31.456,0.09837,0.09837,0.09836,0.09836,0.181,0.0,68.8916,-68.88532,0.09832,0.09831,turn_right
31.488,0.09836,0.09837,0.09836,0.09836,0.181,-0.0,68.96068,-68.9544,0.09842,0.09835,turn_right
31.52,0.09835,0.09836,0.09836,0.09836,0.181,0.0,69.02976,-69.02348,0.09844,0.09837,turn_right
31.552,0.09833,0.09836,0.09836,0.09836,0.181,0.0,69.09884,-69.09256,0.0984,0.09839,turn_right
31.584,0.09823,0.09833,0.09836,0.09835,0.181,0.0,69.1742,-69.16792,0.09839,0.09833,turn_right
31.616,0.09824,0.09831,0.09835,0.09835,0.181,0.0,69.24328,-69.237,0.09846,0.09835,turn_right
31.648,0.09836,0.09832,0.09835,0.09834,0.181,0.0,69.31236,-69.30608,0.09841,0.09851,turn_right
31.68,0.0983,0.09832,0.09834,0.09834,0.181,0.0,69.38144,-69.37516,0.09849,0.09827,turn_right
31.712,0.09828,0.09831,0.09834,0.09833,0.181,0.0,69.45052,-69.44424,0.09827,0.09835,turn_right
31.744,0.09836,0.09832,0.09833,0.09833,0.181,0.0,69.52588,-69.5196,0.09842,0.09843,turn_right
31.776,0.09836,0.09833,0.09833,0.09833,0.181,0.0,69.59496,-69.58868,0.09829,0.09838,turn_right
31.808,0.09831,0.09832,0.09833,0.09833,0.181,0.0,69.66404,-69.65776,0.09839,0.0982,turn_right
31.84,0.09836,0.09833,0.09833,0.09833,0.181,0.0,69.73312,-69.72684,0.09827,0.09834,turn_right
31.872,0.09832,0.09833,0.09833,0.09833,0.181,0.0,69.8022,-69.79592,0.09842,0.09851,turn_right
31.904,0.09841,0.09834,0.09833,0.09833,0.181,0.0,69.87756,-69.87128,0.0983,0.0984,turn_right
31.936,0.09836,0.09835,0.09833,0.09833,0.181,0.0,69.94664,-69.94036,0.0983,0.09835,turn_right
31.968,0.09837,0.09835,0.09833,0.09834,0.181,0.0,70.01572,-70.00944,0.09847,0.09833,turn_right
32.0,0.09833,0.09835,0.09834,0.09834,0.181,0.0,70.0848,-70.07852,0.0984,0.09825,turn_right
32.032,0.09847,0.09837,0.09834,0.09834,0.181,0.0,70.15388,-70.1476,0.09843,0.09844,turn_right
32.064,0.09838,0.09837,0.09834,0.09835,0.181,0.0,70.22924,-70.22296,0.09825,0.0983,turn_right
32.096,0.09833,0.09836,0.09835,0.09835,0.181,0.0,70.29832,-70.29204,0.09828,0.09832,turn_right
32.128,0.09841,0.09837,0.09835,0.09836,0.181,0.0,70.3674,-70.36112,0.09838,0.09826,turn_right
32.16,0.09831,0.09836,0.09836,0.09836,0.181,0.0,70.43648,-70.4302,0.09828,0.09842,turn_right
32.192,0.09845,0.09838,0.09836,0.09836,0.181,0.0,70.51184,-70.50556,0.09841,0.09822,turn_right
32.224,0.09836,0.09837,0.09836,0.09836,0.181,0.0,70.58092,-70.57464,0.09835,0.09843,turn_right
32.256,0.09829,0.09836,0.09836,0.09836,0.181,0.0,70.65,-70.64372,0.09832,0.09839,turn_right
32.288,0.09837,0.09836,0.09836,0.09836,0.181,0.0,70.71908,-70.7128,0.09842,0.09836,turn_right
32.32,0.09847,0.09838,0.09836,0.09837,0.181,0.0,70.78816,-70.78188,0.09834,0.09836,turn_right
32.352,0.09828,0.09836,0.09837,0.09837,0.181,-0.0,70.86352,-70.85724,0.09837,0.09845,turn_right
32.384,0.09833,0.09836,0.09837,0.09836,0.181,0.0,70.9326,-70.92632,0.09838,0.09837,turn_right
32.416,0.09846,0.09838,0.09836,0.09837,0.181,0.0,71.00168,-70.9954,0.0982,0.09839,turn_right
32.448,0.09837,0.09837,0.09837,0.09837,0.181,0.0,71.07076,-71.06448,0.09836,0.09854,turn_right
32.48,0.09834,0.09837,0.09837,0.09837,0.181,0.0,71.13984,-71.13356,0.0983,0.09822,turn_right
32.512,0.09845,0.09838,0.09837,0.09837,0.181,-0.0,71.2152,-71.20892,0.09838,0.09836,turn_right
32.544,0.09832,0.09837,0.09837,0.09837,0.181,0.0,71.28428,-71.278,0.09825,0.09841,turn_right
32.576,0.09841,0.09838,0.09837,0.09837,0.181,0.0,71.35336,-71.34708,0.09833,0.09834,turn_right
32.608,0.09844,0.09839,0.09837,0.09838,0.181,0.0,71.42244,-71.41616,0.09839,0.0982,turn_right
32.64,0.09832,0.09838,0.09838,0.09838,0.181,0.0,71.49152,-71.48524,0.09824,0.09839,turn_right
32.672,0.09839,0.09838,0.09838,0.09838,0.181,0.0,71.56688,-71.5606,0.09837,0.09838,turn_right
32.704,0.09837,0.09838,0.09838,0.09838,0.181,0.0,71.63596,-71.62968,0.09837,0.09835,turn_right
32.736,0.09839,0.09838,0.09838,0.09838,0.181,0.0,71.70504,-71.69876,0.09832,0.09838,turn_right
32.768,0.09829,0.09836,0.09838,0.09838,0.181,-0.0,71.77412,-71.76784,0.09833,0.09839,turn_right
32.8,0.09835,0.09836,0.09838,0.09837,0.181,0.0,71.8432,-71.83692,0.0983,0.09825,turn_right
32.832,0.09846,0.09838,0.09837,0.09837,0.181,0.0,71.91856,-71.91228,0.09826,0.09834,turn_right
32.864,0.0984,0.09839,0.09837,0.09838,0.181,0.0,71.98764,-71.98136,0.09842,0.09851,turn_right
32.896,0.09841,0.09839,0.09838,0.09838,0.181,0.0,72.05672,-72.05044,0.09827,0.09846,turn_right
32.928,0.09833,0.09838,0.09838,0.09838,0.181,0.0,72.1258,-72.11952,0.09837,0.09833,turn_right
32.96,0.0985,0.0984,0.09838,0.09838,0.181,0.0,72.19488,-72.1886,0.09841,0.09841,turn_right
32.992,0.09831,0.09838,0.09838,0.09838,0.181,0.0,72.27024,-72.26396,0.09849,0.0984,turn_right
33.024,0.09838,0.09838,0.09838,0.09838,0.181,0.0,72.33932,-72.33304,0.09825,0.09827,turn_right
33.056,0.09833,0.09837,0.09838,0.09838,0.181,0.0,72.4084,-72.40212,0.09825,0.09836,turn_right
33.088,0.0984,0.09838,0.09838,0.09838,0.181,0.0,72.47748,-72.4712,0.09837,0.09826,turn_right
33.12,0.09841,0.09839,0.09838,0.09838,0.181,0.0,72.54656,-72.54028,0.09828,0.09846,turn_right
33.152,0.09841,0.09839,0.09838,0.09838,0.181,0.0,72.62192,-72.61564,0.09835,0.09835,turn_right
33.184,0.09841,0.09839,0.09838,0.09839,0.181,0.0,72.691,-72.68472,0.09826,0.0983,turn_right
33.216,0.09829,0.09837,0.09839,0.09838,0.181,0.0,72.76008,-72.7538,0.09838,0.0984,turn_right
33.248,0.09833,0.09837,0.09838,0.09838,0.181,0.0,72.82916,-72.82288,0.09835,0.0982,turn_right
33.28,0.09832,0.09836,0.09838,0.09838,0.181,0.0,72.89824,-72.89196,0.09844,0.09835,turn_right
33.312,0.0984,0.09837,0.09838,0.09837,0.181,0.0,72.9736,-72.96732,0.09845,0.09825,turn_right
33.344,0.09839,0.09837,0.09837,0.09837,0.181,0.0,73.04268,-73.0364,0.0984,0.09832,turn_right
33.376,0.09833,0.09836,0.09837,0.09837,0.181,0.0,73.11176,-73.10548,0.09835,0.09849,turn_right
33.408,0.09835,0.09836,0.09837,0.09837,0.181,0.0,73.18084,-73.17456,0.09837,0.09833,turn_right
33.44,0.09834,0.09835,0.09837,0.09837,0.181,0.0,73.2562,-73.24992,0.09827,0.09834,turn_right
33.472,0.09838,0.09836,0.09837,0.09837,0.181,0.0,73.32528,-73.319,0.09849,0.09831,turn_right
33.504,0.09833,0.09835,0.09837,0.09836,0.181,0.0,73.39436,-73.38808,0.09835,0.09827,turn_right
33.536,0.09832,0.09835,0.09836,0.09836,0.181,0.0,73.46344,-73.45716,0.09848,0.09827,turn_right
33.568,0.09845,0.09837,0.09836,0.09836,0.181,0.0,73.53252,-73.52624,0.09836,0.09833,turn_right
33.6,0.09825,0.09834,0.09836,0.09836,0.181,-0.0,73.60788,-73.6016,0.09829,0.09828,turn_right
33.632,0.09833,0.09834,0.09836,0.09835,0.181,0.0,73.67696,-73.67068,0.09835,0.09837,turn_right
33.664,0.09838,0.09835,0.09835,0.09835,0.181,0.0,73.74604,-73.73976,0.09832,0.09831,turn_right
33.696,0.09836,0.09835,0.09835,0.09835,0.181,0.0,73.81512,-73.80884,0.09833,0.0983,turn_right
33.728,0.0984,0.09836,0.09835,0.09835,0.181,0.0,73.8842,-73.87792,0.09832,0.09825,turn_right
33.76,0.09824,0.09834,0.09835,0.09835,0.181,-0.0,73.95956,-73.95328,0.09827,0.09841,turn_right
33.792,0.0984,0.09835,0.09835,0.09835,0.181,0.0,74.02864,-74.02236,0.09841,0.09841,turn_right
33.824,0.09829,0.09834,0.09835,0.09835,0.181,0.0,74.09772,-74.09144,0.09845,0.09841,turn_right
33.856,0.09838,0.09835,0.09835,0.09835,0.181,0.0,74.1668,-74.16052,0.09827,0.09829,turn_right
33.888,0.09846,0.09837,0.09835,0.09835,0.181,0.0,74.23588,-74.2296,0.09845,0.09832,turn_right
33.92,0.09834,0.09836,0.09835,0.09835,0.181,0.0,74.31124,-74.30496,0.09826,0.09832,turn_right
33.952,0.09831,0.09835,0.09835,0.09835,0.181,0.0,74.38032,-74.37404,0.09853,0.09837,turn_right
33.984,0.09831,0.09835,0.09835,0.09835,0.181,0.0,74.4494,-74.44312,0.09835,0.09844,turn_right
34.016,0.09842,0.09836,0.09835,0.09835,0.181,0.0,74.51848,-74.5122,0.09851,0.09825,turn_right
34.048,0.09837,0.09836,0.09835,0.09835,0.181,-0.0,74.58756,-74.58128,0.09839,0.0985,turn_right
34.08,0.09838,0.09837,0.09835,0.09836,0.181,0.0,74.66292,-74.65664,0.09818,0.09831,turn_right
34.112,0.09836,0.09836,0.09836,0.09836,0.181,0.0,74.732,-74.72572,0.09838,0.09846,turn_right
34.144,0.09841,0.09837,0.09836,0.09836,0.181,0.0,74.80108,-74.7948,0.0983,0.09835,turn_right
34.176,0.09835,0.09837,0.09836,0.09836,0.181,0.0,74.87016,-74.86388,0.09841,0.09836,turn_right
34.208,0.09828,0.09835,0.09836,0.09836,0.181,0.0,74.93924,-74.93296,0.0983,0.09847,turn_right
34.24,0.09827,0.09833,0.09836,0.09835,0.181,0.0,75.0146,-75.00832,0.09823,0.09816,turn_right
34.272,0.0984,0.09835,0.09835,0.09835,0.181,0.0,75.08368,-75.0774,0.09855,0.09834,turn_right
34.304,0.09833,0.09834,0.09835,0.09835,0.181,0.0,75.15276,-75.14648,0.0984,0.09838,turn_right
34.336,0.09826,0.09833,0.09835,0.09835,0.181,0.0,75.22184,-75.21556,0.09849,0.09837,turn_right
34.368,0.0983,0.09832,0.09835,0.09834,0.181,0.0,75.29092,-75.28464,0.09848,0.09837,turn_right
34.4,0.0984,0.09834,0.09834,0.09834,0.181,0.0,75.36628,-75.36,0.09842,0.09834,turn_right
34.432,0.09838,0.09835,0.09834,0.09834,0.181,0.0,75.43536,-75.42908,0.09813,0.09834,turn_right
34.464,0.09841,0.09836,0.09834,0.09835,0.181,0.0,75.50444,-75.49816,0.09846,0.09845,turn_right
34.496,0.09846,0.09838,0.09835,0.09835,0.181,0.0,75.57352,-75.56724,0.09838,0.09845,turn_right
34.528,0.0983,0.09836,0.09835,0.09835,0.181,0.0,75.64888,-75.6426,0.09826,0.09829,turn_right
34.56,0.09833,0.09836,0.09835,0.09835,0.181,0.0,75.71796,-75.71168,0.09834,0.09833,turn_right
34.592,0.09844,0.09837,0.09835,0.09836,0.181,0.0,75.78704,-75.78076,0.09841,0.09846,turn_right
34.624,0.09837,0.09837,0.09836,0.09836,0.181,0.0,75.85612,-75.84984,0.09839,0.09844,turn_right
34.656,0.09832,0.09836,0.09836,0.09836,0.181,0.0,75.9252,-75.91892,0.09827,0.09838,turn_right
34.688,0.09838,0.09837,0.09836,0.09836,0.181,-0.0,76.00056,-75.99428,0.09819,0.09837,turn_right
34.72,0.09831,0.09835,0.09836,0.09836,0.181,0.0,76.06964,-76.06336,0.09842,0.09838,turn_right
34.752,0.09837,0.09836,0.09836,0.09836,0.181,0.0,76.13872,-76.13244,0.09841,0.09826,turn_right
34.784,0.0984,0.09837,0.09836,0.09836,0.181,0.0,76.2078,-76.20152,0.09837,0.09826,turn_right
34.816,0.09836,0.09836,0.09836,0.09836,0.181,0.0,76.27688,-76.2706,0.0985,0.09838,turn_right
34.848,0.09837,0.09837,0.09836,0.09836,0.181,-0.0,76.35224,-76.34596,0.09829,0.09831,turn_right
34.88,0.09832,0.09836,0.09836,0.09836,0.181,0.0,76.42132,-76.41504,0.09839,0.09831,turn_right
34.912,0.09848,0.09838,0.09836,0.09836,0.181,0.0,76.4904,-76.48412,0.09848,0.09819,turn_right
34.944,0.09831,0.09837,0.09836,0.09837,0.181,0.0,76.55948,-76.5532,0.09828,0.09855,turn_right
34.976,0.09837,0.09837,0.09837,0.09837,0.181,0.0,76.62856,-76.62228,0.09834,0.09855,turn_right
35.008,0.09846,0.09839,0.09837,0.09837,0.181,0.0,76.70392,-76.69764,0.0984,0.09841,turn_right
35.04,0.09836,0.09838,0.09837,0.09837,0.181,0.0,76.773,-76.76672,0.09842,0.09824,turn_right
35.072,0.09836,0.09838,0.09837,0.09837,0.181,0.0,76.84208,-76.8358,0.0985,0.09837,turn_right
35.104,0.09842,0.09839,0.09837,0.09838,0.181,0.0,76.91116,-76.90488,0.09832,0.09839,turn_right
35.136,0.09838,0.09839,0.09838,0.09838,0.181,0.0,76.98024,-76.97396,0.09841,0.09836,turn_right
35.168,0.09833,0.09837,0.09838,0.09838,0.181,0.0,77.0556,-77.04932,0.09839,0.09833,turn_right
35.2,0.09836,0.09837,0.09838,0.09838,0.181,0.0,77.12468,-77.1184,0.09842,0.09839,turn_right
35.232,0.09838,0.09837,0.09838,0.09838,0.181,0.0,77.19376,-77.18748,0.09827,0.09841,turn_right
35.264,0.09841,0.09838,0.09838,0.09838,0.181,0.0,77.26284,-77.25656,0.09831,0.09833,turn_right
35.296,0.09839,0.09838,0.09838,0.09838,0.181,0.0,77.33192,-77.32564,0.09846,0.09841,turn_right
35.328,0.09838,0.09838,0.09838,0.09838,0.181,0.0,77.40728,-77.401,0.09844,0.09846,turn_right
35.36,0.09838,0.09838,0.09838,0.09838,0.181,0.0,77.47636,-77.47008,0.09838,0.09823,turn_right
35.392,0.09844,0.09839,0.09838,0.09838,0.181,0.0,77.54544,-77.53916,0.09832,0.09844,turn_right
35.424,0.09833,0.09838,0.09838,0.09838,0.181,0.0,77.61452,-77.60824,0.09825,0.09843,turn_right
35.456,0.09828,0.09836,0.09838,0.09838,0.181,0.0,77.6836,-77.67732,0.09833,0.09836,turn_right
35.488,0.09829,0.09835,0.09838,0.09837,0.181,0.0,77.75896,-77.75268,0.09834,0.09831,turn_right
35.52,0.09842,0.09836,0.09837,0.09837,0.181,0.0,77.82804,-77.82176,0.09826,0.09834,turn_right
35.552,0.09841,0.09837,0.09837,0.09837,0.181,0.0,77.89712,-77.89084,0.09831,0.09827,turn_right
35.584,0.09837,0.09837,0.09837,0.09837,0.181,0.0,77.9662,-77.95992,0.09829,0.09846,turn_right
35.616,0.09833,0.09836,0.09837,0.09837,0.181,0.0,78.03528,-78.029,0.09833,0.09829,turn_right
35.648,0.09829,0.09835,0.09837,0.09836,0.181,0.0,78.11064,-78.10436,0.09843,0.09832,turn_right
35.68,0.09826,0.09833,0.09836,0.09836,0.181,0.0,78.17972,-78.17344,0.09847,0.09836,turn_right
35.712,0.09841,0.09835,0.09836,0.09836,0.181,0.0,78.2488,-78.24252,0.09832,0.0983,turn_right
35.744,0.09847,0.09837,0.09836,0.09836,0.181,0.0,78.31788,-78.3116,0.0983,0.09834,turn_right
35.776,0.09834,0.09837,0.09836,0.09836,0.181,0.0,78.38696,-78.38068,0.09841,0.09825,turn_right
35.808,0.0984,0.09837,0.09836,0.09836,0.181,0.0,78.46232,-78.45604,0.09835,0.09842,turn_right
35.84,0.09841,0.09838,0.09836,0.09837,0.181,0.0,78.5314,-78.52512,0.09844,0.09836,turn_right
35.872,0.09838,0.09838,0.09837,0.09837,0.181,0.0,78.60048,-78.5942,0.09832,0.09832,turn_right
35.904,0.0984,0.09838,0.09837,0.09837,0.181,0.0,78.66956,-78.66328,0.09846,0.09848,turn_right
35.936,0.09834,0.09837,0.09837,0.09837,0.181,-0.0,78.74492,-78.73864,0.09843,0.0984,turn_right
35.968,0.09832,0.09836,0.09837,0.09837,0.181,0.0,78.814,-78.80772,0.09833,0.0984,turn_right
36.0,0.09826,0.09834,0.09837,0.09837,0.181,0.0,78.88308,-78.8768,0.09837,0.09851,turn_right
36.032,0.09834,0.09834,0.09837,0.09836,0.181,0.0,78.95216,-78.94588,0.09835,0.09834,turn_right
36.064,0.09841,0.09836,0.09836,0.09836,0.181,0.0,79.02124,-79.01496,0.09831,0.09834,turn_right
36.096,0.09833,0.09835,0.09836,0.09836,0.181,-0.0,79.0966,-79.09032,0.09835,0.09831,turn_right
36.128,0.09837,0.09835,0.09836,0.09836,0.181,0.0,79.16568,-79.1594,0.09836,0.09834,turn_right
36.16,0.0983,0.09834,0.09836,0.09835,0.181,0.0,79.23476,-79.22848,0.0983,0.0982,turn_right
36.192,0.09829,0.09833,0.09835,0.09835,0.181,0.0,79.30384,-79.29756,0.0983,0.09861,turn_right
36.224,0.09828,0.09832,0.09835,0.09835,0.181,0.0,79.37292,-79.36664,0.09839,0.09849,turn_right
36.256,0.09833,0.09832,0.09835,0.09834,0.181,0.0,79.44828,-79.442,0.09825,0.09839,turn_right
36.288,0.09827,0.09831,0.09834,0.09834,0.181,-0.0,79.51736,-79.51108,0.09828,0.09844,turn_right
36.32,0.0984,0.09833,0.09834,0.09834,0.181,0.0,79.58644,-79.58016,0.09839,0.09834,turn_right
36.352,0.09839,0.09834,0.09834,0.09834,0.181,0.0,79.65552,-79.64924,0.09837,0.09836,turn_right
36.384,0.09835,0.09834,0.09834,0.09834,0.181,0.0,79.7246,-79.71832,0.09829,0.09827,turn_right
36.416,0.09836,0.09835,0.09834,0.09834,0.181,0.0,79.79996,-79.79368,0.09833,0.09837,turn_right
36.448,0.09832,0.09834,0.09834,0.09834,0.181,0.0,79.86904,-79.86276,0.09825,0.09846,turn_right
36.48,0.09842,0.09836,0.09834,0.09834,0.181,0.0,79.93812,-79.93184,0.09824,0.09831,turn_right
36.512,0.09834,0.09836,0.09834,0.09835,0.181,0.0,80.0072,-80.00092,0.09837,0.09824,turn_right
36.544,0.09839,0.09836,0.09835,0.09835,0.181,0.0,80.07628,-80.07,0.09826,0.09835,turn_right
36.576,0.09827,0.09834,0.09835,0.09835,0.181,0.0,80.15164,-80.14536,0.09836,0.09836,turn_right
36.608,0.09837,0.09835,0.09835,0.09835,0.181,0.0,80.22072,-80.21444,0.09853,0.09837,turn_right
36.64,0.09837,0.09835,0.09835,0.09835,0.181,0.0,80.2898,-80.28352,0.09843,0.09837,turn_right
36.672,0.09844,0.09837,0.09835,0.09835,0.181,0.0,80.35888,-80.3526,0.09834,0.09836,turn_right
36.704,0.09833,0.09836,0.09835,0.09835,0.181,0.0,80.42796,-80.42168,0.09836,0.09832,turn_right
36.736,0.0983,0.09835,0.09835,0.09835,0.181,0.0,80.50332,-80.49704,0.09834,0.09838,turn_right
36.768,0.09839,0.09836,0.09835,0.09835,0.181,0.0,80.5724,-80.56612,0.09833,0.09849,turn_right
36.8,0.09837,0.09836,0.09835,0.09836,0.181,0.0,80.64148,-80.6352,0.09842,0.09838,turn_right
36.832,0.09849,0.09839,0.09836,0.09836,0.181,0.0,80.71056,-80.70428,0.09835,0.09836,turn_right
36.864,0.09838,0.09838,0.09836,0.09837,0.181,0.0,80.77964,-80.77336,0.09841,0.09829,turn_right
36.896,0.09841,0.09839,0.09837,0.09837,0.181,0.0,80.855,-80.84872,0.09839,0.09827,turn_right
36.928,0.09838,0.09839,0.09837,0.09837,0.181,0.0,80.92408,-80.9178,0.0985,0.09831,turn_right
36.96,0.0983,0.09837,0.09837,0.09837,0.181,0.0,80.99316,-80.98688,0.09836,0.09832,turn_right
36.992,0.09839,0.09837,0.09837,0.09837,0.181,0.0,81.06224,-81.05596,0.09837,0.0983,turn_right
37.024,0.0983,0.09836,0.09837,0.09837,0.181,0.0,81.13132,-81.12504,0.09835,0.09833,turn_right
37.056,0.09835,0.09836,0.09837,0.09837,0.181,0.0,81.20668,-81.2004,0.09847,0.09825,turn_right
37.088,0.09837,0.09836,0.09837,0.09837,0.181,0.0,81.27576,-81.26948,0.09829,0.09847,turn_right
37.12,0.09841,0.09837,0.09837,0.09837,0.181,0.0,81.34484,-81.33856,0.0984,0.09819,turn_right
37.152,0.09832,0.09836,0.09837,0.09837,0.181,0.0,81.41392,-81.40764,0.0984,0.09824,turn_right
37.184,0.09838,0.09836,0.09837,0.09837,0.181,0.0,81.483,-81.47672,0.09841,0.09834,turn_right
37.216,0.09832,0.09835,0.09837,0.09836,0.181,-0.0,81.55836,-81.55208,0.09833,0.0985,turn_right
37.248,0.09838,0.09836,0.09836,0.09836,0.181,0.0,81.62744,-81.62116,0.09829,0.09831,turn_right
37.28,0.09844,0.09837,0.09836,0.09837,0.181,0.0,81.69652,-81.69024,0.09833,0.0983,turn_right
37.312,0.09837,0.09837,0.09837,0.09837,0.181,0.0,81.7656,-81.75932,0.09832,0.09848,turn_right
37.344,0.09831,0.09836,0.09837,0.09837,0.181,-0.0,81.84096,-81.83468,0.09837,0.09849,turn_right
37.376,0.0983,0.09835,0.09837,0.09836,0.181,0.0,81.91004,-81.90376,0.09829,0.09831,turn_right
37.408,0.09842,0.09836,0.09836,0.09836,0.181,0.0,81.97912,-81.97284,0.0983,0.09833,turn_right
37.44,0.09845,0.09838,0.09836,0.09837,0.181,0.0,82.0482,-82.04192,0.09832,0.09837,turn_right
37.472,0.09832,0.09837,0.09837,0.09837,0.181,0.0,82.11728,-82.111,0.0983,0.09833,turn_right
37.504,0.0984,0.09837,0.09837,0.09837,0.181,0.0,82.19264,-82.18636,0.09841,0.09838,turn_right
37.536,0.09837,0.09837,0.09837,0.09837,0.181,0.0,82.26172,-82.25544,0.09823,0.09846,turn_right
37.568,0.09834,0.09836,0.09837,0.09837,0.181,-0.0,82.3308,-82.32452,0.0984,0.09834,turn_right
37.6,0.09827,0.09835,0.09837,0.09836,0.181,0.0,82.39988,-82.3936,0.09821,0.09837,turn_right
37.632,0.0984,0.09836,0.09836,0.09836,0.181,0.0,82.46896,-82.46268,0.09838,0.09837,turn_right
37.664,0.09839,0.09836,0.09836,0.09836,0.181,0.0,82.54432,-82.53804,0.09843,0.09826,turn_right
37.696,0.09831,0.09835,0.09836,0.09836,0.181,0.0,82.6134,-82.60712,0.09834,0.09821,turn_right
37.728,0.09829,0.09834,0.09836,0.09836,0.181,0.0,82.68248,-82.6762,0.09835,0.09833,turn_right
37.76,0.0984,0.09835,0.09836,0.09836,0.181,0.0,82.75156,-82.74528,0.09843,0.09834,turn_right
37.792,0.09845,0.09837,0.09836,0.09836,0.181,0.0,82.82064,-82.81436,0.09844,0.0984,turn_right
37.824,0.09832,0.09836,0.09836,0.09836,0.181,0.0,82.896,-82.88972,0.09821,0.09839,turn_right
37.856,0.09835,0.09836,0.09836,0.09836,0.181,0.0,82.96508,-82.9588,0.09826,0.09837,turn_right
37.888,0.09824,0.09833,0.09836,0.09835,0.181,0.0,83.03416,-83.02788,0.09848,0.09836,turn_right
37.92,0.09855,0.09838,0.09835,0.09836,0.181,0.0,83.10324,-83.09696,0.09833,0.09828,turn_right
37.952,0.09842,0.09839,0.09836,0.09836,0.181,0.0,83.17232,-83.16604,0.09848,0.09831,turn_right
37.984,0.09841,0.09839,0.09836,0.09837,0.181,0.0,83.24768,-83.2414,0.09843,0.09823,turn_right
38.016,0.09835,0.09838,0.09837,0.09837,0.181,0.0,83.31676,-83.31048,0.09833,0.09843,turn_right
38.048,0.09831,0.09837,0.09837,0.09837,0.181,0.0,83.38584,-83.37956,0.09831,0.09841,turn_right
38.08,0.09844,0.09838,0.09837,0.09837,0.181,0.0,83.45492,-83.44864,0.09841,0.0984,turn_right
38.112,0.09844,0.09839,0.09837,0.09838,0.181,0.0,83.524,-83.51772,0.09837,0.09827,turn_right
38.144,0.09836,0.09839,0.09838,0.09838,0.181,0.0,83.59936,-83.59308,0.09852,0.09837,turn_right
38.176,0.09834,0.09838,0.09838,0.09838,0.181,0.0,83.66844,-83.66216,0.09828,0.09834,turn_right
38.208,0.09843,0.09839,0.09838,0.09838,0.181,0.0,83.73752,-83.73124,0.09838,0.09833,turn_right
38.24,0.09838,0.09839,0.09838,0.09838,0.181,0.0,83.8066,-83.80032,0.09843,0.09837,turn_right
38.272,0.09828,0.09836,0.09838,0.09838,0.181,0.0,83.87568,-83.8694,0.09828,0.09831,turn_right
38.304,0.09839,0.09837,0.09838,0.09838,0.181,0.0,83.95104,-83.94476,0.09833,0.09838,turn_right
38.336,0.09833,0.09836,0.09838,0.09837,0.181,0.0,84.02012,-84.01384,0.09825,0.09829,turn_right
38.368,0.09836,0.09836,0.09837,0.09837,0.181,0.0,84.0892,-84.08292,0.0984,0.09837,turn_right
38.4,0.09822,0.09833,0.09837,0.09836,0.181,0.0,84.15828,-84.152,0.09822,0.09828,turn_right
38.432,0.09839,0.09835,0.09836,0.09836,0.181,-0.0,84.23364,-84.22736,0.09834,0.09843,turn_right
38.464,0.09825,0.09833,0.09836,0.09835,0.181,0.0,84.30272,-84.29644,0.09831,0.09831,turn_right
38.496,0.09837,0.09833,0.09835,0.09835,0.181,0.0,84.3718,-84.36552,0.09839,0.09837,turn_right
38.528,0.09841,0.09835,0.09835,0.09835,0.181,0.0,84.44088,-84.4346,0.09848,0.09828,turn_right
38.56,0.09832,0.09834,0.09835,0.09835,0.181,0.0,84.50996,-84.50368,0.09838,0.09832,turn_right
38.592,0.0983,0.09834,0.09835,0.09835,0.181,-0.0,84.58532,-84.57904,0.09832,0.09826,turn_right
38.624,0.09839,0.09835,0.09835,0.09835,0.181,0.0,84.6544,-84.64812,0.09842,0.09827,turn_right
38.656,0.09835,0.09835,0.09835,0.09835,0.181,0.0,84.72348,-84.7172,0.09825,0.09838,turn_right
38.688,0.09843,0.09836,0.09835,0.09835,0.181,0.0,84.79256,-84.78628,0.09837,0.09828,turn_right
38.72,0.09842,0.09838,0.09835,0.09835,0.181,0.0,84.86164,-84.85536,0.0984,0.09842,turn_right
38.752,0.09841,0.09838,0.09835,0.09836,0.181,0.0,84.937,-84.93072,0.09845,0.09842,turn_right
38.784,0.09834,0.09837,0.09836,0.09836,0.181,0.0,85.00608,-84.9998,0.09849,0.09835,turn_right
38.816,0.09836,0.09837,0.09836,0.09836,0.181,0.0,85.07516,-85.06888,0.09828,0.09843,turn_right
38.848,0.09837,0.09837,0.09836,0.09837,0.181,-0.0,85.14424,-85.13796,0.09832,0.09826,turn_right
38.88,0.09833,0.09836,0.09837,0.09837,0.181,0.0,85.21332,-85.20704,0.09849,0.09832,turn_right
38.912,0.09839,0.09837,0.09837,0.09837,0.181,0.0,85.28868,-85.2824,0.09852,0.09838,turn_right
38.944,0.09832,0.09836,0.09837,0.09836,0.181,0.0,85.35776,-85.35148,0.09836,0.09845,turn_right
38.976,0.09829,0.09834,0.09836,0.09836,0.181,0.0,85.42684,-85.42056,0.09838,0.09827,turn_right
39.008,0.09849,0.09837,0.09836,0.09836,0.181,0.0,85.49592,-85.48964,0.09828,0.09833,turn_right
39.04,0.0985,0.0984,0.09836,0.09837,0.181,0.0,85.565,-85.55872,0.0983,0.09833,turn_right
39.072,0.09822,0.09836,0.09837,0.09837,0.181,0.0,85.64036,-85.63408,0.09837,0.09826,turn_right
39.104,0.09832,0.09835,0.09837,0.09837,0.181,0.0,85.70944,-85.70316,0.09853,0.09837,turn_right
39.136,0.09841,0.09836,0.09837,0.09837,0.181,0.0,85.77852,-85.77224,0.09836,0.0984,turn_right
39.168,0.09829,0.09835,0.09837,0.09836,0.181,0.0,85.8476,-85.84132,0.09821,0.09836,turn_right
39.2,0.09844,0.09837,0.09836,0.09836,0.181,0.0,85.91668,-85.9104,0.09827,0.09845,turn_right
39.232,0.09833,0.09836,0.09836,0.09836,0.181,0.0,85.99204,-85.98576,0.09818,0.09846,turn_right
39.264,0.09834,0.09836,0.09836,0.09836,0.181,0.0,86.06112,-86.05484,0.09841,0.09835,turn_right
39.296,0.09841,0.09837,0.09836,0.09836,0.181,0.0,86.1302,-86.12392,0.09843,0.09832,turn_right
39.328,0.09836,0.09837,0.09836,0.09836,0.181,0.0,86.19928,-86.193,0.09842,0.09835,turn_right
39.36,0.09833,0.09836,0.09836,0.09836,0.181,0.0,86.26836,-86.26208,0.0984,0.09847,turn_right
39.392,0.09829,0.09834,0.09836,0.09836,0.181,0.0,86.34372,-86.33744,0.09841,0.09831,turn_right
39.424,0.09834,0.09834,0.09836,0.09836,0.181,0.0,86.4128,-86.40652,0.09827,0.09836,turn_right
39.456,0.0984,0.09836,0.09836,0.09836,0.181,0.0,86.48188,-86.4756,0.09826,0.09832,turn_right
39.488,0.09844,0.09837,0.09836,0.09836,0.181,0.0,86.55096,-86.54468,0.09846,0.09833,turn_right
39.52,0.09827,0.09835,0.09836,0.09836,0.181,0.0,86.62004,-86.61376,0.09853,0.09826,turn_right
39.552,0.09841,0.09836,0.09836,0.09836,0.181,0.0,86.6954,-86.68912,0.09849,0.0983,turn_right
39.584,0.09839,0.09837,0.09836,0.09836,0.181,0.0,86.76448,-86.7582,0.09833,0.09852,turn_right
39.616,0.09837,0.09837,0.09836,0.09836,0.181,0.0,86.83356,-86.82728,0.09835,0.09828,turn_right
39.648,0.09833,0.09836,0.09836,0.09836,0.181,0.0,86.90264,-86.89636,0.09833,0.09848,turn_right
39.68,0.09841,0.09837,0.09836,0.09836,0.181,0.0,86.97172,-86.96544,0.09841,0.09841,turn_right
39.712,0.09835,0.09837,0.09836,0.09836,0.181,-0.0,87.04708,-87.0408,0.09844,0.09821,turn_right
39.744,0.09843,0.09838,0.09836,0.09837,0.181,0.0,87.11616,-87.10988,0.09837,0.09841,turn_right
39.776,0.09847,0.0984,0.09837,0.09837,0.181,0.0,87.18524,-87.17896,0.09834,0.09832,turn_right
39.808,0.09838,0.09839,0.09837,0.09838,0.181,0.0,87.25432,-87.24804,0.09842,0.09813,turn_right
39.84,0.09837,0.09839,0.09838,0.09838,0.181,-0.0,87.32968,-87.3234,0.09829,0.09832,turn_right
39.872,0.09831,0.09837,0.09838,0.09838,0.181,0.0,87.39876,-87.39248,0.09852,0.09841,turn_right
39.904,0.09848,0.0984,0.09838,0.09838,0.181,0.0,87.46784,-87.46156,0.09856,0.09843,turn_right
39.936,0.09835,0.09839,0.09838,0.09838,0.181,0.0,87.53692,-87.53064,0.09825,0.0984,turn_right
39.968,0.09841,0.09839,0.09838,0.09838,0.181,0.0,87.606,-87.59972,0.09847,0.09837,turn_right
40.0,0.09834,0.09838,0.09838,0.09838,0.181,0.0,87.68136,-87.67508,0.09813,0.09838,turn_right
40.032,0.09841,0.09839,0.09838,0.09838,0.181,0.0,87.75044,-87.74416,0.09835,0.09842,turn_right
40.064,0.09831,0.09837,0.09838,0.09838,0.181,0.0,87.81952,-87.81324,0.09837,0.09828,turn_right
40.096,0.09839,0.09837,0.09838,0.09838,0.181,0.0,87.8886,-87.88232,0.09846,0.09838,turn_right
40.128,0.09836,0.09837,0.09838,0.09838,0.181,-0.0,87.95768,-87.9514,0.0983,0.09848,turn_right
40.16,0.09831,0.09836,0.09838,0.09837,0.181,0.0,88.03304,-88.02676,0.0984,0.09839,turn_right
40.192,0.09836,0.09836,0.09837,0.09837,0.181,0.0,88.10212,-88.09584,0.09837,0.09845,turn_right
40.224,0.09843,0.09837,0.09837,0.09837,0.181,0.0,88.1712,-88.16492,0.09827,0.09844,turn_right
40.256,0.0983,0.09836,0.09837,0.09837,0.181,0.0,88.24028,-88.234,0.09849,0.09844,turn_right
40.288,0.09846,0.09838,0.09837,0.09837,0.181,0.0,88.30936,-88.30308,0.09833,0.09839,turn_right
40.32,0.09833,0.09837,0.09837,0.09837,0.181,0.0,88.38472,-88.37844,0.0984,0.09841,turn_right
40.352,0.09835,0.09837,0.09837,0.09837,0.181,0.0,88.4538,-88.44752,0.09836,0.0984,turn_right
40.384,0.09838,0.09837,0.09837,0.09837,0.181,0.0,88.52288,-88.5166,0.09827,0.09828,turn_right
40.416,0.09835,0.09837,0.09837,0.09837,0.181,0.0,88.59196,-88.58568,0.09835,0.0984,turn_right
40.448,0.09837,0.09837,0.09837,0.09837,0.181,0.0,88.66104,-88.65476,0.09848,0.09828,turn_right
40.48,0.09833,0.09836,0.09837,0.09837,0.181,0.0,88.7364,-88.73012,0.09843,0.09837,turn_right
40.512,0.09832,0.09835,0.09837,0.09836,0.181,0.0,88.80548,-88.7992,0.09827,0.09822,turn_right
40.544,0.09837,0.09836,0.09836,0.09836,0.181,0.0,88.87456,-88.86828,0.09824,0.09843,turn_right
40.576,0.09839,0.09836,0.09836,0.09836,0.181,0.0,88.94364,-88.93736,0.09821,0.09827,turn_right
40.608,0.0984,0.09837,0.09836,0.09836,0.181,0.0,89.01272,-89.00644,0.09844,0.09828,turn_right
40.64,0.09846,0.09839,0.09836,0.09837,0.181,0.0,89.08808,-89.0818,0.09843,0.09854,turn_right
40.672,0.09834,0.09838,0.09837,0.09837,0.181,0.0,89.15716,-89.15088,0.09849,0.09849,turn_right
40.704,0.09837,0.09838,0.09837,0.09837,0.181,0.0,89.22624,-89.21996,0.09825,0.09835,turn_right
40.736,0.09841,0.09838,0.09837,0.09837,0.181,0.0,89.29532,-89.28904,0.09834,0.09829,turn_right
40.768,0.09829,0.09836,0.09837,0.09837,0.181,0.0,89.3644,-89.35812,0.09857,0.09834,turn_right
40.8,0.09835,0.09836,0.09837,0.09837,0.181,0.0,89.43976,-89.43348,0.09838,0.09824,turn_right
40.832,0.0984,0.09837,0.09837,0.09837,0.181,0.0,89.50884,-89.50256,0.0984,0.09835,turn_right
40.864,0.09842,0.09838,0.09837,0.09837,0.181,0.0,89.57792,-89.57164,0.09825,0.09842,turn_right
40.896,0.09826,0.09836,0.09837,0.09837,0.181,0.0,89.647,-89.64072,0.09842,0.09827,turn_right
40.928,0.09844,0.09837,0.09837,0.09837,0.181,-0.0,89.72236,-89.71608,0.09837,0.09838,turn_right
40.96,0.0983,0.09836,0.09837,0.09837,0.181,0.0,89.79144,-89.78516,0.09815,0.09824,turn_right
40.992,0.09833,0.09835,0.09837,0.09836,0.181,0.0,89.86052,-89.85424,0.09827,0.09826,turn_right
41.024,0.0985,0.09838,0.09836,0.09837,0.181,0.0,89.9296,-89.92332,0.09849,0.09831,turn_right
41.056,0.09832,0.09837,0.09837,0.09837,0.181,0.0,89.99868,-89.9924,0.09835,0.09827,turn_right
41.088,0.09839,0.09837,0.09837,0.09837,0.181,0.0,90.07404,-90.06776,0.09821,0.09827,turn_right
41.12,0.09841,0.09838,0.09837,0.09837,0.181,0.0,90.14312,-90.13684,0.09834,0.09838,turn_right
41.152,0.09837,0.09838,0.09837,0.09837,0.181,0.0,90.2122,-90.20592,0.09837,0.09837,turn_right
41.184,0.09834,0.09837,0.09837,0.09837,0.181,0.0,90.28128,-90.275,0.09832,0.09823,turn_right
41.216,0.0983,0.09836,0.09837,0.09837,0.181,0.0,90.35036,-90.34408,0.09826,0.09833,turn_right
41.248,0.09839,0.09836,0.09837,0.09837,0.181,0.0,90.42572,-90.41944,0.09827,0.09834,turn_right
41.28,0.09847,0.09838,0.09837,0.09837,0.181,0.0,90.4948,-90.48852,0.09841,0.09844,turn_right
41.312,0.09838,0.09838,0.09837,0.09837,0.181,0.0,90.56388,-90.5576,0.09829,0.09843,turn_right
41.344,0.0983,0.09837,0.09837,0.09837,0.181,0.0,90.63296,-90.62668,0.09841,0.09832,turn_right
41.376,0.09843,0.09838,0.09837,0.09837,0.181,0.0,90.70204,-90.69576,0.09849,0.09832,turn_right
41.408,0.09842,0.09839,0.09837,0.09838,0.181,0.0,90.7774,-90.77112,0.09836,0.09836,turn_right
41.44,0.09839,0.09839,0.09838,0.09838,0.181,0.0,90.84648,-90.8402,0.09838,0.09833,turn_right
41.472,0.09839,0.09839,0.09838,0.09838,0.181,0.0,90.91556,-90.90928,0.09823,0.09845,turn_right
41.504,0.09844,0.0984,0.09838,0.09838,0.181,0.0,90.98464,-90.97836,0.09844,0.09845,turn_right
41.536,0.09838,0.0984,0.09838,0.09839,0.181,0.0,91.05372,-91.04744,0.09832,0.09829,turn_right
41.568,0.09826,0.09837,0.09839,0.09838,0.181,0.0,91.12908,-91.1228,0.09831,0.09842,turn_right
41.6,0.09836,0.09837,0.09838,0.09838,0.181,0.0,91.19816,-91.19188,0.09838,0.09832,turn_right
41.632,0.09828,0.09835,0.09838,0.09837,0.181,0.0,91.26724,-91.26096,0.09844,0.09833,turn_right
41.664,0.0984,0.09836,0.09837,0.09837,0.181,0.0,91.33632,-91.33004,0.09838,0.09838,turn_right
41.696,0.09849,0.09839,0.09837,0.09837,0.181,0.0,91.4054,-91.39912,0.0983,0.09839,turn_right
41.728,0.09833,0.09837,0.09837,0.09837,0.181,0.0,91.48076,-91.47448,0.09814,0.09831,turn_right
41.76,0.09838,0.09838,0.09837,0.09837,0.181,0.0,91.54984,-91.54356,0.09832,0.09822,turn_right
41.792,0.09824,0.09835,0.09837,0.09837,0.181,0.0,91.61892,-91.61264,0.09844,0.09841,turn_right
41.824,0.09835,0.09835,0.09837,0.09837,0.181,0.0,91.688,-91.68172,0.09831,0.09827,turn_right
41.856,0.09842,0.09836,0.09837,0.09837,0.181,0.0,91.75708,-91.7508,0.0984,0.09823,turn_right
41.888,0.0984,0.09837,0.09837,0.09837,0.181,0.0,91.83244,-91.82616,0.09842,0.09829,turn_right
41.92,0.09833,0.09836,0.09837,0.09837,0.181,0.0,91.90152,-91.89524,0.09833,0.09842,turn_right
41.952,0.09834,0.09836,0.09837,0.09836,0.181,0.0,91.9706,-91.96432,0.09851,0.09831,turn_right
41.984,0.09842,0.09837,0.09836,0.09837,0.181,0.0,92.03968,-92.0334,0.09836,0.09845,turn_right
42.016,0.09834,0.09836,0.09837,0.09837,0.181,0.0,92.10876,-92.10248,0.09833,0.09841,turn_right
42.048,0.09831,0.09835,0.09837,0.09836,0.181,-0.0,92.18412,-92.17784,0.09836,0.09841,turn_right
42.08,0.09843,0.09837,0.09836,0.09836,0.181,0.0,92.2532,-92.24692,0.09843,0.09848,turn_right
42.112,0.09834,0.09836,0.09836,0.09836,0.181,0.0,92.32228,-92.316,0.09834,0.09834,turn_right
42.144,0.09847,0.09838,0.09836,0.09837,0.181,0.0,92.39136,-92.38508,0.09836,0.09829,turn_right
42.176,0.09837,0.09838,0.09837,0.09837,0.181,0.0,92.46044,-92.45416,0.09824,0.09829,turn_right
42.208,0.09838,0.09838,0.09837,0.09837,0.181,-0.0,92.5358,-92.52952,0.0986,0.09841,turn_right
42.24,0.09832,0.09837,0.09837,0.09837,0.181,0.0,92.60488,-92.5986,0.09838,0.09832,turn_right
42.272,0.0984,0.09838,0.09837,0.09837,0.181,0.0,92.67396,-92.66768,0.09844,0.09835,turn_right
42.304,0.09834,0.09837,0.09837,0.09837,0.181,0.0,92.74304,-92.73676,0.09836,0.09845,turn_right
42.336,0.09833,0.09836,0.09837,0.09837,0.181,0.0,92.8184,-92.81212,0.09834,0.09838,turn_right
42.368,0.09832,0.09835,0.09837,0.09837,0.181,-0.0,92.88748,-92.8812,0.09836,0.09821,turn_right
42.4,0.09835,0.09835,0.09837,0.09836,0.181,0.0,92.95656,-92.95028,0.09831,0.09829,turn_right
42.432,0.0984,0.09836,0.09836,0.09836,0.181,0.0,93.02564,-93.01936,0.09853,0.09845,turn_right
42.464,0.09831,0.09835,0.09836,0.09836,0.181,0.0,93.09472,-93.08844,0.09836,0.09835,turn_right
42.496,0.09831,0.09834,0.09836,0.09836,0.181,0.0,93.17008,-93.1638,0.09839,0.09826,turn_right
42.528,0.09836,0.09835,0.09836,0.09836,0.181,0.0,93.23916,-93.23288,0.09849,0.0984,turn_right
42.56,0.09831,0.09834,0.09836,0.09835,0.181,0.0,93.30824,-93.30196,0.09831,0.09824,turn_right
42.592,0.09829,0.09833,0.09835,0.09835,0.181,0.0,93.37732,-93.37104,0.09833,0.09838,turn_right
42.624,0.09837,0.09834,0.09835,0.09835,0.181,0.0,93.4464,-93.44012,0.09839,0.09824,turn_right
42.656,0.09838,0.09835,0.09835,0.09835,0.181,0.0,93.52176,-93.51548,0.09832,0.09827,turn_right
42.688,0.09832,0.09834,0.09835,0.09835,0.181,0.0,93.59084,-93.58456,0.09814,0.09835,turn_right
42.72,0.09836,0.09834,0.09835,0.09835,0.181,0.0,93.65992,-93.65364,0.09822,0.09838,turn_right
42.752,0.09827,0.09833,0.09835,0.09834,0.181,0.0,93.729,-93.72272,0.0983,0.09829,turn_right
42.784,0.0984,0.09834,0.09834,0.09834,0.181,0.0,93.79808,-93.7918,0.09827,0.09852,turn_right
42.816,0.0984,0.09835,0.09834,0.09834,0.181,0.0,93.87344,-93.86716,0.09825,0.09839,turn_right
42.848,0.09844,0.09837,0.09834,0.09835,0.181,0.0,93.94252,-93.93624,0.09843,0.09843,turn_right
42.88,0.09837,0.09837,0.09835,0.09835,0.181,0.0,94.0116,-94.00532,0.09832,0.0983,turn_right
42.912,0.0984,0.09838,0.09835,0.09836,0.181,0.0,94.08068,-94.0744,0.09837,0.09828,turn_right
42.944,0.0984,0.09838,0.09836,0.09836,0.181,0.0,94.14976,-94.14348,0.0982,0.09843,turn_right
42.976,0.0984,0.09838,0.09836,0.09837,0.181,0.0,94.21884,-94.21256,0.09827,0.09835,turn_right
43.008,0.09832,0.09837,0.09837,0.09837,0.181,0.0,94.2942,-94.28792,0.09845,0.09847,turn_right
43.04,0.09829,0.09836,0.09837,0.09836,0.181,0.0,94.36328,-94.357,0.09851,0.09837,turn_right
43.072,0.09836,0.09836,0.09836,0.09836,0.181,0.0,94.43236,-94.42608,0.09826,0.09826,turn_right
43.104,0.09829,0.09834,0.09836,0.09836,0.181,0.0,94.50144,-94.49516,0.09831,0.0983,turn_right
43.136,0.09836,0.09835,0.09836,0.09836,0.181,0.0,94.5768,-94.57052,0.09853,0.09847,turn_right
43.168,0.09839,0.09836,0.09836,0.09836,0.181,0.0,94.64588,-94.6396,0.09827,0.0984,turn_right
43.2,0.09842,0.09837,0.09836,0.09836,0.181,0.0,94.71496,-94.70868,0.09841,0.0985,turn_right
43.232,0.09827,0.09835,0.09836,0.09836,0.181,0.0,94.78404,-94.77776,0.09833,0.09838,turn_right
43.264,0.09826,0.09833,0.09836,0.09835,0.181,0.0,94.85312,-94.84684,0.09832,0.09831,turn_right
43.296,0.09841,0.09835,0.09835,0.09835,0.181,-0.0,94.92848,-94.9222,0.09829,0.09841,turn_right
43.328,0.09829,0.09834,0.09835,0.09835,0.181,0.0,94.99756,-94.99128,0.09831,0.09824,turn_right
43.36,0.09845,0.09836,0.09835,0.09835,0.181,0.0,95.06664,-95.06036,0.09822,0.09833,turn_right
43.392,0.09822,0.09833,0.09835,0.09835,0.181,0.0,95.13572,-95.12944,0.09835,0.09833,turn_right
43.424,0.09837,0.09834,0.09835,0.09835,0.181,-0.0,95.21108,-95.2048,0.0983,0.0984,turn_right
43.456,0.09836,0.09834,0.09835,0.09834,0.181,0.0,95.28016,-95.27388,0.0983,0.09829,turn_right
43.488,0.09831,0.09834,0.09834,0.09834,0.181,0.0,95.34924,-95.34296,0.09835,0.09834,turn_right
43.52,0.09828,0.09832,0.09834,0.09834,0.181,0.0,95.41832,-95.41204,0.0983,0.09839,turn_right
43.552,0.09838,0.09834,0.09834,0.09834,0.181,0.0,95.4874,-95.48112,0.09838,0.09829,turn_right
43.584,0.09831,0.09833,0.09834,0.09834,0.181,0.0,95.56276,-95.55648,0.09821,0.09836,turn_right
43.616,0.09836,0.09834,0.09834,0.09834,0.181,0.0,95.63184,-95.62556,0.09841,0.09833,turn_right
43.648,0.09834,0.09834,0.09834,0.09834,0.181,-0.0,95.70092,-95.69464,0.09833,0.09819,turn_right
43.68,0.09835,0.09834,0.09834,0.09834,0.181,0.0,95.77,-95.76372,0.09827,0.09832,turn_right
43.712,0.09835,0.09834,0.09834,0.09834,0.181,0.0,95.83908,-95.8328,0.0984,0.09839,turn_right
43.744,0.09837,0.09835,0.09834,0.09834,0.181,0.0,95.91444,-95.90816,0.09846,0.09838,turn_right
43.776,0.09846,0.09837,0.09834,0.09835,0.181,0.0,95.98352,-95.97724,0.09833,0.09846,turn_right
43.808,0.09833,0.09836,0.09835,0.09835,0.181,0.0,96.0526,-96.04632,0.09838,0.09823,turn_right
43.84,0.09849,0.09839,0.09835,0.09836,0.181,0.0,96.12168,-96.1154,0.09837,0.09828,turn_right
43.872,0.09831,0.09837,0.09836,0.09836,0.181,0.0,96.19076,-96.18448,0.09847,0.09835,turn_right
43.904,0.09832,0.09836,0.09836,0.09836,0.181,0.0,96.26612,-96.25984,0.09832,0.09844,turn_right
43.936,0.09846,0.09838,0.09836,0.09836,0.181,0.0,96.3352,-96.32892,0.09837,0.09825,turn_right
43.968,0.09841,0.09839,0.09836,0.09837,0.181,0.0,96.40428,-96.398,0.09843,0.09829,turn_right
44.0,0.09837,0.09838,0.09837,0.09837,0.181,0.0,96.47336,-96.46708,0.0983,0.09836,turn_right
44.032,0.09839,0.09838,0.09837,0.09837,0.181,0.0,96.54244,-96.53616,0.09844,0.09833,turn_right
44.064,0.0984,0.09839,0.09837,0.09838,0.181,0.0,96.6178,-96.61152,0.09832,0.09844,turn_right
44.096,0.09834,0.09838,0.09838,0.09838,0.181,0.0,96.68688,-96.6806,0.0984,0.09847,turn_right
44.128,0.09834,0.09837,0.09838,0.09838,0.181,0.0,96.75596,-96.74968,0.09844,0.09846,turn_right
44.16,0.09834,0.09836,0.09838,0.09837,0.181,0.0,96.82504,-96.81876,0.0983,0.09828,turn_right
44.192,0.09834,0.09836,0.09837,0.09837,0.181,0.0,96.89412,-96.88784,0.09828,0.09837,turn_right
44.224,0.09844,0.09838,0.09837,0.09837,0.181,0.0,96.96948,-96.9632,0.09841,0.09834,turn_right
44.256,0.09834,0.09837,0.09837,0.09837,0.181,0.0,97.03856,-97.03228,0.09831,0.09845,turn_right
44.288,0.09839,0.09837,0.09837,0.09837,0.181,0.0,97.10764,-97.10136,0.09836,0.0982,turn_right
44.32,0.09828,0.09836,0.09837,0.09837,0.181,0.0,97.17672,-97.17044,0.09837,0.09849,turn_right
44.352,0.09853,0.09839,0.09837,0.09837,0.181,0.0,97.2458,-97.23952,0.09833,0.09835,turn_right
44.384,0.0984,0.09839,0.09837,0.09838,0.181,0.0,97.32116,-97.31488,0.09839,0.09836,turn_right
