step,time_s,ps0_raw,ps7_raw,ps1_raw,ps2_raw,ps5_raw,ps6_raw,front_m_raw,front_filtered,left_enc,right_enc,delta_d,kalman_prediccion,kalman_estimate,kalman_gain,action
0,0.0,65.12,66.82,70.24,69.97,66.6,62.72,0.7762,0.7762,0.0,0.0,0.0,1.0,0.8397,0.7163,AVANZAR
1,0.05,65.8,63.39,65.05,62.82,67.43,64.48,0.7929,0.7812,0.201,0.201,0.00412,0.8356,0.8174,0.4257,AVANZAR
2,0.1,72.76,64.94,68.85,63.73,64.21,74.83,0.746,0.7707,0.4019,0.4019,0.00412,0.8133,0.7924,0.3107,AVANZAR
3,0.15,57.4,72.76,68.63,58.9,59.89,67.06,0.7978,0.7788,0.6029,0.6029,0.00412,0.7883,0.7907,0.2513,AVANZAR
4,0.2,61.55,66.33,67.64,67.55,66.83,67.13,0.8019,0.7857,0.8038,0.8038,0.00412,0.7866,0.7899,0.2165,AVANZAR
5,0.25,64.85,64.64,72.53,70.14,69.83,65.33,0.7908,0.7873,1.0048,1.0048,0.00412,0.7858,0.7867,0.1945,AVANZAR
6,0.3,63.28,63.75,63.42,74.12,70.78,68.15,0.8061,0.7929,1.2058,1.2058,0.00412,0.7826,0.7869,0.18,AVANZAR
7,0.35,69.68,66.61,65.88,73.49,66.56,68.16,0.7517,0.7806,1.4067,1.4067,0.00412,0.7827,0.7775,0.1701,AVANZAR
8,0.4,67.73,61.46,67.0,67.11,68.68,62.18,0.7945,0.7847,1.6077,1.6077,0.00412,0.7733,0.7768,0.1633,AVANZAR
9,0.45,67.58,70.97,68.49,69.81,71.24,65.37,0.7396,0.7712,1.8086,1.8086,0.00412,0.7727,0.7674,0.1584,AVANZAR
10,0.5,67.51,65.36,67.67,69.3,68.28,71.32,0.7709,0.7711,2.0096,2.0096,0.00412,0.7633,0.7645,0.155,AVANZAR
11,0.55,67.12,66.11,63.06,63.23,63.58,61.21,0.7686,0.7703,2.2106,2.2106,0.00412,0.7604,0.7616,0.1525,AVANZAR
12,0.6,65.99,62.78,69.81,70.84,67.03,63.98,0.7957,0.778,2.4115,2.4115,0.00412,0.7575,0.7633,0.1508,AVANZAR
13,0.65,67.9,66.03,67.01,67.69,68.93,60.3,0.7647,0.774,2.6125,2.6125,0.00412,0.7591,0.76,0.1495,AVANZAR
14,0.7,63.68,70.42,66.65,65.77,69.96,66.86,0.7656,0.7715,2.8134,2.8134,0.00412,0.7559,0.7573,0.1486,AVANZAR
15,0.75,62.88,63.62,62.22,69.93,65.16,67.52,0.8095,0.7829,3.0144,3.0144,0.00412,0.7532,0.7615,0.1479,AVANZAR
16,0.8,66.72,67.76,66.48,65.9,70.76,62.48,0.7615,0.7765,3.2154,3.2154,0.00412,0.7574,0.758,0.1474,AVANZAR
17,0.85,66.86,63.79,71.37,70.3,68.84,67.59,0.7842,0.7788,3.4163,3.4163,0.00412,0.7539,0.7583,0.1471,AVANZAR
18,0.9,61.14,67.01,71.63,66.47,64.54,71.64,0.8008,0.7854,3.6173,3.6173,0.00412,0.7542,0.7611,0.1468,AVANZAR
19,0.95,70.12,66.98,64.93,64.93,71.0,71.0,0.7473,0.774,3.812,3.812,0.003991,0.7571,0.7556,0.1466,AVANZAR
20,1.0,65.18,67.38,68.79,64.52,69.52,64.08,0.7727,0.7736,4.0129,4.0129,0.00412,0.7515,0.7546,0.1465,AVANZAR
21,1.05,68.43,69.33,61.03,68.19,64.83,66.6,0.7433,0.7645,4.2139,4.2139,0.00412,0.7505,0.7494,0.1464,AVANZAR
22,1.1,67.39,71.83,69.15,68.03,75.06,72.14,0.7363,0.756,4.4148,4.4148,0.00412,0.7453,0.744,0.1463,AVANZAR
23,1.15,68.11,63.98,69.47,64.82,67.69,68.27,0.776,0.762,4.6158,4.6158,0.00412,0.7399,0.7452,0.1462,AVANZAR
24,1.2,68.53,67.67,60.44,65.41,64.82,68.83,0.7518,0.759,4.8168,4.8168,0.00412,0.7411,0.7426,0.1462,AVANZAR
25,1.25,71.23,65.15,62.7,67.84,65.63,66.26,0.7523,0.757,5.0177,5.0177,0.00412,0.7385,0.7405,0.1462,AVANZAR
26,1.3,66.71,68.11,69.58,68.46,63.89,70.21,0.7597,0.7578,5.2187,5.2187,0.00412,0.7364,0.7398,0.1462,AVANZAR
27,1.35,65.59,67.97,70.75,65.12,72.8,68.88,0.767,0.7605,5.4196,5.4196,0.00412,0.7357,0.7403,0.1461,AVANZAR
28,1.4,67.74,66.58,61.94,71.87,64.38,73.34,0.7624,0.7611,5.6206,5.6206,0.00412,0.7361,0.74,0.1461,AVANZAR
29,1.45,69.73,75.59,68.42,69.43,65.25,67.81,0.7058,0.7445,5.8216,5.8216,0.00412,0.7359,0.7315,0.1461,AVANZAR
30,1.5,67.13,67.77,69.09,64.7,62.99,75.48,0.7591,0.7489,6.0225,6.0225,0.00412,0.7273,0.732,0.1461,AVANZAR
31,1.55,59.57,65.54,69.19,62.03,61.12,64.77,0.8204,0.7703,6.2235,6.2235,0.00412,0.7279,0.7414,0.1461,AVANZAR
32,1.6,66.17,67.35,64.48,69.99,68.81,69.93,0.767,0.7693,6.4244,6.4244,0.00412,0.7373,0.7416,0.1461,AVANZAR
33,1.65,67.06,69.94,68.58,65.15,67.94,62.09,0.7478,0.7629,6.6254,6.6254,0.00412,0.7375,0.739,0.1461,AVANZAR
34,1.7,68.35,67.05,68.66,58.75,56.09,70.22,0.7564,0.7609,6.8264,6.8264,0.00412,0.7349,0.738,0.1461,AVANZAR
35,1.75,67.8,68.09,67.25,67.18,66.73,65.14,0.7536,0.7587,7.0273,7.0273,0.00412,0.7339,0.7368,0.1461,AVANZAR
36,1.8,69.19,69.82,66.59,63.7,67.82,69.41,0.7367,0.7521,7.2283,7.2283,0.00412,0.7326,0.7332,0.1461,AVANZAR
37,1.85,70.82,68.81,66.95,65.99,70.96,69.35,0.7335,0.7465,7.4292,7.4292,0.00412,0.7291,0.7298,0.1461,AVANZAR
38,1.9,67.61,66.01,68.89,76.03,64.03,67.94,0.7665,0.7525,7.6302,7.6302,0.00412,0.7256,0.7316,0.1461,AVANZAR
39,1.95,64.84,70.03,68.31,72.37,65.08,61.15,0.7604,0.7549,7.8312,7.8312,0.00412,0.7275,0.7323,0.1461,AVANZAR
40,2.0,68.87,56.3,71.64,71.14,69.22,61.74,0.8265,0.7764,8.0321,8.0321,0.00412,0.7282,0.7425,0.1461,AVANZAR
41,2.05,75.25,68.12,67.11,69.14,63.57,65.9,0.716,0.7583,8.2331,8.2331,0.00412,0.7384,0.7351,0.1461,AVANZAR
42,2.1,60.9,67.04,62.42,64.31,63.22,67.88,0.8022,0.7714,8.434,8.434,0.00412,0.731,0.7414,0.1461,AVANZAR
43,2.15,69.88,70.76,70.08,70.58,62.88,68.74,0.7281,0.7584,8.635,8.635,0.00412,0.7373,0.736,0.1461,AVANZAR
44,2.2,66.26,69.6,66.32,67.71,65.24,66.92,0.7541,0.7572,8.836,8.836,0.00412,0.7318,0.7351,0.1461,AVANZAR
45,2.25,65.73,72.42,66.63,75.43,69.03,71.59,0.743,0.7529,9.0369,9.0369,0.00412,0.731,0.7327,0.1461,AVANZAR
46,2.3,60.27,71.34,64.94,68.2,65.99,66.02,0.7836,0.7621,9.2379,9.2379,0.00412,0.7286,0.7366,0.1461,AVANZAR
47,2.35,66.74,61.35,65.0,68.36,74.62,70.77,0.8009,0.7737,9.4388,9.4388,0.00412,0.7325,0.7425,0.1461,AVANZAR
48,2.4,70.88,64.87,72.27,73.21,61.83,73.23,0.7558,0.7684,9.6398,9.6398,0.00412,0.7384,0.7409,0.1461,AVANZAR
49,2.45,65.12,65.39,69.71,67.38,66.49,66.95,0.7846,0.7732,9.8408,9.8408,0.00412,0.7368,0.7438,0.1461,AVANZAR
50,2.5,66.7,69.96,69.03,70.15,68.22,69.37,0.7497,0.7662,10.0417,10.0417,0.00412,0.7397,0.7411,0.1461,AVANZAR
51,2.55,66.08,68.97,61.67,69.81,68.18,70.51,0.7586,0.7639,10.2427,10.2427,0.00412,0.737,0.7402,0.1461,AVANZAR
52,2.6,68.18,69.44,63.6,66.53,65.96,69.95,0.7441,0.758,10.4436,10.4436,0.00412,0.7361,0.7372,0.1461,AVANZAR
53,2.65,68.07,67.96,66.8,66.72,68.5,65.13,0.7528,0.7564,10.6446,10.6446,0.00412,0.7331,0.736,0.1461,AVANZAR
54,2.7,63.35,74.72,67.99,62.42,65.79,63.58,0.7468,0.7535,10.8456,10.8456,0.00412,0.7319,0.734,0.1461,AVANZAR
55,2.75,65.43,66.31,66.09,68.73,69.1,68.36,0.7773,0.7607,11.0465,11.0465,0.00412,0.7299,0.7368,0.1461,AVANZAR
56,2.8,65.69,67.11,70.66,58.09,73.35,71.5,0.7712,0.7638,11.2412,11.2412,0.003991,0.7329,0.7385,0.1461,AVANZAR
57,2.85,61.84,67.16,62.58,68.56,64.54,73.11,0.7952,0.7732,11.4422,11.4422,0.00412,0.7343,0.7432,0.1461,AVANZAR
58,2.9,65.26,68.44,65.91,63.23,68.14,72.64,0.7663,0.7712,11.6431,11.6431,0.00412,0.7391,0.7431,0.1461,AVANZAR
59,2.95,64.49,64.44,68.2,68.09,64.71,69.04,0.7942,0.7781,11.8441,11.8441,0.00412,0.739,0.747,0.1461,AVANZAR
60,3.0,68.33,67.16,67.52,66.78,64.19,69.21,0.7559,0.7714,12.045,12.045,0.00412,0.7429,0.7448,0.1461,AVANZAR
61,3.05,67.62,70.92,66.16,65.48,64.74,66.09,0.7395,0.7618,12.246,12.246,0.00412,0.7407,0.7405,0.1461,AVANZAR
62,3.1,70.6,65.6,71.69,66.89,72.15,62.53,0.7528,0.7591,12.447,12.447,0.00412,0.7364,0.7388,0.1461,AVANZAR
63,3.15,67.53,65.22,64.87,64.02,71.12,59.83,0.7716,0.7629,12.6479,12.6479,0.00412,0.7347,0.7401,0.1461,AVANZAR
64,3.2,66.47,66.5,67.25,66.07,67.63,71.74,0.7701,0.765,12.8489,12.8489,0.00412,0.736,0.7409,0.1461,AVANZAR
65,3.25,68.68,74.53,71.93,69.29,70.53,61.79,0.7162,0.7504,13.0498,13.0498,0.00412,0.7368,0.7338,0.1461,AVANZAR
66,3.3,67.94,69.75,63.87,63.9,67.27,66.38,0.7439,0.7484,13.2508,13.2508,0.00412,0.7297,0.7318,0.1461,AVANZAR
67,3.35,64.45,62.74,68.48,72.43,70.98,63.31,0.8052,0.7655,13.4518,13.4518,0.00412,0.7276,0.739,0.1461,AVANZAR
68,3.4,66.05,70.69,70.18,66.37,66.67,68.67,0.7497,0.7608,13.6527,13.6527,0.00412,0.7349,0.737,0.1461,AVANZAR
69,3.45,70.1,62.42,69.85,65.58,66.85,67.55,0.7753,0.7651,13.8537,13.8537,0.00412,0.7329,0.7391,0.1461,AVANZAR
70,3.5,61.35,70.25,72.74,64.66,72.05,59.6,0.7817,0.7701,14.0546,14.0546,0.00412,0.735,0.7418,0.1461,AVANZAR
71,3.55,71.45,65.32,66.48,61.05,75.59,69.6,0.7502,0.7641,14.2556,14.2556,0.00412,0.7377,0.7395,0.1461,AVANZAR
72,3.6,69.92,67.96,64.87,67.47,74.41,78.15,0.7428,0.7577,14.4566,14.4566,0.00412,0.7354,0.7365,0.1461,CURVA_DERECHA
73,3.65,61.61,68.12,68.13,63.61,63.95,71.89,0.7914,0.7678,14.6575,14.5194,0.002704,0.7338,0.7422,0.1461,AVANZAR
74,3.7,68.33,66.87,62.0,65.22,60.77,70.2,0.7575,0.7647,14.8585,14.7203,0.00412,0.7381,0.7409,0.1461,AVANZAR
75,3.75,70.23,64.55,67.74,63.11,68.13,67.25,0.7611,0.7636,15.0594,14.9213,0.00412,0.7368,0.7403,0.1461,AVANZAR
76,3.8,70.3,63.07,74.15,71.57,62.29,68.14,0.77,0.7656,15.2604,15.1222,0.00412,0.7362,0.7412,0.1461,AVANZAR
77,3.85,64.98,70.56,65.44,70.94,67.15,64.19,0.7568,0.7629,15.4614,15.3232,0.00412,0.737,0.7399,0.1461,AVANZAR
78,3.9,66.78,67.79,64.43,71.9,69.37,72.66,0.761,0.7624,15.6623,15.5242,0.00412,0.7358,0.7395,0.1461,AVANZAR
79,3.95,71.6,72.71,58.75,70.31,65.08,73.94,0.7096,0.7465,15.8633,15.7188,0.004055,0.7354,0.7317,0.1461,AVANZAR
80,4.0,70.5,69.33,63.15,66.71,65.43,67.25,0.7324,0.7423,16.0642,15.9198,0.00412,0.7275,0.7283,0.1461,AVANZAR
81,4.05,62.98,63.91,61.26,63.41,65.44,72.38,0.807,0.7617,16.2652,16.1208,0.00412,0.7241,0.7362,0.1461,AVANZAR
82,4.1,66.28,61.19,72.79,70.02,69.64,59.81,0.8046,0.7746,16.4662,16.3217,0.00412,0.7321,0.7427,0.1461,AVANZAR
83,4.15,69.26,67.14,69.45,65.42,68.91,63.69,0.7509,0.7675,16.6671,16.5227,0.00412,0.7386,0.7404,0.1461,AVANZAR
84,4.2,64.69,65.47,64.51,67.45,70.86,67.22,0.7867,0.7733,16.8681,16.7236,0.00412,0.7363,0.7437,0.1461,AVANZAR
85,4.25,67.19,67.65,66.57,65.74,69.81,66.35,0.7594,0.7691,17.069,16.9246,0.00412,0.7395,0.7424,0.1461,AVANZAR
86,4.3,59.12,68.6,67.32,68.76,63.28,61.23,0.8061,0.7802,17.27,17.1256,0.00412,0.7383,0.7482,0.1461,AVANZAR
87,4.35,63.67,65.72,66.23,68.61,64.44,74.04,0.7916,0.7836,17.471,17.3265,0.00412,0.7441,0.751,0.1461,AVANZAR
88,4.4,67.89,69.7,60.83,65.69,70.28,64.1,0.7444,0.7719,17.6719,17.5275,0.00412,0.7469,0.7466,0.1461,AVANZAR
89,4.45,63.89,65.2,62.15,67.19,66.78,73.46,0.7933,0.7783,17.8729,17.7284,0.00412,0.7424,0.7499,0.1461,AVANZAR
90,4.5,68.3,64.78,68.67,67.24,66.26,64.26,0.77,0.7758,18.0738,17.9294,0.00412,0.7458,0.7493,0.1461,AVANZAR
91,4.55,68.76,66.26,67.9,65.95,65.18,67.06,0.7587,0.7707,18.2748,18.1304,0.00412,0.7452,0.7471,0.1461,AVANZAR
92,4.6,60.97,66.87,65.11,70.62,73.14,65.22,0.8027,0.7803,18.4758,18.3313,0.00412,0.743,0.7517,0.1461,AVANZAR
93,4.65,64.76,64.83,65.87,68.89,65.05,64.65,0.7901,0.7832,18.6704,18.5323,0.004055,0.7477,0.7539,0.1461,AVANZAR
94,4.7,70.02,68.02,71.71,67.2,69.83,72.8,0.742,0.7709,18.8714,18.7332,0.00412,0.7498,0.7486,0.1461,AVANZAR
95,4.75,64.95,67.92,70.39,72.13,67.11,62.22,0.7711,0.7709,19.0724,18.9342,0.00412,0.7445,0.7484,0.1461,AVANZAR
96,4.8,66.34,57.35,67.48,70.04,65.31,69.72,0.8323,0.7893,19.2733,19.1352,0.00412,0.7443,0.7571,0.1461,AVANZAR
97,4.85,67.67,66.86,66.52,62.74,64.42,64.4,0.7612,0.7809,19.4743,19.3361,0.00412,0.753,0.7542,0.1461,AVANZAR
98,4.9,68.65,70.4,65.65,69.81,68.15,72.52,0.7365,0.7676,19.6752,19.5371,0.00412,0.7501,0.7481,0.1461,AVANZAR
99,4.95,61.44,61.85,66.01,67.45,60.42,67.29,0.8306,0.7865,19.8762,19.738,0.00412,0.744,0.7566,0.1461,AVANZAR
100,5.0,69.61,66.11,68.75,65.14,69.41,72.76,0.755,0.777,20.0772,19.939,0.00412,0.7525,0.7529,0.1461,AVANZAR
101,5.05,67.83,67.78,63.51,70.16,67.81,63.36,0.7551,0.7705,20.2781,20.14,0.00412,0.7488,0.7497,0.1461,AVANZAR
102,5.1,64.34,67.24,74.68,69.19,64.93,67.43,0.7786,0.7729,20.4791,20.3409,0.00412,0.7456,0.7504,0.1461,AVANZAR
103,5.15,64.15,68.85,65.86,66.65,64.65,64.35,0.7709,0.7723,20.68,20.5419,0.00412,0.7463,0.7499,0.1461,AVANZAR
104,5.2,72.4,69.48,69.03,71.64,67.49,69.75,0.7221,0.7572,20.881,20.7428,0.00412,0.7458,0.7423,0.1461,AVANZAR
105,5.25,68.88,93.64,65.29,60.98,66.56,64.17,0.645,0.7236,21.082,20.9438,0.00412,0.7382,0.7246,0.1461,AVANZAR
106,5.3,104.42,149.45,68.14,63.76,62.34,60.39,0.4165,0.6314,21.2829,21.1448,0.00412,0.7204,0.676,0.1461,AVANZAR
107,5.35,137.13,248.68,71.11,64.07,65.51,66.85,0.2896,0.5289,21.4839,21.3457,0.00412,0.6719,0.6161,0.1461,AVANZAR
108,5.4,245.15,514.4,70.91,67.18,66.32,63.28,0.1542,0.4165,21.6848,21.5467,0.00412,0.6119,0.5451,0.1461,GIRAR_IZQUIERDA
109,5.45,237.4,333.92,59.25,65.25,66.06,65.38,0.1845,0.3469,21.5278,21.7037,0.0,0.5451,0.4924,0.1461,GIRAR_DERECHA
110,5.5,189.92,452.39,63.19,69.15,66.25,62.65,0.1914,0.3002,21.6848,21.5467,0.0,0.4924,0.4484,0.1461,GIRAR_IZQUIERDA
111,5.55,283.42,340.04,68.36,69.38,69.06,72.87,0.1656,0.2598,21.5278,21.7037,0.0,0.4484,0.4071,0.1461,GIRAR_DERECHA
112,5.6,189.08,420.64,65.47,69.96,64.11,69.48,0.1963,0.2408,21.6848,21.5467,0.0,0.4071,0.3763,0.1461,GIRAR_IZQUIERDA
113,5.65,278.43,348.83,65.41,62.0,72.75,69.51,0.1653,0.2181,21.5278,21.7037,0.0,0.3763,0.3455,0.1461,GIRAR_DERECHA
114,5.7,188.98,483.2,67.34,66.8,70.99,68.1,0.1884,0.2092,21.6848,21.5467,0.0,0.3455,0.3225,0.1461,GIRAR_DERECHA
115,5.75,134.83,437.03,66.35,68.48,65.7,70.65,0.2485,0.221,21.8481,21.3834,0.0,0.3225,0.3117,0.1461,GIRAR_DERECHA
116,5.8,105.04,405.51,68.33,76.35,72.27,70.65,0.3068,0.2468,22.0051,21.2264,0.0,0.3117,0.311,0.1461,GIRAR_IZQUIERDA
117,5.85,140.52,441.15,64.79,63.25,68.37,67.14,0.2402,0.2448,21.8481,21.3834,0.0,0.311,0.3006,0.1461,GIRAR_DERECHA
118,5.9,97.09,402.29,70.59,71.07,68.33,60.6,0.3273,0.2695,22.0051,21.2264,0.0,0.3006,0.3045,0.1461,GIRAR_IZQUIERDA
119,5.95,136.4,453.26,64.69,60.5,67.38,73.9,0.2442,0.2619,21.8481,21.3834,0.0,0.3045,0.2957,0.1461,GIRAR_DERECHA
120,6.0,97.01,398.07,65.59,65.44,73.2,67.09,0.3282,0.2818,22.0051,21.2264,0.0,0.2957,0.3005,0.1461,GIRAR_DERECHA
121,6.05,69.98,362.22,61.82,70.0,68.99,422.98,0.4365,0.3282,22.1621,21.0631,-6.4e-05,0.3005,0.3204,0.1461,GIRAR_DERECHA
122,6.1,60.68,305.86,68.1,68.46,67.19,607.37,0.5056,0.3814,22.3254,20.9061,6.4e-05,0.3203,0.3474,0.1461,GIRAR_DERECHA
123,6.15,64.83,227.98,64.54,65.7,61.42,953.17,0.5072,0.4192,22.4824,20.7428,-6.4e-05,0.3475,0.3708,0.1461,GIRAR_DERECHA
124,6.2,67.53,160.39,66.78,70.15,71.77,985.71,0.5387,0.455,22.6457,20.5858,6.4e-05,0.3707,0.3953,0.1461,GIRAR_DERECHA
125,6.25,66.28,115.78,64.14,66.06,59.75,892.2,0.6073,0.5007,22.8027,20.4226,-6.4e-05,0.3953,0.4263,0.1461,GIRAR_DERECHA
126,6.3,67.15,68.42,66.94,66.33,58.66,501.23,0.7554,0.5771,22.966,20.2656,6.4e-05,0.4263,0.4743,0.1461,GIRAR_DERECHA
127,6.35,69.29,71.26,71.49,64.98,236.53,371.42,0.7287,0.6226,23.123,20.1086,0.0,0.4743,0.5115,0.1461,GIRAR_DERECHA
128,6.4,67.52,72.08,69.81,66.83,312.66,258.63,0.7343,0.6561,23.2862,19.9453,0.0,0.5115,0.5441,0.1461,GIRAR_DERECHA
129,6.45,68.01,67.88,76.48,61.27,370.88,186.24,0.7536,0.6854,23.4432,19.7883,0.0,0.5441,0.5747,0.1461,GIRAR_DERECHA
130,6.5,66.62,69.01,68.0,74.5,374.77,107.26,0.7552,0.7063,23.6065,19.625,0.0,0.5747,0.6011,0.1461,CURVA_DERECHA
131,6.55,71.39,64.28,70.09,67.06,370.73,104.87,0.7568,0.7215,23.8075,19.6878,0.002704,0.5983,0.6215,0.1461,CURVA_DERECHA
132,6.6,78.57,67.72,64.79,63.95,368.46,61.03,0.7039,0.7162,24.0084,19.7443,0.002639,0.6189,0.6313,0.1461,CURVA_DERECHA
133,6.65,67.83,65.35,69.3,65.25,349.32,64.39,0.7692,0.7321,24.2094,19.8071,0.002704,0.6286,0.6491,0.1461,CURVA_DERECHA
134,6.7,67.12,67.28,73.66,66.45,327.09,69.6,0.7619,0.741,24.4104,19.8699,0.002704,0.6464,0.6633,0.1461,CURVA_DERECHA
135,6.75,60.94,62.06,64.48,67.59,264.71,67.89,0.8326,0.7685,24.6113,19.9264,0.002639,0.6607,0.6858,0.1461,CURVA_DERECHA
136,6.8,61.5,64.45,72.06,65.44,234.82,69.95,0.8134,0.782,24.806,19.9892,0.002639,0.6831,0.7022,0.1461,CURVA_DERECHA
137,6.85,62.31,67.11,72.28,66.7,181.53,61.4,0.7923,0.7851,25.007,20.0458,0.002639,0.6995,0.7131,0.1461,CURVA_DERECHA
138,6.9,65.41,70.1,63.78,69.28,155.07,64.87,0.7566,0.7765,25.2079,20.1086,0.002704,0.7104,0.7171,0.1461,CURVA_DERECHA
139,6.95,66.95,62.89,69.14,67.58,123.58,70.41,0.7894,0.7804,25.4089,20.1714,0.002704,0.7144,0.7254,0.1461,CURVA_DERECHA
140,7.0,67.15,66.49,68.82,70.93,107.6,74.35,0.7662,0.7762,25.6098,20.2279,0.002639,0.7227,0.7291,0.1461,CURVA_DERECHA
141,7.05,61.32,71.64,67.63,66.84,89.65,63.99,0.7748,0.7758,25.8108,20.2907,0.002704,0.7264,0.7335,0.1461,CURVA_DERECHA
142,7.1,69.89,66.86,63.64,66.79,70.42,60.58,0.7492,0.7678,26.0118,20.3472,0.002639,0.7308,0.7335,0.1461,AVANZAR
143,7.15,66.9,62.17,70.26,66.57,60.75,73.27,0.7945,0.7758,26.2127,20.5482,0.00412,0.7294,0.7389,0.1461,AVANZAR
144,7.2,65.52,63.23,72.58,61.46,65.01,70.47,0.7956,0.7817,26.4137,20.7491,0.00412,0.7348,0.7437,0.1461,AVANZAR
145,7.25,63.99,67.36,70.46,64.59,63.1,64.89,0.7801,0.7812,26.6146,20.9501,0.00412,0.7396,0.7455,0.1461,AVANZAR
146,7.3,63.94,66.73,66.61,67.24,66.24,71.8,0.784,0.7821,26.8156,21.151,0.00412,0.7414,0.7476,0.1461,AVANZAR
147,7.35,70.59,69.51,71.39,65.66,70.48,67.35,0.7309,0.7667,27.0166,21.352,0.00412,0.7435,0.7416,0.1461,AVANZAR
148,7.4,68.14,71.76,69.98,65.81,74.47,62.81,0.7324,0.7564,27.2175,21.553,0.00412,0.7375,0.7368,0.1461,AVANZAR
149,7.45,73.28,73.02,69.14,63.5,65.46,67.42,0.6999,0.7395,27.4185,21.7539,0.00412,0.7327,0.7279,0.1461,AVANZAR
150,7.5,69.39,66.27,65.73,72.8,66.97,68.47,0.7552,0.7442,27.6194,21.9549,0.00412,0.7238,0.7283,0.1461,AVANZAR
151,7.55,70.15,67.31,67.25,66.4,64.76,65.92,0.7452,0.7445,27.8204,22.1558,0.00412,0.7242,0.7273,0.1461,AVANZAR
152,7.6,62.7,70.06,64.53,64.71,64.12,67.72,0.7737,0.7533,28.0214,22.3568,0.00412,0.7232,0.7306,0.1461,AVANZAR
153,7.65,67.18,69.48,68.07,62.26,66.04,67.14,0.7495,0.7521,28.2223,22.5578,0.00412,0.7264,0.7298,0.1461,AVANZAR
154,7.7,63.77,64.13,66.92,64.8,65.42,66.36,0.8006,0.7667,28.4233,22.7587,0.00412,0.7257,0.7366,0.1461,AVANZAR
155,7.75,69.4,66.71,63.76,68.34,64.42,70.2,0.7527,0.7625,28.6242,22.9597,0.00412,0.7325,0.7355,0.1461,AVANZAR
156,7.8,66.66,69.22,69.69,71.76,67.6,67.72,0.7539,0.7599,28.8252,23.1606,0.00412,0.7313,0.7346,0.1461,AVANZAR
157,7.85,63.84,75.33,63.47,65.3,67.55,63.84,0.7409,0.7542,29.0262,23.3616,0.00412,0.7305,0.732,0.1461,AVANZAR
158,7.9,64.87,66.4,68.59,66.19,61.24,66.07,0.7802,0.762,29.2271,23.5626,0.00412,0.7279,0.7355,0.1461,AVANZAR
159,7.95,67.87,65.18,65.76,64.54,68.41,65.74,0.7699,0.7644,29.4281,23.7635,0.00412,0.7314,0.737,0.1461,AVANZAR
160,8.0,64.03,64.48,70.54,66.47,66.21,66.89,0.7968,0.7741,29.629,23.9645,0.00412,0.7329,0.7423,0.1461,AVANZAR
161,8.05,64.01,74.83,68.59,63.35,66.23,65.1,0.7421,0.7645,29.83,24.1654,0.00412,0.7381,0.7387,0.1461,AVANZAR
162,8.1,69.6,70.45,65.5,65.87,66.35,61.97,0.7312,0.7545,30.031,24.3664,0.00412,0.7346,0.7341,0.1461,AVANZAR
163,8.15,71.92,61.75,69.36,66.78,65.59,68.17,0.7705,0.7593,30.2319,24.5674,0.00412,0.73,0.7359,0.1461,AVANZAR
164,8.2,68.21,61.9,68.05,64.47,69.76,70.45,0.7889,0.7682,30.4329,24.7683,0.00412,0.7318,0.7401,0.1461,AVANZAR
165,8.25,64.63,69.07,73.64,71.23,65.86,59.98,0.7667,0.7677,30.6338,24.9693,0.00412,0.736,0.7405,0.1461,AVANZAR
166,8.3,69.42,64.35,65.48,66.48,73.28,67.0,0.7666,0.7674,30.8348,25.1702,0.00412,0.7364,0.7408,0.1461,AVANZAR
167,8.35,69.0,68.36,65.94,71.09,62.55,68.05,0.7455,0.7608,31.0358,25.3712,0.00412,0.7367,0.738,0.1461,AVANZAR
168,8.4,66.4,66.66,71.71,67.92,67.75,66.72,0.7696,0.7635,31.2367,25.5722,0.00412,0.7338,0.7391,0.1461,AVANZAR
169,8.45,65.45,67.4,68.61,71.48,69.79,69.49,0.771,0.7657,31.4377,25.7731,0.00412,0.735,0.7402,0.1461,AVANZAR
170,8.5,66.79,68.28,71.73,71.5,70.86,65.36,0.7582,0.7635,31.6386,25.9741,0.00412,0.7361,0.7393,0.1461,AVANZAR
171,8.55,59.92,68.87,58.37,63.26,73.79,64.55,0.799,0.7741,31.8396,26.175,0.00412,0.7352,0.7445,0.1461,AVANZAR
172,8.6,64.32,69.7,59.21,69.53,64.16,67.58,0.7653,0.7715,32.0406,26.376,0.00412,0.7404,0.744,0.1461,AVANZAR
173,8.65,67.34,66.68,69.64,71.91,73.99,63.48,0.7641,0.7693,32.2352,26.5707,0.003991,0.7401,0.7436,0.1461,AVANZAR
174,8.7,66.27,70.76,63.62,65.43,63.74,64.27,0.7481,0.7629,32.4362,26.7716,0.00412,0.7394,0.7407,0.1461,AVANZAR
175,8.75,62.54,68.6,67.24,72.02,69.59,64.9,0.7825,0.7688,32.6372,26.9726,0.00412,0.7366,0.7433,0.1461,AVANZAR
176,8.8,64.59,62.56,64.07,73.7,74.53,68.61,0.8055,0.7798,32.8381,27.1736,0.00412,0.7392,0.7489,0.1461,AVANZAR
177,8.85,69.87,68.41,67.55,58.67,66.24,69.48,0.7406,0.7681,33.0391,27.3745,0.00412,0.7448,0.7442,0.1461,AVANZAR
178,8.9,69.12,69.96,68.45,74.08,67.13,68.84,0.7363,0.7585,33.24,27.5755,0.00412,0.74,0.7395,0.1461,AVANZAR
179,8.95,62.57,65.94,64.28,67.22,63.44,59.54,0.7973,0.7702,33.441,27.7764,0.00412,0.7354,0.7444,0.1461,AVANZAR
180,9.0,65.18,67.64,67.14,70.07,69.47,57.41,0.7712,0.7705,33.642,27.9774,0.00412,0.7403,0.7448,0.1461,AVANZAR
181,9.05,69.01,69.51,67.24,67.72,67.77,65.7,0.7393,0.7611,33.8429,28.1784,0.00412,0.7407,0.7405,0.1461,AVANZAR
182,9.1,66.46,66.61,69.09,71.75,64.54,68.5,0.7696,0.7636,34.0439,28.3793,0.00412,0.7364,0.7412,0.1461,AVANZAR
183,9.15,68.36,66.81,68.75,65.54,66.38,56.67,0.7577,0.7619,34.2448,28.5803,0.00412,0.7371,0.7401,0.1461,AVANZAR
184,9.2,64.68,69.53,63.69,63.23,68.7,70.21,0.764,0.7625,34.4458,28.7812,0.00412,0.736,0.7401,0.1461,AVANZAR
185,9.25,62.09,63.44,67.05,66.98,68.77,63.13,0.8159,0.7785,34.6468,28.9822,0.00412,0.736,0.7476,0.1461,AVANZAR
186,9.3,63.36,67.18,68.98,71.93,69.44,64.41,0.7851,0.7805,34.8477,29.1832,0.00412,0.7435,0.7496,0.1461,AVANZAR
187,9.35,69.63,69.24,62.24,68.86,62.16,63.16,0.7374,0.7676,35.0487,29.3841,0.00412,0.7455,0.7443,0.1461,AVANZAR
188,9.4,65.27,66.67,62.97,73.44,67.72,69.28,0.7762,0.7702,35.2496,29.5851,0.00412,0.7402,0.7454,0.1461,AVANZAR
189,9.45,68.09,68.17,72.15,68.07,62.36,71.97,0.7515,0.7646,35.4506,29.786,0.00412,0.7413,0.7428,0.1461,AVANZAR
190,9.5,63.71,71.56,73.01,70.36,64.37,62.74,0.7595,0.763,35.6516,29.987,0.00412,0.7387,0.7417,0.1461,AVANZAR
191,9.55,67.84,66.21,67.13,65.56,62.2,67.6,0.764,0.7633,35.8525,30.188,0.00412,0.7376,0.7415,0.1461,AVANZAR
192,9.6,62.89,72.15,65.7,64.7,60.17,65.16,0.7619,0.7629,36.0535,30.3889,0.00412,0.7373,0.7409,0.1461,AVANZAR
193,9.65,68.22,65.17,70.5,69.22,65.65,71.6,0.768,0.7644,36.2544,30.5899,0.00412,0.7368,0.7414,0.1461,AVANZAR
194,9.7,71.95,69.51,65.24,64.74,59.87,63.31,0.7241,0.7523,36.4554,30.7908,0.00412,0.7373,0.7353,0.1461,AVANZAR
195,9.75,67.58,58.77,69.13,66.42,66.18,70.04,0.8144,0.771,36.6564,30.9918,0.00412,0.7312,0.7434,0.1461,AVANZAR
196,9.8,72.97,68.56,71.19,68.12,68.05,66.43,0.7242,0.7569,36.8573,31.1928,0.00412,0.7392,0.737,0.1461,AVANZAR
197,9.85,65.28,65.19,66.65,66.14,65.3,64.19,0.7849,0.7653,37.0583,31.3937,0.00412,0.7329,0.7405,0.1461,AVANZAR
198,9.9,64.72,62.02,69.8,64.48,64.46,65.35,0.8084,0.7782,37.2592,31.5947,0.00412,0.7364,0.7469,0.1461,AVANZAR
199,9.95,64.81,68.18,68.11,74.97,71.52,66.56,0.7705,0.7759,37.4602,31.7956,0.00412,0.7428,0.7468,0.1461,AVANZAR
200,10.0,71.4,64.21,69.68,64.77,64.55,65.65,0.7573,0.7703,37.6612,31.9966,0.00412,0.7427,0.7448,0.1461,AVANZAR
201,10.05,58.61,66.5,69.33,70.86,66.78,58.44,0.8218,0.7857,37.8621,32.1976,0.00412,0.7407,0.7526,0.1461,AVANZAR
202,10.1,64.82,69.12,73.57,67.9,67.14,68.73,0.7654,0.7796,38.0631,32.3985,0.00412,0.7484,0.7509,0.1461,AVANZAR
203,10.15,69.02,69.8,61.3,65.96,60.56,63.35,0.7377,0.767,38.264,32.5995,0.00412,0.7468,0.7455,0.1461,AVANZAR
204,10.2,65.56,70.96,68.67,67.83,61.68,63.72,0.7512,0.7623,38.465,32.8004,0.00412,0.7413,0.7428,0.1461,AVANZAR
205,10.25,72.48,67.88,68.27,66.14,69.51,69.26,0.7303,0.7527,38.666,33.0014,0.00412,0.7387,0.7374,0.1461,AVANZAR
206,10.3,79.39,66.87,63.52,65.32,65.84,67.32,0.7053,0.7385,38.8669,33.2024,0.00412,0.7333,0.7292,0.1461,AVANZAR
207,10.35,110.48,68.26,73.81,65.02,70.64,67.0,0.6067,0.699,39.0679,33.4033,0.00412,0.7251,0.7078,0.1461,AVANZAR
208,10.4,139.16,67.79,64.75,66.34,68.02,64.92,0.5616,0.6578,39.2688,33.6043,0.00412,0.7037,0.6829,0.1461,AVANZAR
209,10.45,195.67,65.17,71.9,67.89,70.9,68.81,0.5237,0.6175,39.4698,33.8052,0.00412,0.6788,0.6561,0.1461,AVANZAR
210,10.5,212.29,65.72,72.91,69.36,70.03,65.53,0.5101,0.5853,39.6645,33.9999,0.003991,0.6522,0.6314,0.1461,AVANZAR
211,10.55,185.06,63.43,67.88,65.66,67.68,63.12,0.5419,0.5723,39.8654,34.2009,0.00412,0.6273,0.6148,0.1461,AVANZAR
212,10.6,140.19,72.45,63.8,72.89,66.18,70.01,0.536,0.5614,40.0664,34.4018,0.00412,0.6107,0.5998,0.1461,GIRAR_IZQUIERDA
213,10.65,110.85,68.47,328.27,70.28,70.18,64.69,0.6048,0.5744,39.9094,34.5651,6.4e-05,0.5997,0.6005,0.1461,CURVA_IZQUIERDA
214,10.7,69.72,67.4,549.48,65.69,63.61,67.45,0.747,0.6262,39.9722,34.7661,0.002704,0.5978,0.6196,0.1461,CURVA_IZQUIERDA
215,10.75,65.05,68.32,428.03,65.61,68.94,71.22,0.7682,0.6688,40.0287,34.967,0.002639,0.6169,0.639,0.1461,CURVA_IZQUIERDA
216,10.8,71.49,67.86,334.89,67.93,69.85,63.72,0.7353,0.6888,40.0915,35.168,0.002704,0.6363,0.6508,0.1461,CURVA_IZQUIERDA
217,10.85,67.11,63.48,295.08,67.92,61.35,69.39,0.7847,0.7176,40.148,35.369,0.002639,0.6482,0.6681,0.1461,CURVA_IZQUIERDA
218,10.9,61.26,66.1,236.04,69.92,62.44,69.51,0.8052,0.7438,40.2108,35.5699,0.002704,0.6654,0.6858,0.1461,CURVA_IZQUIERDA
219,10.95,67.31,69.3,206.92,66.45,66.9,66.65,0.7497,0.7456,40.2736,35.7709,0.002704,0.6831,0.6929,0.1461,CURVA_IZQUIERDA
220,11.0,67.03,72.51,192.66,388.69,70.43,64.22,0.735,0.7424,40.3302,35.9718,0.002639,0.6902,0.6968,0.1461,CURVA_IZQUIERDA
221,11.05,70.39,67.45,143.25,372.32,67.87,64.02,0.7432,0.7427,40.393,36.1728,0.002704,0.6941,0.7012,0.1461,CURVA_IZQUIERDA
222,11.1,60.6,63.04,149.27,363.05,65.95,67.09,0.8285,0.7684,40.4495,36.3738,0.002639,0.6986,0.7176,0.1461,CURVA_IZQUIERDA
223,11.15,71.46,65.35,106.92,379.63,70.33,64.3,0.75,0.7629,40.5123,36.5747,0.002704,0.7149,0.72,0.1461,CURVA_IZQUIERDA
224,11.2,73.33,68.11,98.02,372.47,70.52,64.28,0.725,0.7515,40.5751,36.7757,0.002704,0.7173,0.7184,0.1461,CURVA_IZQUIERDA
225,11.25,74.26,67.58,70.6,365.27,71.39,66.49,0.7236,0.7431,40.6316,36.9766,0.002639,0.7158,0.7169,0.1461,CURVA_IZQUIERDA
226,11.3,66.35,70.61,62.01,408.72,62.15,61.81,0.7484,0.7447,40.6944,37.1713,0.002639,0.7143,0.7193,0.1461,CURVA_IZQUIERDA
227,11.35,68.47,66.22,64.88,319.55,65.54,64.75,0.7605,0.7494,40.7509,37.3723,0.002639,0.7166,0.723,0.1461,CURVA_IZQUIERDA
228,11.4,64.19,68.85,65.86,239.9,60.29,68.49,0.7707,0.7558,40.8137,37.5732,0.002704,0.7203,0.7277,0.1461,CURVA_IZQUIERDA
229,11.45,67.2,66.61,68.98,212.54,65.21,60.27,0.7653,0.7586,40.8765,37.7742,0.002704,0.725,0.7309,0.1461,CURVA_IZQUIERDA
230,11.5,66.81,65.97,67.17,166.23,70.49,71.54,0.7712,0.7624,40.933,37.9752,0.002639,0.7282,0.7345,0.1461,CURVA_IZQUIERDA
231,11.55,62.44,69.16,66.98,143.04,66.71,65.65,0.7802,0.7677,40.9958,38.1761,0.002704,0.7318,0.7389,0.1461,CURVA_IZQUIERDA
232,11.6,63.04,68.62,66.45,103.52,69.95,66.59,0.7792,0.7712,41.0524,38.3771,0.002639,0.7362,0.7425,0.1461,CURVA_IZQUIERDA
233,11.65,63.27,73.43,68.31,96.91,66.06,73.2,0.7533,0.7658,41.1152,38.578,0.002704,0.7398,0.7418,0.1461,CURVA_IZQUIERDA
234,11.7,70.78,67.62,62.13,92.88,67.86,64.04,0.7403,0.7581,41.178,38.779,0.002704,0.7391,0.7392,0.1461,CURVA_IZQUIERDA
235,11.75,68.16,62.97,65.96,70.37,67.67,66.56,0.7821,0.7653,41.2345,38.98,0.002639,0.7366,0.7433,0.1461,AVANZAR
236,11.8,65.65,64.23,71.18,69.01,64.57,62.21,0.7885,0.7723,41.4354,39.1809,0.00412,0.7391,0.7463,0.1461,AVANZAR
237,11.85,65.34,65.18,66.14,67.8,61.74,67.59,0.7845,0.776,41.6364,39.3819,0.00412,0.7422,0.7484,0.1461,AVANZAR
238,11.9,64.88,67.39,72.1,71.02,63.51,69.7,0.7745,0.7755,41.8374,39.5828,0.00412,0.7443,0.7487,0.1461,AVANZAR
239,11.95,61.7,67.69,68.65,65.47,67.52,68.04,0.7931,0.7808,42.0383,39.7838,0.00412,0.7446,0.7517,0.1461,AVANZAR
240,12.0,72.41,69.59,62.62,62.96,67.96,69.54,0.7214,0.763,42.2393,39.9848,0.00412,0.7476,0.7437,0.1461,AVANZAR
241,12.05,72.74,70.86,63.23,63.58,67.31,66.28,0.7132,0.7481,42.4402,40.1857,0.00412,0.7396,0.7358,0.1461,AVANZAR
242,12.1,63.57,65.02,65.74,69.99,71.45,64.01,0.7965,0.7626,42.6412,40.3867,0.00412,0.7316,0.7411,0.1461,AVANZAR
243,12.15,67.25,75.02,67.8,69.64,69.84,66.9,0.7219,0.7504,42.8422,40.5876,0.00412,0.737,0.7348,0.1461,AVANZAR
244,12.2,63.79,64.34,68.22,72.86,65.57,66.4,0.7992,0.765,43.0431,40.7886,0.00412,0.7307,0.7407,0.1461,AVANZAR
245,12.25,68.15,71.6,66.76,65.52,63.65,67.3,0.7332,0.7555,43.2441,40.9896,0.00412,0.7366,0.7361,0.1461,AVANZAR
246,12.3,66.31,65.36,66.25,66.83,69.28,65.98,0.7777,0.7621,43.445,41.1905,0.00412,0.7319,0.7386,0.1461,AVANZAR
247,12.35,64.14,65.62,65.71,69.94,61.46,68.39,0.7893,0.7703,43.646,41.3915,0.00412,0.7345,0.7425,0.1461,AVANZAR
248,12.4,66.22,61.78,62.05,68.37,66.47,69.92,0.8009,0.7795,43.847,41.5924,0.00412,0.7384,0.7475,0.1461,AVANZAR
249,12.45,68.45,66.7,63.06,68.56,68.33,66.75,0.7578,0.773,44.0479,41.7934,0.00412,0.7434,0.7455,0.1461,AVANZAR
250,12.5,68.46,63.09,61.65,72.45,65.68,68.21,0.7797,0.775,44.2489,41.9944,0.00412,0.7414,0.747,0.1461,AVANZAR
251,12.55,63.41,66.39,71.43,64.62,65.54,72.18,0.7893,0.7793,44.4498,42.1953,0.00412,0.7429,0.7497,0.1461,AVANZAR
252,12.6,67.87,69.4,66.89,70.42,76.16,67.0,0.7461,0.7693,44.6508,42.3963,0.00412,0.7455,0.7456,0.1461,AVANZAR
253,12.65,66.79,60.02,64.78,68.69,61.63,64.59,0.8098,0.7815,44.8518,42.5972,0.00412,0.7415,0.7515,0.1461,AVANZAR
254,12.7,66.46,68.25,65.26,66.38,64.36,67.26,0.7603,0.7751,45.0527,42.7982,0.00412,0.7474,0.7493,0.1461,AVANZAR
255,12.75,68.34,63.03,69.02,67.26,64.86,67.55,0.7807,0.7768,45.2537,42.9992,0.00412,0.7451,0.7503,0.1461,AVANZAR
256,12.8,63.03,63.61,67.9,67.87,68.44,62.2,0.8086,0.7863,45.4546,43.2001,0.00412,0.7462,0.7553,0.1461,AVANZAR
257,12.85,67.13,70.12,60.26,67.82,66.3,65.18,0.7464,0.7744,45.6556,43.4011,0.00412,0.7512,0.7505,0.1461,AVANZAR
258,12.9,69.85,68.59,67.19,61.69,62.14,67.4,0.7397,0.764,45.8566,43.602,0.00412,0.7464,0.7454,0.1461,AVANZAR
259,12.95,71.38,60.55,68.94,62.89,67.31,69.96,0.7814,0.7692,46.0575,43.803,0.00412,0.7413,0.7472,0.1461,AVANZAR
260,13.0,68.63,67.1,64.99,66.47,66.27,71.92,0.7545,0.7648,46.2522,44.004,0.004055,0.7431,0.7448,0.1461,AVANZAR
261,13.05,71.24,66.39,64.88,66.2,68.34,71.1,0.7449,0.7588,46.4532,44.2049,0.00412,0.7407,0.7413,0.1461,AVANZAR
262,13.1,62.85,69.33,65.64,65.29,63.11,70.54,0.7766,0.7642,46.6541,44.4059,0.00412,0.7372,0.7429,0.1461,AVANZAR
263,13.15,67.07,67.98,64.59,67.41,62.12,72.53,0.7583,0.7624,46.8551,44.6068,0.00412,0.7388,0.7416,0.1461,AVANZAR
264,13.2,65.58,75.48,65.91,64.24,62.2,68.12,0.7295,0.7525,47.056,44.8015,0.004055,0.7376,0.7364,0.1461,AVANZAR
265,13.25,67.07,72.06,63.61,66.78,64.35,66.21,0.7369,0.7479,47.257,45.0025,0.00412,0.7323,0.733,0.1461,AVANZAR
266,13.3,69.78,66.41,69.4,69.07,65.77,69.94,0.7524,0.7492,47.458,45.2034,0.00412,0.7288,0.7323,0.1461,AVANZAR
267,13.35,67.91,66.68,69.45,62.74,70.8,65.02,0.7609,0.7527,47.6589,45.4044,0.00412,0.7282,0.7329,0.1461,AVANZAR
268,13.4,63.04,68.82,66.94,69.23,69.03,60.51,0.7781,0.7603,47.8599,45.6054,0.00412,0.7288,0.736,0.1461,AVANZAR
269,13.45,68.66,67.92,67.89,66.2,63.06,67.32,0.7498,0.7572,48.0608,45.8063,0.00412,0.7319,0.7345,0.1461,AVANZAR
270,13.5,65.66,63.6,66.49,69.38,67.63,67.01,0.7924,0.7677,48.2618,46.0073,0.00412,0.7304,0.7395,0.1461,AVANZAR
271,13.55,63.85,67.0,67.77,68.76,70.68,69.95,0.783,0.7723,48.4628,46.2082,0.00412,0.7353,0.7423,0.1461,AVANZAR
272,13.6,65.31,68.94,61.65,64.83,70.94,72.47,0.7633,0.7696,48.6637,46.4092,0.00412,0.7382,0.7419,0.1461,AVANZAR
273,13.65,64.18,68.21,67.71,62.46,70.68,64.2,0.7742,0.771,48.8647,46.6102,0.00412,0.7377,0.7431,0.1461,AVANZAR
274,13.7,67.59,69.98,61.72,71.42,65.18,67.15,0.7446,0.7631,49.0656,46.8111,0.00412,0.7389,0.7398,0.1461,AVANZAR
275,13.75,67.69,62.36,66.55,64.94,68.94,67.89,0.7888,0.7708,49.2666,47.0121,0.00412,0.7356,0.7434,0.1461,AVANZAR
276,13.8,66.9,61.27,62.64,67.99,63.46,70.23,0.8005,0.7797,49.4676,47.213,0.00412,0.7393,0.7482,0.1461,AVANZAR
277,13.85,69.15,66.14,68.27,65.39,74.0,67.38,0.7573,0.773,49.6685,47.414,0.00412,0.7441,0.746,0.1461,AVANZAR
278,13.9,62.64,73.44,66.37,68.59,62.5,65.88,0.7573,0.7683,49.8695,47.615,0.00412,0.7419,0.7442,0.1461,AVANZAR
279,13.95,62.45,73.63,64.29,69.57,68.12,69.83,0.7576,0.7651,50.0704,47.8159,0.00412,0.74,0.7426,0.1461,AVANZAR
280,14.0,69.7,66.46,64.28,67.88,66.96,67.17,0.7525,0.7613,50.2714,48.0169,0.00412,0.7385,0.7405,0.1461,AVANZAR
281,14.05,62.82,72.38,69.49,66.93,67.89,73.37,0.7612,0.7613,50.4724,48.2178,0.00412,0.7364,0.74,0.1461,AVANZAR
282,14.1,69.63,68.22,68.22,71.58,70.32,68.24,0.7429,0.7558,50.6733,48.4188,0.00412,0.7359,0.7369,0.1461,AVANZAR
283,14.15,67.18,68.4,70.04,70.09,70.03,71.64,0.7553,0.7556,50.8743,48.6198,0.00412,0.7328,0.7361,0.1461,AVANZAR
284,14.2,63.84,70.36,71.1,69.08,72.07,61.97,0.7649,0.7584,51.0752,48.8207,0.00412,0.732,0.7368,0.1461,AVANZAR
285,14.25,63.94,67.01,65.79,68.82,65.39,64.97,0.7824,0.7656,51.2762,49.0217,0.00412,0.7327,0.7399,0.1461,AVANZAR
286,14.3,69.27,68.1,68.14,68.97,69.28,64.36,0.7455,0.7596,51.4772,49.2226,0.00412,0.7358,0.7372,0.1461,AVANZAR
287,14.35,68.24,67.79,68.88,66.86,70.65,71.74,0.7528,0.7575,51.6781,49.4236,0.00412,0.7331,0.736,0.1461,AVANZAR
288,14.4,64.53,67.49,65.93,70.56,68.08,65.02,0.776,0.7631,51.8791,49.6246,0.00412,0.7319,0.7383,0.1461,AVANZAR
289,14.45,65.42,63.85,71.54,75.03,70.51,63.96,0.7923,0.7719,52.08,49.8255,0.00412,0.7342,0.7427,0.1461,AVANZAR
290,14.5,65.24,64.89,74.11,73.86,69.16,69.7,0.787,0.7764,52.281,50.0265,0.00412,0.7386,0.7456,0.1461,AVANZAR
291,14.55,76.46,60.54,96.67,67.91,72.72,63.94,0.7577,0.7708,52.482,50.2274,0.00412,0.7415,0.7439,0.1461,CURVA_IZQUIERDA
292,14.6,83.32,64.02,107.53,73.72,68.9,69.68,0.7071,0.7517,52.5385,50.4284,0.002639,0.7412,0.7363,0.1461,CURVA_IZQUIERDA
293,14.65,81.11,66.92,111.4,70.95,66.2,69.54,0.6982,0.7356,52.6013,50.6294,0.002704,0.7336,0.7284,0.1461,CURVA_IZQUIERDA
294,14.7,93.88,66.79,115.05,69.69,68.86,68.09,0.656,0.7117,52.6578,50.8303,0.002639,0.7257,0.7156,0.1461,CURVA_IZQUIERDA
295,14.75,92.43,64.22,124.18,67.27,68.07,65.23,0.6756,0.7009,52.7206,51.0313,0.002704,0.7129,0.7074,0.1461,CURVA_IZQUIERDA
296,14.8,95.02,70.23,131.15,64.36,67.49,75.38,0.6339,0.6808,52.7834,51.2322,0.002704,0.7047,0.6944,0.1461,CURVA_IZQUIERDA
297,14.85,92.56,66.29,135.76,67.76,70.11,70.69,0.6628,0.6754,52.8399,51.4332,0.002639,0.6917,0.6875,0.1461,CURVA_IZQUIERDA
298,14.9,85.43,60.78,143.02,85.69,57.45,67.18,0.7209,0.689,52.9027,51.6342,0.002704,0.6848,0.6901,0.1461,CURVA_IZQUIERDA
299,14.95,84.94,70.12,158.4,104.69,61.76,64.59,0.6665,0.6823,52.9592,51.8351,0.002639,0.6874,0.6844,0.1461,CURVA_IZQUIERDA
300,15.0,70.85,68.58,160.16,105.94,66.89,71.36,0.7346,0.698,53.022,52.0298,0.002639,0.6817,0.6895,0.1461,CURVA_IZQUIERDA
301,15.05,71.36,59.32,155.64,117.11,69.1,68.21,0.7903,0.7257,53.0848,52.2308,0.002704,0.6867,0.7019,0.1461,CURVA_IZQUIERDA
302,15.1,63.48,63.52,172.03,130.68,75.05,62.91,0.8063,0.7499,53.1414,52.4317,0.002639,0.6992,0.7149,0.1461,CURVA_IZQUIERDA
303,15.15,71.41,64.51,156.55,145.81,67.43,67.5,0.7553,0.7515,53.2042,52.6327,0.002704,0.7122,0.7185,0.1461,CURVA_IZQUIERDA
304,15.2,67.86,65.57,166.09,157.92,66.38,66.56,0.7677,0.7564,53.2607,52.8336,0.002639,0.7158,0.7234,0.1461,CURVA_IZQUIERDA
305,15.25,64.26,71.6,147.16,184.43,60.41,66.59,0.7559,0.7562,53.3235,53.0346,0.002704,0.7207,0.7259,0.1461,CURVA_IZQUIERDA
306,15.3,67.61,71.29,154.1,188.59,63.1,69.5,0.7377,0.7507,53.3863,53.2356,0.002704,0.7232,0.7253,0.1461,CURVA_IZQUIERDA
307,15.35,57.26,72.94,143.5,204.8,77.2,70.1,0.7981,0.7649,53.4428,53.4365,0.002639,0.7226,0.7337,0.1461,CURVA_IZQUIERDA
308,15.4,65.55,68.42,142.99,217.39,65.04,66.24,0.7647,0.7648,53.5056,53.6375,0.002704,0.731,0.7359,0.1461,CURVA_IZQUIERDA
309,15.45,71.07,66.85,121.6,217.94,71.22,65.22,0.7432,0.7583,53.5621,53.8384,0.002639,0.7333,0.7347,0.1461,CURVA_IZQUIERDA
310,15.5,61.99,68.17,110.81,232.33,65.13,70.52,0.7885,0.7674,53.6249,54.0394,0.002704,0.732,0.7403,0.1461,CURVA_IZQUIERDA
311,15.55,66.16,68.19,113.4,220.48,65.86,69.02,0.7623,0.7659,53.6877,54.2404,0.002704,0.7376,0.7412,0.1461,CURVA_IZQUIERDA
312,15.6,68.78,66.5,100.14,223.33,66.76,68.64,0.7572,0.7633,53.7442,54.4413,0.002639,0.7385,0.7413,0.1461,CURVA_IZQUIERDA
313,15.65,70.44,65.45,68.17,216.91,65.64,67.63,0.7546,0.7607,53.807,54.6423,0.002704,0.7386,0.7409,0.1461,CURVA_IZQUIERDA
314,15.7,70.32,69.63,65.28,207.94,73.78,68.24,0.7317,0.752,53.8636,54.8432,0.002639,0.7383,0.7373,0.1461,CURVA_IZQUIERDA
315,15.75,71.17,59.59,63.58,192.98,65.77,70.18,0.7893,0.7632,53.9264,55.0442,0.002704,0.7346,0.7426,0.1461,CURVA_IZQUIERDA
316,15.8,65.62,70.58,62.54,198.19,69.59,68.65,0.7529,0.7601,53.9892,55.2452,0.002704,0.7399,0.7418,0.1461,CURVA_IZQUIERDA
317,15.85,69.61,70.26,69.56,176.67,68.05,65.04,0.7322,0.7517,54.0457,55.4461,0.002639,0.7391,0.7381,0.1461,CURVA_IZQUIERDA
318,15.9,66.57,64.46,73.49,149.19,71.39,69.17,0.7817,0.7607,54.1085,55.6471,0.002704,0.7354,0.7422,0.1461,CURVA_IZQUIERDA
319,15.95,64.63,66.46,66.61,135.58,66.84,66.79,0.7813,0.7669,54.165,55.848,0.002639,0.7395,0.7456,0.1461,CURVA_IZQUIERDA
320,16.0,68.05,71.35,63.58,124.23,66.93,72.27,0.735,0.7573,54.2278,56.049,0.002704,0.7429,0.7418,0.1461,CURVA_IZQUIERDA
321,16.05,64.68,65.43,59.82,119.67,64.4,69.39,0.7871,0.7663,54.2906,56.25,0.002704,0.7391,0.7461,0.1461,CURVA_IZQUIERDA
322,16.1,69.72,67.05,67.83,112.01,63.42,66.28,0.749,0.7611,54.3471,56.4509,0.002639,0.7435,0.7443,0.1461,CURVA_IZQUIERDA
323,16.15,62.31,62.47,68.97,96.94,67.4,64.45,0.8206,0.7789,54.4099,56.6519,0.002704,0.7416,0.7531,0.1461,CURVA_IZQUIERDA
324,16.2,67.95,68.92,64.23,72.2,64.59,65.41,0.7482,0.7697,54.4664,56.8528,0.002639,0.7505,0.7501,0.1461,AVANZAR
325,16.25,71.34,71.62,67.62,61.54,67.94,66.74,0.7163,0.7537,54.6674,57.0538,0.00412,0.746,0.7417,0.1461,AVANZAR
326,16.3,64.02,73.9,61.13,68.4,62.61,67.98,0.7463,0.7515,54.8684,57.2548,0.00412,0.7376,0.7388,0.1461,AVANZAR
327,16.35,68.77,65.22,69.31,64.75,73.33,70.71,0.7648,0.7555,55.0693,57.4557,0.00412,0.7347,0.7391,0.1461,AVANZAR
328,16.4,71.92,68.0,67.78,69.07,71.02,65.55,0.7324,0.7486,55.2703,57.6567,0.00412,0.735,0.7346,0.1461,AVANZAR
329,16.45,63.92,72.98,69.22,62.52,61.2,62.79,0.7512,0.7494,55.4712,57.8576,0.00412,0.7305,0.7335,0.1461,AVANZAR
330,16.5,69.82,69.6,65.52,73.34,70.68,66.72,0.7345,0.7449,55.6722,58.0586,0.00412,0.7294,0.7301,0.1461,AVANZAR
331,16.55,71.65,72.63,65.76,71.32,70.75,71.78,0.7098,0.7344,55.8732,58.2596,0.00412,0.726,0.7237,0.1461,AVANZAR
332,16.6,68.08,70.8,67.34,67.24,66.23,62.39,0.7376,0.7353,56.0741,58.4605,0.00412,0.7195,0.7222,0.1461,AVANZAR
333,16.65,64.05,74.17,61.05,67.13,70.48,61.52,0.7449,0.7382,56.2751,58.6615,0.00412,0.7181,0.722,0.1461,AVANZAR
334,16.7,68.15,66.35,64.36,67.29,71.13,69.31,0.7615,0.7452,56.476,58.8624,0.00412,0.7179,0.7242,0.1461,AVANZAR
335,16.75,68.05,67.69,66.04,64.46,67.23,65.91,0.7544,0.7479,56.677,59.0634,0.00412,0.7201,0.7251,0.1461,AVANZAR
336,16.8,63.77,67.61,69.05,67.98,72.58,64.77,0.7801,0.7576,56.878,59.2644,0.00412,0.721,0.7296,0.1461,AVANZAR
337,16.85,64.03,67.63,65.44,66.12,73.14,60.96,0.7783,0.7638,57.0789,59.459,0.004055,0.7256,0.7333,0.1461,AVANZAR
338,16.9,71.27,63.5,71.68,72.4,70.52,65.13,0.7624,0.7634,57.2799,59.66,0.00412,0.7292,0.734,0.1461,AVANZAR
339,16.95,70.69,64.89,65.71,63.84,70.83,65.21,0.7566,0.7614,57.4808,59.861,0.00412,0.7299,0.7338,0.1461,AVANZAR
340,17.0,67.08,67.72,67.14,64.59,69.9,68.44,0.7597,0.7608,57.6818,60.0619,0.00412,0.7297,0.7341,0.1461,AVANZAR
341,17.05,67.55,66.68,64.22,67.01,68.02,68.87,0.7629,0.7615,57.8828,60.2629,0.00412,0.7299,0.7348,0.1461,AVANZAR
342,17.1,64.35,70.1,64.88,62.62,68.32,65.92,0.7631,0.7619,58.0837,60.4638,0.00412,0.7306,0.7354,0.1461,AVANZAR
343,17.15,66.14,62.08,62.99,70.19,68.73,68.09,0.7994,0.7732,58.2847,60.6648,0.00412,0.7313,0.7412,0.1461,AVANZAR
344,17.2,67.3,68.49,67.26,66.69,66.51,72.33,0.7542,0.7675,58.4856,60.8658,0.00412,0.7371,0.7396,0.1461,AVANZAR
345,17.25,70.32,67.54,68.54,60.5,62.91,64.57,0.7431,0.7602,58.6866,61.0667,0.00412,0.7355,0.7366,0.1461,AVANZAR
346,17.3,56.39,63.37,74.25,69.73,63.03,64.53,0.8579,0.7895,58.8876,61.2677,0.00412,0.7325,0.7508,0.1461,AVANZAR
347,17.35,63.7,59.63,83.97,66.62,70.4,69.53,0.8312,0.802,59.0885,61.4686,0.00412,0.7467,0.759,0.1461,CURVA_IZQUIERDA
348,17.4,67.87,69.65,95.29,63.17,66.75,71.21,0.7447,0.7848,59.145,61.6696,0.002639,0.7564,0.7547,0.1461,CURVA_IZQUIERDA
349,17.45,63.94,67.29,102.45,71.32,68.23,67.44,0.7808,0.7836,59.2078,61.8706,0.002704,0.752,0.7562,0.1461,CURVA_IZQUIERDA
350,17.5,69.75,73.92,111.23,64.43,69.84,63.7,0.7134,0.7625,59.2706,62.0715,0.002704,0.7535,0.7476,0.1461,CURVA_IZQUIERDA
351,17.55,66.44,66.25,120.97,77.53,72.06,67.02,0.7718,0.7653,59.3272,62.2725,0.002639,0.745,0.7489,0.1461,CURVA_IZQUIERDA
352,17.6,70.1,65.81,111.13,63.62,66.76,68.08,0.7542,0.762,59.39,62.4734,0.002704,0.7462,0.7474,0.1461,CURVA_IZQUIERDA
353,17.65,69.31,67.22,122.42,66.12,60.51,65.29,0.7502,0.7584,59.4465,62.6744,0.002639,0.7447,0.7455,0.1461,CURVA_IZQUIERDA
354,17.7,63.72,66.39,124.39,75.92,67.14,63.69,0.7874,0.7671,59.5093,62.8754,0.002704,0.7428,0.7493,0.1461,CURVA_IZQUIERDA
355,17.75,69.48,68.95,133.06,99.04,63.63,71.45,0.7398,0.7589,59.5721,63.0763,0.002704,0.7466,0.7456,0.1461,CURVA_IZQUIERDA
356,17.8,66.5,66.07,134.77,107.89,65.02,59.76,0.7724,0.763,59.6286,63.2773,0.002639,0.743,0.7473,0.1461,CURVA_IZQUIERDA
357,17.85,69.52,62.55,126.36,119.51,69.9,65.33,0.7775,0.7673,59.6914,63.4782,0.002704,0.7446,0.7494,0.1461,CURVA_IZQUIERDA
358,17.9,63.05,69.88,139.45,124.14,64.16,66.0,0.7724,0.7689,59.7479,63.6792,0.002639,0.7468,0.7505,0.1461,CURVA_IZQUIERDA
359,17.95,64.52,65.93,137.73,139.66,67.69,69.35,0.7851,0.7737,59.8107,63.8802,0.002704,0.7478,0.7532,0.1461,CURVA_IZQUIERDA
360,18.0,71.57,63.07,131.28,142.51,68.24,60.64,0.7636,0.7707,59.8735,64.0811,0.002704,0.7505,0.7525,0.1461,CURVA_IZQUIERDA
361,18.05,71.81,70.35,122.92,153.4,66.88,68.26,0.7204,0.7556,59.93,64.2821,0.002639,0.7498,0.7455,0.1461,CURVA_IZQUIERDA
362,18.1,68.72,64.58,118.08,159.98,62.22,66.67,0.7689,0.7596,59.9928,64.483,0.002704,0.7428,0.7466,0.1461,CURVA_IZQUIERDA
363,18.15,62.03,72.76,111.56,173.69,70.24,68.93,0.7645,0.7611,60.0494,64.684,0.002639,0.744,0.747,0.1461,CURVA_IZQUIERDA
364,18.2,64.88,69.01,110.61,175.9,75.17,67.55,0.7656,0.7624,60.1122,64.885,0.002704,0.7443,0.7474,0.1461,CURVA_IZQUIERDA
365,18.25,64.71,66.75,96.46,176.08,66.73,69.52,0.7791,0.7674,60.175,65.0859,0.002704,0.7447,0.7497,0.1461,CURVA_IZQUIERDA
366,18.3,68.9,66.29,82.58,173.09,67.4,67.56,0.7578,0.7645,60.2315,65.2869,0.002639,0.7471,0.7486,0.1461,CURVA_IZQUIERDA
367,18.35,60.85,68.84,67.63,173.42,64.5,75.73,0.7926,0.773,60.2943,65.4878,0.002704,0.7459,0.7528,0.1461,CURVA_IZQUIERDA
368,18.4,65.84,61.4,64.09,175.83,60.96,67.91,0.8057,0.7828,60.3508,65.6888,0.002639,0.7501,0.7582,0.1461,CURVA_IZQUIERDA
369,18.45,64.22,68.97,67.67,166.46,64.48,72.36,0.7698,0.7789,60.4136,65.8898,0.002704,0.7555,0.7576,0.1461,CURVA_IZQUIERDA
370,18.5,66.58,73.27,69.41,162.53,72.83,65.67,0.7339,0.7654,60.4764,66.0907,0.002704,0.7549,0.7518,0.1461,CURVA_IZQUIERDA
371,18.55,64.33,72.0,65.58,143.22,63.55,67.3,0.7535,0.7618,60.5329,66.2917,0.002639,0.7492,0.7498,0.1461,CURVA_IZQUIERDA
372,18.6,71.44,63.77,69.78,143.67,63.14,69.91,0.7598,0.7612,60.5957,66.4926,0.002704,0.7471,0.749,0.1461,CURVA_IZQUIERDA
373,18.65,67.61,61.97,66.16,126.49,66.15,67.26,0.7917,0.7704,60.6522,66.6873,0.002575,0.7464,0.753,0.1461,CURVA_IZQUIERDA
374,18.7,63.48,66.14,67.68,116.73,71.05,63.69,0.7903,0.7764,60.715,66.8883,0.002704,0.7503,0.7562,0.1461,CURVA_IZQUIERDA
375,18.75,67.06,63.68,67.3,108.91,64.32,64.79,0.7837,0.7786,60.7778,67.0892,0.002704,0.7535,0.7579,0.1461,CURVA_IZQUIERDA
376,18.8,68.47,67.43,70.13,103.02,70.33,66.21,0.7536,0.7711,60.8344,67.2902,0.002639,0.7553,0.755,0.1461,CURVA_IZQUIERDA
377,18.85,69.78,69.05,62.68,92.09,65.37,72.5,0.7376,0.761,60.8972,67.4912,0.002704,0.7523,0.7502,0.1461,CURVA_IZQUIERDA
378,18.9,68.56,74.97,66.33,71.97,65.93,66.43,0.7149,0.7472,60.9537,67.6921,0.002639,0.7475,0.7427,0.1461,AVANZAR
379,18.95,69.82,65.48,69.53,68.03,64.03,63.34,0.7576,0.7503,61.1546,67.8931,0.00412,0.7386,0.7414,0.1461,AVANZAR
380,19.0,67.74,75.02,69.75,72.44,68.71,64.06,0.7192,0.741,61.3556,68.094,0.00412,0.7373,0.7346,0.1461,AVANZAR
381,19.05,63.72,65.53,65.16,63.88,68.17,59.62,0.7925,0.7564,61.5566,68.295,0.00412,0.7305,0.7396,0.1461,AVANZAR
382,19.1,70.07,68.49,68.22,67.26,70.02,74.25,0.7391,0.7512,61.7575,68.496,0.00412,0.7354,0.736,0.1461,AVANZAR
383,19.15,65.72,69.72,66.2,68.26,62.86,73.81,0.7567,0.7529,61.9585,68.6969,0.00412,0.7319,0.7355,0.1461,AVANZAR
384,19.2,66.07,71.46,70.05,66.12,60.6,67.78,0.7457,0.7507,62.1594,68.8979,0.00412,0.7314,0.7335,0.1461,AVANZAR
385,19.25,72.49,63.28,69.25,64.97,67.33,66.56,0.7577,0.7528,62.3604,69.0988,0.00412,0.7294,0.7335,0.1461,AVANZAR
386,19.3,72.53,64.82,68.44,68.32,67.21,63.59,0.7479,0.7513,62.5614,69.2998,0.00412,0.7294,0.7321,0.1461,AVANZAR
387,19.35,73.17,64.64,65.81,64.31,63.39,63.76,0.7459,0.7497,62.7623,69.5008,0.00412,0.728,0.7306,0.1461,AVANZAR
388,19.4,65.18,64.87,62.74,72.22,65.89,71.96,0.7874,0.761,62.9633,69.7017,0.00412,0.7265,0.7354,0.1461,AVANZAR
389,19.45,67.9,68.0,63.72,67.81,63.99,66.79,0.7535,0.7588,63.1642,69.9027,0.00412,0.7312,0.7345,0.1461,AVANZAR
390,19.5,66.29,62.91,68.44,67.04,73.9,72.45,0.7931,0.769,63.3652,70.1036,0.00412,0.7304,0.7395,0.1461,AVANZAR
391,19.55,65.2,66.88,68.77,68.29,63.61,62.04,0.7754,0.7709,63.5662,70.3046,0.00412,0.7354,0.7413,0.1461,AVANZAR
392,19.6,66.38,65.77,67.41,67.77,70.34,75.24,0.7749,0.7721,63.7671,70.5056,0.00412,0.7371,0.7426,0.1461,AVANZAR
393,19.65,69.41,66.12,64.39,69.89,61.22,63.72,0.756,0.7673,63.9681,70.7065,0.00412,0.7385,0.7411,0.1461,AVANZAR
394,19.7,65.1,63.69,66.33,67.93,66.15,65.08,0.7951,0.7756,64.169,70.9075,0.00412,0.737,0.7455,0.1461,AVANZAR
395,19.75,67.34,70.5,66.27,66.56,67.33,65.92,0.7433,0.7659,64.37,71.1084,0.00412,0.7413,0.7416,0.1461,AVANZAR
396,19.8,69.02,67.8,62.58,67.63,65.8,66.06,0.7485,0.7607,64.571,71.3094,0.00412,0.7375,0.7391,0.1461,AVANZAR
397,19.85,73.23,64.68,69.31,69.99,67.61,71.52,0.7454,0.7561,64.7719,71.5104,0.00412,0.735,0.7365,0.1461,AVANZAR
398,19.9,69.25,67.44,65.14,73.51,74.3,65.58,0.7493,0.7541,64.9729,71.7113,0.00412,0.7324,0.7349,0.1461,AVANZAR
399,19.95,70.6,64.97,71.99,66.1,68.39,64.52,0.7566,0.7548,65.1738,71.9123,0.00412,0.7307,0.7345,0.1461,AVANZAR
400,20.0,72.88,67.03,66.7,67.44,68.53,72.2,0.7332,0.7483,65.3748,72.1132,0.00412,0.7304,0.7308,0.1461,AVANZAR
401,20.05,67.97,65.93,69.36,67.86,71.25,68.0,0.7649,0.7533,65.5758,72.3142,0.00412,0.7267,0.7323,0.1461,AVANZAR
402,20.1,67.31,69.61,70.21,66.58,62.06,62.94,0.748,0.7517,65.7767,72.5152,0.00412,0.7282,0.7311,0.1461,AVANZAR
403,20.15,63.15,67.47,65.48,63.03,67.32,66.69,0.7848,0.7617,65.9777,72.7161,0.00412,0.7269,0.7354,0.1461,AVANZAR
404,20.2,69.46,62.95,65.81,67.15,63.92,68.28,0.7752,0.7657,66.1786,72.9171,0.00412,0.7313,0.7377,0.1461,AVANZAR
405,20.25,73.07,72.36,70.08,71.15,74.89,67.12,0.7042,0.7473,66.3796,73.118,0.00412,0.7336,0.7293,0.1461,AVANZAR
406,20.3,69.75,60.43,66.39,66.75,69.06,64.81,0.7907,0.7603,66.5806,73.319,0.00412,0.7252,0.7347,0.1461,AVANZAR
407,20.35,71.75,65.71,65.19,68.18,64.06,64.29,0.7464,0.7561,66.7815,73.52,0.00412,0.7306,0.7329,0.1461,AVANZAR
408,20.4,71.48,73.52,70.41,66.09,73.46,66.95,0.7064,0.7412,66.9825,73.7209,0.00412,0.7288,0.7255,0.1461,AVANZAR
409,20.45,68.74,68.99,62.43,72.23,63.01,62.6,0.7435,0.7419,67.1834,73.9219,0.00412,0.7214,0.7246,0.1461,AVANZAR
410,20.5,66.68,66.3,73.05,72.8,65.58,67.92,0.77,0.7503,67.3844,74.1166,0.004055,0.7206,0.7278,0.1461,AVANZAR
411,20.55,67.8,63.87,66.61,64.37,62.38,66.43,0.7784,0.7587,67.5791,74.3175,0.004055,0.7237,0.7317,0.1461,AVANZAR
412,20.6,64.82,66.97,63.84,68.9,68.38,67.49,0.7772,0.7643,67.78,74.5185,0.00412,0.7276,0.7348,0.1461,AVANZAR
413,20.65,69.83,68.39,69.09,66.61,61.2,67.91,0.741,0.7573,67.981,74.7194,0.00412,0.7307,0.7322,0.1461,AVANZAR
414,20.7,62.14,61.63,74.25,65.96,70.31,69.58,0.8274,0.7783,68.182,74.9204,0.00412,0.7281,0.7426,0.1461,AVANZAR
415,20.75,66.7,65.99,70.18,63.38,67.98,67.14,0.7718,0.7763,68.3829,75.1214,0.00412,0.7385,0.7433,0.1461,AVANZAR
416,20.8,67.09,62.21,72.49,63.79,66.78,68.07,0.7931,0.7814,68.5839,75.3223,0.00412,0.7392,0.7471,0.1461,AVANZAR
417,20.85,71.47,66.26,61.82,71.82,72.95,70.33,0.7445,0.7703,68.7848,75.5233,0.00412,0.743,0.7432,0.1461,AVANZAR
418,20.9,60.07,69.9,64.98,65.76,69.39,66.51,0.7924,0.7769,68.9858,75.7242,0.00412,0.7391,0.7469,0.1461,AVANZAR
419,20.95,63.61,65.13,65.46,62.54,68.96,71.43,0.7955,0.7825,69.1868,75.9252,0.00412,0.7428,0.7505,0.1461,AVANZAR
420,21.0,60.58,76.71,62.76,71.25,67.42,60.4,0.7563,0.7746,69.3877,76.1262,0.00412,0.7463,0.7478,0.1461,AVANZAR
421,21.05,67.86,65.25,67.81,68.14,64.41,68.36,0.7696,0.7731,69.5887,76.3271,0.00412,0.7437,0.7475,0.1461,AVANZAR
422,21.1,76.52,66.85,69.63,65.84,67.74,68.8,0.7175,0.7564,69.7896,76.5281,0.00412,0.7433,0.7396,0.1461,AVANZAR
423,21.15,66.76,71.0,61.73,62.84,69.71,65.59,0.744,0.7527,69.9906,76.729,0.00412,0.7354,0.7367,0.1461,AVANZAR
424,21.2,64.49,69.27,70.88,67.73,65.03,70.6,0.7665,0.7569,70.1916,76.93,0.00412,0.7326,0.7375,0.1461,AVANZAR
425,21.25,69.59,68.81,67.79,70.68,66.69,70.57,0.7399,0.7518,70.3925,77.131,0.00412,0.7334,0.7344,0.1461,AVANZAR
426,21.3,68.61,68.8,59.1,69.29,66.33,71.08,0.7452,0.7498,70.5935,77.3319,0.00412,0.7302,0.7324,0.1461,AVANZAR
427,21.35,64.03,70.79,66.12,65.02,66.71,65.18,0.7614,0.7533,70.7944,77.5329,0.00412,0.7283,0.7332,0.1461,AVANZAR
428,21.4,63.52,67.87,67.92,73.54,67.35,65.15,0.7802,0.7614,70.9954,77.7338,0.00412,0.729,0.7365,0.1461,AVANZAR
429,21.45,64.43,74.16,64.3,65.24,68.53,64.24,0.7425,0.7557,71.1964,77.9348,0.00412,0.7324,0.7339,0.1461,AVANZAR
430,21.5,69.28,58.65,62.97,67.97,69.02,70.27,0.806,0.7708,71.3973,78.1358,0.00412,0.7298,0.7409,0.1461,AVANZAR
431,21.55,67.08,66.82,72.25,58.27,65.67,72.2,0.7648,0.769,71.5983,78.3367,0.00412,0.7368,0.7409,0.1461,AVANZAR
432,21.6,61.09,70.31,68.5,60.14,64.92,63.75,0.7832,0.7732,71.7992,78.5377,0.00412,0.7367,0.7435,0.1461,AVANZAR
433,21.65,65.14,66.05,66.86,62.16,65.27,64.95,0.7806,0.7754,72.0002,78.7386,0.00412,0.7394,0.7454,0.1461,AVANZAR
434,21.7,62.57,66.53,63.29,71.44,72.27,68.83,0.7939,0.781,72.2012,78.9396,0.00412,0.7413,0.749,0.1461,AVANZAR
435,21.75,67.14,64.98,66.7,67.89,70.86,66.14,0.7753,0.7793,72.4021,79.1406,0.00412,0.7449,0.7493,0.1461,AVANZAR
436,21.8,70.58,70.18,64.28,64.02,73.47,71.63,0.7275,0.7637,72.6031,79.3415,0.00412,0.7452,0.7426,0.1461,AVANZAR
437,21.85,72.57,67.36,64.56,72.73,65.88,72.72,0.7328,0.7545,72.804,79.5425,0.00412,0.7385,0.7377,0.1461,AVANZAR
438,21.9,60.19,70.86,70.22,63.64,64.48,69.42,0.7866,0.7641,73.005,79.7434,0.00412,0.7335,0.7413,0.1461,AVANZAR
439,21.95,71.46,69.14,66.16,66.26,70.0,67.25,0.7285,0.7534,73.206,79.9444,0.00412,0.7372,0.7359,0.1461,AVANZAR
440,22.0,66.06,65.69,70.44,67.64,65.62,61.29,0.7772,0.7606,73.4069,80.1454,0.00412,0.7318,0.7384,0.1461,AVANZAR
441,22.05,64.23,66.44,70.79,65.38,68.68,66.48,0.7839,0.7676,73.6079,80.3463,0.00412,0.7343,0.7416,0.1461,AVANZAR
442,22.1,66.18,66.5,70.12,67.21,64.54,65.97,0.7718,0.7688,73.8088,80.5473,0.00412,0.7374,0.7425,0.1461,AVANZAR
443,22.15,73.41,67.13,69.26,72.39,66.74,67.37,0.7301,0.7572,74.0098,80.7482,0.00412,0.7383,0.7371,0.1461,AVANZAR
444,22.2,71.3,66.57,57.48,66.6,69.71,64.18,0.7436,0.7531,74.2108,80.9492,0.00412,0.733,0.7346,0.1461,AVANZAR
445,22.25,64.7,62.94,71.4,65.19,69.7,68.43,0.8024,0.7679,74.4117,81.1502,0.00412,0.7304,0.7409,0.1461,AVANZAR
446,22.3,70.99,62.71,66.23,63.82,64.98,66.19,0.7688,0.7682,74.6127,81.3511,0.00412,0.7368,0.7415,0.1461,AVANZAR
447,22.35,65.47,69.26,70.0,67.48,64.76,61.63,0.7606,0.7659,74.8136,81.5458,0.004055,0.7374,0.7408,0.1461,AVANZAR
448,22.4,75.39,64.97,70.99,67.87,66.11,67.6,0.7336,0.7562,75.0083,81.7468,0.004055,0.7368,0.7363,0.1461,AVANZAR
449,22.45,65.69,68.18,67.81,67.21,57.88,71.93,0.7652,0.7589,75.2093,81.9477,0.00412,0.7322,0.737,0.1461,AVANZAR
450,22.5,67.23,70.1,65.4,70.92,71.45,70.81,0.746,0.755,75.4102,82.1487,0.00412,0.7329,0.7348,0.1461,AVANZAR
451,22.55,64.9,62.4,65.69,68.39,66.36,60.9,0.8047,0.7699,75.6112,82.3496,0.00412,0.7307,0.7415,0.1461,AVANZAR
452,22.6,66.85,63.76,67.84,63.93,68.34,62.34,0.7844,0.7743,75.8122,82.5506,0.00412,0.7374,0.7443,0.1461,AVANZAR
453,22.65,68.91,67.65,67.77,66.19,65.56,67.93,0.7499,0.767,76.0131,82.7516,0.00412,0.7401,0.7416,0.1461,AVANZAR
454,22.7,64.96,65.96,67.54,64.85,66.82,69.59,0.7822,0.7715,76.2141,82.9525,0.00412,0.7374,0.744,0.1461,AVANZAR
455,22.75,65.17,64.94,66.15,68.89,72.98,70.24,0.787,0.7762,76.415,83.1535,0.00412,0.7399,0.7468,0.1461,AVANZAR
456,22.8,64.09,67.9,63.51,71.02,67.6,66.14,0.7764,0.7763,76.616,83.3544,0.00412,0.7426,0.7476,0.1461,AVANZAR
457,22.85,65.6,70.28,67.2,66.19,69.57,67.53,0.7545,0.7697,76.817,83.5554,0.00412,0.7435,0.7451,0.1461,AVANZAR
458,22.9,69.57,67.27,64.32,65.82,68.24,61.72,0.7485,0.7634,77.0179,83.7564,0.00412,0.741,0.7421,0.1461,AVANZAR
459,22.95,64.71,65.72,66.12,63.83,68.06,66.71,0.7851,0.7699,77.2189,83.9573,0.00412,0.7379,0.7448,0.1461,AVANZAR
460,23.0,63.08,64.38,70.46,68.31,67.82,67.14,0.8034,0.78,77.4198,84.1583,0.00412,0.7407,0.7499,0.1461,AVANZAR
461,23.05,63.71,66.15,59.56,64.78,62.89,69.18,0.7889,0.7826,77.6208,84.3592,0.00412,0.7458,0.7521,0.1461,AVANZAR
462,23.1,70.16,70.15,70.42,66.23,70.62,71.85,0.7298,0.7668,77.8218,84.5602,0.00412,0.7479,0.7453,0.1461,AVANZAR
463,23.15,69.52,63.47,68.97,65.22,68.06,64.47,0.7716,0.7682,78.0227,84.7612,0.00412,0.7412,0.7456,0.1461,AVANZAR
464,23.2,64.25,64.79,67.24,70.19,64.87,69.46,0.7936,0.7758,78.2237,84.9621,0.00412,0.7415,0.7491,0.1461,AVANZAR
465,23.25,67.15,71.26,66.1,65.84,67.61,67.04,0.7405,0.7652,78.4246,85.1631,0.00412,0.745,0.7443,0.1461,AVANZAR
466,23.3,71.4,71.09,68.4,66.96,64.3,66.93,0.7187,0.7513,78.6256,85.364,0.00412,0.7402,0.7371,0.1461,AVANZAR
467,23.35,61.28,67.42,70.26,59.62,69.41,67.29,0.7974,0.7651,78.8266,85.565,0.00412,0.7329,0.7424,0.1461,AVANZAR
468,23.4,63.78,63.32,67.75,65.47,74.36,72.08,0.8057,0.7773,79.0275,85.766,0.00412,0.7382,0.7481,0.1461,AVANZAR
469,23.45,71.28,68.45,71.41,69.22,70.17,66.43,0.7332,0.7641,79.2285,85.9669,0.00412,0.744,0.7424,0.1461,AVANZAR
470,23.5,60.92,68.83,61.23,74.18,62.55,66.25,0.7922,0.7725,79.4294,86.1679,0.00412,0.7383,0.7462,0.1461,AVANZAR
471,23.55,65.84,64.02,66.84,64.63,63.18,66.68,0.7887,0.7773,79.6304,86.3688,0.00412,0.742,0.7489,0.1461,AVANZAR
472,23.6,62.2,63.95,65.18,71.35,69.74,70.2,0.8119,0.7877,79.8314,86.5698,0.00412,0.7447,0.7545,0.1461,AVANZAR
473,23.65,69.3,65.53,66.46,63.7,64.08,67.52,0.76,0.7794,80.0323,86.7708,0.00412,0.7504,0.7518,0.1461,AVANZAR
474,23.7,59.73,65.66,68.03,69.8,65.21,73.32,0.8185,0.7911,80.2333,86.9717,0.00412,0.7477,0.7581,0.1461,AVANZAR
475,23.75,69.01,65.82,75.63,65.61,69.05,63.45,0.7599,0.7818,80.4342,87.1727,0.00412,0.7539,0.7548,0.1461,AVANZAR
476,23.8,64.27,65.78,67.07,67.75,65.06,69.69,0.7875,0.7835,80.6352,87.3736,0.00412,0.7507,0.7561,0.1461,AVANZAR
477,23.85,71.44,67.55,67.0,66.96,68.09,66.29,0.7373,0.7696,80.8362,87.5746,0.00412,0.7519,0.7498,0.1461,AVANZAR
478,23.9,66.33,68.46,68.89,69.42,70.03,68.95,0.7599,0.7667,81.0371,87.7756,0.00412,0.7457,0.7478,0.1461,AVANZAR
479,23.95,64.45,68.55,64.6,62.38,68.96,70.97,0.7707,0.7679,81.2381,87.9765,0.00412,0.7436,0.7476,0.1461,AVANZAR
480,24.0,68.32,68.62,64.15,68.47,64.71,68.88,0.7477,0.7618,81.439,88.1775,0.00412,0.7435,0.7441,0.1461,AVANZAR
481,24.05,68.38,63.42,72.18,62.24,68.7,71.35,0.778,0.7667,81.64,88.3784,0.00412,0.74,0.7455,0.1461,AVANZAR
482,24.1,65.52,71.35,71.6,60.42,64.85,65.4,0.7496,0.7616,81.841,88.5794,0.00412,0.7414,0.7426,0.1461,AVANZAR
483,24.15,69.87,63.35,68.49,67.6,65.23,62.5,0.7705,0.7642,82.0419,88.7804,0.00412,0.7385,0.7432,0.1461,AVANZAR
484,24.2,63.72,70.24,66.75,67.3,71.59,65.33,0.7662,0.7648,82.2429,88.975,0.004055,0.7391,0.7431,0.1461,AVANZAR
485,24.25,67.05,64.28,64.95,63.61,58.72,66.03,0.78,0.7694,82.4376,89.176,0.004055,0.739,0.745,0.1461,AVANZAR
486,24.3,63.54,68.79,69.4,62.47,65.59,69.7,0.775,0.7711,82.6385,89.377,0.00412,0.7409,0.7459,0.1461,AVANZAR
487,24.35,68.4,67.23,69.98,68.17,73.61,67.72,0.7551,0.7663,82.8395,89.5779,0.00412,0.7418,0.7437,0.1461,AVANZAR
488,24.4,66.85,63.49,59.16,66.47,63.9,67.03,0.7862,0.7722,83.0404,89.7789,0.00412,0.7396,0.7464,0.1461,AVANZAR
489,24.45,66.46,66.28,67.25,68.33,70.75,60.54,0.7714,0.772,83.2414,89.9798,0.00412,0.7423,0.7465,0.1461,AVANZAR
490,24.5,65.93,66.4,69.81,63.81,65.83,68.95,0.7738,0.7725,83.4424,90.1808,0.00412,0.7424,0.747,0.1461,AVANZAR
491,24.55,70.74,68.37,67.6,66.29,70.02,63.91,0.7363,0.7617,83.6433,90.3818,0.00412,0.7429,0.7419,0.1461,AVANZAR
492,24.6,68.66,68.45,64.38,68.79,62.57,68.29,0.7468,0.7572,83.8443,90.5827,0.00412,0.7378,0.7391,0.1461,AVANZAR
493,24.65,63.76,57.73,61.23,67.49,64.7,61.34,0.8449,0.7835,84.0452,90.7837,0.00412,0.735,0.7511,0.1461,AVANZAR
494,24.7,65.48,71.2,70.37,71.06,66.61,67.75,0.7505,0.7736,84.2462,90.9846,0.00412,0.7469,0.7475,0.1461,AVANZAR
495,24.75,63.65,66.2,66.12,67.6,65.99,62.17,0.7889,0.7782,84.4472,91.1856,0.00412,0.7433,0.75,0.1461,AVANZAR
496,24.8,64.44,68.93,71.92,72.01,73.9,61.99,0.7687,0.7753,84.6481,91.3866,0.00412,0.7459,0.7492,0.1461,AVANZAR
497,24.85,65.28,68.15,74.42,68.11,70.37,72.7,0.7678,0.7731,84.8491,91.5875,0.00412,0.7451,0.7484,0.1461,AVANZAR
498,24.9,60.18,67.68,68.2,65.64,70.12,67.15,0.8036,0.7822,85.05,91.7885,0.00412,0.7443,0.753,0.1461,AVANZAR
499,24.95,60.11,73.68,70.74,71.95,68.31,67.96,0.7733,0.7796,85.251,91.9894,0.00412,0.7488,0.7524,0.1461,AVANZAR
500,25.0,72.24,60.78,67.88,63.39,67.7,62.76,0.7755,0.7784,85.452,92.1904,0.00412,0.7483,0.7523,0.1461,AVANZAR
501,25.05,65.73,64.48,68.37,65.81,70.19,66.99,0.7865,0.7808,85.6529,92.3914,0.00412,0.7482,0.7538,0.1461,AVANZAR
502,25.1,67.78,71.46,69.24,71.88,70.62,71.16,0.7359,0.7673,85.8539,92.5923,0.00412,0.7496,0.7476,0.1461,AVANZAR
503,25.15,64.78,65.55,66.31,64.01,73.57,68.15,0.7858,0.7729,86.0548,92.7933,0.00412,0.7435,0.7497,0.1461,AVANZAR
504,25.2,64.87,68.9,70.85,65.69,67.97,69.48,0.7661,0.7708,86.2558,92.9942,0.00412,0.7456,0.7486,0.1461,AVANZAR
505,25.25,68.7,64.74,62.34,70.54,67.64,69.04,0.7681,0.77,86.4568,93.1952,0.00412,0.7445,0.7479,0.1461,AVANZAR
506,25.3,69.5,69.32,65.06,64.77,73.77,69.42,0.7376,0.7603,86.6577,93.3962,0.00412,0.7438,0.7429,0.1461,AVANZAR
507,25.35,67.62,71.62,69.18,67.37,67.04,63.55,0.736,0.753,86.8587,93.5971,0.00412,0.7388,0.7384,0.1461,AVANZAR
508,25.4,68.57,67.74,67.71,65.2,68.18,65.75,0.7512,0.7525,87.0596,93.7981,0.00412,0.7342,0.7367,0.1461,AVANZAR
509,25.45,63.26,68.06,71.05,64.23,64.73,77.03,0.7809,0.761,87.2606,93.999,0.00412,0.7326,0.7397,0.1461,AVANZAR
510,25.5,63.27,68.49,65.35,68.27,63.94,66.18,0.7784,0.7662,87.4616,94.2,0.00412,0.7355,0.7418,0.1461,AVANZAR
511,25.55,67.31,68.17,65.25,67.18,73.46,61.23,0.7559,0.7631,87.6625,94.401,0.00412,0.7377,0.7403,0.1461,AVANZAR
512,25.6,69.53,62.66,69.17,71.35,66.46,69.69,0.7768,0.7672,87.8635,94.6019,0.00412,0.7362,0.7421,0.1461,AVANZAR
513,25.65,70.57,59.54,69.36,71.66,67.32,61.51,0.7927,0.7749,88.0644,94.8029,0.00412,0.738,0.746,0.1461,AVANZAR
514,25.7,69.01,69.32,64.94,61.52,63.83,59.82,0.7402,0.7645,88.2654,95.0038,0.00412,0.7419,0.7417,0.1461,AVANZAR
515,25.75,71.47,66.36,69.87,61.68,65.08,67.04,0.7439,0.7583,88.4664,95.2048,0.00412,0.7375,0.7385,0.1461,AVANZAR
516,25.8,70.77,64.91,64.46,74.0,70.17,67.83,0.7562,0.7577,88.6673,95.4058,0.00412,0.7344,0.7375,0.1461,AVANZAR
517,25.85,67.48,65.62,65.37,61.47,69.88,69.25,0.7695,0.7612,88.8683,95.6067,0.00412,0.7334,0.7387,0.1461,AVANZAR
518,25.9,67.17,69.08,63.73,69.86,65.09,63.02,0.7517,0.7584,89.0692,95.8077,0.00412,0.7346,0.7371,0.1461,AVANZAR
519,25.95,68.27,67.8,72.26,72.73,70.73,71.81,0.7526,0.7566,89.2702,96.0086,0.00412,0.733,0.7358,0.1461,AVANZAR
520,26.0,68.56,64.12,65.9,63.75,67.19,66.84,0.7726,0.7614,89.4712,96.2096,0.00412,0.7317,0.7377,0.1461,AVANZAR
521,26.05,67.45,69.14,61.09,65.24,64.81,71.45,0.7498,0.7579,89.6721,96.4106,0.00412,0.7336,0.7359,0.1461,AVANZAR
522,26.1,71.28,62.62,77.72,65.33,70.66,66.55,0.7679,0.7609,89.8668,96.6052,0.003991,0.7319,0.7372,0.1461,AVANZAR
523,26.15,67.92,67.17,69.31,66.25,66.34,76.45,0.758,0.7601,90.0678,96.8062,0.00412,0.7331,0.7367,0.1461,AVANZAR
524,26.2,59.86,70.5,60.39,69.57,67.81,66.28,0.7908,0.7693,90.2687,97.0072,0.00412,0.7326,0.7411,0.1461,AVANZAR
525,26.25,68.82,73.36,68.8,65.64,65.22,66.89,0.721,0.7548,90.4697,97.2081,0.00412,0.737,0.7346,0.1461,AVANZAR
526,26.3,68.69,69.02,64.74,65.14,71.56,68.26,0.7436,0.7514,90.6706,97.4091,0.00412,0.7305,0.7324,0.1461,AVANZAR
527,26.35,69.03,65.37,66.48,63.6,57.99,71.08,0.7625,0.7547,90.8716,97.61,0.00412,0.7283,0.7333,0.1461,AVANZAR
528,26.4,68.44,68.87,67.9,62.79,68.21,62.48,0.7457,0.752,91.0726,97.811,0.00412,0.7292,0.7316,0.1461,AVANZAR
529,26.45,66.63,69.05,71.68,64.04,67.54,71.69,0.7549,0.7529,91.2735,98.012,0.00412,0.7275,0.7315,0.1461,AVANZAR
530,26.5,71.38,70.97,61.98,61.89,65.17,71.76,0.7194,0.7429,91.4745,98.2129,0.00412,0.7274,0.7262,0.1461,AVANZAR
531,26.55,61.31,68.44,64.74,68.18,67.28,70.19,0.7916,0.7575,91.6754,98.4139,0.00412,0.7221,0.7322,0.1461,AVANZAR
532,26.6,71.31,65.62,72.92,69.55,61.03,67.87,0.7491,0.755,91.8764,98.6148,0.00412,0.7281,0.7312,0.1461,AVANZAR
533,26.65,62.08,63.23,68.54,68.82,67.52,65.99,0.8172,0.7736,92.0774,98.8158,0.00412,0.7271,0.7402,0.1461,AVANZAR
534,26.7,65.67,67.17,72.46,67.09,69.19,73.33,0.771,0.7728,92.2783,99.0168,0.00412,0.7361,0.7412,0.1461,AVANZAR
535,26.75,74.15,65.81,68.86,68.46,61.53,70.94,0.7343,0.7613,92.4793,99.2177,0.00412,0.7371,0.7367,0.1461,AVANZAR
536,26.8,69.81,70.95,69.33,64.97,68.42,65.0,0.7276,0.7512,92.6802,99.4187,0.00412,0.7326,0.7318,0.1461,AVANZAR
537,26.85,69.22,66.09,65.45,69.06,65.84,71.02,0.7572,0.753,92.8812,99.6196,0.00412,0.7277,0.732,0.1461,AVANZAR
538,26.9,66.42,66.33,65.26,65.7,68.0,68.61,0.7714,0.7585,93.0822,99.8206,0.00412,0.7279,0.7343,0.1461,AVANZAR
539,26.95,63.68,66.89,66.34,69.73,60.07,68.83,0.7848,0.7664,93.2831,100.0216,0.00412,0.7301,0.7381,0.1461,AVANZAR
540,27.0,70.78,66.98,67.85,68.72,63.01,67.39,0.7439,0.7596,93.4841,100.2225,0.00412,0.734,0.7354,0.1461,AVANZAR
541,27.05,67.43,68.66,64.56,64.39,70.48,59.68,0.7525,0.7575,93.685,100.4235,0.00412,0.7313,0.7344,0.1461,AVANZAR
542,27.1,66.57,66.2,65.31,65.67,71.86,62.17,0.7713,0.7616,93.886,100.6244,0.00412,0.7303,0.7363,0.1461,AVANZAR
543,27.15,69.6,62.16,59.56,68.09,64.88,68.79,0.7797,0.767,94.087,100.8254,0.00412,0.7322,0.7391,0.1461,AVANZAR
544,27.2,67.04,66.85,62.11,71.09,65.81,65.63,0.7648,0.7664,94.2879,101.0264,0.00412,0.735,0.7393,0.1461,AVANZAR
545,27.25,64.21,68.31,67.82,65.1,61.24,67.77,0.7734,0.7685,94.4889,101.2273,0.00412,0.7352,0.7408,0.1461,AVANZAR
546,27.3,65.08,66.55,69.88,70.52,70.9,67.66,0.7781,0.7714,94.6898,101.4283,0.00412,0.7367,0.7427,0.1461,AVANZAR
547,27.35,62.52,68.03,67.08,62.03,66.64,71.28,0.7858,0.7757,94.8908,101.6292,0.00412,0.7386,0.7455,0.1461,AVANZAR
548,27.4,63.65,66.5,67.17,64.7,67.1,64.39,0.7871,0.7791,95.0918,101.8302,0.00412,0.7414,0.7481,0.1461,AVANZAR
549,27.45,66.75,68.91,72.2,66.45,68.96,69.91,0.7551,0.7719,95.2927,102.0312,0.00412,0.7439,0.7456,0.1461,AVANZAR
550,27.5,62.95,69.21,70.86,67.14,71.04,66.73,0.7766,0.7733,95.4937,102.2321,0.00412,0.7414,0.7466,0.1461,AVANZAR
551,27.55,63.57,66.44,67.45,70.44,71.67,67.16,0.7881,0.7777,95.6946,102.4331,0.00412,0.7425,0.7491,0.1461,AVANZAR
552,27.6,67.51,60.31,69.5,71.64,69.27,68.59,0.8036,0.7855,95.8956,102.634,0.00412,0.745,0.7536,0.1461,AVANZAR
553,27.65,68.27,74.11,65.47,62.85,69.56,65.91,0.7204,0.766,96.0966,102.835,0.00412,0.7494,0.7452,0.1461,AVANZAR
554,27.7,67.09,65.45,62.74,59.25,64.62,63.15,0.7727,0.768,96.2975,103.036,0.00412,0.7411,0.7457,0.1461,AVANZAR
555,27.75,62.8,67.88,73.15,70.34,67.51,71.08,0.7848,0.773,96.4985,103.2369,0.00412,0.7416,0.7479,0.1461,AVANZAR
556,27.8,67.6,65.11,61.87,73.15,63.79,67.28,0.7719,0.7727,96.6994,103.4379,0.00412,0.7438,0.7479,0.1461,AVANZAR
557,27.85,67.27,69.85,63.91,72.31,62.07,66.02,0.7471,0.765,96.9004,103.6388,0.00412,0.7438,0.7442,0.1461,AVANZAR
558,27.9,64.19,65.06,65.33,70.21,64.1,66.37,0.7923,0.7732,97.1014,103.8398,0.00412,0.7401,0.7477,0.1461,AVANZAR
559,27.95,67.34,64.76,68.16,67.09,67.52,71.08,0.7755,0.7739,97.3023,104.0345,0.004055,0.7437,0.7483,0.1461,AVANZAR
560,28.0,70.12,62.66,69.98,69.95,68.77,66.96,0.7736,0.7738,97.497,104.2354,0.004055,0.7443,0.7486,0.1461,AVANZAR
561,28.05,66.81,67.73,68.09,64.73,68.27,67.51,0.7611,0.77,97.698,104.4364,0.00412,0.7444,0.7469,0.1461,AVANZAR
562,28.1,69.21,68.07,60.53,70.85,67.17,69.31,0.746,0.7628,97.8989,104.6374,0.00412,0.7428,0.7432,0.1461,AVANZAR
563,28.15,69.54,68.85,71.92,66.73,69.45,67.04,0.7399,0.7559,98.0999,104.8383,0.00412,0.7391,0.7392,0.1461,AVANZAR
564,28.2,68.04,65.27,69.87,69.73,67.31,69.02,0.7685,0.7597,98.3008,105.0393,0.00412,0.7351,0.74,0.1461,AVANZAR
565,28.25,69.8,72.41,62.06,66.55,59.87,69.49,0.7203,0.7479,98.5018,105.2402,0.00412,0.7359,0.7336,0.1461,AVANZAR
566,28.3,68.47,66.05,63.37,69.08,64.23,66.99,0.7615,0.752,98.7028,105.4412,0.00412,0.7295,0.7342,0.1461,AVANZAR
567,28.35,64.22,62.09,74.18,65.09,66.04,65.91,0.8109,0.7696,98.9037,105.6422,0.00412,0.73,0.7418,0.1461,AVANZAR
568,28.4,69.34,66.0,59.08,63.93,71.59,62.83,0.757,0.7659,99.1047,105.8431,0.00412,0.7377,0.7406,0.1461,AVANZAR
569,28.45,69.27,68.41,70.54,61.48,69.9,67.07,0.7438,0.7592,99.3056,106.0441,0.00412,0.7364,0.7375,0.1461,AVANZAR
570,28.5,68.45,77.23,72.44,64.27,66.25,64.01,0.7055,0.7431,99.5066,106.245,0.00412,0.7334,0.7293,0.1461,AVANZAR
571,28.55,63.52,69.23,68.17,70.86,65.74,69.51,0.7728,0.752,99.7076,106.446,0.00412,0.7252,0.7321,0.1461,AVANZAR
572,28.6,66.54,66.47,70.92,67.18,64.64,72.43,0.7699,0.7574,99.9085,106.647,0.00412,0.728,0.7341,0.1461,AVANZAR
573,28.65,73.13,70.04,71.76,72.41,63.56,68.04,0.7156,0.7448,100.1095,106.8479,0.00412,0.73,0.7279,0.1461,AVANZAR
574,28.7,70.38,60.07,66.68,68.29,64.57,61.08,0.7899,0.7584,100.3104,107.0489,0.00412,0.7238,0.7334,0.1461,AVANZAR
575,28.75,74.52,66.8,63.32,67.42,66.65,69.12,0.7267,0.7489,100.5114,107.2498,0.00412,0.7293,0.7289,0.1461,AVANZAR
576,28.8,69.67,68.73,72.15,70.55,67.34,67.61,0.7399,0.7462,100.7124,107.4508,0.00412,0.7248,0.727,0.1461,AVANZAR
577,28.85,71.07,68.12,65.53,62.96,72.61,66.5,0.736,0.7431,100.9133,107.6518,0.00412,0.7229,0.7248,0.1461,AVANZAR
578,28.9,66.05,63.91,68.51,64.56,69.76,72.34,0.7882,0.7566,101.1143,107.8527,0.00412,0.7207,0.7306,0.1461,AVANZAR
579,28.95,63.06,72.18,67.33,68.55,67.82,68.71,0.7606,0.7578,101.3152,108.0537,0.00412,0.7264,0.7314,0.1461,AVANZAR
580,29.0,66.87,64.67,73.84,72.01,62.1,75.86,0.7787,0.7641,101.5162,108.2546,0.00412,0.7273,0.7348,0.1461,AVANZAR
581,29.05,70.23,70.57,70.14,67.46,67.49,64.93,0.7273,0.753,101.7172,108.4556,0.00412,0.7307,0.7302,0.1461,AVANZAR
582,29.1,67.61,70.47,66.25,66.71,67.56,63.62,0.7419,0.7497,101.9181,108.6566,0.00412,0.7261,0.7284,0.1461,AVANZAR
583,29.15,68.33,64.09,71.67,66.31,64.56,74.97,0.7741,0.757,102.1191,108.8575,0.00412,0.7243,0.7316,0.1461,AVANZAR
584,29.2,66.81,73.02,73.26,68.68,70.79,64.42,0.7338,0.75,102.32,109.0585,0.00412,0.7274,0.7284,0.1461,AVANZAR
585,29.25,68.85,60.96,66.11,61.06,67.26,62.68,0.7918,0.7626,102.521,109.2594,0.00412,0.7242,0.7341,0.1461,AVANZAR
586,29.3,65.76,66.21,63.08,65.67,64.47,92.97,0.7759,0.7666,102.722,109.4604,0.00412,0.73,0.7367,0.1461,CURVA_DERECHA
587,29.35,68.92,66.97,71.08,69.58,66.08,111.25,0.7537,0.7627,102.9229,109.5169,0.002639,0.7341,0.7369,0.1461,CURVA_DERECHA
588,29.4,62.1,63.66,65.64,67.91,65.53,65.08,0.8144,0.7782,103.1239,109.5797,0.002704,0.7342,0.7459,0.1461,AVANZAR
589,29.45,70.79,65.64,71.38,65.52,64.62,65.27,0.7516,0.7702,103.3248,109.7807,0.00412,0.7418,0.7433,0.1461,AVANZAR
590,29.5,63.45,66.71,61.46,69.48,66.03,67.14,0.7873,0.7753,103.5258,109.9816,0.00412,0.7391,0.7462,0.1461,AVANZAR
591,29.55,68.71,66.53,70.89,68.15,89.54,66.07,0.7573,0.7699,103.7268,110.1826,0.00412,0.742,0.7443,0.1461,CURVA_DERECHA
592,29.6,70.77,67.2,64.74,70.19,121.31,60.98,0.7427,0.7618,103.9277,110.2391,0.002639,0.7416,0.7418,0.1461,CURVA_DERECHA
593,29.65,62.87,72.02,69.02,60.91,138.45,72.25,0.7626,0.762,104.1287,110.3019,0.002704,0.7391,0.7425,0.1461,CURVA_DERECHA
594,29.7,64.98,67.59,70.45,66.61,175.98,71.91,0.7727,0.7652,104.3296,110.3647,0.002704,0.7398,0.7446,0.1461,CURVA_DERECHA
595,29.75,66.27,65.31,66.31,66.17,211.28,69.38,0.7783,0.7691,104.5306,110.4212,0.002639,0.742,0.7473,0.1461,CURVA_DERECHA
596,29.8,66.77,71.48,68.05,64.62,66.64,67.68,0.7415,0.7609,104.7253,110.484,0.002639,0.7447,0.7442,0.1461,AVANZAR
597,29.85,64.2,67.6,66.7,66.3,67.53,66.5,0.7774,0.7658,104.9262,110.685,0.00412,0.7401,0.7455,0.1461,AVANZAR
598,29.9,64.72,68.45,66.09,60.74,66.67,69.35,0.7695,0.7669,105.1272,110.886,0.00412,0.7414,0.7455,0.1461,AVANZAR
599,29.95,65.64,64.94,64.76,66.71,58.26,62.8,0.7842,0.7721,105.3282,111.0869,0.00412,0.7414,0.7477,0.1461,AVANZAR
600,30.0,63.41,66.19,68.27,67.81,65.07,68.14,0.7905,0.7776,105.5291,111.2879,0.00412,0.7435,0.7504,0.1461,AVANZAR
601,30.05,67.19,63.26,68.11,68.35,64.97,69.21,0.7857,0.78,105.7301,111.4888,0.00412,0.7463,0.752,0.1461,AVANZAR
602,30.1,63.96,70.29,68.48,70.36,66.82,68.64,0.7644,0.7754,105.931,111.6898,0.00412,0.7479,0.7503,0.1461,AVANZAR
603,30.15,63.09,68.43,66.19,67.49,67.35,66.8,0.7799,0.7767,106.132,111.8908,0.00412,0.7462,0.7511,0.1461,AVANZAR
604,30.2,65.38,63.64,73.45,63.58,66.68,68.95,0.7938,0.7818,106.333,112.0917,0.00412,0.747,0.7538,0.1461,AVANZAR
605,30.25,69.63,69.4,68.49,63.1,67.96,70.96,0.7365,0.7682,106.5339,112.2927,0.00412,0.7497,0.7478,0.1461,AVANZAR
606,30.3,71.0,73.73,64.24,61.24,75.42,68.85,0.7078,0.7501,106.7349,112.4936,0.00412,0.7437,0.7384,0.1461,AVANZAR
607,30.35,67.28,69.27,66.33,66.51,67.88,67.75,0.75,0.7501,106.9358,112.6946,0.00412,0.7343,0.7366,0.1461,AVANZAR
608,30.4,69.9,66.24,62.2,65.67,65.92,68.32,0.7527,0.7509,107.1368,112.8956,0.00412,0.7325,0.7354,0.1461,AVANZAR
609,30.45,67.17,68.5,64.19,70.1,62.92,66.79,0.7549,0.7521,107.3378,113.0965,0.00412,0.7313,0.7348,0.1461,AVANZAR
610,30.5,62.22,69.79,65.56,68.09,65.79,69.45,0.7782,0.7599,107.5387,113.2912,0.004055,0.7307,0.7377,0.1461,AVANZAR
611,30.55,70.68,70.83,60.48,68.77,66.2,71.21,0.7236,0.749,107.7397,113.4922,0.00412,0.7335,0.7321,0.1461,AVANZAR
612,30.6,69.72,72.79,66.91,70.78,67.8,66.82,0.7188,0.74,107.9406,113.6931,0.00412,0.728,0.7266,0.1461,AVANZAR
613,30.65,68.72,67.3,69.2,70.41,66.74,62.31,0.7529,0.7438,108.1416,113.8941,0.00412,0.7225,0.7269,0.1461,AVANZAR
614,30.7,70.03,68.75,65.2,62.14,63.8,66.17,0.7379,0.7421,108.3426,114.095,0.00412,0.7228,0.725,0.1461,AVANZAR
615,30.75,70.51,64.82,72.43,64.26,64.36,74.44,0.758,0.7469,108.5435,114.296,0.00412,0.7209,0.7263,0.1461,AVANZAR
616,30.8,71.09,65.62,61.91,66.14,71.53,66.33,0.7502,0.7479,108.7445,114.497,0.00412,0.7222,0.7263,0.1461,AVANZAR
617,30.85,72.17,65.5,69.19,69.21,67.26,69.55,0.7455,0.7472,108.9454,114.6979,0.00412,0.7222,0.7256,0.1461,AVANZAR
618,30.9,59.95,69.47,64.4,66.15,69.78,62.78,0.7955,0.7617,109.1464,114.8989,0.00412,0.7215,0.7323,0.1461,AVANZAR
619,30.95,67.56,71.96,71.89,61.92,71.36,60.83,0.7347,0.7536,109.3474,115.0998,0.00412,0.7282,0.7291,0.1461,AVANZAR
620,31.0,71.2,69.36,74.45,65.16,63.89,65.34,0.7286,0.7461,109.5483,115.3008,0.00412,0.725,0.7255,0.1461,AVANZAR
621,31.05,72.26,64.24,70.94,71.1,66.4,68.89,0.7528,0.7481,109.7493,115.5018,0.00412,0.7214,0.726,0.1461,AVANZAR
622,31.1,66.96,68.35,70.49,66.9,61.59,62.23,0.7568,0.7507,109.9502,115.7027,0.00412,0.7219,0.727,0.1461,AVANZAR
623,31.15,67.87,65.96,61.9,65.97,63.83,66.68,0.7653,0.7551,110.1512,115.9037,0.00412,0.7229,0.7291,0.1461,AVANZAR
624,31.2,69.01,70.04,69.1,65.06,68.6,70.05,0.7365,0.7495,110.3522,116.1046,0.00412,0.725,0.7266,0.1461,AVANZAR
625,31.25,65.79,66.23,64.98,69.53,64.72,73.03,0.7757,0.7574,110.5531,116.3056,0.00412,0.7225,0.7303,0.1461,AVANZAR
626,31.3,68.93,69.59,65.95,66.94,68.4,65.35,0.7392,0.7519,110.7541,116.5066,0.00412,0.7262,0.7281,0.1461,AVANZAR
627,31.35,67.17,62.57,64.86,71.47,68.66,70.28,0.7903,0.7634,110.955,116.7075,0.00412,0.724,0.7336,0.1461,AVANZAR
628,31.4,67.36,62.65,66.58,69.55,66.44,65.51,0.7887,0.771,111.156,116.9085,0.00412,0.7295,0.7382,0.1461,AVANZAR
629,31.45,68.79,67.52,60.42,70.02,71.59,64.43,0.7513,0.7651,111.357,117.1094,0.00412,0.7341,0.7366,0.1461,AVANZAR
630,31.5,70.16,69.78,68.55,65.66,63.41,72.23,0.7318,0.7551,111.5579,117.3104,0.00412,0.7325,0.7324,0.1461,AVANZAR
631,31.55,63.66,68.32,66.58,69.01,65.2,68.61,0.7769,0.7616,111.7589,117.5114,0.00412,0.7282,0.7353,0.1461,AVANZAR
632,31.6,70.39,63.17,68.56,67.35,70.94,67.61,0.7689,0.7638,111.9598,117.7123,0.00412,0.7312,0.7367,0.1461,AVANZAR
633,31.65,63.4,71.82,65.35,71.6,70.1,69.46,0.7603,0.7628,112.1545,117.9133,0.004055,0.7327,0.7367,0.1461,AVANZAR
634,31.7,67.82,67.52,67.94,71.53,63.69,70.44,0.7566,0.7609,112.3555,118.1142,0.00412,0.7326,0.7361,0.1461,AVANZAR
635,31.75,63.3,63.82,72.16,76.89,61.21,67.95,0.8055,0.7743,112.5564,118.3152,0.00412,0.732,0.7427,0.1461,AVANZAR
636,31.8,68.62,68.83,69.36,66.02,70.35,63.58,0.745,0.7655,112.7574,118.5162,0.00412,0.7386,0.7395,0.1461,AVANZAR
637,31.85,72.8,62.82,69.08,56.82,66.9,66.33,0.7592,0.7636,112.9584,118.7171,0.00412,0.7354,0.7389,0.1461,AVANZAR
638,31.9,65.14,65.68,64.04,67.77,66.65,70.2,0.7828,0.7694,113.1593,118.9181,0.00412,0.7348,0.7418,0.1461,AVANZAR
639,31.95,64.34,68.48,69.14,66.97,63.46,72.09,0.7717,0.7701,113.3603,119.119,0.00412,0.7377,0.7426,0.1461,AVANZAR
640,32.0,68.19,62.63,64.76,70.72,67.02,66.05,0.7841,0.7743,113.5612,119.32,0.00412,0.7385,0.7452,0.1461,AVANZAR
641,32.05,65.51,61.88,76.97,68.82,64.13,66.21,0.8045,0.7834,113.7622,119.521,0.00412,0.7411,0.7503,0.1461,AVANZAR
642,32.1,72.29,74.65,69.91,66.96,66.74,66.69,0.6971,0.7575,113.9632,119.7219,0.00412,0.7462,0.739,0.1461,AVANZAR
643,32.15,66.56,61.75,65.27,62.33,62.39,62.16,0.7992,0.77,114.1641,119.9229,0.00412,0.7349,0.7443,0.1461,AVANZAR
644,32.2,67.33,67.84,62.26,67.0,61.77,65.45,0.7576,0.7663,114.3651,120.1238,0.00412,0.7402,0.7427,0.1461,AVANZAR
645,32.25,64.22,75.02,67.06,72.35,64.29,67.67,0.7399,0.7583,114.566,120.3248,0.00412,0.7386,0.7388,0.1461,AVANZAR
646,32.3,68.98,70.6,68.45,70.43,69.29,69.25,0.7337,0.751,114.767,120.5258,0.00412,0.7347,0.7345,0.1461,AVANZAR
647,32.35,66.71,66.64,62.15,65.66,71.43,70.05,0.7679,0.756,114.968,120.7204,0.004055,0.7305,0.7359,0.1461,AVANZAR
648,32.4,66.55,66.7,67.6,66.87,63.89,71.23,0.7685,0.7598,115.1689,120.9214,0.00412,0.7318,0.7372,0.1461,AVANZAR
649,32.45,64.49,71.62,61.91,63.94,65.84,69.43,0.7544,0.7582,115.3699,121.1224,0.00412,0.7331,0.7362,0.1461,AVANZAR
650,32.5,62.97,66.04,70.92,69.89,66.9,73.56,0.7942,0.769,115.5708,121.3233,0.00412,0.7321,0.7411,0.1461,AVANZAR
651,32.55,68.66,73.04,62.62,61.48,66.95,69.99,0.7234,0.7553,115.7718,121.5243,0.00412,0.737,0.735,0.1461,AVANZAR
652,32.6,88.04,60.12,67.93,64.39,70.1,64.22,0.7166,0.7437,115.9728,121.7252,0.00412,0.7309,0.7288,0.1461,AVANZAR
653,32.65,106.31,68.57,66.58,61.92,68.95,63.78,0.6142,0.7048,116.1737,121.9262,0.00412,0.7247,0.7085,0.1461,AVANZAR
654,32.7,115.75,63.13,74.91,69.26,68.05,59.79,0.6267,0.6814,116.3747,122.1272,0.00412,0.7044,0.6931,0.1461,AVANZAR
655,32.75,126.37,83.34,94.16,65.61,65.49,66.4,0.5098,0.6299,116.5756,122.3281,0.00412,0.689,0.6628,0.1461,CURVA_IZQUIERDA
656,32.8,140.71,93.45,118.35,69.65,65.69,67.89,0.4559,0.5777,116.6322,122.5291,0.002639,0.6601,0.6303,0.1461,CURVA_IZQUIERDA
657,32.85,157.61,91.57,118.96,72.13,67.23,67.63,0.442,0.537,116.695,122.73,0.002704,0.6276,0.6005,0.1461,CURVA_IZQUIERDA
658,32.9,157.33,80.05,146.62,70.61,69.58,66.55,0.4825,0.5206,116.7578,122.931,0.002704,0.5978,0.5809,0.1461,GIRAR_IZQUIERDA
659,32.95,155.72,69.07,172.22,70.15,66.21,70.12,0.535,0.525,116.5945,123.0943,0.0,0.5809,0.5742,0.1461,GIRAR_IZQUIERDA
660,33.0,139.57,68.04,175.94,66.53,67.26,67.48,0.5597,0.5354,116.4375,123.2513,-0.0,0.5742,0.5721,0.1461,GIRAR_IZQUIERDA
661,33.05,128.03,66.28,188.43,72.44,67.78,65.76,0.5862,0.5506,116.2742,123.4146,0.0,0.5721,0.5742,0.1461,GIRAR_IZQUIERDA
662,33.1,119.69,69.71,189.54,87.6,68.1,64.75,0.5811,0.5598,116.1172,123.5716,0.0,0.5742,0.5752,0.1461,GIRAR_IZQUIERDA
663,33.15,100.74,72.06,183.82,105.97,68.51,63.75,0.6094,0.5747,115.9539,123.7286,-6.4e-05,0.5752,0.5802,0.1461,GIRAR_IZQUIERDA
664,33.2,71.04,62.86,170.07,121.88,64.93,62.37,0.7676,0.6325,115.7969,123.8918,6.4e-05,0.5802,0.6075,0.1461,CURVA_IZQUIERDA
665,33.25,68.26,69.21,161.81,142.23,65.95,61.22,0.7449,0.6662,115.8597,124.0928,0.002704,0.6048,0.6253,0.1461,CURVA_IZQUIERDA
666,33.3,66.73,67.19,172.39,152.73,69.33,68.39,0.7646,0.6958,115.9162,124.2938,0.002639,0.6227,0.6434,0.1461,CURVA_IZQUIERDA
667,33.35,66.88,69.59,176.18,155.49,69.68,68.05,0.7507,0.7122,115.979,124.4947,0.002704,0.6407,0.6568,0.1461,CURVA_IZQUIERDA
668,33.4,62.83,69.26,176.31,176.39,71.11,63.34,0.7771,0.7317,116.0356,124.6957,0.002639,0.6541,0.6721,0.1461,CURVA_IZQUIERDA
669,33.45,69.11,71.12,163.72,194.44,64.17,68.73,0.7304,0.7313,116.0984,124.8966,0.002704,0.6694,0.6783,0.1461,CURVA_IZQUIERDA
670,33.5,64.9,67.58,146.74,210.81,71.19,70.64,0.7733,0.7439,116.1612,125.0976,0.002704,0.6756,0.6899,0.1461,CURVA_IZQUIERDA
671,33.55,69.53,65.98,136.56,214.27,67.91,66.12,0.7562,0.7476,116.2177,125.2986,0.002639,0.6872,0.6973,0.1461,CURVA_IZQUIERDA
672,33.6,62.85,66.55,129.31,219.29,66.85,72.24,0.792,0.7609,116.2805,125.4995,0.002704,0.6946,0.7088,0.1461,CURVA_IZQUIERDA
673,33.65,65.87,70.09,116.55,223.37,71.51,70.77,0.7539,0.7588,116.337,125.7005,0.002639,0.7062,0.7132,0.1461,CURVA_IZQUIERDA
674,33.7,67.32,60.57,107.8,235.47,68.53,68.9,0.8029,0.772,116.3998,125.9014,0.002704,0.7105,0.724,0.1461,CURVA_IZQUIERDA
675,33.75,67.26,70.39,92.52,230.16,62.53,67.9,0.7443,0.7637,116.4626,126.1024,0.002704,0.7213,0.7246,0.1461,CURVA_IZQUIERDA
676,33.8,71.75,63.92,70.76,216.46,65.23,69.84,0.7573,0.7618,116.5191,126.3034,0.002639,0.722,0.7272,0.1461,CURVA_IZQUIERDA
677,33.85,72.38,66.95,68.11,210.49,71.53,68.99,0.7361,0.7541,116.5819,126.5043,0.002704,0.7244,0.7261,0.1461,CURVA_IZQUIERDA
678,33.9,68.98,61.28,66.94,206.88,71.29,66.81,0.7889,0.7645,116.6384,126.7053,0.002639,0.7235,0.7331,0.1461,CURVA_IZQUIERDA
679,33.95,65.32,66.98,69.54,190.74,69.62,73.46,0.7741,0.7674,116.7012,126.9062,0.002704,0.7304,0.7368,0.1461,CURVA_IZQUIERDA
680,34.0,64.24,63.49,67.4,165.56,63.05,71.27,0.8017,0.7777,116.764,127.1072,0.002704,0.7341,0.7439,0.1461,CURVA_IZQUIERDA
681,34.05,72.14,67.35,71.77,153.41,66.08,69.04,0.735,0.7649,116.8206,127.3019,0.002575,0.7414,0.7404,0.1461,CURVA_IZQUIERDA
682,34.1,69.22,70.07,68.22,136.97,72.67,66.82,0.7352,0.756,116.8834,127.5028,0.002704,0.7377,0.7374,0.1461,CURVA_IZQUIERDA
683,34.15,67.41,74.01,68.81,131.95,69.75,66.19,0.7257,0.7469,116.9399,127.7038,0.002639,0.7347,0.7334,0.1461,CURVA_IZQUIERDA
684,34.2,65.06,69.85,62.2,120.01,75.73,68.01,0.76,0.7508,117.0027,127.9048,0.002704,0.7307,0.735,0.1461,CURVA_IZQUIERDA
685,34.25,65.6,63.72,60.52,105.35,74.06,60.6,0.792,0.7632,117.0655,128.1057,0.002704,0.7323,0.741,0.1461,CURVA_IZQUIERDA
686,34.3,70.3,62.68,65.79,87.4,65.59,65.71,0.7725,0.766,117.122,128.3067,0.002639,0.7384,0.7434,0.1461,CURVA_IZQUIERDA
687,34.35,68.33,70.88,58.49,71.18,62.2,62.71,0.7358,0.7569,117.1848,128.5076,0.002704,0.7406,0.7399,0.1461,AVANZAR
688,34.4,64.11,70.63,68.39,68.03,68.54,69.92,0.7618,0.7584,117.3858,128.7086,0.00412,0.7358,0.7396,0.1461,AVANZAR
689,34.45,64.69,68.96,65.75,62.75,67.38,67.8,0.767,0.761,117.5867,128.9096,0.00412,0.7355,0.7401,0.1461,AVANZAR
690,34.5,66.99,68.99,66.09,66.04,67.85,68.2,0.7532,0.7586,117.7877,129.1105,0.00412,0.736,0.7385,0.1461,AVANZAR
691,34.55,64.5,64.56,67.48,64.3,68.32,69.22,0.7935,0.7691,117.9886,129.3115,0.00412,0.7344,0.743,0.1461,AVANZAR
692,34.6,69.53,63.61,67.91,65.1,68.54,66.99,0.7706,0.7695,118.1896,129.5124,0.00412,0.7389,0.7435,0.1461,AVANZAR
693,34.65,69.9,66.12,63.7,65.18,72.2,70.38,0.7534,0.7647,118.3906,129.7134,0.00412,0.7394,0.7415,0.1461,AVANZAR
694,34.7,59.55,67.82,70.88,71.92,66.86,68.02,0.8073,0.7775,118.5915,129.9144,0.00412,0.7373,0.7476,0.1461,AVANZAR
695,34.75,68.53,69.36,67.41,68.44,64.22,66.51,0.7427,0.767,118.7925,130.1153,0.00412,0.7434,0.7433,0.1461,AVANZAR
696,34.8,64.62,73.31,60.18,72.09,70.88,68.51,0.7454,0.7605,118.9872,130.3163,0.004055,0.7393,0.7402,0.1461,AVANZAR
697,34.85,64.77,63.09,70.83,66.9,64.33,74.09,0.801,0.7727,119.1881,130.5172,0.00412,0.736,0.7455,0.1461,AVANZAR
698,34.9,63.76,66.92,71.24,67.99,72.16,67.44,0.7841,0.7761,119.3891,130.7182,0.00412,0.7414,0.7477,0.1461,AVANZAR
699,34.95,63.5,68.98,66.15,62.61,66.68,68.51,0.7743,0.7756,119.59,130.9192,0.00412,0.7435,0.748,0.1461,AVANZAR
700,35.0,69.17,71.32,65.58,67.44,65.99,66.93,0.729,0.7616,119.791,131.1201,0.00412,0.7439,0.7417,0.1461,AVANZAR
701,35.05,65.14,63.12,71.08,71.23,66.23,68.07,0.7986,0.7727,119.992,131.3211,0.00412,0.7376,0.7465,0.1461,AVANZAR
702,35.1,62.2,59.52,62.59,64.78,69.58,70.54,0.8417,0.7934,120.1929,131.522,0.00412,0.7424,0.7569,0.1461,AVANZAR
703,35.15,70.39,62.53,69.88,63.66,70.11,64.11,0.7731,0.7873,120.3939,131.723,0.00412,0.7528,0.7558,0.1461,AVANZAR
704,35.2,66.63,63.74,67.5,65.57,69.2,67.8,0.7859,0.7869,120.5948,131.924,0.00412,0.7516,0.7566,0.1461,AVANZAR
705,35.25,65.81,72.32,69.24,61.46,70.65,66.86,0.743,0.7737,120.7958,132.1249,0.00412,0.7525,0.7511,0.1461,AVANZAR
706,35.3,68.21,71.6,65.74,62.23,61.24,63.69,0.7329,0.7615,120.9968,132.3259,0.00412,0.747,0.7449,0.1461,AVANZAR
707,35.35,66.38,67.98,61.94,67.03,73.19,63.39,0.7622,0.7617,121.1977,132.5268,0.00412,0.7408,0.7439,0.1461,AVANZAR
708,35.4,62.95,67.36,68.92,65.07,64.42,69.74,0.7867,0.7692,121.3987,132.7278,0.00412,0.7398,0.7467,0.1461,AVANZAR
709,35.45,102.28,72.74,136.85,63.9,61.66,71.47,0.6022,0.7191,121.5996,132.9288,0.00412,0.7426,0.7221,0.1461,CURVA_IZQUIERDA
710,35.5,124.5,67.06,175.83,63.36,69.74,70.94,0.5874,0.6796,121.6624,133.1297,0.002704,0.7194,0.7001,0.1461,CURVA_IZQUIERDA
711,35.55,111.98,69.17,246.57,68.19,66.85,71.02,0.5987,0.6553,121.719,133.3307,0.002639,0.6974,0.683,0.1461,CURVA_IZQUIERDA
712,35.6,117.77,68.05,311.71,66.85,67.1,68.24,0.5936,0.6368,121.7818,133.5316,0.002704,0.6803,0.6676,0.1461,CURVA_IZQUIERDA
713,35.65,143.19,65.56,493.84,71.16,73.81,59.52,0.5693,0.6165,121.8446,133.7326,0.002704,0.6649,0.6509,0.1461,CURVA_IZQUIERDA
714,35.7,149.27,68.95,1026.5,66.18,71.04,65.43,0.5428,0.5944,121.9011,133.9336,0.002639,0.6483,0.6329,0.1461,CURVA_IZQUIERDA
715,35.75,119.52,76.04,1014.32,65.87,68.1,69.9,0.5508,0.5813,121.9639,134.1345,0.002704,0.6302,0.6186,0.1461,CURVA_IZQUIERDA
716,35.8,118.41,68.15,565.84,69.67,62.0,72.08,0.5918,0.5845,122.0204,134.3355,0.002639,0.616,0.6124,0.1461,CURVA_IZQUIERDA
717,35.85,77.56,68.44,619.01,167.18,72.89,72.25,0.7041,0.6204,122.0832,134.5302,0.002639,0.6098,0.6236,0.1461,CURVA_IZQUIERDA
718,35.9,64.54,64.28,589.67,196.5,67.62,64.37,0.7949,0.6727,122.146,134.7311,0.002704,0.6209,0.6463,0.1461,CURVA_IZQUIERDA
719,35.95,67.75,68.58,463.08,216.23,64.58,64.77,0.7511,0.6962,122.2025,134.9321,0.002639,0.6437,0.6594,0.1461,CURVA_IZQUIERDA
720,36.0,61.95,71.56,362.73,259.26,63.78,66.91,0.771,0.7187,122.2653,135.133,0.002704,0.6567,0.6734,0.1461,CURVA_IZQUIERDA
721,36.05,59.19,67.53,330.02,279.86,63.9,69.69,0.8116,0.7466,122.3218,135.334,0.002639,0.6707,0.6913,0.1461,CURVA_IZQUIERDA
722,36.1,69.02,69.22,256.77,311.45,60.43,66.12,0.7407,0.7448,122.3846,135.535,0.002704,0.6886,0.6962,0.1461,CURVA_IZQUIERDA
723,36.15,67.65,67.0,213.66,341.22,61.86,70.09,0.7605,0.7495,122.4474,135.7359,0.002704,0.6935,0.7033,0.1461,CURVA_IZQUIERDA
724,36.2,63.73,71.98,183.81,369.68,67.78,66.78,0.7574,0.7519,122.504,135.9369,0.002639,0.7007,0.709,0.1461,CURVA_IZQUIERDA
725,36.25,70.09,65.21,146.28,355.19,63.64,61.68,0.7578,0.7537,122.5668,136.1378,0.002704,0.7063,0.7138,0.1461,CURVA_IZQUIERDA
726,36.3,66.54,64.1,117.03,372.18,64.35,66.72,0.7841,0.7628,122.6233,136.3388,0.002639,0.7112,0.7218,0.1461,CURVA_IZQUIERDA
727,36.35,66.85,65.22,100.74,416.45,67.06,67.35,0.7755,0.7666,122.6861,136.5398,0.002704,0.7191,0.7273,0.1461,CURVA_IZQUIERDA
728,36.4,67.38,69.58,82.03,367.83,63.35,68.41,0.7478,0.761,122.7489,136.7407,0.002704,0.7246,0.728,0.1461,CURVA_IZQUIERDA
729,36.45,66.7,68.16,77.85,371.15,65.24,64.33,0.7594,0.7605,122.8054,136.9417,0.002639,0.7254,0.7304,0.1461,CURVA_IZQUIERDA
730,36.5,65.71,69.54,65.5,334.75,71.79,62.68,0.7578,0.7597,122.8682,137.1426,0.002704,0.7277,0.7321,0.1461,CURVA_IZQUIERDA
731,36.55,67.68,72.2,71.05,297.73,69.23,62.6,0.7328,0.7516,122.9247,137.3436,0.002639,0.7294,0.7299,0.1461,CURVA_IZQUIERDA
732,36.6,65.43,66.94,62.66,260.18,64.28,58.9,0.7737,0.7582,122.9875,137.5446,0.002704,0.7272,0.734,0.1461,CURVA_IZQUIERDA
733,36.65,66.89,60.61,67.48,208.61,61.9,66.63,0.8051,0.7723,123.0503,137.7455,0.002704,0.7313,0.7421,0.1461,CURVA_IZQUIERDA
734,36.7,67.54,72.95,65.79,167.11,65.92,68.31,0.73,0.7596,123.1068,137.9465,0.002639,0.7394,0.7381,0.1461,CURVA_IZQUIERDA
735,36.75,61.76,61.87,73.46,143.62,65.33,74.25,0.8283,0.7802,123.1696,138.1474,0.002704,0.7353,0.7489,0.1461,CURVA_IZQUIERDA
736,36.8,66.09,70.25,70.14,129.04,65.0,71.84,0.7518,0.7717,123.2262,138.3484,0.002639,0.7463,0.7471,0.1461,CURVA_IZQUIERDA
737,36.85,68.29,62.78,66.3,96.91,67.98,67.31,0.7827,0.775,123.289,138.5494,0.002704,0.7444,0.75,0.1461,CURVA_IZQUIERDA
738,36.9,64.35,67.56,69.76,67.67,66.88,69.17,0.7767,0.7755,123.3518,138.7503,0.002704,0.7473,0.7516,0.1461,AVANZAR
739,36.95,61.85,66.52,67.08,62.09,57.56,61.56,0.7988,0.7825,123.5464,138.9513,0.004055,0.7475,0.755,0.1461,AVANZAR
740,37.0,66.53,64.04,69.5,60.79,62.16,65.97,0.7845,0.7831,123.7474,139.1522,0.00412,0.7509,0.7558,0.1461,AVANZAR
741,37.05,60.15,63.49,71.16,65.31,70.87,62.64,0.8288,0.7968,123.9484,139.3532,0.00412,0.7517,0.7629,0.1461,AVANZAR
742,37.1,60.97,66.97,68.34,68.38,66.26,68.38,0.8021,0.7984,124.1493,139.5542,0.00412,0.7588,0.7652,0.1461,AVANZAR
743,37.15,69.06,67.92,69.35,65.44,65.46,71.49,0.7476,0.7832,124.3503,139.7551,0.00412,0.761,0.7591,0.1461,AVANZAR
744,37.2,64.27,62.81,72.41,72.45,64.11,67.85,0.8059,0.79,124.5512,139.9561,0.00412,0.755,0.7624,0.1461,AVANZAR
745,37.25,66.31,67.99,68.8,62.83,61.68,68.35,0.7626,0.7817,124.7522,140.157,0.00412,0.7583,0.7589,0.1461,AVANZAR
746,37.3,66.85,68.75,69.22,64.25,69.92,64.88,0.7553,0.7738,124.9532,140.358,0.00412,0.7548,0.7549,0.1461,AVANZAR
747,37.35,70.01,68.66,66.55,63.86,64.34,64.75,0.7385,0.7632,125.1541,140.559,0.00412,0.7507,0.749,0.1461,AVANZAR
748,37.4,65.07,67.98,66.26,66.92,67.86,64.76,0.77,0.7653,125.3551,140.7599,0.00412,0.7448,0.7485,0.1461,AVANZAR
749,37.45,64.88,68.32,67.88,67.4,64.35,70.3,0.7693,0.7665,125.556,140.9609,0.00412,0.7444,0.748,0.1461,AVANZAR
750,37.5,73.17,68.89,64.47,66.35,71.53,64.34,0.7214,0.753,125.757,141.1618,0.00412,0.7439,0.7406,0.1461,AVANZAR
751,37.55,64.56,68.27,64.67,70.18,66.69,69.64,0.7715,0.7585,125.958,141.3628,0.00412,0.7365,0.7416,0.1461,AVANZAR
752,37.6,69.52,60.9,71.63,64.75,67.22,68.93,0.7886,0.7676,126.1589,141.5638,0.00412,0.7375,0.745,0.1461,AVANZAR
753,37.65,66.6,62.34,67.71,64.37,66.17,63.62,0.795,0.7758,126.3599,141.7647,0.00412,0.7409,0.7488,0.1461,AVANZAR
754,37.7,65.12,68.99,63.83,68.09,74.44,70.73,0.7642,0.7723,126.5608,141.9594,0.004055,0.7447,0.7476,0.1461,AVANZAR
755,37.75,72.41,68.74,62.77,66.56,70.67,74.38,0.7259,0.7584,126.7618,142.1604,0.00412,0.7435,0.7409,0.1461,AVANZAR
756,37.8,68.87,66.85,59.05,69.14,72.1,67.96,0.7546,0.7573,126.9628,142.3613,0.00412,0.7368,0.7394,0.1461,AVANZAR
757,37.85,68.18,74.52,66.06,64.93,64.23,67.65,0.719,0.7458,127.1637,142.5623,0.00412,0.7353,0.7329,0.1461,AVANZAR
758,37.9,72.38,63.0,71.43,70.26,67.95,68.47,0.7601,0.7501,127.3647,142.7632,0.00412,0.7288,0.7333,0.1461,AVANZAR
759,37.95,61.59,73.59,73.99,69.18,64.94,62.44,0.7635,0.7541,127.5656,142.9642,0.00412,0.7292,0.7342,0.1461,AVANZAR
760,38.0,68.9,69.57,67.51,70.43,67.74,70.35,0.7395,0.7497,127.7666,143.1652,0.00412,0.7301,0.7315,0.1461,AVANZAR
761,38.05,160.43,66.18,64.43,69.05,63.85,61.43,0.5464,0.6887,127.9676,143.3661,0.00412,0.7274,0.7009,0.1461,AVANZAR
762,38.1,232.55,61.59,66.27,65.41,61.71,65.36,0.5257,0.6398,128.1685,143.5671,0.00412,0.6968,0.6718,0.1461,AVANZAR
763,38.15,522.19,61.68,65.7,62.9,68.42,65.21,0.464,0.5871,128.3695,143.768,0.00412,0.6677,0.6379,0.1461,AVANZAR
764,38.2,729.73,77.9,66.37,64.52,68.92,68.64,0.3637,0.5201,128.5704,143.969,0.00412,0.6338,0.5943,0.1461,GIRAR_DERECHA
765,38.25,494.28,105.03,65.24,67.5,63.59,69.68,0.2955,0.4527,128.7274,143.812,0.0,0.5943,0.5507,0.1461,GIRAR_DERECHA
766,38.3,68.21,130.36,63.4,63.0,69.76,74.01,0.5717,0.4884,128.8907,143.6487,-0.0,0.5507,0.5538,0.1461,GIRAR_DERECHA
767,38.35,65.09,202.62,69.54,66.81,65.06,65.75,0.5196,0.4978,129.0477,143.4917,0.0,0.5538,0.5488,0.1461,GIRAR_IZQUIERDA
768,38.4,67.3,125.91,62.61,69.12,69.28,66.8,0.5837,0.5235,128.8907,143.6487,0.0,0.5488,0.5539,0.1461,GIRAR_DERECHA
769,38.45,67.43,187.14,65.6,73.02,66.75,71.03,0.5164,0.5214,129.0477,143.4917,0.0,0.5539,0.5484,0.1461,GIRAR_IZQUIERDA
770,38.5,70.17,129.74,70.43,75.12,66.99,66.47,0.5621,0.5336,128.8907,143.6487,0.0,0.5484,0.5504,0.1461,GIRAR_IZQUIERDA
771,38.55,457.56,107.77,71.49,68.32,69.57,66.18,0.2935,0.4616,128.7274,143.812,0.0,0.5504,0.5129,0.1461,GIRAR_IZQUIERDA
772,38.6,362.88,68.0,63.63,68.01,66.73,65.85,0.447,0.4572,128.5704,143.969,-0.0,0.5129,0.5032,0.1461,GIRAR_IZQUIERDA
773,38.65,330.1,66.57,66.55,74.09,66.16,66.82,0.4621,0.4587,128.4072,144.1323,0.0,0.5032,0.4972,0.1461,GIRAR_IZQUIERDA
774,38.7,219.88,71.03,66.61,69.67,69.08,65.01,0.4768,0.4641,128.2502,144.2893,-0.0,0.4972,0.4943,0.1461,GIRAR_IZQUIERDA
775,38.75,171.36,67.85,66.14,68.31,66.41,69.74,0.5267,0.4829,128.0869,144.4463,-6.4e-05,0.4943,0.499,0.1461,GIRAR_DERECHA
776,38.8,226.0,63.06,63.51,64.92,69.57,66.08,0.5193,0.4938,128.2502,144.2893,6.4e-05,0.499,0.5019,0.1461,GIRAR_DERECHA
777,38.85,359.37,62.43,70.06,64.62,69.74,64.31,0.4813,0.49,128.4072,144.1323,0.0,0.5019,0.4989,0.1461,GIRAR_IZQUIERDA
778,38.9,225.45,68.95,69.2,70.28,63.62,64.1,0.4848,0.4885,128.2502,144.2893,-0.0,0.4989,0.4969,0.1461,GIRAR_IZQUIERDA
779,38.95,180.62,63.62,68.33,67.23,64.71,61.0,0.5441,0.5052,128.0869,144.4463,-6.4e-05,0.4969,0.5038,0.1461,GIRAR_IZQUIERDA
780,39.0,111.34,70.18,858.54,65.82,64.33,67.09,0.5947,0.532,127.9299,144.6096,6.4e-05,0.5038,0.517,0.1461,GIRAR_IZQUIERDA
781,39.05,71.17,75.51,552.26,69.13,64.55,67.1,0.6987,0.582,127.7666,144.7728,0.0,0.517,0.5436,0.1461,GIRAR_IZQUIERDA
782,39.1,62.23,68.37,352.27,66.41,69.65,63.72,0.7858,0.6432,127.6096,144.9298,0.0,0.5436,0.579,0.1461,GIRAR_IZQUIERDA
783,39.15,65.89,67.28,235.5,75.8,66.36,67.38,0.769,0.6809,127.4526,145.0931,6.4e-05,0.5789,0.6067,0.1461,CURVA_IZQUIERDA
784,39.2,67.53,70.71,204.05,66.62,67.76,69.34,0.7412,0.699,127.5091,145.2878,0.002575,0.6041,0.6241,0.1461,CURVA_IZQUIERDA
785,39.25,65.38,64.73,169.48,65.06,70.44,68.64,0.787,0.7254,127.5719,145.4888,0.002704,0.6214,0.6456,0.1461,CURVA_IZQUIERDA
786,39.3,69.38,65.59,148.63,361.19,63.81,70.44,0.7593,0.7356,127.6284,145.6897,0.002639,0.643,0.66,0.1461,CURVA_IZQUIERDA
787,39.35,66.11,62.33,121.17,388.53,64.74,71.67,0.7979,0.7543,127.6912,145.8907,0.002704,0.6573,0.6778,0.1461,CURVA_IZQUIERDA
788,39.4,66.36,65.17,106.89,446.06,63.92,67.75,0.7786,0.7616,127.754,146.0916,0.002704,0.6751,0.6902,0.1461,CURVA_IZQUIERDA
789,39.45,65.68,65.17,92.92,364.82,71.27,60.59,0.7826,0.7679,127.8106,146.2926,0.002639,0.6876,0.7015,0.1461,CURVA_IZQUIERDA
790,39.5,70.77,68.42,68.61,361.9,61.76,61.93,0.7359,0.7583,127.8734,146.4936,0.002704,0.6988,0.7042,0.1461,CURVA_IZQUIERDA
791,39.55,67.65,64.84,70.83,315.55,70.72,68.67,0.7733,0.7628,127.9299,146.6945,0.002639,0.7016,0.712,0.1461,CURVA_IZQUIERDA
792,39.6,71.05,61.65,64.9,290.75,60.81,66.35,0.7756,0.7666,127.9927,146.8955,0.002704,0.7093,0.719,0.1461,CURVA_IZQUIERDA
793,39.65,68.4,65.78,66.95,234.12,62.94,60.35,0.7634,0.7657,128.0492,147.0964,0.002639,0.7164,0.7233,0.1461,CURVA_IZQUIERDA
794,39.7,67.61,66.97,69.6,205.23,70.68,70.58,0.7609,0.7642,128.112,147.2974,0.002704,0.7205,0.7264,0.1461,CURVA_IZQUIERDA
795,39.75,61.19,69.6,69.74,162.76,67.67,63.11,0.7862,0.7708,128.1748,147.4984,0.002704,0.7237,0.7329,0.1461,CURVA_IZQUIERDA
796,39.8,66.24,63.23,69.75,135.36,67.79,67.72,0.7913,0.777,128.2313,147.6993,0.002639,0.7302,0.7392,0.1461,CURVA_IZQUIERDA
797,39.85,65.06,62.47,66.98,115.54,65.98,67.86,0.8033,0.7849,128.2941,147.9003,0.002704,0.7365,0.7462,0.1461,CURVA_IZQUIERDA
798,39.9,70.33,66.37,70.98,101.07,65.56,66.43,0.7498,0.7743,128.3506,148.1012,0.002639,0.7436,0.7445,0.1461,CURVA_IZQUIERDA
799,39.95,63.88,65.12,66.28,70.49,64.01,65.75,0.7939,0.7802,128.4134,148.3022,0.002704,0.7418,0.7494,0.1461,AVANZAR
800,40.0,65.33,68.2,71.86,67.93,73.16,68.94,0.7672,0.7763,128.6144,148.5032,0.00412,0.7453,0.7485,0.1461,AVANZAR
801,40.05,69.41,66.15,65.1,63.32,68.5,63.85,0.7558,0.7701,128.8154,148.7041,0.00412,0.7444,0.746,0.1461,AVANZAR
802,40.1,70.56,67.72,67.92,64.55,70.25,65.16,0.7409,0.7614,129.0163,148.9051,0.00412,0.7419,0.7418,0.1461,AVANZAR
803,40.15,72.84,69.79,67.08,65.92,61.46,69.29,0.7182,0.7484,129.2173,149.106,0.00412,0.7376,0.7348,0.1461,AVANZAR
804,40.2,70.42,68.12,67.45,68.77,62.99,65.87,0.7394,0.7457,129.4182,149.307,0.00412,0.7307,0.7319,0.1461,AVANZAR
805,40.25,63.04,64.83,71.31,66.84,61.02,68.02,0.801,0.7623,129.6192,149.508,0.00412,0.7278,0.7385,0.1461,AVANZAR
806,40.3,61.22,63.77,69.26,67.11,68.02,74.94,0.8196,0.7795,129.8202,149.7089,0.00412,0.7344,0.7468,0.1461,AVANZAR
807,40.35,63.42,65.01,67.71,71.36,68.86,69.14,0.7974,0.7849,130.0211,149.9099,0.00412,0.7427,0.7507,0.1461,AVANZAR
808,40.4,66.01,65.84,66.32,65.8,68.3,65.99,0.7767,0.7824,130.2221,150.1108,0.00412,0.7466,0.751,0.1461,AVANZAR
809,40.45,66.85,67.08,62.68,64.29,68.14,64.94,0.7646,0.777,130.423,150.3118,0.00412,0.7469,0.7495,0.1461,AVANZAR
810,40.5,65.95,69.81,69.19,72.91,69.71,70.98,0.7549,0.7704,130.624,150.5128,0.00412,0.7453,0.7467,0.1461,AVANZAR
811,40.55,67.13,63.58,69.49,68.74,62.83,73.49,0.784,0.7745,130.825,150.7137,0.00412,0.7426,0.7487,0.1461,AVANZAR
812,40.6,67.28,72.3,71.48,64.52,63.65,68.01,0.7346,0.7625,131.0259,150.9147,0.00412,0.7445,0.7431,0.1461,AVANZAR
813,40.65,71.7,65.97,65.43,66.61,69.91,63.83,0.7451,0.7573,131.2269,151.1156,0.00412,0.739,0.7399,0.1461,AVANZAR
814,40.7,68.66,69.26,68.89,65.75,71.9,65.34,0.7425,0.7528,131.4278,151.3166,0.00412,0.7357,0.7367,0.1461,AVANZAR
815,40.75,66.19,69.61,69.13,67.3,66.33,69.65,0.7545,0.7533,131.6288,151.5176,0.00412,0.7326,0.7358,0.1461,AVANZAR
816,40.8,66.38,64.32,66.69,68.64,66.18,66.31,0.7837,0.7624,131.8298,151.7185,0.00412,0.7317,0.7393,0.1461,AVANZAR
817,40.85,68.42,68.38,64.85,68.65,72.21,70.02,0.7485,0.7583,132.0307,151.9195,0.00412,0.7352,0.7371,0.1461,AVANZAR
818,40.9,67.06,68.0,71.19,71.62,69.76,68.18,0.7582,0.7583,132.2317,152.1204,0.00412,0.733,0.7367,0.1461,AVANZAR
819,40.95,68.14,66.79,67.2,72.02,60.71,66.83,0.759,0.7585,132.4326,152.3214,0.00412,0.7326,0.7364,0.1461,AVANZAR
820,41.0,68.93,64.71,64.51,60.49,66.78,62.87,0.767,0.761,132.6336,152.5161,0.004055,0.7324,0.7374,0.1461,AVANZAR
821,41.05,68.17,66.62,66.31,68.67,65.57,69.34,0.7598,0.7607,132.8283,152.717,0.004055,0.7334,0.7372,0.1461,AVANZAR
822,41.1,61.83,60.77,70.17,65.3,65.15,64.88,0.8353,0.7831,133.0292,152.918,0.00412,0.7331,0.748,0.1461,AVANZAR
823,41.15,65.52,65.54,68.86,62.69,70.82,65.99,0.7813,0.7825,133.2302,153.119,0.00412,0.7439,0.7494,0.1461,AVANZAR
824,41.2,66.29,63.26,71.52,73.58,64.08,67.14,0.7909,0.785,133.4312,153.3199,0.00412,0.7453,0.7519,0.1461,AVANZAR
825,41.25,66.13,66.94,67.43,62.84,65.27,63.42,0.7695,0.7804,133.6321,153.5209,0.00412,0.7478,0.751,0.1461,AVANZAR
826,41.3,65.44,64.39,70.89,62.93,70.55,66.43,0.7887,0.7829,133.8331,153.7218,0.00412,0.7469,0.753,0.1461,AVANZAR
827,41.35,67.41,69.93,62.37,65.76,59.98,60.77,0.7459,0.7718,134.034,153.9228,0.00412,0.7489,0.7484,0.1461,AVANZAR
828,41.4,66.49,62.91,71.21,69.0,64.89,65.67,0.792,0.7778,134.235,154.1238,0.00412,0.7443,0.7513,0.1461,AVANZAR
829,41.45,66.88,67.67,69.19,66.05,67.22,71.82,0.7611,0.7728,134.436,154.3247,0.00412,0.7472,0.7492,0.1461,AVANZAR
830,41.5,69.07,68.15,65.71,67.43,64.04,66.71,0.7462,0.7648,134.6369,154.5257,0.00412,0.7451,0.7452,0.1461,AVANZAR
831,41.55,71.53,65.56,60.2,63.88,69.64,69.54,0.7484,0.7599,134.8379,154.7266,0.00412,0.7411,0.7422,0.1461,AVANZAR
832,41.6,72.37,69.55,65.65,64.77,64.79,61.79,0.7218,0.7485,135.0388,154.9276,0.00412,0.7381,0.7357,0.1461,AVANZAR
833,41.65,60.82,66.83,66.71,63.69,62.93,67.78,0.804,0.7651,135.2398,155.1286,0.00412,0.7316,0.7422,0.1461,AVANZAR
834,41.7,63.33,72.69,66.85,67.84,70.79,68.33,0.7564,0.7625,135.4408,155.3295,0.00412,0.738,0.7407,0.1461,AVANZAR
835,41.75,69.31,69.07,68.39,69.82,68.31,70.87,0.74,0.7558,135.6417,155.5305,0.00412,0.7366,0.7371,0.1461,AVANZAR
836,41.8,64.88,71.0,67.56,67.02,65.06,71.01,0.7551,0.7556,135.8427,155.7314,0.00412,0.733,0.7362,0.1461,AVANZAR
837,41.85,63.31,67.15,71.3,64.18,70.3,60.83,0.7856,0.7646,136.0436,155.9324,0.00412,0.7321,0.7399,0.1461,AVANZAR
838,41.9,68.5,75.22,66.41,70.48,70.2,64.63,0.7141,0.7494,136.2446,156.1334,0.00412,0.7358,0.7326,0.1461,AVANZAR
839,41.95,66.69,69.73,63.59,72.45,67.68,65.17,0.751,0.7499,136.4456,156.3343,0.00412,0.7285,0.7318,0.1461,AVANZAR
840,42.0,66.36,70.1,68.61,67.93,63.72,69.72,0.751,0.7502,136.6465,156.5353,0.00412,0.7277,0.7311,0.1461,AVANZAR
841,42.05,69.94,68.87,66.42,66.11,69.31,69.35,0.7378,0.7465,136.8475,156.7362,0.00412,0.727,0.7285,0.1461,AVANZAR
842,42.1,76.87,67.52,58.67,64.92,70.9,64.12,0.7122,0.7362,137.0484,156.9372,0.00412,0.7244,0.7226,0.1461,AVANZAR
843,42.15,65.26,63.59,73.26,61.07,64.22,70.39,0.7949,0.7538,137.2494,157.1382,0.00412,0.7185,0.7297,0.1461,AVANZAR
844,42.2,64.7,68.23,63.56,69.85,68.27,70.22,0.7709,0.7589,137.4504,157.3391,0.00412,0.7255,0.7322,0.1461,AVANZAR
845,42.25,66.23,63.34,66.81,64.26,56.07,66.35,0.7907,0.7684,137.6513,157.5401,0.00412,0.728,0.7372,0.1461,AVANZAR
846,42.3,66.34,69.58,69.98,68.78,71.2,65.0,0.7538,0.7641,137.8523,157.741,0.00412,0.7331,0.7361,0.1461,AVANZAR
847,42.35,66.58,66.11,63.68,63.45,70.08,66.13,0.7718,0.7664,138.0532,157.942,0.00412,0.732,0.7378,0.1461,AVANZAR
848,42.4,67.3,67.64,67.38,61.84,70.98,71.59,0.7588,0.7641,138.2542,158.143,0.00412,0.7337,0.7374,0.1461,AVANZAR
849,42.45,62.11,65.83,61.93,68.54,63.03,63.23,0.801,0.7752,138.4552,158.3439,0.00412,0.7332,0.7431,0.1461,AVANZAR
850,42.5,67.5,65.07,69.84,69.11,74.58,63.81,0.7727,0.7744,138.6561,158.5449,0.00412,0.739,0.7439,0.1461,AVANZAR
851,42.55,63.26,65.67,69.85,70.19,68.1,63.48,0.7945,0.7805,138.8571,158.7458,0.00412,0.7398,0.7478,0.1461,AVANZAR
852,42.6,72.39,68.63,69.64,67.11,67.92,67.06,0.7266,0.7643,139.058,158.9468,0.00412,0.7437,0.7412,0.1461,AVANZAR
853,42.65,65.37,69.73,65.05,69.84,71.77,69.54,0.7587,0.7626,139.259,159.1478,0.00412,0.7371,0.7402,0.1461,AVANZAR
854,42.7,71.26,70.51,68.94,75.23,72.48,69.67,0.7223,0.7505,139.46,159.3487,0.00412,0.7361,0.7341,0.1461,AVANZAR
855,42.75,67.78,71.32,68.43,69.83,67.75,67.78,0.7366,0.7464,139.6609,159.5497,0.00412,0.73,0.7309,0.1461,AVANZAR
856,42.8,67.01,64.18,65.49,65.7,68.67,66.77,0.7809,0.7567,139.8619,159.7506,0.00412,0.7268,0.7347,0.1461,AVANZAR
857,42.85,69.03,62.24,70.89,69.1,65.76,63.88,0.7822,0.7643,140.0628,159.9453,0.004055,0.7307,0.7382,0.1461,AVANZAR
858,42.9,68.14,62.93,66.98,68.16,64.89,67.22,0.7825,0.7698,140.2638,160.1463,0.00412,0.7341,0.7412,0.1461,AVANZAR
859,42.95,68.08,65.89,67.8,64.12,65.78,61.18,0.7646,0.7682,140.4585,160.3472,0.004055,0.7371,0.7411,0.1461,AVANZAR
860,43.0,68.84,68.82,62.92,66.56,73.15,63.67,0.7439,0.7609,140.6594,160.5482,0.00412,0.737,0.738,0.1461,AVANZAR
861,43.05,65.13,71.37,63.64,66.31,69.47,67.06,0.7517,0.7582,140.8604,160.7492,0.00412,0.7339,0.7365,0.1461,AVANZAR
862,43.1,68.59,68.37,62.74,68.29,68.01,75.76,0.7477,0.755,141.0614,160.9501,0.00412,0.7324,0.7346,0.1461,AVANZAR
863,43.15,63.07,71.15,63.98,65.22,64.91,65.83,0.7657,0.7582,141.2623,161.1511,0.00412,0.7305,0.7356,0.1461,AVANZAR
864,43.2,74.29,65.1,65.95,69.17,63.37,66.53,0.7378,0.7521,141.4633,161.352,0.00412,0.7315,0.7324,0.1461,AVANZAR
865,43.25,64.05,73.93,70.4,67.3,67.81,66.07,0.746,0.7503,141.6642,161.553,0.00412,0.7283,0.7309,0.1461,AVANZAR
866,43.3,74.66,63.89,67.27,66.28,64.57,64.46,0.7436,0.7483,141.8652,161.754,0.00412,0.7268,0.7292,0.1461,AVANZAR
867,43.35,71.08,71.59,68.22,63.16,65.29,68.28,0.7177,0.7391,142.0662,161.9549,0.00412,0.7251,0.724,0.1461,AVANZAR
868,43.4,65.41,65.64,66.78,68.17,66.0,66.33,0.7814,0.7518,142.2671,162.1559,0.00412,0.7199,0.7289,0.1461,AVANZAR
869,43.45,66.76,70.02,65.7,67.13,72.45,71.58,0.7491,0.751,142.4681,162.3568,0.00412,0.7248,0.7283,0.1461,AVANZAR
870,43.5,69.43,68.25,61.41,69.1,66.13,70.69,0.7438,0.7488,142.669,162.5578,0.00412,0.7242,0.7271,0.1461,AVANZAR
871,43.55,73.97,66.66,71.06,64.44,64.29,68.57,0.7302,0.7432,142.87,162.7588,0.00412,0.7229,0.724,0.1461,AVANZAR
872,43.6,68.99,72.6,70.59,65.93,65.2,59.36,0.7237,0.7374,143.071,162.9597,0.00412,0.7199,0.7204,0.1461,AVANZAR
873,43.65,67.24,65.67,71.78,57.83,67.65,69.05,0.7706,0.7473,143.2719,163.1607,0.00412,0.7163,0.7242,0.1461,AVANZAR
874,43.7,66.71,67.73,60.05,72.2,64.71,69.09,0.7617,0.7517,143.4729,163.3616,0.00412,0.7201,0.7262,0.1461,AVANZAR
875,43.75,66.74,63.5,62.77,66.9,63.43,67.18,0.7867,0.7622,143.6738,163.5626,0.00412,0.7221,0.7315,0.1461,AVANZAR
876,43.8,64.44,61.38,68.84,63.84,68.02,66.98,0.8143,0.7778,143.8748,163.7636,0.00412,0.7274,0.7401,0.1461,AVANZAR
877,43.85,68.57,65.88,70.79,66.74,64.72,64.47,0.762,0.7731,144.0758,163.9645,0.00412,0.736,0.7398,0.1461,AVANZAR
878,43.9,68.19,66.18,67.88,65.79,64.54,65.27,0.7622,0.7698,144.2767,164.1655,0.00412,0.7357,0.7395,0.1461,AVANZAR
879,43.95,65.09,65.63,69.11,65.13,66.45,63.89,0.7834,0.7739,144.4777,164.3664,0.00412,0.7354,0.7424,0.1461,AVANZAR
880,44.0,67.36,68.9,69.07,65.32,61.18,65.24,0.7516,0.7672,144.6786,164.5674,0.00412,0.7383,0.7403,0.1461,AVANZAR
881,44.05,68.26,63.77,65.35,65.02,66.14,66.2,0.7765,0.77,144.8796,164.7684,0.00412,0.7361,0.742,0.1461,AVANZAR
882,44.1,63.23,69.55,61.96,72.57,66.54,65.18,0.773,0.7709,145.0806,164.9693,0.00412,0.7379,0.743,0.1461,AVANZAR
883,44.15,64.08,71.58,71.46,70.87,69.15,70.91,0.7571,0.7667,145.2815,165.1703,0.00412,0.7389,0.7416,0.1461,AVANZAR
884,44.2,68.95,70.73,71.79,61.54,66.51,67.02,0.7332,0.7567,145.4825,165.3712,0.00412,0.7375,0.7368,0.1461,AVANZAR
885,44.25,63.93,68.04,71.42,65.22,67.46,67.17,0.7767,0.7627,145.6834,165.5722,0.00412,0.7327,0.7391,0.1461,AVANZAR
886,44.3,66.41,63.37,72.41,67.96,71.2,67.17,0.7894,0.7707,145.8844,165.7732,0.00412,0.735,0.743,0.1461,AVANZAR
887,44.35,71.03,67.83,67.72,68.89,67.53,70.86,0.7378,0.7609,146.0854,165.9741,0.00412,0.7388,0.7387,0.1461,AVANZAR
888,44.4,65.54,65.09,70.11,72.76,63.77,78.82,0.7839,0.7678,146.2863,166.1751,0.00412,0.7346,0.7418,0.1461,CURVA_DERECHA
889,44.45,67.71,64.38,67.38,75.36,71.19,80.22,0.7757,0.7702,146.4873,166.2316,0.002639,0.7392,0.7445,0.1461,CURVA_DERECHA
890,44.5,70.11,72.29,71.2,67.28,62.57,78.44,0.7193,0.7549,146.6882,166.2944,0.002704,0.7418,0.7385,0.1461,CURVA_DERECHA
891,44.55,69.52,67.11,61.76,61.88,68.67,70.07,0.7497,0.7533,146.8892,166.3509,0.002639,0.7359,0.7379,0.1461,AVANZAR
892,44.6,68.33,69.31,69.67,68.83,70.65,90.05,0.744,0.7505,147.0902,166.5519,0.00412,0.7338,0.7353,0.1461,CURVA_DERECHA
893,44.65,70.11,67.66,64.23,65.8,77.85,83.67,0.7435,0.7484,147.2911,166.6147,0.002704,0.7326,0.7341,0.1461,CURVA_DERECHA
894,44.7,68.43,61.54,69.23,67.32,87.82,74.32,0.7901,0.7609,147.4921,166.6775,0.002704,0.7314,0.74,0.1461,CURVA_DERECHA
895,44.75,68.69,67.74,65.46,69.61,101.06,69.91,0.7506,0.7578,147.6868,166.734,0.002575,0.7374,0.7394,0.1461,CURVA_DERECHA
896,44.8,67.82,61.26,63.03,65.64,103.22,65.46,0.7954,0.7691,147.8877,166.7968,0.002704,0.7367,0.7452,0.1461,CURVA_DERECHA
897,44.85,67.11,68.29,65.05,75.24,105.57,69.87,0.7563,0.7653,148.0887,166.8533,0.002639,0.7426,0.7446,0.1461,CURVA_DERECHA
898,44.9,74.44,67.95,63.25,61.13,108.92,70.43,0.7206,0.7519,148.2896,166.9161,0.002704,0.7419,0.7388,0.1461,CURVA_DERECHA
899,44.95,68.15,65.95,69.68,69.47,114.1,65.12,0.7638,0.7555,148.4906,166.9789,0.002704,0.7361,0.7401,0.1461,CURVA_DERECHA
900,45.0,63.93,66.93,69.16,67.47,107.88,69.39,0.7829,0.7637,148.6916,167.0354,0.002639,0.7375,0.7441,0.1461,CURVA_DERECHA
901,45.05,69.66,66.97,71.33,68.39,102.37,69.62,0.7498,0.7595,148.8925,167.0982,0.002704,0.7414,0.7427,0.1461,CURVA_DERECHA
902,45.1,66.68,72.57,64.56,73.86,112.37,64.65,0.7367,0.7527,149.0935,167.1548,0.002639,0.74,0.7395,0.1461,CURVA_DERECHA
903,45.15,57.05,65.78,69.18,66.16,117.16,66.47,0.8379,0.7782,149.2944,167.2176,0.002704,0.7368,0.7516,0.1461,CURVA_DERECHA
904,45.2,72.01,65.89,66.02,64.94,102.56,65.96,0.7441,0.768,149.4954,167.2804,0.002704,0.7489,0.7482,0.1461,CURVA_DERECHA
905,45.25,67.48,70.39,70.83,71.84,92.73,69.74,0.7431,0.7605,149.6964,167.3369,0.002639,0.7455,0.7452,0.1461,CURVA_DERECHA
906,45.3,64.36,66.67,62.0,67.87,88.82,57.0,0.7817,0.7669,149.8973,167.3997,0.002704,0.7425,0.7482,0.1461,CURVA_DERECHA
907,45.35,67.24,64.79,64.73,71.82,81.22,70.7,0.7758,0.7696,150.0983,167.4562,0.002639,0.7456,0.75,0.1461,CURVA_DERECHA
908,45.4,61.76,67.73,69.93,68.17,70.64,66.82,0.7925,0.7764,150.2992,167.519,0.002704,0.7473,0.7539,0.1461,AVANZAR
909,45.45,64.55,71.58,68.08,65.84,67.58,67.28,0.7542,0.7698,150.5002,167.72,0.00412,0.7498,0.7504,0.1461,AVANZAR
910,45.5,62.9,66.31,67.57,69.18,72.15,69.59,0.7931,0.7768,150.7012,167.9209,0.00412,0.7463,0.7531,0.1461,AVANZAR
911,45.55,72.23,68.79,69.37,65.35,66.25,69.28,0.7266,0.7617,150.9021,168.1219,0.00412,0.749,0.7457,0.1461,AVANZAR
912,45.6,66.23,66.1,71.24,66.88,69.37,66.98,0.7738,0.7653,151.1031,168.3228,0.00412,0.7416,0.7463,0.1461,AVANZAR
913,45.65,62.26,60.19,70.6,69.0,67.89,60.58,0.8364,0.7867,151.304,168.5238,0.00412,0.7422,0.756,0.1461,AVANZAR
914,45.7,62.69,70.89,68.52,66.68,64.1,69.17,0.7695,0.7815,151.505,168.7248,0.00412,0.7518,0.7544,0.1461,AVANZAR
915,45.75,67.13,72.89,65.46,71.34,65.1,68.12,0.7325,0.7668,151.706,168.9257,0.00412,0.7503,0.7477,0.1461,AVANZAR
916,45.8,72.82,69.31,67.34,63.9,70.78,66.28,0.7209,0.7531,151.9069,169.1267,0.00412,0.7436,0.7403,0.1461,AVANZAR
917,45.85,60.83,68.47,71.17,62.5,67.15,68.3,0.7948,0.7656,152.1079,169.3276,0.00412,0.7362,0.7447,0.1461,AVANZAR
918,45.9,65.04,68.42,62.95,66.29,64.61,66.03,0.7678,0.7662,152.3088,169.5286,0.00412,0.7406,0.7446,0.1461,AVANZAR
919,45.95,67.32,67.18,63.93,68.45,60.83,67.12,0.7614,0.7648,152.5098,169.7296,0.00412,0.7405,0.7435,0.1461,AVANZAR
920,46.0,64.1,63.12,65.06,62.02,64.06,70.89,0.805,0.7768,152.7108,169.9305,0.00412,0.7394,0.749,0.1461,AVANZAR
921,46.05,70.25,61.33,67.64,65.4,68.13,72.82,0.7818,0.7783,152.9117,170.1315,0.00412,0.7449,0.7503,0.1461,AVANZAR
922,46.1,72.83,66.69,68.28,68.8,67.3,67.16,0.7354,0.7654,153.1127,170.3324,0.00412,0.7461,0.7446,0.1461,AVANZAR
923,46.15,69.71,62.79,64.88,67.36,66.05,67.64,0.775,0.7683,153.3136,170.5334,0.00412,0.7404,0.7455,0.1461,AVANZAR
924,46.2,63.12,65.49,67.45,69.91,68.23,71.71,0.7964,0.7767,153.5146,170.7344,0.00412,0.7414,0.7494,0.1461,AVANZAR
925,46.25,64.5,70.08,67.08,64.04,67.2,64.85,0.7622,0.7724,153.7156,170.9353,0.00412,0.7453,0.7478,0.1461,AVANZAR
926,46.3,61.15,68.89,68.94,74.24,65.67,62.16,0.7902,0.7777,153.9165,171.1363,0.00412,0.7436,0.7504,0.1461,AVANZAR
927,46.35,72.1,61.16,68.99,64.25,69.54,68.04,0.7736,0.7765,154.1175,171.331,0.004055,0.7464,0.7504,0.1461,AVANZAR
928,46.4,63.72,63.97,65.09,66.72,62.81,61.53,0.8019,0.7841,154.3184,171.5319,0.00412,0.7462,0.7544,0.1461,AVANZAR
929,46.45,61.89,69.88,72.51,68.82,67.07,66.19,0.78,0.7829,154.5194,171.7329,0.00412,0.7503,0.7546,0.1461,AVANZAR
930,46.5,61.89,66.27,68.84,69.45,68.5,63.4,0.7999,0.788,154.7204,171.9338,0.00412,0.7505,0.7577,0.1461,AVANZAR
931,46.55,62.28,66.96,62.53,69.28,65.2,66.56,0.7934,0.7896,154.9213,172.1348,0.00412,0.7536,0.7594,0.1461,AVANZAR
932,46.6,67.44,72.65,66.87,64.93,63.48,69.03,0.732,0.7723,155.116,172.3358,0.004055,0.7553,0.7519,0.1461,AVANZAR
933,46.65,67.5,69.6,68.96,63.94,69.27,69.21,0.7471,0.7647,155.317,172.5367,0.00412,0.7478,0.7477,0.1461,AVANZAR
934,46.7,60.22,66.64,66.5,66.83,68.71,70.73,0.8092,0.7781,155.5179,172.7377,0.00412,0.7436,0.7532,0.1461,AVANZAR
935,46.75,68.39,61.61,66.41,67.29,69.09,68.7,0.7898,0.7816,155.7189,172.9386,0.00412,0.7491,0.755,0.1461,AVANZAR
936,46.8,64.43,65.54,64.91,69.77,66.74,62.96,0.7879,0.7835,155.9198,173.1396,0.00412,0.7509,0.7563,0.1461,AVANZAR
937,46.85,64.05,65.37,64.3,67.18,62.39,73.32,0.7913,0.7858,156.1208,173.3406,0.00412,0.7522,0.7579,0.1461,AVANZAR
938,46.9,68.2,73.8,59.97,66.65,73.17,68.45,0.7223,0.7668,156.3218,173.5415,0.00412,0.7538,0.7492,0.1461,AVANZAR
939,46.95,66.85,65.98,66.21,68.65,66.14,65.48,0.771,0.768,156.5227,173.7425,0.00412,0.7451,0.7488,0.1461,AVANZAR
940,47.0,66.03,60.48,64.35,70.06,67.91,73.45,0.811,0.7809,156.7237,173.9434,0.00412,0.7447,0.7544,0.1461,AVANZAR
941,47.05,64.04,67.54,67.52,70.43,67.56,71.6,0.7787,0.7803,156.9246,174.1444,0.00412,0.7503,0.7544,0.1461,AVANZAR
942,47.1,63.86,67.29,70.75,68.01,64.41,64.37,0.7813,0.7806,157.1256,174.3454,0.00412,0.7503,0.7548,0.1461,AVANZAR
943,47.15,65.68,67.84,63.37,70.11,66.25,65.5,0.7671,0.7765,157.3266,174.5463,0.00412,0.7507,0.7531,0.1461,AVANZAR
944,47.2,67.09,63.57,73.5,62.76,62.61,66.75,0.7843,0.7789,157.5275,174.7473,0.00412,0.749,0.7542,0.1461,AVANZAR
945,47.25,65.2,62.32,70.05,71.95,66.83,71.17,0.8035,0.7863,157.7285,174.9482,0.00412,0.75,0.7579,0.1461,AVANZAR
946,47.3,59.53,59.09,65.45,70.36,68.22,67.98,0.8633,0.8094,157.9294,175.1492,0.00412,0.7537,0.7697,0.1461,AVANZAR
947,47.35,69.38,71.26,64.8,63.92,64.57,64.89,0.7282,0.785,158.1304,175.3502,0.00412,0.7656,0.7602,0.1461,AVANZAR
948,47.4,71.68,66.22,64.28,65.89,69.88,64.48,0.7437,0.7726,158.3314,175.5511,0.00412,0.756,0.7542,0.1461,AVANZAR
949,47.45,72.49,69.41,66.12,68.65,67.25,69.35,0.722,0.7574,158.5323,175.7521,0.00412,0.7501,0.746,0.1461,AVANZAR
950,47.5,62.31,65.68,69.68,65.43,65.25,56.6,0.8006,0.7704,158.7333,175.953,0.00412,0.7419,0.7505,0.1461,AVANZAR
951,47.55,71.01,71.3,66.95,66.12,61.78,67.62,0.7196,0.7551,158.9342,176.154,0.00412,0.7463,0.7424,0.1461,AVANZAR
952,47.6,63.53,69.53,60.76,65.79,68.28,68.18,0.7711,0.7599,159.1352,176.355,0.00412,0.7383,0.7431,0.1461,AVANZAR
953,47.65,72.82,66.18,69.83,62.06,67.39,66.35,0.7384,0.7535,159.3362,176.5559,0.00412,0.739,0.7389,0.1461,AVANZAR
954,47.7,63.77,68.69,69.25,66.77,64.44,70.94,0.7742,0.7597,159.5371,176.7569,0.00412,0.7348,0.7405,0.1461,AVANZAR
955,47.75,69.16,64.34,65.2,67.47,71.48,62.92,0.768,0.7622,159.7381,176.9578,0.00412,0.7364,0.741,0.1461,AVANZAR
956,47.8,71.12,66.84,68.29,72.12,70.46,70.18,0.743,0.7564,159.939,177.1588,0.00412,0.7369,0.7378,0.1461,AVANZAR
957,47.85,71.39,65.36,66.22,68.37,66.79,68.29,0.7503,0.7546,160.14,177.3598,0.00412,0.7337,0.7361,0.1461,AVANZAR
958,47.9,70.39,75.16,68.3,70.52,73.03,62.07,0.7043,0.7395,160.341,177.5607,0.00412,0.732,0.7279,0.1461,AVANZAR
959,47.95,64.1,70.74,67.59,63.51,65.68,72.87,0.7613,0.746,160.5419,177.7617,0.00412,0.7238,0.7293,0.1461,AVANZAR
960,48.0,65.09,61.46,69.28,70.51,66.19,66.61,0.8098,0.7652,160.7429,177.9626,0.00412,0.7252,0.7375,0.1461,AVANZAR
961,48.05,66.12,62.28,68.52,66.45,70.57,67.12,0.7982,0.7751,160.9438,178.1636,0.00412,0.7334,0.7429,0.1461,AVANZAR
962,48.1,68.7,68.69,67.07,68.91,66.37,66.07,0.7453,0.7662,161.1448,178.3646,0.00412,0.7388,0.7397,0.1461,AVANZAR
963,48.15,71.19,72.94,64.53,67.11,69.54,66.51,0.7106,0.7495,161.3458,178.5655,0.00412,0.7356,0.732,0.1461,AVANZAR
964,48.2,67.12,67.5,64.6,67.0,65.68,66.17,0.7607,0.7529,161.5467,178.7665,0.00412,0.7278,0.7326,0.1461,AVANZAR
965,48.25,62.4,66.94,66.83,65.07,70.04,64.26,0.7927,0.7648,161.7477,178.9612,0.004055,0.7286,0.7379,0.1461,AVANZAR
966,48.3,66.63,62.4,67.02,64.55,65.58,77.5,0.7945,0.7737,161.9486,179.1621,0.00412,0.7338,0.7427,0.1461,AVANZAR
967,48.35,64.74,66.89,70.03,64.46,63.51,67.02,0.7781,0.775,162.1496,179.3631,0.00412,0.7386,0.7443,0.1461,AVANZAR
968,48.4,67.09,72.69,61.66,64.62,68.6,64.3,0.7338,0.7627,162.3506,179.564,0.00412,0.7402,0.7393,0.1461,AVANZAR
969,48.45,62.36,90.3,66.52,61.32,68.69,69.22,0.694,0.7421,162.5452,179.765,0.004055,0.7352,0.7292,0.1461,AVANZAR
970,48.5,68.08,106.66,69.23,68.82,62.01,83.24,0.6161,0.7043,162.7462,179.966,0.00412,0.7251,0.7092,0.1461,CURVA_DERECHA
971,48.55,66.31,109.42,65.76,68.79,70.05,111.3,0.6201,0.679,162.9472,180.0288,0.002704,0.7065,0.6938,0.1461,CURVA_DERECHA
972,48.6,69.5,112.75,67.26,65.73,68.72,115.36,0.5954,0.6539,163.1481,180.0916,0.002704,0.6911,0.6771,0.1461,CURVA_DERECHA
973,48.65,68.82,121.23,71.81,65.84,66.7,122.25,0.5831,0.6327,163.3491,180.1481,0.002639,0.6745,0.6612,0.1461,CURVA_DERECHA
974,48.7,61.2,111.66,70.03,68.46,69.54,130.17,0.6475,0.6371,163.55,180.2109,0.002704,0.6585,0.6569,0.1461,CURVA_DERECHA
975,48.75,71.28,124.79,61.12,67.26,72.85,149.0,0.5643,0.6153,163.751,180.2674,0.002639,0.6542,0.6411,0.1461,CURVA_DERECHA
976,48.8,67.48,123.1,60.19,67.93,62.78,162.55,0.5874,0.6069,163.952,180.3302,0.002704,0.6384,0.6309,0.1461,CURVA_DERECHA
977,48.85,63.88,142.25,62.4,66.61,66.2,185.03,0.5807,0.599,164.1529,180.393,0.002704,0.6282,0.6213,0.1461,CURVA_DERECHA
978,48.9,61.08,136.02,63.04,63.67,79.35,211.66,0.6073,0.6015,164.3539,180.4495,0.002639,0.6186,0.617,0.1461,CURVA_DERECHA
979,48.95,62.98,135.62,75.91,70.92,106.04,228.88,0.5953,0.5996,164.5548,180.5123,0.002704,0.6143,0.6115,0.1461,CURVA_DERECHA
980,49.0,66.48,136.26,64.97,68.28,108.22,261.36,0.573,0.5916,164.7558,180.5688,0.002639,0.6089,0.6036,0.1461,CURVA_DERECHA
981,49.05,70.3,138.66,66.27,68.38,131.35,289.12,0.5488,0.5788,164.9568,180.6316,0.002704,0.6009,0.5933,0.1461,GIRAR_DERECHA
982,49.1,69.46,113.53,71.99,62.84,155.57,270.49,0.594,0.5834,165.12,180.4684,-0.0,0.5933,0.5934,0.1461,GIRAR_DERECHA
983,49.15,69.11,77.88,64.48,71.06,190.02,238.47,0.6991,0.6181,165.277,180.3114,0.0,0.5934,0.6089,0.1461,CURVA_DERECHA
984,49.2,69.91,69.16,70.97,67.18,214.55,228.38,0.7363,0.6536,165.478,180.3742,0.002704,0.6061,0.6252,0.1461,CURVA_DERECHA
985,49.25,64.07,63.11,66.69,60.93,230.37,222.63,0.8052,0.6991,165.679,180.4307,0.002639,0.6225,0.6492,0.1461,CURVA_DERECHA
986,49.3,68.67,73.16,65.49,71.16,253.26,231.58,0.7227,0.7062,165.8799,180.4935,0.002704,0.6465,0.6577,0.1461,CURVA_DERECHA
987,49.35,69.76,67.8,61.17,65.14,279.66,207.4,0.7445,0.7177,166.0809,180.55,0.002639,0.655,0.6681,0.1461,CURVA_DERECHA
988,49.4,69.47,65.22,68.21,65.81,309.88,198.93,0.761,0.7307,166.2818,180.6128,0.002704,0.6654,0.6794,0.1461,CURVA_DERECHA
989,49.45,70.01,68.3,64.77,66.04,318.57,174.76,0.7405,0.7336,166.4828,180.6756,0.002704,0.6767,0.686,0.1461,CURVA_DERECHA
990,49.5,63.77,66.81,66.11,65.31,324.82,160.46,0.7846,0.7489,166.6838,180.7321,0.002639,0.6833,0.6981,0.1461,CURVA_DERECHA
991,49.55,73.45,60.58,74.75,59.18,330.0,139.72,0.7711,0.7556,166.8847,180.7949,0.002704,0.6954,0.7065,0.1461,CURVA_DERECHA
992,49.6,68.91,67.39,66.65,61.0,325.99,127.82,0.7513,0.7543,167.0857,180.8514,0.002639,0.7039,0.7108,0.1461,CURVA_DERECHA
993,49.65,67.26,64.55,62.84,64.33,310.86,114.29,0.7772,0.7612,167.2866,180.9142,0.002704,0.7081,0.7182,0.1461,CURVA_DERECHA
994,49.7,63.61,69.8,69.76,68.75,322.27,104.3,0.7692,0.7636,167.4876,180.977,0.002704,0.7155,0.7233,0.1461,CURVA_DERECHA
995,49.75,65.31,62.96,64.98,69.1,300.91,61.27,0.7986,0.7741,167.6886,181.0336,0.002639,0.7207,0.7321,0.1461,CURVA_DERECHA
996,49.8,69.29,64.9,58.96,69.19,262.46,65.39,0.7639,0.771,167.8895,181.0964,0.002704,0.7294,0.7344,0.1461,CURVA_DERECHA
997,49.85,71.74,62.85,67.42,66.37,246.94,66.33,0.7642,0.769,168.0905,181.1529,0.002639,0.7318,0.7365,0.1461,CURVA_DERECHA
998,49.9,66.21,69.83,64.5,66.29,235.27,68.54,0.7533,0.7643,168.2914,181.2157,0.002704,0.7338,0.7367,0.1461,CURVA_DERECHA
999,49.95,64.5,69.56,71.77,68.56,195.8,70.71,0.7649,0.7645,168.4924,181.2785,0.002704,0.734,0.7385,0.1461,CURVA_DERECHA
1000,50.0,70.4,73.78,66.72,64.43,182.81,66.24,0.7106,0.7483,168.6934,181.335,0.002639,0.7358,0.7322,0.1461,CURVA_DERECHA
1001,50.05,70.77,69.68,68.53,68.0,147.13,64.93,0.7291,0.7425,168.8943,181.3978,0.002704,0.7294,0.7294,0.1461,CURVA_DERECHA
1002,50.1,73.25,65.38,67.47,65.76,131.13,65.02,0.741,0.7421,169.0953,181.4543,0.002639,0.7268,0.7288,0.1461,CURVA_DERECHA
1003,50.15,63.59,59.6,68.13,69.8,114.14,66.27,0.8321,0.7691,169.2962,181.5171,0.002704,0.7261,0.7416,0.1461,CURVA_DERECHA
1004,50.2,64.04,66.55,70.84,66.44,104.92,63.9,0.7844,0.7737,169.4909,181.5799,0.002639,0.739,0.7456,0.1461,CURVA_DERECHA
1005,50.25,71.47,68.53,70.36,64.16,82.71,63.45,0.7317,0.7611,169.6982,181.6364,0.002704,0.7429,0.7413,0.1461,CURVA_DERECHA
1006,50.3,71.76,65.39,69.94,65.0,65.41,74.91,0.7482,0.7573,169.8928,181.6992,0.002639,0.7387,0.7401,0.1461,AVANZAR
1007,50.35,65.51,67.03,63.41,70.84,66.49,64.43,0.7727,0.7619,170.0938,181.9002,0.00412,0.7359,0.7413,0.1461,AVANZAR
1008,50.4,66.96,64.61,70.93,67.42,67.99,65.52,0.7786,0.7669,170.2948,182.1012,0.00412,0.7372,0.7432,0.1461,AVANZAR
1009,50.45,65.23,62.38,68.18,62.62,66.37,63.63,0.8028,0.7777,170.4957,182.3021,0.00412,0.7391,0.7484,0.1461,AVANZAR
1010,50.5,68.02,68.63,70.18,66.58,64.24,62.81,0.7494,0.7692,170.6967,182.5031,0.00412,0.7443,0.745,0.1461,AVANZAR
1011,50.55,72.93,72.0,66.99,65.12,69.56,68.68,0.7066,0.7504,170.8976,182.704,0.00412,0.7409,0.7359,0.1461,AVANZAR
1012,50.6,68.91,68.23,72.09,66.38,73.83,70.84,0.7467,0.7493,171.0986,182.905,0.00412,0.7318,0.734,0.1461,AVANZAR
1013,50.65,66.55,63.88,65.94,66.64,65.94,70.76,0.7854,0.7601,171.2996,183.106,0.00412,0.7298,0.738,0.1461,AVANZAR
1014,50.7,59.15,66.93,73.42,59.9,64.29,66.88,0.8153,0.7767,171.5005,183.3069,0.00412,0.7338,0.7457,0.1461,AVANZAR
1015,50.75,61.82,61.56,65.97,69.28,67.68,62.68,0.83,0.7927,171.7015,183.5079,0.00412,0.7416,0.7545,0.1461,AVANZAR
1016,50.8,69.54,61.04,71.84,67.11,65.9,70.15,0.7875,0.7911,171.9024,183.7088,0.00412,0.7504,0.7558,0.1461,AVANZAR
1017,50.85,68.33,58.52,65.67,69.23,66.85,71.51,0.8121,0.7974,172.1034,183.9098,0.00412,0.7517,0.7605,0.1461,AVANZAR
1018,50.9,68.57,66.85,66.27,72.17,66.2,69.53,0.7563,0.7851,172.3044,184.1045,0.004055,0.7565,0.7565,0.1461,AVANZAR
1019,50.95,67.77,64.73,66.02,68.84,65.53,62.16,0.7732,0.7815,172.5053,184.3054,0.00412,0.7523,0.7554,0.1461,AVANZAR
1020,51.0,62.99,72.52,71.48,64.23,67.65,71.01,0.7594,0.7749,172.7063,184.5064,0.00412,0.7513,0.7525,0.1461,AVANZAR
1021,51.05,63.63,66.95,75.26,68.56,66.81,74.78,0.7847,0.7778,172.9072,184.7074,0.00412,0.7483,0.7537,0.1461,AVANZAR
1022,51.1,66.3,73.09,69.77,72.24,75.66,70.66,0.7364,0.7654,173.1082,184.9083,0.00412,0.7495,0.7476,0.1461,AVANZAR
1023,51.15,71.22,73.26,69.16,70.99,70.1,64.44,0.7089,0.7484,173.3092,185.1093,0.00412,0.7435,0.7384,0.1461,AVANZAR
1024,51.2,71.34,61.23,61.94,68.35,66.39,70.85,0.777,0.757,173.5101,185.3102,0.00412,0.7343,0.7405,0.1461,AVANZAR
1025,51.25,72.03,73.43,66.24,67.79,67.72,64.16,0.7041,0.7411,173.7111,185.5112,0.00412,0.7364,0.7317,0.1461,AVANZAR
1026,51.3,64.86,65.41,62.53,66.47,68.05,71.78,0.7861,0.7546,173.912,185.7122,0.00412,0.7276,0.7361,0.1461,AVANZAR
1027,51.35,66.67,66.57,65.73,65.8,66.1,65.4,0.7686,0.7588,174.113,185.9131,0.00412,0.732,0.7374,0.1461,AVANZAR
1028,51.4,66.03,71.67,68.68,65.72,65.06,68.43,0.7449,0.7546,174.314,186.1141,0.00412,0.7332,0.7349,0.1461,AVANZAR
1029,51.45,70.79,70.81,73.03,62.76,65.49,65.7,0.7232,0.7452,174.5149,186.315,0.00412,0.7308,0.7297,0.1461,AVANZAR
1030,51.5,66.84,58.8,67.75,64.04,64.91,61.1,0.8184,0.7672,174.7159,186.516,0.00412,0.7256,0.7391,0.1461,AVANZAR
1031,51.55,64.36,66.68,64.89,60.86,67.2,70.69,0.7816,0.7715,174.9168,186.717,0.00412,0.735,0.7418,0.1461,AVANZAR
1032,51.6,70.12,61.2,65.09,71.9,67.22,68.83,0.7834,0.7751,175.1178,186.9179,0.00412,0.7377,0.7444,0.1461,AVANZAR
1033,51.65,65.81,67.02,66.21,65.28,65.37,69.82,0.771,0.7739,175.3188,187.1189,0.00412,0.7403,0.7448,0.1461,AVANZAR
1034,51.7,63.73,68.48,63.56,68.39,66.28,71.41,0.7755,0.7744,175.5197,187.3198,0.00412,0.7406,0.7457,0.1461,AVANZAR
1035,51.75,63.49,66.77,65.25,73.49,66.34,62.36,0.7866,0.778,175.7207,187.5208,0.00412,0.7416,0.7482,0.1461,AVANZAR
1036,51.8,69.7,68.8,64.0,65.84,69.13,69.99,0.7394,0.7664,175.9216,187.7218,0.00412,0.7441,0.7434,0.1461,AVANZAR
1037,51.85,62.63,69.01,64.57,69.52,67.67,69.09,0.7797,0.7704,176.1226,187.9227,0.00412,0.7393,0.7452,0.1461,AVANZAR
1038,51.9,69.27,65.43,72.67,68.6,66.5,68.58,0.7608,0.7675,176.3236,188.1237,0.00412,0.7411,0.7439,0.1461,AVANZAR
1039,51.95,68.37,70.46,59.61,69.39,75.31,65.55,0.7378,0.7586,176.5245,188.3246,0.00412,0.7398,0.7395,0.1461,AVANZAR
1040,52.0,67.46,69.82,66.39,68.55,70.84,65.98,0.7461,0.7549,176.7255,188.5256,0.00412,0.7354,0.737,0.1461,AVANZAR
1041,52.05,72.57,76.3,65.54,66.6,67.65,71.99,0.6883,0.7349,176.9202,188.7266,0.004055,0.7329,0.7264,0.1461,AVANZAR
1042,52.1,65.54,66.94,64.59,73.0,68.65,72.26,0.773,0.7463,177.1211,188.9275,0.00412,0.7223,0.7297,0.1461,AVANZAR
1043,52.15,65.09,67.42,70.23,67.24,70.31,66.13,0.773,0.7543,177.3221,189.1285,0.00412,0.7256,0.7325,0.1461,AVANZAR
1044,52.2,67.37,71.66,69.13,68.34,71.7,72.45,0.7373,0.7492,177.523,189.3294,0.00412,0.7284,0.7297,0.1461,AVANZAR
1045,52.25,67.28,64.51,65.19,68.81,66.54,69.77,0.7773,0.7576,177.724,189.5304,0.00412,0.7256,0.7331,0.1461,AVANZAR
1046,52.3,65.45,71.1,63.99,64.68,68.26,67.8,0.7512,0.7557,177.925,189.7314,0.00412,0.729,0.7322,0.1461,AVANZAR
1047,52.35,69.14,72.68,63.17,70.53,70.64,63.18,0.7225,0.7458,178.1259,189.9323,0.00412,0.7281,0.7273,0.1461,AVANZAR
1048,52.4,61.01,67.24,67.1,63.54,67.07,65.03,0.8003,0.7621,178.3269,190.1333,0.00412,0.7232,0.7345,0.1461,AVANZAR
1049,52.45,65.42,67.2,65.1,72.37,65.74,69.97,0.7722,0.7652,178.5278,190.3342,0.00412,0.7303,0.7365,0.1461,AVANZAR
1050,52.5,63.87,64.53,66.83,62.35,64.12,70.64,0.7975,0.7749,178.7288,190.5352,0.00412,0.7323,0.7419,0.1461,AVANZAR
1051,52.55,67.8,70.72,64.22,60.88,68.41,62.61,0.7396,0.7643,178.9298,190.7362,0.00412,0.7377,0.738,0.1461,AVANZAR
1052,52.6,66.92,68.75,67.22,68.43,66.56,69.98,0.7549,0.7615,179.1307,190.9371,0.00412,0.7339,0.737,0.1461,AVANZAR
1053,52.65,70.54,57.17,69.69,69.2,62.62,67.63,0.8107,0.7762,179.3317,191.1381,0.00412,0.7328,0.7442,0.1461,AVANZAR
1054,52.7,72.05,65.35,70.37,68.6,66.54,70.85,0.747,0.7675,179.5326,191.339,0.00412,0.7401,0.7411,0.1461,AVANZAR
1055,52.75,67.71,64.82,62.05,72.05,65.83,69.37,0.773,0.7691,179.7336,191.5337,0.004055,0.737,0.7423,0.1461,AVANZAR
1056,52.8,65.39,66.69,66.95,64.61,69.76,66.2,0.7754,0.771,179.9346,191.7347,0.00412,0.7382,0.7436,0.1461,AVANZAR
1057,52.85,72.36,67.07,70.79,70.67,72.16,65.13,0.7354,0.7603,180.1355,191.9356,0.00412,0.7395,0.7389,0.1461,AVANZAR
1058,52.9,66.7,68.19,70.18,69.9,69.16,64.98,0.7592,0.76,180.3365,192.1366,0.00412,0.7348,0.7384,0.1461,AVANZAR
1059,52.95,63.62,69.56,66.54,64.59,63.02,66.29,0.7704,0.7631,180.5374,192.3376,0.00412,0.7342,0.7395,0.1461,AVANZAR
1060,53.0,69.76,65.99,67.29,67.2,67.28,71.26,0.7549,0.7606,180.7384,192.5385,0.00412,0.7354,0.7382,0.1461,AVANZAR
1061,53.05,64.38,61.83,69.88,68.58,70.21,72.79,0.8117,0.776,180.9394,192.7395,0.00412,0.7341,0.7455,0.1461,AVANZAR
1062,53.1,67.91,70.84,64.97,71.97,69.36,66.17,0.7384,0.7647,181.1403,192.9404,0.00412,0.7413,0.7409,0.1461,AVANZAR
1063,53.15,66.52,65.93,72.77,68.81,66.75,65.49,0.7731,0.7672,181.3413,193.1414,0.00412,0.7368,0.7421,0.1461,AVANZAR
1064,53.2,68.4,66.95,65.85,63.05,69.75,70.72,0.7567,0.7641,181.5422,193.3424,0.00412,0.738,0.7407,0.1461,AVANZAR
1065,53.25,68.21,76.02,67.35,69.16,65.44,66.73,0.712,0.7485,181.7432,193.5433,0.00412,0.7366,0.733,0.1461,AVANZAR
1066,53.3,67.29,66.9,69.49,66.5,73.01,74.43,0.7631,0.7528,181.9442,193.7443,0.00412,0.7289,0.7339,0.1461,AVANZAR
1067,53.35,70.09,65.75,67.82,63.11,74.44,69.09,0.7546,0.7534,182.1451,193.9452,0.00412,0.7298,0.7334,0.1461,AVANZAR
1068,53.4,67.87,69.63,70.67,67.44,67.21,65.94,0.7449,0.7508,182.3461,194.1462,0.00412,0.7293,0.7316,0.1461,AVANZAR
1069,53.45,69.23,64.13,67.53,68.28,65.73,68.97,0.769,0.7563,182.547,194.3472,0.00412,0.7274,0.7335,0.1461,AVANZAR
1070,53.5,67.67,66.14,67.86,69.55,68.88,62.49,0.7654,0.759,182.748,194.5481,0.00412,0.7294,0.7346,0.1461,AVANZAR
1071,53.55,70.49,68.26,64.13,68.48,59.9,67.52,0.7382,0.7528,182.949,194.7491,0.00412,0.7305,0.7317,0.1461,AVANZAR
1072,53.6,62.65,69.96,73.82,66.57,68.11,67.67,0.7745,0.7593,183.1499,194.95,0.00412,0.7275,0.7344,0.1461,AVANZAR
1073,53.65,62.43,63.54,65.31,66.77,68.92,70.82,0.8129,0.7754,183.3509,195.151,0.00412,0.7303,0.7424,0.1461,AVANZAR
1074,53.7,70.55,69.27,66.08,66.62,60.93,70.52,0.7324,0.7625,183.5518,195.352,0.00412,0.7382,0.7374,0.1461,AVANZAR
1075,53.75,71.08,63.42,70.23,68.88,67.71,71.43,0.7638,0.7629,183.7528,195.5529,0.00412,0.7333,0.7377,0.1461,AVANZAR
1076,53.8,73.11,71.2,69.17,65.31,66.88,62.66,0.7097,0.7469,183.9538,195.7539,0.00412,0.7336,0.7301,0.1461,AVANZAR
1077,53.85,63.72,70.71,61.87,67.51,65.1,61.6,0.7638,0.752,184.1547,195.9548,0.00412,0.726,0.7315,0.1461,AVANZAR
1078,53.9,61.77,67.6,67.48,61.63,65.0,69.51,0.7931,0.7643,184.3494,196.1558,0.004055,0.7275,0.7371,0.1461,AVANZAR
1079,53.95,66.25,68.07,68.16,61.75,72.66,70.93,0.7625,0.7638,184.5504,196.3568,0.00412,0.7329,0.7373,0.1461,AVANZAR
1080,54.0,70.35,68.44,68.6,65.67,71.38,65.13,0.738,0.756,184.7513,196.5577,0.00412,0.7331,0.7338,0.1461,AVANZAR
1081,54.05,66.99,69.41,66.63,67.95,66.62,67.59,0.751,0.7545,184.9523,196.7587,0.00412,0.7297,0.7328,0.1461,AVANZAR
1082,54.1,65.51,61.16,67.09,68.39,72.93,68.94,0.8094,0.771,185.1532,196.9596,0.00412,0.7287,0.7405,0.1461,AVANZAR
1083,54.15,68.33,67.44,72.46,64.72,72.1,67.4,0.7543,0.766,185.3542,197.1606,0.00412,0.7364,0.739,0.1461,AVANZAR
1084,54.2,62.67,65.69,69.68,64.98,69.19,69.97,0.7982,0.7756,185.5552,197.3616,0.00412,0.7349,0.7441,0.1461,AVANZAR
1085,54.25,65.25,67.77,66.48,67.73,66.02,67.89,0.7701,0.774,185.7561,197.5625,0.00412,0.74,0.7444,0.1461,AVANZAR
1086,54.3,73.9,66.98,66.53,65.96,69.58,68.2,0.7286,0.7604,185.9571,197.7635,0.00412,0.7403,0.7386,0.1461,AVANZAR
1087,54.35,70.22,67.7,73.66,64.3,70.47,69.4,0.7427,0.7551,186.158,197.9644,0.00412,0.7345,0.7357,0.1461,AVANZAR
1088,54.4,71.41,69.24,73.24,66.62,65.36,68.55,0.7282,0.747,186.359,198.1654,0.00412,0.7315,0.7311,0.1461,AVANZAR
1089,54.45,70.01,68.58,68.61,70.73,71.3,68.77,0.739,0.7446,186.56,198.3664,0.00412,0.7269,0.7287,0.1461,AVANZAR
1090,54.5,66.23,68.77,67.94,68.75,71.04,61.57,0.7588,0.7489,186.7609,198.5673,0.00412,0.7246,0.7296,0.1461,AVANZAR
1091,54.55,65.79,70.44,68.13,66.12,66.43,69.05,0.7525,0.75,186.9619,198.7683,0.00412,0.7255,0.7294,0.1461,AVANZAR
1092,54.6,62.97,68.77,63.18,70.21,68.86,63.15,0.7788,0.7586,187.1628,198.963,0.004055,0.7254,0.7332,0.1461,AVANZAR
1093,54.65,70.53,66.33,62.35,69.49,71.75,69.44,0.7489,0.7557,187.3638,199.1639,0.00412,0.729,0.7319,0.1461,AVANZAR
1094,54.7,61.04,62.35,69.89,70.4,66.91,63.73,0.83,0.778,187.5648,199.3649,0.00412,0.7278,0.7428,0.1461,AVANZAR
1095,54.75,67.59,66.2,69.09,70.99,69.62,66.7,0.7655,0.7742,187.7657,199.5658,0.00412,0.7386,0.7426,0.1461,AVANZAR
1096,54.8,68.18,66.06,68.71,67.04,68.62,71.49,0.763,0.7709,187.9667,199.7668,0.00412,0.7384,0.742,0.1461,AVANZAR
1097,54.85,74.22,64.47,64.92,65.72,67.83,64.43,0.742,0.7622,188.1676,199.9678,0.00412,0.7379,0.7385,0.1461,AVANZAR
1098,54.9,67.49,66.17,72.9,67.01,69.51,65.53,0.7662,0.7634,188.3686,200.1687,0.00412,0.7344,0.739,0.1461,AVANZAR
1099,54.95,68.46,62.51,64.57,68.35,68.31,64.49,0.7835,0.7694,188.5696,200.3697,0.00412,0.7349,0.742,0.1461,AVANZAR
1100,55.0,67.15,68.41,68.85,63.83,68.48,62.55,0.7555,0.7652,188.7705,200.5706,0.00412,0.7379,0.7405,0.1461,AVANZAR
1101,55.05,69.25,63.7,66.65,65.85,65.47,65.54,0.7716,0.7671,188.9715,200.7716,0.00412,0.7363,0.7415,0.1461,AVANZAR
1102,55.1,69.98,66.1,60.26,70.5,69.47,63.14,0.7531,0.7629,189.1724,200.9726,0.00412,0.7374,0.7397,0.1461,AVANZAR
1103,55.15,66.76,62.37,61.24,68.05,65.2,62.15,0.7939,0.7722,189.3734,201.1735,0.00412,0.7356,0.7441,0.1461,AVANZAR
1104,55.2,67.55,70.78,65.17,64.95,65.75,63.41,0.7406,0.7628,189.5744,201.3745,0.00412,0.74,0.7401,0.1461,AVANZAR
1105,55.25,65.2,67.32,64.85,66.07,63.37,64.91,0.7729,0.7658,189.7753,201.5754,0.00412,0.7359,0.7413,0.1461,AVANZAR
1106,55.3,72.85,68.03,67.53,61.68,66.92,61.46,0.7277,0.7544,189.9763,201.7764,0.00412,0.7372,0.7358,0.1461,AVANZAR
1107,55.35,67.71,65.39,65.7,62.68,58.86,65.3,0.7696,0.759,190.1772,201.9774,0.00412,0.7317,0.7373,0.1461,AVANZAR
1108,55.4,74.2,61.88,65.9,68.82,64.32,66.2,0.7587,0.7589,190.3782,202.1783,0.00412,0.7331,0.7369,0.1461,AVANZAR
1109,55.45,65.67,65.83,68.04,70.29,69.09,63.2,0.7787,0.7648,190.5792,202.3793,0.00412,0.7328,0.7395,0.1461,AVANZAR
1110,55.5,70.48,66.7,66.39,67.0,66.94,62.48,0.747,0.7595,190.7801,202.5802,0.00412,0.7354,0.7371,0.1461,AVANZAR
1111,55.55,68.18,61.93,69.09,60.66,72.82,68.89,0.7888,0.7683,190.9811,202.7812,0.00412,0.7329,0.7411,0.1461,AVANZAR
1112,55.6,68.11,74.51,71.93,66.07,69.57,72.25,0.7194,0.7536,191.182,202.9822,0.00412,0.737,0.7344,0.1461,AVANZAR
1113,55.65,72.16,66.08,69.34,67.15,66.77,68.44,0.7421,0.7502,191.383,203.1831,0.00412,0.7303,0.732,0.1461,AVANZAR
1114,55.7,67.6,71.69,60.91,69.27,68.36,66.99,0.7358,0.7459,191.584,203.3841,0.00412,0.7279,0.7291,0.1461,AVANZAR
1115,55.75,62.69,64.52,66.95,64.57,68.37,64.22,0.8051,0.7636,191.7849,203.585,0.00412,0.7249,0.7367,0.1461,AVANZAR
1116,55.8,64.07,61.74,70.76,66.81,67.73,63.9,0.8142,0.7788,191.9796,203.786,0.004055,0.7326,0.7445,0.1461,AVANZAR
1117,55.85,70.73,69.03,68.82,69.72,66.91,66.6,0.7328,0.765,192.1806,203.987,0.00412,0.7404,0.7393,0.1461,AVANZAR
1118,55.9,65.76,65.36,59.64,72.45,65.2,67.19,0.7809,0.7698,192.3815,204.1879,0.00412,0.7352,0.7419,0.1461,AVANZAR
1119,55.95,68.21,65.95,61.65,60.85,70.67,67.53,0.7635,0.7679,192.5825,204.3889,0.00412,0.7377,0.7415,0.1461,AVANZAR
1120,56.0,70.78,65.9,70.66,66.61,68.23,69.29,0.7501,0.7626,192.7834,204.5898,0.00412,0.7374,0.7392,0.1461,AVANZAR
1121,56.05,65.04,63.15,69.29,67.39,69.04,64.9,0.799,0.7735,192.9844,204.7908,0.00412,0.7351,0.7445,0.1461,AVANZAR
1122,56.1,64.04,60.5,68.36,59.39,64.51,69.07,0.8229,0.7883,193.1854,204.9918,0.00412,0.7403,0.7524,0.1461,AVANZAR
1123,56.15,67.91,67.02,74.87,68.04,67.6,68.92,0.7589,0.7795,193.3863,205.1927,0.00412,0.7483,0.7498,0.1461,AVANZAR
1124,56.2,67.57,66.82,66.11,72.22,67.95,64.33,0.762,0.7742,193.5873,205.3937,0.00412,0.7457,0.7481,0.1461,AVANZAR
1125,56.25,71.98,68.96,68.18,62.77,70.13,67.12,0.7269,0.76,193.7882,205.5946,0.00412,0.744,0.7415,0.1461,AVANZAR
1126,56.3,68.88,66.17,71.33,64.55,68.29,61.59,0.7585,0.7596,193.9892,205.7956,0.00412,0.7374,0.7404,0.1461,AVANZAR
1127,56.35,72.88,67.99,66.92,69.68,58.15,71.44,0.7278,0.75,194.1902,205.9966,0.00412,0.7363,0.7351,0.1461,AVANZAR
1128,56.4,68.82,59.06,63.99,59.04,65.93,68.63,0.8054,0.7666,194.3911,206.1975,0.00412,0.731,0.7418,0.1461,AVANZAR
1129,56.45,69.86,62.23,66.25,69.27,70.84,62.75,0.7778,0.77,194.5921,206.3922,0.004055,0.7378,0.7436,0.1461,AVANZAR
1130,56.5,67.06,69.47,67.01,68.45,66.51,68.16,0.7502,0.7641,194.793,206.5932,0.00412,0.7395,0.7411,0.1461,AVANZAR
1131,56.55,69.29,68.84,68.35,70.07,68.07,68.37,0.7413,0.7573,194.994,206.7941,0.00412,0.737,0.7376,0.1461,AVANZAR
1132,56.6,66.79,63.8,58.14,67.62,69.63,70.57,0.7845,0.7654,195.195,206.9951,0.00412,0.7335,0.7409,0.1461,AVANZAR
1133,56.65,68.58,70.8,67.4,68.82,63.58,74.75,0.7349,0.7563,195.3959,207.196,0.00412,0.7368,0.7365,0.1461,AVANZAR
1134,56.7,68.06,64.1,72.15,60.96,65.97,66.94,0.7756,0.7621,195.5969,207.397,0.00412,0.7324,0.7387,0.1461,AVANZAR
1135,56.75,69.69,61.39,67.38,63.44,67.14,63.21,0.7843,0.7687,195.7978,207.598,0.00412,0.7346,0.7419,0.1461,AVANZAR
1136,56.8,67.72,67.14,65.06,67.68,70.8,65.18,0.7593,0.7659,195.9988,207.7989,0.00412,0.7377,0.7409,0.1461,AVANZAR
1137,56.85,68.14,68.26,66.38,66.07,63.37,72.04,0.7507,0.7614,196.1998,207.9999,0.00412,0.7368,0.7388,0.1461,AVANZAR
1138,56.9,66.15,69.0,69.34,67.96,60.14,64.64,0.758,0.7604,196.4007,208.2008,0.00412,0.7347,0.7381,0.1461,AVANZAR
1139,56.95,69.21,66.67,69.64,68.09,60.08,66.59,0.7539,0.7584,196.6017,208.4018,0.00412,0.734,0.7369,0.1461,AVANZAR
1140,57.0,71.88,69.93,68.15,67.58,68.9,71.13,0.7222,0.7476,196.8026,208.6028,0.00412,0.7328,0.7312,0.1461,AVANZAR
1141,57.05,75.02,69.69,65.49,65.63,63.02,73.32,0.7086,0.7359,197.0036,208.8037,0.00412,0.7271,0.7244,0.1461,AVANZAR
1142,57.1,70.08,70.78,64.9,66.21,66.68,67.66,0.727,0.7332,197.2046,209.0047,0.00412,0.7203,0.7213,0.1461,AVANZAR
1143,57.15,68.27,70.61,71.36,64.16,67.83,64.42,0.7376,0.7345,197.4055,209.2056,0.00412,0.7171,0.7201,0.1461,AVANZAR
1144,57.2,65.71,68.57,66.19,62.03,69.66,67.75,0.7629,0.743,197.6065,209.4066,0.00412,0.716,0.7229,0.1461,AVANZAR
1145,57.25,67.49,64.09,65.44,66.07,69.22,68.17,0.7787,0.7537,197.8074,209.6076,0.00412,0.7187,0.7275,0.1461,AVANZAR
1146,57.3,64.12,67.23,69.05,68.39,72.03,68.47,0.7801,0.7616,198.0084,209.8085,0.00412,0.7234,0.7317,0.1461,AVANZAR
1147,57.35,68.1,72.68,67.5,67.04,68.06,67.27,0.7282,0.7516,198.2094,210.0095,0.00412,0.7275,0.7276,0.1461,AVANZAR
1148,57.4,63.22,65.45,59.02,66.42,61.2,65.04,0.7961,0.7649,198.4103,210.2104,0.00412,0.7235,0.7341,0.1461,AVANZAR
1149,57.45,71.37,62.5,71.05,64.55,62.1,67.29,0.7683,0.766,198.6113,210.4114,0.00412,0.73,0.7356,0.1461,AVANZAR
1150,57.5,69.29,67.38,70.1,70.57,71.03,67.72,0.7494,0.761,198.8122,210.6124,0.00412,0.7315,0.7341,0.1461,AVANZAR
1151,57.55,73.21,70.51,67.3,64.75,63.68,64.81,0.7127,0.7465,199.0132,210.8133,0.00412,0.73,0.7275,0.1461,AVANZAR
1152,57.6,69.21,65.41,68.63,65.9,60.64,72.33,0.7613,0.7509,199.2142,211.0143,0.00412,0.7233,0.7289,0.1461,AVANZAR
1153,57.65,73.75,65.45,72.04,68.44,66.09,67.56,0.7382,0.7471,199.4088,211.2152,0.004055,0.7248,0.7268,0.1461,AVANZAR
1154,57.7,64.49,66.3,60.95,65.29,67.28,70.61,0.7831,0.7579,199.6098,211.4162,0.00412,0.7227,0.7315,0.1461,AVANZAR
1155,57.75,65.58,68.9,63.71,64.16,66.98,65.85,0.762,0.7591,199.8108,211.6172,0.00412,0.7274,0.7324,0.1461,AVANZAR
1156,57.8,61.99,69.53,74.19,69.13,72.68,69.02,0.7811,0.7657,200.0117,211.8181,0.00412,0.7283,0.736,0.1461,AVANZAR
1157,57.85,71.04,69.06,66.12,67.77,63.96,68.9,0.731,0.7553,200.2127,212.0191,0.00412,0.7319,0.7318,0.1461,AVANZAR
1158,57.9,64.97,63.43,64.74,70.14,66.33,61.72,0.7976,0.768,200.4136,212.22,0.00412,0.7277,0.7379,0.1461,AVANZAR
1159,57.95,65.92,69.99,68.44,64.31,67.4,67.08,0.7541,0.7638,200.6146,212.421,0.00412,0.7338,0.7367,0.1461,AVANZAR
1160,58.0,67.4,72.24,70.07,60.92,65.0,62.96,0.7342,0.755,200.8156,212.622,0.00412,0.7326,0.7329,0.1461,AVANZAR
1161,58.05,62.89,62.32,72.35,62.45,63.13,69.63,0.8178,0.7738,201.0165,212.8229,0.00412,0.7287,0.7417,0.1461,AVANZAR
1162,58.1,71.74,61.23,68.93,69.88,67.95,71.72,0.775,0.7742,201.2175,213.0239,0.00412,0.7376,0.7431,0.1461,AVANZAR
1163,58.15,64.24,71.29,70.35,69.41,69.54,70.13,0.7576,0.7692,201.4184,213.2248,0.00412,0.739,0.7417,0.1461,AVANZAR
1164,58.2,67.76,68.22,62.99,66.83,68.4,68.9,0.753,0.7643,201.6194,213.4258,0.00412,0.7376,0.7398,0.1461,AVANZAR
1165,58.25,71.09,70.67,67.42,66.1,67.42,68.76,0.7224,0.7517,201.8204,213.6268,0.00412,0.7357,0.7338,0.1461,AVANZAR
1166,58.3,67.34,66.1,66.61,59.25,73.13,68.03,0.7675,0.7565,202.0213,213.8277,0.00412,0.7296,0.7352,0.1461,AVANZAR
1167,58.35,67.23,65.54,63.95,68.36,65.22,64.27,0.7714,0.7609,202.2223,214.0224,0.004055,0.7311,0.737,0.1461,AVANZAR
1168,58.4,67.95,67.67,72.6,65.67,66.2,67.52,0.7551,0.7592,202.4232,214.2234,0.00412,0.7329,0.7361,0.1461,AVANZAR
1169,58.45,68.66,68.97,64.38,71.03,67.44,69.73,0.7441,0.7546,202.6242,214.4243,0.00412,0.732,0.7338,0.1461,AVANZAR
1170,58.5,65.1,77.07,67.42,64.07,67.6,65.86,0.7254,0.7459,202.8252,214.6253,0.00412,0.7296,0.729,0.1461,AVANZAR
1171,58.55,68.39,67.69,68.33,67.76,65.63,64.62,0.7525,0.7479,203.0261,214.8262,0.00412,0.7249,0.7289,0.1461,AVANZAR
1172,58.6,68.75,71.0,66.51,69.93,63.38,69.34,0.733,0.7434,203.2271,215.0272,0.00412,0.7248,0.726,0.1461,AVANZAR
1173,58.65,63.55,70.26,70.15,68.42,65.41,59.85,0.7672,0.7505,203.428,215.2282,0.00412,0.7219,0.7285,0.1461,AVANZAR
1174,58.7,70.25,62.98,64.0,68.16,66.55,73.5,0.7709,0.7566,203.629,215.4291,0.00412,0.7244,0.7312,0.1461,AVANZAR
1175,58.75,64.02,66.89,62.73,63.32,62.54,63.43,0.7826,0.7644,203.83,215.6301,0.00412,0.7271,0.7352,0.1461,AVANZAR
1176,58.8,67.4,72.78,66.64,62.77,63.92,68.38,0.7316,0.7546,204.0309,215.831,0.00412,0.7311,0.7311,0.1461,AVANZAR
1177,58.85,68.63,68.13,70.5,68.99,68.21,65.16,0.7487,0.7528,204.2319,216.032,0.00412,0.727,0.7302,0.1461,AVANZAR
1178,58.9,69.26,71.14,63.15,66.6,66.1,63.43,0.7294,0.7458,204.4328,216.233,0.00412,0.7261,0.7266,0.1461,AVANZAR
1179,58.95,61.19,65.66,68.73,70.52,70.24,64.92,0.8082,0.7645,204.6338,216.4339,0.00412,0.7224,0.735,0.1461,AVANZAR
1180,59.0,61.76,71.16,65.22,72.63,61.27,61.26,0.7743,0.7675,204.8348,216.6349,0.00412,0.7309,0.7372,0.1461,AVANZAR
1181,59.05,63.69,64.65,69.92,72.36,67.86,73.51,0.7979,0.7766,205.0357,216.8358,0.00412,0.7331,0.7425,0.1461,AVANZAR
1182,59.1,68.55,68.66,64.57,68.87,63.91,69.0,0.7463,0.7675,205.2367,217.0368,0.00412,0.7384,0.7396,0.1461,AVANZAR
1183,59.15,66.92,66.28,65.66,63.86,63.54,67.2,0.7688,0.7679,205.4376,217.2378,0.00412,0.7355,0.7403,0.1461,AVANZAR
1184,59.2,65.29,72.77,61.37,65.92,64.55,64.56,0.7439,0.7607,205.6386,217.4387,0.00412,0.7362,0.7373,0.1461,AVANZAR
1185,59.25,70.54,67.06,64.8,70.37,67.98,60.6,0.7446,0.7559,205.8396,217.6397,0.00412,0.7332,0.7349,0.1461,AVANZAR
1186,59.3,67.88,68.58,66.0,68.79,63.43,65.71,0.7504,0.7542,206.0405,217.8406,0.00412,0.7308,0.7336,0.1461,AVANZAR
1187,59.35,68.52,65.63,67.1,68.9,69.2,68.64,0.7637,0.7571,206.2415,218.0416,0.00412,0.7295,0.7345,0.1461,AVANZAR
1188,59.4,64.95,68.21,70.68,67.65,71.23,62.55,0.7695,0.7608,206.4424,218.2426,0.00412,0.7304,0.7361,0.1461,AVANZAR
1189,59.45,65.71,65.97,66.12,70.27,64.77,66.82,0.7777,0.7659,206.6434,218.4435,0.00412,0.732,0.7387,0.1461,AVANZAR
1190,59.5,63.1,60.38,65.55,68.95,67.65,63.74,0.8297,0.785,206.8381,218.6445,0.004055,0.7346,0.7485,0.1461,AVANZAR
1191,59.55,68.01,69.96,70.74,71.02,70.82,66.45,0.7424,0.7722,207.039,218.8454,0.00412,0.7444,0.7441,0.1461,AVANZAR
1192,59.6,67.38,67.43,66.04,67.06,67.39,65.63,0.7596,0.7684,207.24,219.0464,0.00412,0.74,0.7428,0.1461,AVANZAR
1193,59.65,63.76,72.48,67.0,67.1,65.49,66.68,0.7547,0.7643,207.441,219.2474,0.00412,0.7387,0.7411,0.1461,AVANZAR
1194,59.7,62.19,67.31,70.45,65.07,65.44,66.01,0.792,0.7726,207.6419,219.4483,0.00412,0.7369,0.745,0.1461,AVANZAR
1195,59.75,68.91,65.79,63.31,66.45,62.75,65.82,0.7606,0.769,207.8429,219.6493,0.00412,0.7409,0.7437,0.1461,AVANZAR
1196,59.8,69.64,73.47,64.32,68.03,65.6,68.39,0.7161,0.7531,208.0438,219.8502,0.00412,0.7396,0.7362,0.1461,AVANZAR
1197,59.85,67.99,68.23,65.03,65.55,69.68,63.5,0.7517,0.7527,208.2448,220.0512,0.00412,0.7321,0.7349,0.1461,AVANZAR
1198,59.9,66.42,68.46,66.84,65.19,68.36,63.7,0.7593,0.7547,208.4458,220.2522,0.00412,0.7308,0.735,0.1461,AVANZAR
1199,59.95,67.14,61.79,62.54,66.72,69.36,72.57,0.7956,0.767,208.6467,220.4531,0.00412,0.7309,0.7403,0.1461,AVANZAR
1200,60.0,67.59,65.23,62.31,65.89,72.93,74.51,0.7713,0.7683,208.8477,220.6541,0.00412,0.7362,0.7413,0.1461,AVANZAR
1201,60.05,67.2,67.27,61.39,69.47,69.48,69.8,0.7615,0.7662,209.0486,220.855,0.00412,0.7372,0.7407,0.1461,AVANZAR
1202,60.1,64.63,66.81,71.28,74.16,62.94,73.43,0.7793,0.7701,209.2496,221.056,0.00412,0.7366,0.7429,0.1461,AVANZAR
1203,60.15,63.32,62.17,62.84,75.38,69.14,65.4,0.8161,0.7839,209.4506,221.257,0.00412,0.7387,0.75,0.1461,AVANZAR
1204,60.2,67.51,67.13,68.44,63.03,71.47,67.99,0.7605,0.7769,209.6515,221.4516,0.004055,0.746,0.7481,0.1461,AVANZAR
1205,60.25,60.22,66.47,63.48,63.8,65.07,61.8,0.8103,0.7869,209.8525,221.6526,0.00412,0.744,0.7537,0.1461,AVANZAR
1206,60.3,68.35,70.57,69.13,66.38,69.65,73.14,0.7373,0.772,210.0534,221.8536,0.00412,0.7496,0.7478,0.1461,AVANZAR
1207,60.35,70.98,66.53,66.08,65.31,69.0,70.37,0.7455,0.7641,210.2544,222.0545,0.00412,0.7437,0.7439,0.1461,AVANZAR
1208,60.4,65.79,60.66,69.94,69.28,60.27,62.33,0.8111,0.7782,210.4554,222.2555,0.00412,0.7398,0.7502,0.1461,AVANZAR
1209,60.45,63.51,64.52,68.59,63.52,67.11,65.44,0.7998,0.7847,210.6563,222.4564,0.00412,0.7461,0.7539,0.1461,AVANZAR
1210,60.5,66.9,59.65,67.99,73.31,67.05,61.35,0.8119,0.7928,210.8573,222.6574,0.00412,0.7498,0.7589,0.1461,AVANZAR
1211,60.55,61.89,63.29,67.97,65.21,66.23,70.1,0.8181,0.8004,211.0582,222.8584,0.00412,0.7548,0.764,0.1461,AVANZAR
1212,60.6,62.04,72.25,63.63,65.02,67.38,66.76,0.7669,0.7904,211.2592,223.0593,0.00412,0.7599,0.7609,0.1461,AVANZAR
1213,60.65,65.74,65.27,70.94,71.54,65.85,70.33,0.7816,0.7877,211.4602,223.2603,0.00412,0.7568,0.7604,0.1461,AVANZAR
1214,60.7,71.51,66.54,65.18,64.12,67.28,74.96,0.7427,0.7742,211.6611,223.4612,0.00412,0.7563,0.7543,0.1461,AVANZAR
1215,60.75,68.03,71.05,66.1,65.94,60.99,61.67,0.7366,0.763,211.8621,223.6622,0.00412,0.7502,0.7482,0.1461,AVANZAR
1216,60.8,67.13,68.28,71.78,70.85,68.93,65.0,0.7562,0.7609,212.063,223.8632,0.00412,0.7441,0.7459,0.1461,AVANZAR
1217,60.85,67.75,69.4,63.52,68.84,70.73,65.44,0.7467,0.7567,212.264,224.0641,0.00412,0.7418,0.7425,0.1461,AVANZAR
1218,60.9,70.37,63.15,70.61,68.27,65.77,68.97,0.7692,0.7604,212.465,224.2651,0.00412,0.7384,0.7429,0.1461,AVANZAR
1219,60.95,66.16,62.55,65.76,66.9,65.25,65.07,0.7962,0.7712,212.6659,224.466,0.00412,0.7388,0.7472,0.1461,AVANZAR
1220,61.0,64.45,63.45,66.41,70.67,72.32,70.62,0.8007,0.78,212.8669,224.667,0.00412,0.743,0.7515,0.1461,AVANZAR
1221,61.05,67.95,64.57,65.48,66.26,65.16,70.43,0.7732,0.778,213.0678,224.868,0.00412,0.7473,0.7511,0.1461,AVANZAR
1222,61.1,69.79,67.13,68.93,70.07,63.69,64.69,0.7482,0.769,213.2688,225.0689,0.00412,0.747,0.7472,0.1461,AVANZAR
1223,61.15,66.15,69.66,69.95,65.13,64.99,68.83,0.7545,0.7647,213.4698,225.2699,0.00412,0.743,0.7447,0.1461,AVANZAR
1224,61.2,74.29,72.35,66.64,72.23,66.04,66.87,0.6984,0.7448,213.6707,225.4708,0.00412,0.7406,0.7344,0.1461,AVANZAR
1225,61.25,68.58,69.06,64.0,67.52,65.24,69.63,0.744,0.7446,213.8717,225.6718,0.00412,0.7303,0.7323,0.1461,AVANZAR
1226,61.3,67.42,59.83,66.86,69.99,70.65,64.89,0.8076,0.7635,214.0726,225.8728,0.00412,0.7282,0.7398,0.1461,AVANZAR
1227,61.35,67.97,69.0,71.36,68.01,65.59,67.85,0.7477,0.7587,214.2673,226.0737,0.004055,0.7357,0.7375,0.1461,AVANZAR
1228,61.4,66.29,72.46,69.62,69.61,71.94,71.5,0.7395,0.753,214.4683,226.2747,0.00412,0.7334,0.7343,0.1461,AVANZAR
1229,61.45,73.24,64.19,67.22,66.87,65.95,65.98,0.7484,0.7516,214.6692,226.4756,0.00412,0.7301,0.7328,0.1461,AVANZAR
1230,61.5,64.98,69.41,70.08,64.27,65.91,62.18,0.7628,0.7549,214.8702,226.6766,0.00412,0.7287,0.7337,0.1461,AVANZAR
1231,61.55,65.21,62.95,67.0,63.8,64.68,74.98,0.7992,0.7682,215.0712,226.8776,0.00412,0.7295,0.7397,0.1461,AVANZAR
1232,61.6,65.73,67.65,67.76,66.79,69.2,66.79,0.7679,0.7681,215.2721,227.0785,0.00412,0.7356,0.7403,0.1461,AVANZAR
1233,61.65,66.29,60.67,61.69,63.83,70.92,74.29,0.8082,0.7801,215.4731,227.2795,0.00412,0.7362,0.7467,0.1461,AVANZAR
1234,61.7,69.25,68.54,65.39,66.12,66.85,68.26,0.7432,0.7691,215.674,227.4804,0.00412,0.7426,0.7427,0.1461,AVANZAR
1235,61.75,64.6,67.77,67.06,65.81,71.12,70.48,0.774,0.7705,215.875,227.6814,0.00412,0.7386,0.7437,0.1461,AVANZAR
1236,61.8,71.43,63.82,63.91,64.77,73.31,68.96,0.7595,0.7672,216.076,227.8824,0.00412,0.7396,0.7425,0.1461,AVANZAR
1237,61.85,66.35,68.14,73.26,67.42,65.77,67.19,0.7615,0.7655,216.2769,228.0833,0.00412,0.7384,0.7418,0.1461,AVANZAR
1238,61.9,59.91,67.07,63.54,71.66,63.04,67.93,0.809,0.7786,216.4779,228.2843,0.00412,0.7377,0.7481,0.1461,AVANZAR
1239,61.95,70.71,68.23,74.48,66.18,66.03,65.89,0.7372,0.7662,216.6788,228.4852,0.00412,0.744,0.743,0.1461,AVANZAR
1240,62.0,65.97,63.81,66.42,66.23,64.25,70.47,0.7892,0.7731,216.8798,228.6862,0.00412,0.7389,0.7462,0.1461,AVANZAR
1241,62.05,68.12,69.44,67.65,68.9,67.11,64.56,0.7445,0.7645,217.0808,228.8809,0.004055,0.7422,0.7425,0.1461,AVANZAR
1242,62.1,71.31,64.38,67.79,65.96,67.55,67.56,0.7566,0.7621,217.2817,229.0818,0.00412,0.7384,0.7411,0.1461,AVANZAR
1243,62.15,64.28,72.39,62.19,73.77,66.86,69.73,0.7519,0.7591,217.4827,229.2828,0.00412,0.7369,0.7391,0.1461,AVANZAR
1244,62.2,62.31,67.24,70.33,61.23,64.48,65.12,0.7915,0.7688,217.6836,229.4838,0.00412,0.735,0.7433,0.1461,AVANZAR
1245,62.25,67.7,66.39,67.05,63.11,68.74,59.26,0.7638,0.7673,217.8846,229.6847,0.00412,0.7391,0.7427,0.1461,AVANZAR
1246,62.3,63.16,65.81,63.87,67.58,68.1,69.55,0.7943,0.7754,218.0856,229.8857,0.00412,0.7386,0.7468,0.1461,AVANZAR
1247,62.35,65.5,69.03,66.63,69.78,70.6,71.23,0.7617,0.7713,218.2865,230.0866,0.00412,0.7426,0.7454,0.1461,AVANZAR
1248,62.4,67.06,67.92,67.32,69.54,65.78,69.37,0.7587,0.7675,218.4875,230.2876,0.00412,0.7413,0.7438,0.1461,AVANZAR
1249,62.45,68.82,70.9,66.27,67.59,71.0,67.08,0.733,0.7572,218.6884,230.4886,0.00412,0.7397,0.7387,0.1461,AVANZAR
1250,62.5,68.74,65.6,70.41,64.5,66.85,67.02,0.7627,0.7588,218.8894,230.6895,0.00412,0.7346,0.7387,0.1461,AVANZAR
1251,62.55,65.06,65.83,67.79,68.04,69.19,67.81,0.7824,0.7659,219.0904,230.8905,0.00412,0.7346,0.7416,0.1461,AVANZAR
1252,62.6,68.82,69.85,63.92,61.7,67.78,67.71,0.7385,0.7577,219.2913,231.0914,0.00412,0.7375,0.7376,0.1461,AVANZAR
1253,62.65,65.06,72.81,71.99,69.98,60.94,69.51,0.7451,0.7539,219.4923,231.2924,0.00412,0.7335,0.7352,0.1461,AVANZAR
1254,62.7,67.08,66.89,64.07,66.1,67.25,61.69,0.7644,0.757,219.6932,231.4934,0.00412,0.7311,0.7359,0.1461,AVANZAR
1255,62.75,73.67,69.3,67.16,65.33,66.48,65.05,0.7169,0.745,219.8942,231.6943,0.00412,0.7318,0.7296,0.1461,AVANZAR
1256,62.8,71.38,71.32,74.72,65.24,59.1,71.04,0.7176,0.7368,220.0952,231.8953,0.00412,0.7255,0.7244,0.1461,AVANZAR
1257,62.85,60.54,65.83,69.26,64.53,69.46,66.18,0.8118,0.7593,220.2961,232.0962,0.00412,0.7202,0.7336,0.1461,AVANZAR
1258,62.9,71.56,68.31,64.83,63.68,68.35,69.27,0.7325,0.7513,220.4971,232.2972,0.00412,0.7295,0.7299,0.1461,AVANZAR
1259,62.95,65.84,69.76,74.19,70.33,68.97,70.31,0.7558,0.7526,220.698,232.4982,0.00412,0.7258,0.7302,0.1461,AVANZAR
1260,63.0,67.27,63.78,65.84,69.9,74.54,72.73,0.782,0.7614,220.899,232.6991,0.00412,0.7261,0.7342,0.1461,AVANZAR
1261,63.05,69.56,65.73,68.92,64.08,66.19,70.52,0.7575,0.7602,221.1,232.9001,0.00412,0.7301,0.7341,0.1461,AVANZAR
1262,63.1,66.0,64.27,68.79,68.52,66.34,64.34,0.7862,0.768,221.3009,233.101,0.00412,0.73,0.7382,0.1461,AVANZAR
1263,63.15,67.53,66.17,67.69,71.12,68.61,66.99,0.7659,0.7674,221.5019,233.302,0.00412,0.7341,0.7388,0.1461,AVANZAR
1264,63.2,65.14,60.79,70.69,67.28,69.44,70.29,0.8141,0.7814,221.6966,233.503,0.004055,0.7347,0.7463,0.1461,AVANZAR
1265,63.25,63.08,74.7,69.55,71.2,66.12,67.27,0.7486,0.7716,221.8975,233.7039,0.00412,0.7422,0.7431,0.1461,AVANZAR
1266,63.3,69.6,66.81,68.72,71.05,71.43,69.51,0.751,0.7654,222.0985,233.9049,0.00412,0.739,0.7407,0.1461,AVANZAR
1267,63.35,61.42,62.93,65.41,66.35,68.75,68.77,0.8236,0.7828,222.2994,234.1058,0.00412,0.7366,0.7493,0.1461,AVANZAR
1268,63.4,70.91,71.25,65.55,64.01,61.16,69.68,0.7203,0.7641,222.5004,234.3068,0.00412,0.7452,0.7416,0.1461,AVANZAR
1269,63.45,66.3,71.26,70.17,59.17,68.34,69.05,0.7454,0.7585,222.7014,234.5078,0.00412,0.7374,0.7386,0.1461,AVANZAR
1270,63.5,68.67,68.47,72.46,63.38,68.71,72.57,0.7467,0.7549,222.9023,234.7087,0.00412,0.7345,0.7363,0.1461,AVANZAR
1271,63.55,64.87,67.88,67.2,65.4,72.19,68.05,0.7717,0.76,223.1033,234.9097,0.00412,0.7321,0.7379,0.1461,AVANZAR
1272,63.6,68.53,62.01,68.17,69.57,65.05,68.16,0.7864,0.7679,223.3042,235.1106,0.00412,0.7338,0.7415,0.1461,AVANZAR
1273,63.65,63.54,70.16,72.05,65.56,66.68,69.36,0.7678,0.7679,223.5052,235.3116,0.00412,0.7374,0.7418,0.1461,AVANZAR
1274,63.7,62.56,64.44,72.77,67.66,69.6,69.86,0.8065,0.7794,223.7062,235.5126,0.00412,0.7377,0.7477,0.1461,AVANZAR
1275,63.75,68.65,66.58,62.98,64.91,65.22,69.38,0.7574,0.7728,223.9071,235.7135,0.00412,0.7436,0.7456,0.1461,AVANZAR
1276,63.8,68.1,72.16,65.51,66.81,67.7,64.59,0.7307,0.7602,224.1081,235.9145,0.00412,0.7415,0.7399,0.1461,AVANZAR
1277,63.85,73.31,71.2,63.74,69.38,64.22,67.37,0.7088,0.7448,224.309,236.1154,0.00412,0.7358,0.7319,0.1461,AVANZAR
1278,63.9,63.18,67.83,73.22,62.85,66.96,74.05,0.7826,0.7561,224.51,236.3101,0.004055,0.7278,0.7358,0.1461,AVANZAR
1279,63.95,72.67,63.99,67.98,67.94,66.9,68.25,0.7523,0.755,224.711,236.5111,0.00412,0.7317,0.7347,0.1461,AVANZAR
1280,64.0,62.29,66.08,64.51,70.02,65.31,60.13,0.7984,0.768,224.9119,236.712,0.00412,0.7306,0.7405,0.1461,AVANZAR
1281,64.05,68.85,68.16,65.63,68.01,71.95,69.46,0.7474,0.7618,225.1129,236.913,0.00412,0.7364,0.738,0.1461,AVANZAR
1282,64.1,61.95,65.62,64.91,67.02,70.16,72.43,0.8033,0.7743,225.3138,237.114,0.00412,0.7339,0.744,0.1461,AVANZAR
1283,64.15,72.77,70.78,67.22,66.1,62.83,69.41,0.7135,0.756,225.5148,237.3149,0.00412,0.7399,0.736,0.1461,AVANZAR
1284,64.2,69.31,63.18,59.51,72.34,69.22,64.38,0.7746,0.7616,225.7158,237.5159,0.00412,0.7319,0.7381,0.1461,AVANZAR
1285,64.25,71.54,63.5,60.49,69.63,65.92,64.73,0.761,0.7614,225.9167,237.7168,0.00412,0.734,0.738,0.1461,AVANZAR
1286,64.3,64.82,70.28,63.18,60.83,72.44,66.6,0.7592,0.7608,226.1177,237.9178,0.00412,0.7338,0.7376,0.1461,AVANZAR
1287,64.35,68.81,67.12,68.54,61.13,62.76,61.78,0.7534,0.7586,226.3186,238.1188,0.00412,0.7334,0.7364,0.1461,AVANZAR
1288,64.4,72.51,65.72,60.51,63.76,69.58,73.73,0.7426,0.7538,226.5196,238.3197,0.00412,0.7322,0.7338,0.1461,AVANZAR
1289,64.45,72.31,64.4,67.74,63.71,64.16,64.1,0.7515,0.7531,226.7206,238.5207,0.00412,0.7296,0.7328,0.1461,AVANZAR
1290,64.5,66.96,70.04,67.53,63.27,65.53,67.73,0.7478,0.7515,226.9215,238.7216,0.00412,0.7287,0.7315,0.1461,AVANZAR
1291,64.55,67.61,69.51,61.42,63.36,71.33,76.86,0.7469,0.7501,227.1225,238.9226,0.00412,0.7274,0.7302,0.1461,AVANZAR
1292,64.6,66.1,66.81,68.43,64.46,73.22,66.12,0.7704,0.7562,227.3234,239.1236,0.00412,0.7261,0.7326,0.1461,AVANZAR
1293,64.65,62.58,70.42,71.85,66.29,65.14,67.17,0.7726,0.7611,227.5244,239.3245,0.00412,0.7285,0.7349,0.1461,AVANZAR
1294,64.7,66.89,66.98,70.7,67.47,66.66,64.12,0.765,0.7623,227.7254,239.5255,0.00412,0.7308,0.7358,0.1461,AVANZAR
1295,64.75,72.87,64.98,70.01,60.85,66.88,65.58,0.7453,0.7572,227.9263,239.7264,0.00412,0.7317,0.7337,0.1461,AVANZAR
1296,64.8,65.23,65.24,68.33,70.03,63.22,68.87,0.7849,0.7655,228.1273,239.9274,0.00412,0.7295,0.7376,0.1461,AVANZAR
1297,64.85,65.24,64.87,67.27,60.84,69.99,70.92,0.787,0.772,228.3282,240.1284,0.00412,0.7335,0.7413,0.1461,AVANZAR
1298,64.9,64.07,64.66,71.77,68.67,72.53,66.93,0.7955,0.779,228.5292,240.3293,0.00412,0.7372,0.7457,0.1461,AVANZAR
1299,64.95,75.07,71.67,61.53,75.51,63.58,84.81,0.6982,0.7548,228.7302,240.5303,0.00412,0.7416,0.7353,0.1461,CURVA_DERECHA
1300,65.0,68.97,64.7,68.01,93.54,62.62,93.94,0.7668,0.7584,228.9311,240.5931,0.002704,0.7326,0.7376,0.1461,CURVA_DERECHA
1301,65.05,68.78,63.71,66.77,71.0,69.08,105.97,0.774,0.7631,229.1258,240.6496,0.002575,0.735,0.7407,0.1461,CURVA_DERECHA
1302,65.1,73.56,65.55,64.99,77.11,69.36,101.15,0.7386,0.7557,229.3268,240.7124,0.002704,0.738,0.7381,0.1461,CURVA_DERECHA
1303,65.15,71.3,69.2,69.02,89.43,65.28,105.29,0.729,0.7477,229.5277,240.7689,0.002639,0.7354,0.7345,0.1461,CURVA_DERECHA
1304,65.2,70.16,67.77,67.65,99.66,66.38,112.38,0.7426,0.7462,229.7287,240.8317,0.002704,0.7318,0.7334,0.1461,CURVA_DERECHA
1305,65.25,63.38,62.75,68.96,92.5,66.74,118.07,0.8118,0.7659,229.9296,240.8945,0.002704,0.7307,0.7425,0.1461,CURVA_DERECHA
1306,65.3,61.8,70.63,68.03,104.79,88.85,118.84,0.7767,0.7691,230.1306,240.951,0.002639,0.7399,0.7453,0.1461,CURVA_DERECHA
1307,65.35,72.4,64.25,67.4,103.64,104.1,113.22,0.752,0.764,230.3316,241.0138,0.002704,0.7426,0.744,0.1461,CURVA_DERECHA
1308,65.4,69.09,70.28,67.69,105.39,111.5,119.79,0.7348,0.7552,230.5325,241.0704,0.002639,0.7413,0.7404,0.1461,CURVA_DERECHA
1309,65.45,70.16,70.61,59.55,106.81,109.97,112.34,0.7274,0.7469,230.7335,241.1332,0.002704,0.7377,0.7362,0.1461,CURVA_DERECHA
1310,65.5,72.71,60.73,65.97,121.12,111.06,113.5,0.7736,0.7549,230.9344,241.196,0.002704,0.7335,0.7393,0.1461,CURVA_DERECHA
1311,65.55,64.06,72.04,63.82,124.38,122.18,111.48,0.7549,0.7549,231.1354,241.2525,0.002639,0.7367,0.7394,0.1461,CURVA_DERECHA
1312,65.6,64.45,65.3,69.32,114.59,124.05,110.73,0.7893,0.7652,231.3364,241.3153,0.002704,0.7367,0.7443,0.1461,CURVA_DERECHA
1313,65.65,66.08,65.9,66.62,113.69,132.84,103.2,0.7759,0.7684,231.5373,241.3718,0.002639,0.7417,0.7467,0.1461,CURVA_DERECHA
1314,65.7,68.56,68.71,66.01,108.23,141.4,84.24,0.746,0.7617,231.7383,241.4346,0.002704,0.744,0.7443,0.1461,CURVA_DERECHA
1315,65.75,66.79,69.6,64.99,119.64,139.67,72.45,0.7511,0.7585,231.9392,241.4974,0.002704,0.7416,0.743,0.1461,CURVA_DERECHA
1316,65.8,63.81,68.26,67.83,116.39,146.11,66.19,0.7762,0.7638,232.1402,241.5539,0.002639,0.7403,0.7456,0.1461,CURVA_DERECHA
1317,65.85,69.26,66.62,72.0,119.12,143.31,66.51,0.7539,0.7609,232.3412,241.6167,0.002704,0.7429,0.7445,0.1461,CURVA_DERECHA
1318,65.9,65.63,69.52,63.23,123.45,137.77,70.59,0.7583,0.7601,232.5421,241.6732,0.002639,0.7418,0.7443,0.1461,CURVA_DERECHA
1319,65.95,68.65,60.71,67.49,123.11,134.76,67.76,0.7946,0.7704,232.7431,241.736,0.002704,0.7416,0.7493,0.1461,CURVA_DERECHA
1320,66.0,66.14,60.39,108.15,118.84,124.96,66.12,0.811,0.7826,232.944,241.7988,0.002704,0.7466,0.756,0.1461,CURVA_DERECHA
1321,66.05,64.29,67.92,107.54,111.01,121.01,71.14,0.7751,0.7804,233.145,241.8554,0.002639,0.7534,0.7565,0.1461,CURVA_DERECHA
1322,66.1,69.62,72.38,129.79,123.93,117.68,68.73,0.7214,0.7627,233.346,241.9182,0.002704,0.7538,0.7491,0.1461,CURVA_DERECHA
1323,66.15,67.58,74.08,137.01,115.69,117.26,67.76,0.7244,0.7512,233.5469,241.9747,0.002639,0.7465,0.7432,0.1461,CURVA_DERECHA
1324,66.2,68.82,64.49,179.53,109.34,101.8,68.79,0.7689,0.7565,233.7479,242.0375,0.002704,0.7405,0.7447,0.1461,CURVA_DERECHA
1325,66.25,64.24,60.79,218.95,113.71,90.48,65.79,0.8196,0.7754,233.9488,242.1003,0.002704,0.742,0.7533,0.1461,CURVA_DERECHA
1326,66.3,69.05,69.72,299.95,122.12,74.63,70.48,0.7379,0.7642,234.1498,242.1568,0.002639,0.7507,0.7488,0.1461,CURVA_IZQUIERDA
1327,66.35,66.52,58.89,322.31,175.36,86.51,69.35,0.8195,0.7808,234.2063,242.3578,0.002639,0.7462,0.7569,0.1461,CURVA_DERECHA
1328,66.4,71.5,69.04,470.09,160.2,67.54,70.97,0.7288,0.7652,234.4073,242.4206,0.002704,0.7542,0.7505,0.1461,CURVA_IZQUIERDA
1329,66.45,64.81,63.56,518.49,176.12,80.96,65.97,0.7978,0.775,234.4701,242.6215,0.002704,0.7478,0.7551,0.1461,CURVA_DERECHA
1330,66.5,86.86,62.55,717.76,164.15,66.22,68.8,0.704,0.7537,234.671,242.678,0.002639,0.7525,0.7454,0.1461,CURVA_IZQUIERDA
1331,66.55,65.56,71.51,512.89,193.63,72.64,76.56,0.7485,0.7521,234.7338,242.879,0.002704,0.7427,0.7435,0.1461,CURVA_IZQUIERDA
1332,66.6,67.65,63.52,410.55,221.13,87.74,65.35,0.7814,0.7609,234.7904,243.08,0.002639,0.7409,0.7468,0.1461,CURVA_DERECHA
1333,66.65,68.06,68.89,495.39,193.29,75.76,72.13,0.7477,0.757,234.9913,243.1428,0.002704,0.7441,0.7446,0.1461,CURVA_IZQUIERDA
1334,66.7,67.38,61.68,418.9,226.41,80.26,68.62,0.7949,0.7684,235.0541,243.3437,0.002704,0.7419,0.7497,0.1461,CURVA_DERECHA
1335,66.75,69.34,74.17,503.78,199.46,73.62,76.52,0.7143,0.7522,235.2551,243.4002,0.002639,0.747,0.7423,0.1461,CURVA_IZQUIERDA
1336,66.8,70.48,69.59,399.19,220.18,84.01,62.25,0.7311,0.7458,235.3116,243.6012,0.002639,0.7396,0.7384,0.1461,CURVA_DERECHA
1337,66.85,73.38,66.56,489.65,223.66,73.0,66.23,0.7335,0.7421,235.5126,243.664,0.002704,0.7357,0.7354,0.1461,CURVA_IZQUIERDA
1338,66.9,74.93,71.95,388.7,237.17,84.68,70.14,0.6975,0.7287,235.5754,243.865,0.002704,0.7326,0.7275,0.1461,CURVA_DERECHA
1339,66.95,66.84,67.57,499.93,214.24,70.15,73.35,0.7619,0.7387,235.7763,243.9215,0.002639,0.7249,0.7303,0.1461,CURVA_IZQUIERDA
1340,67.0,67.14,62.64,404.45,226.05,82.96,66.61,0.79,0.7541,235.8328,244.1224,0.002639,0.7276,0.7367,0.1461,CURVA_DERECHA
1341,67.05,67.58,62.01,508.23,213.96,67.74,68.7,0.7917,0.7653,236.0338,244.1852,0.002704,0.734,0.7425,0.1461,CURVA_IZQUIERDA
1342,67.1,67.58,67.38,419.27,248.9,83.91,67.66,0.7588,0.7634,236.0966,244.3862,0.002704,0.7398,0.7425,0.1461,CURVA_DERECHA
1343,67.15,67.1,67.71,463.28,195.29,71.91,62.51,0.7596,0.7623,236.2976,244.449,0.002704,0.7398,0.7427,0.1461,CURVA_IZQUIERDA
1344,67.2,69.59,60.34,395.58,247.29,86.58,72.67,0.7921,0.7712,236.3604,244.65,0.002704,0.74,0.7476,0.1461,CURVA_DERECHA
1345,67.25,67.47,68.96,477.26,212.09,67.77,66.23,0.7507,0.765,236.555,244.7065,0.002575,0.7451,0.7459,0.1461,CURVA_IZQUIERDA
1346,67.3,58.78,71.73,386.66,220.93,86.39,62.81,0.7924,0.7733,236.6178,244.9074,0.002704,0.7432,0.7504,0.1461,CURVA_DERECHA
1347,67.35,68.7,64.91,518.45,196.53,68.56,67.23,0.767,0.7714,236.8188,244.9702,0.002704,0.7477,0.7505,0.1461,CURVA_IZQUIERDA
1348,67.4,64.99,65.15,424.75,220.56,83.36,69.12,0.7869,0.776,236.8816,245.1712,0.002704,0.7478,0.7535,0.1461,CURVA_DERECHA
1349,67.45,73.24,71.41,536.01,196.69,73.84,70.09,0.708,0.7556,237.0826,245.2277,0.002639,0.7509,0.7446,0.1461,CURVA_IZQUIERDA
1350,67.5,67.01,68.57,421.94,225.57,83.86,65.91,0.7554,0.7555,237.1391,245.4287,0.002639,0.742,0.7439,0.1461,CURVA_DERECHA
1351,67.55,64.53,65.32,473.79,195.7,72.04,65.15,0.7886,0.7655,237.34,245.4915,0.002704,0.7412,0.7481,0.1461,CURVA_IZQUIERDA
1352,67.6,59.49,64.9,65.38,218.85,82.51,66.45,0.8248,0.7833,237.4028,245.6924,0.002704,0.7454,0.757,0.1461,CURVA_DERECHA
1353,67.65,65.75,70.09,69.82,202.96,73.18,66.89,0.7546,0.7747,237.6038,245.749,0.002639,0.7544,0.7544,0.1461,CURVA_IZQUIERDA
1354,67.7,73.66,59.7,67.9,224.77,77.31,68.82,0.7763,0.7752,237.6603,245.9499,0.002639,0.7518,0.7554,0.1461,CURVA_IZQUIERDA
1355,67.75,62.06,68.15,68.58,251.61,89.47,69.82,0.7882,0.7791,237.7231,246.1509,0.002704,0.7527,0.7578,0.1461,CURVA_DERECHA
1356,67.8,66.1,71.5,63.26,221.07,86.99,66.75,0.7454,0.7689,237.9241,246.2137,0.002704,0.7551,0.7537,0.1461,CURVA_DERECHA
1357,67.85,67.32,64.45,65.09,204.39,68.78,69.83,0.7775,0.7715,238.125,246.2765,0.002704,0.751,0.7549,0.1461,CURVA_IZQUIERDA
1358,67.9,68.5,62.53,65.04,219.2,77.91,65.53,0.7831,0.775,238.1816,246.4774,0.002639,0.7522,0.7568,0.1461,CURVA_IZQUIERDA
1359,67.95,66.73,61.45,66.88,277.43,86.03,67.9,0.8002,0.7826,238.2444,246.6721,0.002639,0.7541,0.7608,0.1461,CURVA_DERECHA
1360,68.0,65.65,69.14,64.59,280.77,73.38,65.58,0.7602,0.7759,238.4453,246.7349,0.002704,0.7581,0.7585,0.1461,CURVA_IZQUIERDA
1361,68.05,58.2,69.29,63.06,348.23,76.04,58.44,0.8093,0.7859,238.5081,246.9359,0.002704,0.7557,0.7636,0.1461,CURVA_IZQUIERDA
1362,68.1,63.53,71.48,62.54,132.4,83.47,70.52,0.7611,0.7785,238.5646,247.1368,0.002639,0.7609,0.761,0.1461,CURVA_DERECHA
1363,68.15,70.6,63.44,59.15,122.92,74.92,61.49,0.7661,0.7748,238.7656,247.1996,0.002704,0.7583,0.7594,0.1461,CURVA_IZQUIERDA
1364,68.2,69.39,67.48,69.09,65.19,85.49,67.45,0.7483,0.7668,238.8284,247.4006,0.002704,0.7567,0.7555,0.1461,CURVA_DERECHA
1365,68.25,64.31,71.53,73.16,71.07,64.39,66.55,0.756,0.7636,239.0294,247.4571,0.002639,0.7528,0.7533,0.1461,AVANZAR
1366,68.3,69.47,65.35,70.32,73.51,63.13,65.34,0.7603,0.7626,239.2303,247.6581,0.00412,0.7492,0.7508,0.1461,AVANZAR
1367,68.35,65.29,68.91,72.47,67.86,66.94,66.24,0.7636,0.7629,239.4313,247.859,0.00412,0.7467,0.7491,0.1461,AVANZAR
1368,68.4,70.38,65.08,70.32,64.57,70.45,68.89,0.7571,0.7611,239.6322,248.06,0.00412,0.745,0.7468,0.1461,AVANZAR
1369,68.45,69.33,67.25,62.15,65.28,66.74,66.11,0.7499,0.7578,239.8332,248.261,0.00412,0.7427,0.7437,0.1461,AVANZAR
1370,68.5,64.54,61.66,67.72,62.59,67.42,68.97,0.8119,0.774,240.0342,248.4619,0.00412,0.7396,0.7502,0.1461,AVANZAR
1371,68.55,66.81,68.33,72.0,69.96,67.37,66.15,0.7578,0.7691,240.2351,248.6629,0.00412,0.746,0.7478,0.1461,AVANZAR
1372,68.6,64.22,69.92,67.7,66.75,65.04,69.08,0.7647,0.7678,240.4361,248.8638,0.00412,0.7436,0.7467,0.1461,AVANZAR
1373,68.65,66.44,70.37,69.05,65.15,67.3,64.93,0.7491,0.7622,240.637,249.0648,0.00412,0.7426,0.7436,0.1461,AVANZAR
1374,68.7,62.99,66.04,65.85,72.19,61.92,62.35,0.7941,0.7718,240.838,249.2658,0.00412,0.7394,0.7474,0.1461,AVANZAR
1375,68.75,69.67,68.1,69.96,70.77,71.08,69.65,0.7434,0.7632,241.039,249.4667,0.00412,0.7433,0.7433,0.1461,AVANZAR
1376,68.8,72.86,66.35,71.76,66.62,71.15,60.59,0.7372,0.7554,241.2336,249.6677,0.004055,0.7393,0.7389,0.1461,AVANZAR
1377,68.85,68.31,61.66,63.54,67.14,66.46,69.45,0.7899,0.7658,241.4346,249.8686,0.00412,0.7348,0.7429,0.1461,AVANZAR
1378,68.9,68.19,64.98,64.4,65.5,66.28,70.84,0.7694,0.7669,241.6356,250.0696,0.00412,0.7388,0.7432,0.1461,AVANZAR
1379,68.95,64.23,67.76,61.46,67.08,62.7,60.91,0.7763,0.7697,241.8365,250.2706,0.00412,0.7391,0.7446,0.1461,AVANZAR
1380,69.0,71.32,67.21,66.75,67.82,70.41,64.13,0.7399,0.7608,242.0375,250.4715,0.00412,0.7404,0.7404,0.1461,AVANZAR
1381,69.05,69.87,63.15,64.93,66.46,69.34,69.08,0.7718,0.7641,242.2384,250.6725,0.00412,0.7362,0.7414,0.1461,AVANZAR
1382,69.1,72.86,69.59,66.42,72.87,66.56,66.18,0.7192,0.7506,242.4394,250.8734,0.00412,0.7373,0.7347,0.1461,AVANZAR
1383,69.15,68.97,65.04,68.51,66.81,62.72,69.08,0.7648,0.7549,242.6404,251.0744,0.00412,0.7305,0.7356,0.1461,AVANZAR
1384,69.2,63.46,66.43,67.08,65.16,60.13,68.2,0.7888,0.765,242.8413,251.2754,0.00412,0.7314,0.7398,0.1461,AVANZAR
1385,69.25,68.52,64.62,75.24,65.63,63.56,70.99,0.7698,0.7665,243.0423,251.4763,0.00412,0.7357,0.7407,0.1461,AVANZAR
1386,69.3,62.86,69.79,61.38,68.14,66.32,67.16,0.7741,0.7687,243.2432,251.6773,0.00412,0.7366,0.742,0.1461,AVANZAR
1387,69.35,63.05,62.95,67.52,70.62,66.05,70.62,0.8127,0.7819,243.4442,251.8782,0.00412,0.7379,0.7488,0.1461,AVANZAR
1388,69.4,66.06,69.38,69.0,62.98,65.13,71.19,0.7565,0.7743,243.6452,252.0792,0.00412,0.7447,0.7464,0.1461,AVANZAR
1389,69.45,65.19,58.93,68.86,64.72,63.01,70.54,0.8271,0.7901,243.8461,252.2802,0.00412,0.7423,0.7547,0.1461,AVANZAR
1390,69.5,62.3,71.32,72.41,59.76,60.89,69.49,0.7698,0.784,244.0471,252.4811,0.00412,0.7506,0.7534,0.1461,AVANZAR
1391,69.55,69.33,64.48,64.99,67.48,70.15,69.64,0.7663,0.7787,244.248,252.6758,0.004055,0.7493,0.7518,0.1461,AVANZAR
1392,69.6,65.16,67.73,60.73,70.07,65.02,67.3,0.7708,0.7763,244.449,252.8768,0.00412,0.7477,0.7511,0.1461,AVANZAR
1393,69.65,63.81,63.13,68.93,65.09,65.69,63.68,0.8067,0.7855,244.65,253.0777,0.00412,0.747,0.7557,0.1461,AVANZAR
1394,69.7,66.04,80.28,73.16,67.59,68.95,70.86,0.7065,0.7618,244.8509,253.2787,0.00412,0.7516,0.745,0.1461,AVANZAR
1395,69.75,65.35,105.85,67.0,68.72,67.68,68.75,0.6336,0.7233,245.0519,253.4796,0.00412,0.7409,0.7252,0.1461,AVANZAR
1396,69.8,67.77,111.59,69.89,66.44,67.35,84.84,0.6072,0.6885,245.2528,253.6806,0.00412,0.7211,0.7044,0.1461,CURVA_DERECHA
1397,69.85,68.95,115.24,61.17,68.67,65.36,110.52,0.5934,0.66,245.4538,253.7434,0.002704,0.7017,0.6859,0.1461,CURVA_DERECHA
1398,69.9,69.18,118.77,69.16,65.68,66.38,120.94,0.5856,0.6376,245.6548,253.8062,0.002704,0.6832,0.6689,0.1461,CURVA_DERECHA
1399,69.95,65.26,127.85,66.87,63.07,67.51,135.37,0.5925,0.6241,245.8557,253.8627,0.002639,0.6663,0.6555,0.1461,CURVA_DERECHA
1400,70.0,65.06,143.52,67.13,65.41,67.53,146.72,0.5718,0.6084,246.0567,253.9255,0.002704,0.6528,0.641,0.1461,CURVA_DERECHA
1401,70.05,63.67,146.7,65.49,69.25,62.86,167.75,0.5766,0.5989,246.2576,253.982,0.002639,0.6383,0.6293,0.1461,CURVA_DERECHA
1402,70.1,70.38,149.57,72.25,62.51,72.85,188.94,0.5349,0.5797,246.4586,254.0448,0.002704,0.6266,0.6132,0.1461,CURVA_DERECHA
1403,70.15,67.59,158.85,70.22,65.26,66.85,219.33,0.5399,0.5678,246.6596,254.1076,0.002704,0.6105,0.6002,0.1461,CURVA_DERECHA
1404,70.2,70.07,171.58,63.34,64.04,81.37,257.63,0.5146,0.5518,246.8605,254.1642,0.002639,0.5976,0.5854,0.1461,GIRAR_DERECHA
1405,70.25,68.69,143.83,67.86,67.71,113.2,253.63,0.5507,0.5515,247.0175,254.0072,-0.0,0.5854,0.5804,0.1461,GIRAR_DERECHA
1406,70.3,70.61,114.94,73.46,60.46,121.16,248.25,0.5853,0.5616,247.1808,253.8439,0.0,0.5804,0.5811,0.1461,GIRAR_DERECHA
1407,70.35,69.8,106.9,75.18,72.5,156.09,233.77,0.6062,0.575,247.3378,253.6869,-0.0,0.5811,0.5848,0.1461,GIRAR_DERECHA
1408,70.4,66.22,70.87,64.97,65.62,176.52,201.19,0.7479,0.6269,247.5011,253.5236,0.0,0.5848,0.6086,0.1461,CURVA_DERECHA
1409,70.45,64.47,67.2,72.01,63.54,197.27,193.53,0.778,0.6722,247.702,253.5864,0.002704,0.6059,0.631,0.1461,CURVA_DERECHA
1410,70.5,68.76,64.88,71.18,70.79,222.61,190.91,0.7669,0.7006,247.8967,253.6492,0.002639,0.6284,0.6486,0.1461,CURVA_DERECHA
1411,70.55,59.79,70.18,62.56,65.42,225.9,186.06,0.793,0.7283,248.0977,253.7057,0.002639,0.646,0.6675,0.1461,CURVA_DERECHA
1412,70.6,68.48,64.65,65.09,70.73,255.69,170.72,0.7698,0.7408,248.2986,253.7685,0.002704,0.6648,0.6801,0.1461,CURVA_DERECHA
1413,70.65,68.69,72.31,63.18,61.28,273.78,156.95,0.7267,0.7365,248.4996,253.825,0.002639,0.6775,0.6847,0.1461,CURVA_DERECHA
1414,70.7,69.19,68.03,69.59,64.16,274.69,149.62,0.7463,0.7395,248.7006,253.8878,0.002704,0.682,0.6914,0.1461,CURVA_DERECHA
1415,70.75,62.81,72.03,74.26,66.78,272.83,135.9,0.763,0.7465,248.9015,253.9506,0.002704,0.6887,0.6995,0.1461,CURVA_DERECHA
1416,70.8,67.4,67.28,66.34,66.05,278.12,116.63,0.7603,0.7507,249.1025,254.0072,0.002639,0.6969,0.7061,0.1461,CURVA_DERECHA
1417,70.85,67.02,67.85,61.8,65.53,283.14,112.37,0.7593,0.7532,249.3034,254.07,0.002704,0.7034,0.7116,0.1461,CURVA_DERECHA
1418,70.9,73.75,64.98,68.77,64.47,284.21,93.01,0.7411,0.7496,249.5044,254.1265,0.002639,0.709,0.7136,0.1461,CURVA_DERECHA
1419,70.95,65.91,68.3,66.29,65.23,254.49,64.4,0.7632,0.7537,249.7054,254.1893,0.002704,0.7109,0.7186,0.1461,CURVA_DERECHA
1420,71.0,69.41,65.72,66.07,61.49,237.99,64.07,0.7584,0.7551,249.9063,254.2521,0.002704,0.7159,0.7221,0.1461,CURVA_DERECHA
1421,71.05,60.6,74.3,72.16,69.36,216.08,67.58,0.767,0.7587,250.1073,254.3086,0.002639,0.7194,0.7264,0.1461,CURVA_DERECHA
1422,71.1,69.71,66.88,66.21,61.55,204.73,62.92,0.75,0.7561,250.3082,254.3714,0.002704,0.7237,0.7275,0.1461,CURVA_DERECHA
1423,71.15,67.84,70.67,65.23,65.85,179.79,64.76,0.7396,0.7511,250.5092,254.4279,0.002639,0.7249,0.727,0.1461,CURVA_DERECHA
1424,71.2,64.11,71.2,65.9,60.27,164.72,60.73,0.7588,0.7534,250.7102,254.4907,0.002704,0.7243,0.7294,0.1461,CURVA_DERECHA
1425,71.25,70.52,67.46,71.97,66.34,139.13,68.76,0.7425,0.7502,250.9111,254.5535,0.002704,0.7267,0.729,0.1461,CURVA_DERECHA
1426,71.3,61.98,73.05,63.54,70.28,115.78,66.87,0.7635,0.7542,251.1121,254.61,0.002639,0.7264,0.7318,0.1461,CURVA_DERECHA
1427,71.35,62.09,63.87,67.8,57.45,113.25,69.47,0.8131,0.7718,251.313,254.6728,0.002704,0.7291,0.7414,0.1461,CURVA_DERECHA
1428,71.4,62.22,68.77,68.64,67.09,103.08,63.35,0.7837,0.7754,251.514,254.7294,0.002639,0.7387,0.7453,0.1461,CURVA_DERECHA
1429,71.45,71.44,66.29,65.34,64.15,83.94,77.46,0.7445,0.7661,251.715,254.7922,0.002704,0.7426,0.7429,0.1461,CURVA_DERECHA
1430,71.5,64.27,66.61,69.91,63.62,64.49,67.12,0.7826,0.7711,251.9159,254.8487,0.002639,0.7402,0.7464,0.1461,AVANZAR
1431,71.55,68.96,64.3,70.72,69.38,65.79,70.13,0.7693,0.7706,252.1169,255.0496,0.00412,0.7423,0.7463,0.1461,AVANZAR
1432,71.6,63.74,66.97,68.31,71.33,72.8,62.92,0.7839,0.7746,252.3178,255.2506,0.00412,0.7421,0.7482,0.1461,AVANZAR
1433,71.65,64.25,67.63,69.98,70.22,63.38,69.55,0.777,0.7753,252.5188,255.4516,0.00412,0.7441,0.7489,0.1461,AVANZAR
1434,71.7,67.91,68.68,70.08,67.78,65.21,67.16,0.7497,0.7676,252.7198,255.6525,0.00412,0.7448,0.7455,0.1461,AVANZAR
1435,71.75,68.85,70.07,65.55,67.85,67.07,65.14,0.7372,0.7585,252.9207,255.8535,0.00412,0.7414,0.7408,0.1461,AVANZAR
1436,71.8,67.18,70.43,68.38,69.53,66.66,70.01,0.7446,0.7543,253.1217,256.0544,0.00412,0.7367,0.7378,0.1461,AVANZAR
1437,71.85,62.84,69.22,67.6,67.05,67.37,62.59,0.7772,0.7612,253.3226,256.2554,0.00412,0.7337,0.7401,0.1461,AVANZAR
1438,71.9,66.11,68.02,73.66,66.3,63.84,71.75,0.7636,0.7619,253.5236,256.4564,0.00412,0.7359,0.74,0.1461,AVANZAR
1439,71.95,63.74,69.0,70.4,64.68,68.59,67.53,0.7727,0.7651,253.7246,256.6573,0.00412,0.7359,0.7412,0.1461,AVANZAR
1440,72.0,76.03,68.31,62.0,72.56,60.17,70.68,0.7115,0.749,253.9255,256.8583,0.00412,0.7371,0.7334,0.1461,AVANZAR
1441,72.05,63.33,67.58,67.81,69.46,66.68,65.53,0.783,0.7592,254.1265,257.0592,0.00412,0.7293,0.7371,0.1461,AVANZAR
1442,72.1,67.98,66.99,69.66,62.06,66.33,68.98,0.7587,0.7591,254.3274,257.2602,0.00412,0.733,0.7367,0.1461,AVANZAR
1443,72.15,61.17,67.59,71.9,66.45,61.74,68.39,0.7973,0.7705,254.5284,257.4612,0.00412,0.7326,0.7421,0.1461,AVANZAR
1444,72.2,71.15,68.55,66.43,71.31,68.06,64.32,0.7332,0.7593,254.7294,257.6621,0.00412,0.738,0.7373,0.1461,AVANZAR
1445,72.25,65.58,68.38,69.83,64.33,63.17,65.36,0.7647,0.761,254.9303,257.8631,0.00412,0.7331,0.7378,0.1461,AVANZAR
1446,72.3,68.98,67.73,66.05,64.66,70.02,66.88,0.7491,0.7574,255.1313,258.064,0.00412,0.7336,0.7359,0.1461,AVANZAR
1447,72.35,67.56,70.68,70.74,61.38,70.45,62.89,0.7411,0.7525,255.326,258.265,0.004055,0.7318,0.7332,0.1461,AVANZAR
1448,72.4,66.24,62.28,68.59,62.61,60.14,68.06,0.7975,0.766,255.5269,258.466,0.00412,0.7291,0.7391,0.1461,AVANZAR
1449,72.45,65.95,65.66,63.06,71.19,71.2,65.48,0.7781,0.7696,255.7279,258.6669,0.00412,0.735,0.7413,0.1461,AVANZAR
1450,72.5,74.54,65.89,64.96,63.21,64.53,64.95,0.732,0.7583,255.9288,258.8679,0.00412,0.7371,0.7364,0.1461,AVANZAR
1451,72.55,65.18,69.86,70.81,67.01,74.4,64.31,0.7592,0.7586,256.1298,259.0688,0.00412,0.7323,0.7362,0.1461,AVANZAR
1452,72.6,63.53,68.3,64.75,66.14,65.91,67.03,0.7778,0.7644,256.3308,259.2698,0.00412,0.7321,0.7388,0.1461,AVANZAR
1453,72.65,66.76,61.18,68.96,63.07,68.78,66.65,0.8019,0.7756,256.5317,259.4708,0.00412,0.7346,0.7445,0.1461,AVANZAR
1454,72.7,70.93,70.71,68.65,64.84,65.5,68.96,0.723,0.7598,256.7327,259.6717,0.00412,0.7403,0.7378,0.1461,AVANZAR
1455,72.75,67.0,63.43,69.19,66.61,62.96,69.7,0.7856,0.7676,256.9336,259.8727,0.00412,0.7337,0.7413,0.1461,AVANZAR
1456,72.8,62.3,70.56,68.46,73.16,64.5,64.23,0.7737,0.7694,257.1346,260.0736,0.00412,0.7372,0.7425,0.1461,AVANZAR
1457,72.85,58.64,67.31,63.79,65.3,60.24,70.52,0.8169,0.7837,257.3356,260.2746,0.00412,0.7384,0.7499,0.1461,AVANZAR
1458,72.9,65.38,70.49,68.91,67.82,67.24,64.53,0.7547,0.775,257.5365,260.4756,0.00412,0.7457,0.747,0.1461,AVANZAR
1459,72.95,65.9,69.84,69.26,70.12,68.63,64.9,0.755,0.769,257.7375,260.6765,0.00412,0.7429,0.7447,0.1461,AVANZAR
1460,73.0,65.22,69.08,69.17,68.31,62.63,65.37,0.7631,0.7672,257.9384,260.8775,0.00412,0.7406,0.7439,0.1461,AVANZAR
1461,73.05,66.88,69.95,61.25,66.1,64.83,62.19,0.7487,0.7617,258.1394,261.0784,0.00412,0.7397,0.7411,0.1461,AVANZAR
1462,73.1,67.38,69.55,65.75,63.58,69.58,66.34,0.748,0.7576,258.3404,261.2794,0.00412,0.7369,0.7386,0.1461,AVANZAR
1463,73.15,63.01,66.52,68.11,67.57,69.07,68.18,0.7911,0.7676,258.5413,261.4804,0.00412,0.7344,0.7427,0.1461,AVANZAR
1464,73.2,64.52,63.94,70.23,65.36,67.94,66.32,0.7971,0.7765,258.7423,261.6813,0.00412,0.7386,0.7471,0.1461,AVANZAR
1465,73.25,70.46,71.06,66.13,73.83,66.41,69.69,0.7235,0.7606,258.9432,261.8823,0.00412,0.743,0.7402,0.1461,AVANZAR
1466,73.3,68.87,67.75,65.69,67.36,68.49,64.75,0.7496,0.7573,259.1442,262.0832,0.00412,0.7361,0.738,0.1461,AVANZAR
1467,73.35,67.46,66.64,68.49,64.15,65.26,71.37,0.7637,0.7592,259.3452,262.2842,0.00412,0.7339,0.7383,0.1461,AVANZAR
1468,73.4,62.04,65.06,67.61,61.33,67.26,63.69,0.8061,0.7733,259.5461,262.4789,0.004055,0.7342,0.7447,0.1461,AVANZAR
1469,73.45,76.37,65.63,68.38,63.0,68.43,69.76,0.7253,0.7589,259.7471,262.6798,0.00412,0.7406,0.7383,0.1461,AVANZAR
1470,73.5,69.25,68.36,71.24,65.8,70.92,71.87,0.7441,0.7544,259.948,262.8808,0.00412,0.7342,0.7357,0.1461,AVANZAR
1471,73.55,67.73,67.57,65.96,70.2,65.15,65.88,0.7569,0.7552,260.149,263.0818,0.00412,0.7316,0.7353,0.1461,AVANZAR
1472,73.6,68.84,68.14,68.88,63.69,66.69,64.63,0.7476,0.7529,260.35,263.2827,0.00412,0.7311,0.7335,0.1461,AVANZAR
1473,73.65,72.08,67.9,71.08,69.09,67.57,67.91,0.7322,0.7467,260.5509,263.4837,0.00412,0.7294,0.7298,0.1461,AVANZAR
1474,73.7,66.61,63.97,68.61,67.14,70.42,61.99,0.7845,0.758,260.7519,263.6846,0.00412,0.7257,0.7343,0.1461,AVANZAR
1475,73.75,65.52,63.77,69.46,67.22,66.87,61.86,0.7922,0.7683,260.9528,263.8856,0.00412,0.7302,0.7392,0.1461,AVANZAR
1476,73.8,64.26,57.74,59.98,72.22,62.9,65.86,0.8417,0.7903,261.1538,264.0866,0.00412,0.7351,0.7507,0.1461,AVANZAR
1477,73.85,67.0,65.91,66.57,66.48,65.36,67.35,0.7705,0.7844,261.3548,264.2875,0.00412,0.7466,0.7501,0.1461,AVANZAR
1478,73.9,63.5,69.65,66.89,71.28,67.8,66.44,0.7707,0.7803,261.5557,264.4885,0.00412,0.7459,0.7496,0.1461,AVANZAR
1479,73.95,68.08,68.6,69.1,69.06,71.58,66.62,0.7493,0.771,261.7567,264.6894,0.00412,0.7454,0.746,0.1461,AVANZAR
1480,74.0,59.69,67.88,68.6,66.81,65.99,66.91,0.806,0.7815,261.9576,264.8904,0.00412,0.7419,0.7513,0.1461,AVANZAR
1481,74.05,68.22,65.07,68.7,62.39,64.39,67.86,0.7687,0.7776,262.1586,265.0914,0.00412,0.7471,0.7503,0.1461,AVANZAR
1482,74.1,64.96,73.95,63.3,65.28,67.8,66.52,0.7402,0.7664,262.3596,265.2923,0.00412,0.7462,0.7453,0.1461,AVANZAR
1483,74.15,67.35,69.55,65.31,61.23,68.24,69.78,0.7482,0.7609,262.5605,265.4933,0.00412,0.7412,0.7422,0.1461,AVANZAR
1484,74.2,60.11,63.04,67.78,62.96,63.93,66.43,0.8319,0.7822,262.7552,265.6942,0.004055,0.7381,0.7518,0.1461,AVANZAR
1485,74.25,67.27,62.91,68.43,70.24,71.43,67.19,0.7875,0.7838,262.9562,265.8952,0.00412,0.7477,0.7535,0.1461,AVANZAR
1486,74.3,62.5,65.71,72.95,67.15,64.5,69.6,0.7992,0.7884,263.1571,266.0962,0.00412,0.7494,0.7567,0.1461,AVANZAR
1487,74.35,63.97,64.43,72.27,64.41,66.55,64.03,0.7975,0.7912,263.3581,266.2971,0.00412,0.7526,0.7591,0.1461,AVANZAR
1488,74.4,68.24,68.9,64.17,64.93,67.57,70.02,0.7467,0.7778,263.559,266.4981,0.00412,0.755,0.7538,0.1461,AVANZAR
1489,74.45,64.79,63.36,67.61,66.57,68.84,65.17,0.7992,0.7842,263.76,266.699,0.00412,0.7497,0.7569,0.1461,AVANZAR
1490,74.5,66.85,60.45,69.12,65.52,66.86,65.81,0.8065,0.7909,263.961,266.9,0.00412,0.7528,0.7606,0.1461,AVANZAR
1491,74.55,62.72,67.72,71.01,66.75,63.05,68.01,0.7861,0.7895,264.1619,267.101,0.00412,0.7565,0.7608,0.1461,AVANZAR
1492,74.6,69.63,63.38,62.61,67.19,67.92,68.98,0.7716,0.7841,264.3629,267.3019,0.00412,0.7567,0.7589,0.1461,AVANZAR
1493,74.65,64.18,70.27,65.76,65.3,66.92,67.39,0.7632,0.7778,264.5638,267.5029,0.00412,0.7548,0.756,0.1461,AVANZAR
1494,74.7,68.84,61.24,70.64,69.49,67.72,66.15,0.7899,0.7814,264.7648,267.7038,0.00412,0.7519,0.7574,0.1461,AVANZAR
1495,74.75,65.25,68.6,65.99,65.02,60.21,63.2,0.7655,0.7767,264.9658,267.9048,0.00412,0.7533,0.7551,0.1461,AVANZAR
1496,74.8,69.36,65.42,64.03,70.97,70.57,67.88,0.7604,0.7718,265.1667,268.1058,0.00412,0.751,0.7524,0.1461,AVANZAR
1497,74.85,68.42,65.55,72.36,64.77,68.27,70.87,0.7647,0.7697,265.3677,268.3067,0.00412,0.7482,0.7506,0.1461,AVANZAR
1498,74.9,66.58,71.68,67.21,66.5,67.77,70.93,0.7416,0.7613,265.5686,268.5077,0.00412,0.7465,0.7458,0.1461,AVANZAR
1499,74.95,67.67,69.18,65.11,70.97,63.62,65.23,0.7483,0.7574,265.7696,268.7086,0.00412,0.7417,0.7427,0.1461,AVANZAR
1500,75.0,67.4,63.32,68.72,70.15,60.53,66.6,0.7841,0.7654,265.9706,268.9096,0.00412,0.7385,0.7452,0.1461,AVANZAR
1501,75.05,67.31,64.45,59.77,66.5,66.05,68.3,0.7776,0.769,266.1715,269.1106,0.00412,0.7411,0.7464,0.1461,AVANZAR
1502,75.1,68.18,72.53,69.98,61.33,63.75,70.38,0.7284,0.7569,266.3725,269.3115,0.00412,0.7423,0.7403,0.1461,AVANZAR
1503,75.15,67.95,61.76,66.23,68.31,69.32,70.09,0.7912,0.7672,266.5734,269.5125,0.00412,0.7361,0.7442,0.1461,AVANZAR
1504,75.2,65.8,68.37,63.65,62.77,66.49,71.98,0.7635,0.7661,266.7744,269.7134,0.00412,0.7401,0.7435,0.1461,AVANZAR
1505,75.25,66.44,64.65,68.51,69.0,70.47,66.69,0.7813,0.7706,266.9754,269.9081,0.004055,0.7394,0.7456,0.1461,AVANZAR
1506,75.3,63.51,65.32,72.59,62.39,67.88,59.21,0.795,0.7779,267.1763,270.1091,0.00412,0.7414,0.7493,0.1461,AVANZAR
1507,75.35,67.72,65.19,66.02,65.17,65.23,65.04,0.7707,0.7758,267.3773,270.31,0.00412,0.7451,0.7489,0.1461,AVANZAR
1508,75.4,65.08,69.26,66.31,67.32,67.2,67.29,0.763,0.772,267.5782,270.511,0.00412,0.7448,0.7474,0.1461,AVANZAR
1509,75.45,74.75,68.41,65.1,64.3,69.26,66.9,0.7167,0.7554,267.7792,270.712,0.00412,0.7433,0.7394,0.1461,AVANZAR
1510,75.5,68.71,67.0,72.26,61.47,68.39,67.31,0.7547,0.7552,267.9802,270.9129,0.00412,0.7353,0.7381,0.1461,AVANZAR
1511,75.55,66.98,67.1,65.67,64.2,65.79,64.62,0.7637,0.7577,268.1811,271.1139,0.00412,0.734,0.7383,0.1461,AVANZAR
1512,75.6,67.79,67.99,68.03,67.31,69.57,65.24,0.7542,0.7567,268.3821,271.3148,0.00412,0.7342,0.7371,0.1461,AVANZAR
1513,75.65,69.82,68.86,68.36,71.08,69.43,67.45,0.7384,0.7512,268.583,271.5158,0.00412,0.733,0.7338,0.1461,AVANZAR
1514,75.7,70.27,68.9,71.68,68.6,60.37,65.95,0.7359,0.7466,268.784,271.7168,0.00412,0.7297,0.7306,0.1461,AVANZAR
1515,75.75,66.55,68.38,69.19,64.6,65.36,69.93,0.7591,0.7503,268.985,271.9177,0.00412,0.7265,0.7312,0.1461,AVANZAR
1516,75.8,71.75,61.64,65.76,68.81,71.88,61.65,0.7721,0.7569,269.1859,272.1187,0.00412,0.7271,0.7337,0.1461,AVANZAR
1517,75.85,67.59,64.74,61.62,67.26,65.84,62.84,0.7742,0.7621,269.3869,272.3196,0.00412,0.7296,0.7361,0.1461,AVANZAR
1518,75.9,66.3,64.26,65.5,68.83,66.06,69.43,0.7845,0.7688,269.5878,272.5206,0.00412,0.732,0.7396,0.1461,AVANZAR
1519,75.95,64.29,58.43,68.77,73.39,69.82,66.7,0.8363,0.789,269.7888,272.7216,0.00412,0.7355,0.7502,0.1461,AVANZAR
1520,76.0,68.78,65.3,65.48,66.26,65.83,73.87,0.7642,0.7816,269.9898,272.9225,0.00412,0.7461,0.7488,0.1461,AVANZAR
1521,76.05,66.4,62.97,67.78,65.67,72.33,71.85,0.7921,0.7847,270.1844,273.1235,0.004055,0.7447,0.7516,0.1461,AVANZAR
1522,76.1,68.05,69.95,66.23,64.09,75.52,66.71,0.7421,0.772,270.3854,273.3244,0.00412,0.7475,0.7467,0.1461,AVANZAR
1523,76.15,67.97,63.37,72.28,68.08,63.71,66.8,0.7806,0.7745,270.5864,273.5254,0.00412,0.7426,0.7482,0.1461,AVANZAR
1524,76.2,71.72,63.32,64.81,64.99,66.73,67.19,0.7612,0.7706,270.7873,273.7264,0.00412,0.744,0.7466,0.1461,AVANZAR
1525,76.25,68.11,62.43,70.41,63.28,69.45,70.05,0.786,0.7752,270.9883,273.9273,0.00412,0.7424,0.7488,0.1461,AVANZAR
1526,76.3,67.47,70.76,66.86,64.87,68.15,64.24,0.7412,0.765,271.1892,274.1283,0.00412,0.7447,0.7442,0.1461,AVANZAR
1527,76.35,63.4,70.02,73.29,73.75,71.75,74.96,0.7694,0.7663,271.3902,274.3292,0.00412,0.74,0.7443,0.1461,AVANZAR
1528,76.4,64.44,66.65,64.05,70.04,64.14,69.21,0.7814,0.7708,271.5912,274.5302,0.00412,0.7402,0.7462,0.1461,AVANZAR
1529,76.45,61.28,70.42,71.15,62.0,67.22,71.85,0.7813,0.774,271.7921,274.7312,0.00412,0.7421,0.7478,0.1461,AVANZAR
1530,76.5,64.45,68.15,67.42,69.61,68.23,66.3,0.7728,0.7736,271.9931,274.9321,0.00412,0.7437,0.748,0.1461,AVANZAR
1531,76.55,68.04,64.84,64.77,61.48,70.01,67.49,0.7711,0.7729,272.194,275.1331,0.00412,0.7439,0.7478,0.1461,AVANZAR
1532,76.6,69.28,68.79,67.84,63.6,73.64,67.39,0.7417,0.7635,272.395,275.334,0.00412,0.7437,0.7434,0.1461,AVANZAR
1533,76.65,70.35,63.92,68.21,65.8,62.02,68.91,0.7644,0.7638,272.596,275.535,0.00412,0.7393,0.743,0.1461,AVANZAR
1534,76.7,64.36,69.93,65.79,65.07,70.86,66.83,0.7639,0.7638,272.7969,275.736,0.00412,0.7388,0.7425,0.1461,AVANZAR
1535,76.75,67.05,62.39,66.6,61.7,71.58,66.45,0.7921,0.7723,272.9979,275.9369,0.00412,0.7384,0.7462,0.1461,AVANZAR
1536,76.8,62.5,68.22,69.32,68.11,66.81,64.23,0.7849,0.7761,273.1988,276.1379,0.00412,0.7421,0.7483,0.1461,AVANZAR
1537,76.85,74.59,60.78,67.31,64.3,64.64,67.09,0.7644,0.7726,273.3998,276.3388,0.00412,0.7442,0.7472,0.1461,AVANZAR
1538,76.9,68.7,69.92,62.17,67.36,71.96,61.67,0.7388,0.7624,273.6008,276.5398,0.00412,0.7431,0.7424,0.1461,AVANZAR
1539,76.95,68.02,64.38,67.08,66.99,70.62,64.53,0.774,0.7659,273.8017,276.7408,0.00412,0.7383,0.7435,0.1461,AVANZAR
1540,77.0,69.85,73.16,63.43,60.57,65.0,68.06,0.7164,0.751,274.0027,276.9417,0.00412,0.7394,0.736,0.1461,AVANZAR
1541,77.05,66.76,66.8,75.36,60.8,66.56,64.34,0.7667,0.7558,274.2036,277.1427,0.00412,0.7319,0.737,0.1461,AVANZAR
1542,77.1,62.29,71.83,68.62,66.32,67.55,71.57,0.7674,0.7592,274.4046,277.3374,0.004055,0.733,0.738,0.1461,AVANZAR
1543,77.15,69.32,63.58,66.7,70.08,64.91,72.01,0.7719,0.763,274.6056,277.5383,0.00412,0.7339,0.7394,0.1461,AVANZAR
1544,77.2,74.22,68.1,66.54,106.84,65.49,70.95,0.7209,0.7504,274.8065,277.7393,0.00412,0.7353,0.7332,0.1461,CURVA_IZQUIERDA
1545,77.25,68.89,72.1,66.54,72.67,65.47,65.41,0.7267,0.7433,274.863,277.9402,0.002639,0.7306,0.73,0.1461,AVANZAR
1546,77.3,68.33,72.7,65.9,67.92,64.2,64.5,0.7268,0.7383,275.064,278.1412,0.00412,0.7259,0.726,0.1461,AVANZAR
1547,77.35,67.53,66.45,69.09,65.11,66.94,70.25,0.7644,0.7461,275.265,278.3422,0.00412,0.7219,0.7281,0.1461,AVANZAR
1548,77.4,72.7,65.73,71.55,66.89,63.33,64.13,0.7416,0.7448,275.4659,278.5431,0.00412,0.724,0.7265,0.1461,AVANZAR
1549,77.45,67.33,69.01,69.34,70.12,67.67,64.97,0.7511,0.7467,275.6669,278.7441,0.00412,0.7224,0.7266,0.1461,AVANZAR
1550,77.5,69.22,65.72,64.86,69.1,70.92,61.85,0.7593,0.7505,275.8678,278.945,0.00412,0.7225,0.7279,0.1461,AVANZAR
1551,77.55,67.16,70.15,69.77,60.0,69.9,67.5,0.7461,0.7492,276.0688,279.146,0.00412,0.7238,0.727,0.1461,AVANZAR
1552,77.6,67.95,58.51,70.91,71.73,65.14,66.44,0.8143,0.7687,276.2698,279.347,0.00412,0.7229,0.7363,0.1461,AVANZAR
1553,77.65,64.21,64.59,69.19,65.6,73.21,66.56,0.795,0.7766,276.4707,279.5479,0.00412,0.7321,0.7413,0.1461,AVANZAR
1554,77.7,63.68,68.41,63.45,66.19,66.71,70.46,0.7762,0.7765,276.6717,279.7489,0.00412,0.7372,0.7429,0.1461,AVANZAR
1555,77.75,62.02,67.8,69.01,69.15,67.62,70.08,0.7904,0.7806,276.8726,279.9498,0.00412,0.7388,0.7463,0.1461,AVANZAR
1556,77.8,69.74,73.09,66.65,62.59,65.75,66.95,0.7173,0.7617,277.0736,280.1508,0.00412,0.7422,0.7386,0.1461,AVANZAR
1557,77.85,62.69,72.06,66.52,72.52,66.93,65.37,0.7636,0.7622,277.2746,280.3518,0.00412,0.7344,0.7387,0.1461,AVANZAR
1558,77.9,67.4,68.4,65.31,63.12,69.6,66.86,0.7541,0.7598,277.4755,280.5527,0.00412,0.7346,0.7374,0.1461,AVANZAR
1559,77.95,65.03,67.47,66.18,62.01,66.95,65.76,0.7731,0.7638,277.6765,280.7537,0.00412,0.7333,0.7391,0.1461,AVANZAR
1560,78.0,67.11,61.01,67.55,65.91,64.64,69.81,0.8011,0.775,277.8774,280.9546,0.00412,0.735,0.7447,0.1461,AVANZAR
1561,78.05,67.57,71.92,71.12,60.17,68.79,66.08,0.7348,0.7629,278.0784,281.1556,0.00412,0.7405,0.7397,0.1461,AVANZAR
1562,78.1,70.42,64.55,72.56,68.01,63.5,67.39,0.7601,0.7621,278.2794,281.3566,0.00412,0.7356,0.7392,0.1461,AVANZAR
1563,78.15,71.18,70.01,74.56,70.86,65.17,72.32,0.7253,0.7511,278.4803,281.5575,0.00412,0.735,0.7336,0.1461,AVANZAR
1564,78.2,64.77,66.12,61.24,69.56,68.42,63.52,0.7825,0.7605,278.6813,281.7585,0.00412,0.7295,0.7372,0.1461,AVANZAR
1565,78.25,68.49,64.42,68.52,66.25,72.39,67.1,0.7712,0.7637,278.8822,281.9594,0.00412,0.7331,0.7387,0.1461,AVANZAR
1566,78.3,71.73,64.6,60.37,59.83,68.06,67.2,0.7531,0.7605,279.0832,282.1604,0.00412,0.7346,0.7373,0.1461,AVANZAR
1567,78.35,63.8,71.12,75.66,73.31,71.7,67.28,0.7612,0.7607,279.2842,282.3614,0.00412,0.7332,0.7373,0.1461,AVANZAR
1568,78.4,68.92,70.26,69.68,69.31,61.6,69.0,0.7358,0.7532,279.4851,282.5623,0.00412,0.7331,0.7335,0.1461,AVANZAR
1569,78.45,64.95,64.0,67.92,69.9,62.88,67.75,0.7941,0.7655,279.6861,282.7633,0.00412,0.7294,0.7389,0.1461,AVANZAR
1570,78.5,65.95,69.58,62.78,65.68,64.01,69.25,0.7561,0.7627,279.887,282.9642,0.00412,0.7347,0.7379,0.1461,AVANZAR
1571,78.55,71.43,64.66,65.52,72.77,68.77,65.16,0.7543,0.7602,280.088,283.1652,0.00412,0.7337,0.7367,0.1461,AVANZAR
1572,78.6,74.23,70.33,67.99,68.24,72.17,67.69,0.7089,0.7448,280.289,283.3662,0.00412,0.7326,0.7292,0.1461,AVANZAR
1573,78.65,67.03,63.43,61.19,63.79,69.1,73.24,0.7855,0.757,280.4899,283.5671,0.00412,0.725,0.7339,0.1461,AVANZAR
1574,78.7,71.42,64.81,68.37,65.1,67.01,68.1,0.7534,0.7559,280.6909,283.7681,0.00412,0.7298,0.7332,0.1461,AVANZAR
1575,78.75,67.99,72.05,66.04,67.36,65.73,64.77,0.7319,0.7487,280.8918,283.969,0.00412,0.7291,0.7295,0.1461,AVANZAR
1576,78.8,68.5,66.7,67.25,70.39,66.05,71.86,0.7575,0.7514,281.0928,284.17,0.00412,0.7254,0.7301,0.1461,AVANZAR
1577,78.85,69.57,64.09,64.18,66.26,71.22,70.75,0.7674,0.7562,281.2938,284.371,0.00412,0.726,0.732,0.1461,AVANZAR
1578,78.9,65.22,70.44,59.75,66.9,69.98,72.4,0.756,0.7561,281.4947,284.5719,0.00412,0.7279,0.732,0.1461,AVANZAR
1579,78.95,71.7,67.26,69.62,70.63,67.51,66.63,0.7376,0.7506,281.6957,284.7666,0.004055,0.7279,0.7294,0.1461,AVANZAR
1580,79.0,68.98,64.02,61.97,64.06,68.92,68.09,0.771,0.7567,281.8966,284.9676,0.00412,0.7252,0.7319,0.1461,AVANZAR
1581,79.05,69.76,67.29,71.68,67.6,70.2,67.36,0.7474,0.7539,282.0976,285.1685,0.00412,0.7278,0.7307,0.1461,AVANZAR
1582,79.1,64.08,74.79,67.17,60.56,68.2,62.79,0.7418,0.7503,282.2923,285.3695,0.004055,0.7266,0.7288,0.1461,AVANZAR
1583,79.15,67.43,67.83,64.75,63.22,66.46,71.73,0.757,0.7523,282.4932,285.5704,0.00412,0.7247,0.7294,0.1461,AVANZAR
1584,79.2,65.2,70.75,66.79,71.88,63.26,66.14,0.7545,0.753,282.6942,285.7714,0.00412,0.7253,0.7296,0.1461,AVANZAR
1585,79.25,65.56,70.21,67.03,70.23,67.7,67.61,0.7551,0.7536,282.8952,285.9724,0.00412,0.7255,0.7298,0.1461,AVANZAR
1586,79.3,63.34,63.7,68.26,63.67,71.2,68.98,0.806,0.7693,283.0961,286.1733,0.00412,0.7257,0.7374,0.1461,AVANZAR
1587,79.35,66.16,63.2,68.61,67.44,65.83,65.24,0.792,0.7761,283.2971,286.3743,0.00412,0.7333,0.7419,0.1461,AVANZAR
1588,79.4,69.65,68.43,72.4,65.75,69.47,64.41,0.7416,0.7658,283.498,286.5752,0.00412,0.7378,0.7383,0.1461,AVANZAR
1589,79.45,62.64,60.85,66.26,66.85,66.38,65.97,0.8294,0.7849,283.699,286.7762,0.00412,0.7342,0.7481,0.1461,AVANZAR
1590,79.5,67.47,70.72,66.63,69.82,67.14,68.92,0.7414,0.7718,283.9,286.9772,0.00412,0.744,0.7436,0.1461,AVANZAR
1591,79.55,65.23,66.02,68.91,62.64,68.82,76.66,0.7802,0.7744,284.1009,287.1781,0.00412,0.7395,0.7454,0.1461,AVANZAR
1592,79.6,59.2,71.07,71.7,70.44,67.07,69.71,0.7926,0.7798,284.3019,287.3791,0.00412,0.7413,0.7488,0.1461,AVANZAR
1593,79.65,65.89,65.89,69.92,65.56,68.43,71.37,0.7771,0.779,284.5028,287.58,0.00412,0.7447,0.7494,0.1461,AVANZAR
1594,79.7,69.82,63.34,61.7,68.31,66.22,74.42,0.7709,0.7766,284.7038,287.781,0.00412,0.7453,0.749,0.1461,AVANZAR
1595,79.75,69.92,62.79,66.4,66.72,72.94,60.54,0.7738,0.7757,284.9048,287.982,0.00412,0.7449,0.7492,0.1461,AVANZAR
1596,79.8,63.85,62.98,65.3,65.2,69.57,63.97,0.8074,0.7853,285.1057,288.1829,0.00412,0.745,0.7542,0.1461,AVANZAR
1597,79.85,69.56,66.83,64.06,71.23,67.04,66.64,0.7511,0.775,285.3067,288.3839,0.00412,0.75,0.7502,0.1461,AVANZAR
1598,79.9,67.38,63.13,72.35,68.06,72.49,69.53,0.7855,0.7781,285.5076,288.5848,0.00412,0.7461,0.7518,0.1461,AVANZAR
1599,79.95,65.4,71.27,62.58,66.27,69.62,62.58,0.7506,0.7699,285.7086,288.7858,0.00412,0.7477,0.7481,0.1461,AVANZAR
1600,80.0,69.86,66.61,68.33,67.62,65.96,66.59,0.7508,0.7641,285.9096,288.9868,0.00412,0.744,0.745,0.1461,AVANZAR
1601,80.05,64.07,66.47,68.66,68.5,67.34,64.87,0.7847,0.7703,286.1105,289.1877,0.00412,0.7409,0.7473,0.1461,AVANZAR
1602,80.1,65.89,66.98,70.88,66.53,69.49,69.52,0.7707,0.7704,286.3115,289.3887,0.00412,0.7432,0.7472,0.1461,AVANZAR
1603,80.15,64.23,58.65,72.73,65.9,63.1,69.79,0.835,0.7898,286.5124,289.5896,0.00412,0.7431,0.7565,0.1461,AVANZAR
1604,80.2,65.98,69.16,65.96,65.2,63.4,62.35,0.7582,0.7803,286.7134,289.7906,0.00412,0.7524,0.7532,0.1461,AVANZAR
1605,80.25,69.86,67.45,66.63,65.29,67.36,61.63,0.746,0.77,286.9144,289.9916,0.00412,0.7491,0.7487,0.1461,AVANZAR
1606,80.3,63.77,70.36,67.7,68.91,74.24,70.1,0.7653,0.7686,287.1153,290.1925,0.00412,0.7445,0.7476,0.1461,AVANZAR
1607,80.35,65.29,68.96,62.78,63.77,65.35,66.24,0.7633,0.767,287.3163,290.3935,0.00412,0.7434,0.7463,0.1461,AVANZAR
1608,80.4,73.6,69.66,67.92,64.33,66.73,63.02,0.7153,0.7515,287.5172,290.5944,0.00412,0.7422,0.7383,0.1461,AVANZAR
1609,80.45,66.66,66.08,64.75,68.33,69.17,73.06,0.7714,0.7575,287.7182,290.7954,0.00412,0.7342,0.7396,0.1461,AVANZAR
1610,80.5,66.11,64.66,69.41,61.9,68.77,86.04,0.7831,0.7652,287.9192,290.9964,0.00412,0.7355,0.7425,0.1461,CURVA_DERECHA
1611,80.55,73.17,72.76,67.51,65.11,68.91,110.46,0.7017,0.7461,288.1201,291.0529,0.002639,0.7398,0.7343,0.1461,CURVA_DERECHA
1612,80.6,67.85,68.01,61.84,64.19,62.98,129.31,0.7537,0.7484,288.3211,291.1157,0.002704,0.7316,0.7348,0.1461,CURVA_DERECHA
1613,80.65,61.36,80.62,73.25,75.11,69.41,174.07,0.7348,0.7443,288.522,291.1722,0.002639,0.7322,0.7325,0.1461,CURVA_DERECHA
1614,80.7,72.01,85.88,61.66,65.69,69.0,201.85,0.6536,0.7171,288.723,291.235,0.002704,0.7298,0.7187,0.1461,CURVA_DERECHA
1615,80.75,66.19,85.78,62.67,63.8,62.18,256.3,0.6852,0.7075,288.924,291.2978,0.002704,0.716,0.7115,0.1461,CURVA_DERECHA
1616,80.8,70.07,88.47,66.49,67.46,99.18,321.38,0.6547,0.6917,289.1249,291.3543,0.002639,0.7089,0.7009,0.1461,CURVA_DERECHA
1617,80.85,69.03,88.57,66.5,68.3,114.59,380.42,0.6599,0.6822,289.3259,291.4171,0.002704,0.6982,0.6926,0.1461,CURVA_DERECHA
1618,80.9,70.23,79.47,70.12,62.8,160.08,564.93,0.6866,0.6835,289.5206,291.4736,0.002575,0.6901,0.6896,0.1461,CURVA_DERECHA
1619,80.95,72.02,64.19,70.3,70.05,188.03,546.25,0.7542,0.7047,289.7215,291.5364,0.002704,0.6869,0.6967,0.1461,CURVA_DERECHA
1620,81.0,73.2,59.02,65.2,62.37,262.97,426.99,0.7835,0.7284,289.9225,291.5992,0.002704,0.694,0.7071,0.1461,CURVA_DERECHA
1621,81.05,69.94,60.07,66.19,65.58,236.12,377.79,0.7922,0.7475,290.1234,291.6558,0.002639,0.7044,0.7173,0.1461,CURVA_DERECHA
1622,81.1,60.94,63.19,65.1,67.67,286.41,334.59,0.8252,0.7708,290.3244,291.7186,0.002704,0.7146,0.7307,0.1461,CURVA_DERECHA
1623,81.15,66.39,64.7,62.53,63.76,314.62,262.23,0.7813,0.774,290.5254,291.7751,0.002639,0.7281,0.7359,0.1461,CURVA_DERECHA
1624,81.2,74.33,69.68,67.51,73.58,327.32,210.82,0.7118,0.7553,290.7263,291.8379,0.002704,0.7332,0.73,0.1461,CURVA_DERECHA
1625,81.25,70.14,67.54,67.35,65.51,368.65,181.46,0.744,0.7519,290.9273,291.9007,0.002704,0.7273,0.7298,0.1461,CURVA_DERECHA
1626,81.3,66.67,66.09,66.16,65.37,363.95,159.61,0.7713,0.7577,291.1282,291.9572,0.002639,0.7271,0.7336,0.1461,CURVA_DERECHA
1627,81.35,70.47,73.09,67.62,63.62,412.38,151.66,0.7135,0.7445,291.3292,292.02,0.002704,0.7309,0.7283,0.1461,CURVA_DERECHA
1628,81.4,64.27,66.22,63.02,63.96,380.23,110.71,0.7849,0.7566,291.5302,292.0765,0.002639,0.7257,0.7344,0.1461,CURVA_DERECHA
1629,81.45,68.32,64.55,62.21,71.72,381.51,69.5,0.7713,0.761,291.7311,292.1393,0.002704,0.7316,0.7374,0.1461,CURVA_DERECHA
1630,81.5,67.95,64.27,70.8,59.62,359.16,69.85,0.7751,0.7652,291.9321,292.2021,0.002704,0.7347,0.7406,0.1461,CURVA_DERECHA
1631,81.55,71.31,68.44,65.74,62.14,347.39,69.78,0.733,0.7556,292.133,292.2586,0.002639,0.738,0.7373,0.1461,CURVA_DERECHA
1632,81.6,62.39,64.49,70.72,70.76,329.02,64.45,0.8073,0.7711,292.334,292.3214,0.002704,0.7346,0.7452,0.1461,CURVA_DERECHA
1633,81.65,65.09,63.26,68.56,72.24,245.92,66.0,0.7979,0.7791,292.535,292.378,0.002639,0.7425,0.7506,0.1461,CURVA_DERECHA
1634,81.7,68.48,70.87,67.56,68.23,216.11,66.79,0.7351,0.7659,292.7359,292.4408,0.002704,0.7479,0.7461,0.1461,CURVA_DERECHA
1635,81.75,67.34,63.96,64.86,70.05,165.59,66.56,0.7804,0.7703,292.9369,292.5036,0.002704,0.7434,0.7488,0.1461,CURVA_DERECHA
1636,81.8,66.78,66.75,68.82,66.11,55.67,68.96,0.7669,0.7693,293.1378,292.5601,0.002639,0.7461,0.7492,0.1461,AVANZAR
1637,81.85,72.88,69.84,66.56,70.93,66.89,65.02,0.7178,0.7538,293.3388,292.761,0.00412,0.7451,0.7411,0.1461,AVANZAR
1638,81.9,65.87,65.04,69.01,69.93,62.24,67.42,0.7823,0.7624,293.5398,292.962,0.00412,0.737,0.7436,0.1461,AVANZAR
1639,81.95,66.39,75.11,67.49,60.95,63.96,70.53,0.7264,0.7516,293.7407,293.163,0.00412,0.7395,0.7376,0.1461,AVANZAR
1640,82.0,71.13,67.15,70.63,65.93,65.18,68.64,0.7411,0.7485,293.9417,293.3639,0.00412,0.7334,0.7346,0.1461,AVANZAR
1641,82.05,60.32,66.37,62.56,64.18,67.89,69.88,0.8102,0.767,294.1426,293.5649,0.00412,0.7304,0.7421,0.1461,AVANZAR
1642,82.1,66.17,60.56,65.32,66.85,71.93,70.04,0.8096,0.7798,294.3436,293.7658,0.00412,0.738,0.7484,0.1461,AVANZAR
1643,82.15,69.65,64.74,71.17,69.16,69.79,64.72,0.763,0.7747,294.5446,293.9668,0.00412,0.7443,0.747,0.1461,AVANZAR
1644,82.2,67.99,64.18,67.36,66.95,69.32,75.2,0.7754,0.7749,294.7455,294.1678,0.00412,0.7429,0.7477,0.1461,AVANZAR
1645,82.25,65.8,64.08,64.22,70.31,66.37,64.93,0.7885,0.779,294.9465,294.3687,0.00412,0.7436,0.7501,0.1461,AVANZAR
1646,82.3,67.83,74.19,63.75,68.99,71.0,66.77,0.7225,0.7621,295.1474,294.5697,0.00412,0.746,0.7426,0.1461,AVANZAR
1647,82.35,68.1,72.32,63.71,72.22,70.42,62.78,0.7299,0.7524,295.3484,294.7706,0.00412,0.7384,0.7372,0.1461,AVANZAR
1648,82.4,69.9,69.15,71.81,64.19,66.89,61.15,0.7364,0.7476,295.5494,294.9716,0.00412,0.7331,0.7336,0.1461,AVANZAR
1649,82.45,63.37,63.12,73.47,63.19,75.36,71.42,0.8095,0.7662,295.7503,295.1726,0.00412,0.7294,0.7411,0.1461,AVANZAR
1650,82.5,69.18,64.08,69.13,64.77,57.45,66.03,0.7696,0.7672,295.9513,295.3735,0.00412,0.737,0.7418,0.1461,AVANZAR
1651,82.55,67.17,64.55,65.93,68.75,70.01,64.11,0.7777,0.7704,296.1522,295.5745,0.00412,0.7377,0.7435,0.1461,AVANZAR
1652,82.6,65.95,69.38,71.58,67.62,69.81,64.81,0.7572,0.7664,296.3532,295.7754,0.00412,0.7394,0.742,0.1461,AVANZAR
1653,82.65,67.79,62.15,68.55,68.07,65.68,69.33,0.7896,0.7734,296.5542,295.9764,0.00412,0.7379,0.7454,0.1461,AVANZAR
1654,82.7,71.1,63.82,68.66,72.86,64.06,63.37,0.7612,0.7697,296.7551,296.1774,0.00412,0.7413,0.7442,0.1461,AVANZAR
1655,82.75,61.06,63.42,63.22,70.46,73.27,70.68,0.823,0.7857,296.9498,296.3783,0.004055,0.7402,0.7523,0.1461,AVANZAR
1656,82.8,70.86,66.55,72.54,67.46,64.24,62.73,0.7459,0.7738,297.1508,296.5793,0.00412,0.7481,0.7478,0.1461,AVANZAR
1657,82.85,68.15,67.04,68.97,69.48,65.75,59.65,0.7575,0.7689,297.3517,296.7802,0.00412,0.7437,0.7457,0.1461,AVANZAR
1658,82.9,71.67,69.0,63.04,65.13,74.79,67.35,0.7282,0.7567,297.5527,296.9812,0.00412,0.7416,0.7396,0.1461,AVANZAR
1659,82.95,71.31,67.86,64.93,63.42,65.7,63.89,0.7362,0.7505,297.7536,297.1822,0.00412,0.7355,0.7356,0.1461,AVANZAR
1660,83.0,65.31,70.49,67.38,65.47,65.99,71.05,0.7551,0.7519,297.9546,297.3831,0.00412,0.7315,0.735,0.1461,AVANZAR
1661,83.05,67.15,65.51,67.74,62.36,68.66,74.28,0.772,0.758,298.1556,297.5841,0.00412,0.7308,0.7369,0.1461,AVANZAR
1662,83.1,67.83,69.66,68.58,66.59,70.01,69.41,0.7449,0.754,298.3565,297.785,0.00412,0.7327,0.7345,0.1461,AVANZAR
1663,83.15,62.17,62.72,62.24,64.41,67.7,68.5,0.82,0.7738,298.5575,297.986,0.00412,0.7304,0.7435,0.1461,AVANZAR
1664,83.2,66.43,71.73,72.83,70.39,63.74,72.07,0.7423,0.7644,298.7584,298.1807,0.004055,0.7394,0.7398,0.1461,AVANZAR
1665,83.25,71.16,69.13,66.74,63.64,75.16,64.93,0.73,0.7541,298.9594,298.3816,0.00412,0.7357,0.7349,0.1461,AVANZAR
1666,83.3,64.74,66.32,69.17,65.0,63.85,70.54,0.7815,0.7623,299.1604,298.5826,0.00412,0.7308,0.7382,0.1461,AVANZAR
1667,83.35,65.4,75.82,66.03,71.23,67.51,70.4,0.7291,0.7523,299.3613,298.7836,0.00412,0.7341,0.7333,0.1461,AVANZAR
1668,83.4,65.98,71.83,64.23,75.62,65.27,62.41,0.7444,0.75,299.5623,298.9845,0.00412,0.7292,0.7314,0.1461,AVANZAR
1669,83.45,65.29,64.69,74.52,64.6,71.93,65.89,0.7879,0.7613,299.7632,299.1855,0.00412,0.7273,0.7362,0.1461,AVANZAR
1670,83.5,70.06,64.13,71.92,74.34,64.97,64.62,0.7646,0.7623,299.9642,299.3864,0.00412,0.732,0.7368,0.1461,AVANZAR
1671,83.55,64.56,71.36,64.24,68.56,63.78,66.72,0.7553,0.7602,300.1652,299.5874,0.00412,0.7327,0.736,0.1461,AVANZAR
1672,83.6,67.85,69.02,67.7,58.55,69.95,65.33,0.7482,0.7566,300.3661,299.7884,0.00412,0.7319,0.7342,0.1461,AVANZAR
1673,83.65,64.74,61.85,70.53,63.96,64.63,65.79,0.8093,0.7724,300.5671,299.9893,0.00412,0.7301,0.7417,0.1461,AVANZAR
1674,83.7,61.93,64.07,64.43,70.64,71.71,63.56,0.8129,0.7846,300.768,300.1903,0.00412,0.7376,0.7486,0.1461,AVANZAR
1675,83.75,73.35,70.29,66.67,70.44,68.98,68.61,0.7132,0.7632,300.969,300.3912,0.00412,0.7445,0.7399,0.1461,AVANZAR
1676,83.8,68.15,71.15,71.08,65.12,65.34,67.83,0.7354,0.7548,301.17,300.5922,0.00412,0.7358,0.7357,0.1461,AVANZAR
1677,83.85,66.72,69.6,68.49,69.97,70.74,68.82,0.7515,0.7538,301.3709,300.7932,0.00412,0.7316,0.7345,0.1461,AVANZAR
1678,83.9,69.46,71.67,71.89,62.92,65.76,67.62,0.7257,0.7454,301.5719,300.9941,0.00412,0.7304,0.7297,0.1461,AVANZAR
1679,83.95,66.9,70.35,65.94,73.59,66.04,64.2,0.7466,0.7458,301.7728,301.1951,0.00412,0.7256,0.7287,0.1461,AVANZAR
1680,84.0,65.32,69.29,71.76,63.58,64.48,68.13,0.7614,0.7504,301.9738,301.396,0.00412,0.7245,0.7299,0.1461,AVANZAR
1681,84.05,67.34,69.62,67.23,69.08,67.86,70.23,0.7478,0.7497,302.1748,301.597,0.00412,0.7258,0.729,0.1461,AVANZAR
1682,84.1,71.67,65.49,72.49,69.73,71.09,64.32,0.7481,0.7492,302.3757,301.798,0.00412,0.7249,0.7283,0.1461,AVANZAR
1683,84.15,68.24,65.02,65.81,72.43,71.68,67.99,0.7689,0.7551,302.5767,301.9989,0.00412,0.7242,0.7307,0.1461,AVANZAR
1684,84.2,57.0,69.47,65.33,69.15,66.21,62.97,0.8177,0.7739,302.7776,302.1999,0.00412,0.7266,0.7399,0.1461,AVANZAR
1685,84.25,67.12,64.26,71.06,65.68,67.47,73.6,0.7798,0.7757,302.9786,302.4008,0.00412,0.7358,0.7422,0.1461,AVANZAR
1686,84.3,61.44,61.7,63.29,64.12,65.86,68.62,0.8316,0.7924,303.1796,302.6018,0.00412,0.7381,0.7517,0.1461,AVANZAR
1687,84.35,70.88,68.14,64.99,66.56,68.11,68.01,0.7369,0.7758,303.3805,302.8028,0.00412,0.7476,0.7461,0.1461,AVANZAR
1688,84.4,69.79,61.07,72.02,68.28,61.17,64.16,0.786,0.7788,303.5815,303.0037,0.00412,0.7419,0.7484,0.1461,AVANZAR
1689,84.45,64.68,68.26,65.57,65.84,62.71,65.13,0.7708,0.7764,303.7824,303.2047,0.00412,0.7443,0.7481,0.1461,AVANZAR
1690,84.5,60.53,71.81,68.66,68.34,66.97,68.87,0.7795,0.7773,303.9834,303.4056,0.00412,0.744,0.7492,0.1461,AVANZAR
1691,84.55,68.71,66.95,67.66,67.58,66.2,71.13,0.7549,0.7706,304.1844,303.6066,0.00412,0.7451,0.7465,0.1461,AVANZAR
1692,84.6,66.21,71.76,65.06,68.66,71.12,70.08,0.7434,0.7625,304.379,303.8076,0.004055,0.7425,0.7426,0.1461,AVANZAR
1693,84.65,72.62,66.59,65.39,72.33,67.07,73.36,0.737,0.7548,304.58,304.0085,0.00412,0.7385,0.7383,0.1461,AVANZAR
1694,84.7,64.7,66.73,66.83,68.22,63.28,69.38,0.7793,0.7622,304.781,304.2095,0.00412,0.7341,0.7408,0.1461,AVANZAR
1695,84.75,68.46,70.44,64.81,64.88,66.24,67.93,0.7374,0.7547,304.9819,304.4104,0.00412,0.7366,0.7367,0.1461,AVANZAR
1696,84.8,65.65,65.94,70.74,67.42,67.08,66.06,0.7782,0.7618,305.1829,304.6114,0.00412,0.7326,0.7393,0.1461,AVANZAR
1697,84.85,72.42,67.77,66.6,64.57,60.63,70.08,0.7313,0.7526,305.3838,304.8124,0.00412,0.7352,0.7346,0.1461,AVANZAR
1698,84.9,70.99,61.22,60.3,64.38,66.01,70.79,0.7788,0.7605,305.5848,305.0133,0.00412,0.7305,0.7375,0.1461,AVANZAR
1699,84.95,70.24,67.01,68.05,72.29,68.45,69.33,0.7465,0.7563,305.7858,305.2143,0.00412,0.7334,0.7353,0.1461,AVANZAR
1700,85.0,72.26,63.81,64.7,64.57,67.99,72.01,0.7554,0.756,305.9867,305.4152,0.00412,0.7312,0.7347,0.1461,AVANZAR
1701,85.05,67.14,68.04,73.08,62.46,66.52,66.83,0.7576,0.7565,306.1877,305.6099,0.004055,0.7307,0.7346,0.1461,AVANZAR
1702,85.1,61.03,70.53,63.93,69.94,63.81,61.05,0.7825,0.7643,306.3886,305.8109,0.00412,0.7305,0.7381,0.1461,AVANZAR
1703,85.15,72.14,73.67,67.9,69.36,68.69,65.99,0.7023,0.7457,306.5896,306.0118,0.00412,0.734,0.7293,0.1461,AVANZAR
1704,85.2,65.94,65.69,67.05,65.14,63.25,66.63,0.7779,0.7554,306.7906,306.2128,0.00412,0.7252,0.7329,0.1461,AVANZAR
1705,85.25,67.53,66.56,67.96,68.86,72.11,63.92,0.7637,0.7579,306.9915,306.4138,0.00412,0.7288,0.7339,0.1461,AVANZAR
1706,85.3,70.38,66.72,66.33,62.95,68.21,73.54,0.7474,0.7547,307.1925,306.6147,0.00412,0.7298,0.7324,0.1461,AVANZAR
1707,85.35,66.16,67.63,73.92,68.1,67.75,68.41,0.7654,0.7579,307.3934,306.8157,0.00412,0.7282,0.7337,0.1461,AVANZAR
1708,85.4,64.58,68.53,62.42,59.31,67.85,64.94,0.7699,0.7615,307.5944,307.0166,0.00412,0.7296,0.7355,0.1461,AVANZAR
1709,85.45,65.38,64.7,59.46,70.84,70.75,69.33,0.7872,0.7692,307.7954,307.2176,0.00412,0.7313,0.7395,0.1461,AVANZAR
1710,85.5,71.92,66.52,69.92,69.06,65.29,70.6,0.7408,0.7607,307.9963,307.4186,0.00412,0.7354,0.7362,0.1461,AVANZAR
1711,85.55,65.97,72.68,66.25,66.89,73.41,65.87,0.7403,0.7546,308.1973,307.6195,0.00412,0.732,0.7333,0.1461,AVANZAR
1712,85.6,64.36,68.71,71.36,68.9,69.27,67.19,0.7704,0.7593,308.3982,307.8205,0.00412,0.7291,0.7352,0.1461,AVANZAR
1713,85.65,67.63,65.4,61.99,67.61,76.33,68.19,0.77,0.7625,308.5992,308.0214,0.00412,0.731,0.7367,0.1461,AVANZAR
1714,85.7,69.92,63.2,66.17,66.08,69.34,63.92,0.7712,0.7651,308.8002,308.2224,0.00412,0.7326,0.7382,0.1461,AVANZAR
1715,85.75,63.18,71.12,67.93,69.59,58.19,71.18,0.7651,0.7651,309.0011,308.4234,0.00412,0.7341,0.7387,0.1461,AVANZAR
1716,85.8,68.47,66.9,66.99,63.41,63.74,71.53,0.7566,0.7626,309.2021,308.6243,0.00412,0.7345,0.7378,0.1461,AVANZAR
1717,85.85,69.19,72.76,72.02,63.29,78.3,69.9,0.7218,0.7503,309.403,308.8253,0.00412,0.7336,0.7319,0.1461,CURVA_DERECHA
1718,85.9,62.96,61.34,69.83,69.71,65.12,69.02,0.824,0.7724,309.604,308.8881,0.002704,0.7292,0.7431,0.1461,AVANZAR
1719,85.95,65.36,64.29,69.45,67.97,68.81,67.35,0.7899,0.7777,309.805,309.089,0.00412,0.7389,0.7464,0.1461,AVANZAR
1720,86.0,65.66,73.02,66.88,68.7,66.37,71.66,0.7405,0.7665,310.0059,309.29,0.00412,0.7423,0.742,0.1461,AVANZAR
1721,86.05,68.69,67.9,64.61,60.1,63.17,62.86,0.7497,0.7615,310.2069,309.491,0.00412,0.7379,0.7396,0.1461,AVANZAR
1722,86.1,69.45,65.03,68.9,69.12,65.53,65.93,0.7623,0.7617,310.4078,309.6919,0.00412,0.7355,0.7394,0.1461,AVANZAR
1723,86.15,61.07,65.52,64.35,66.94,64.18,67.97,0.8099,0.7762,310.6088,309.8929,0.00412,0.7353,0.7462,0.1461,AVANZAR
1724,86.2,67.39,68.49,65.1,65.87,69.29,70.04,0.7536,0.7694,310.8098,310.0876,0.004055,0.7421,0.7438,0.1461,AVANZAR
1725,86.25,63.24,69.91,69.84,67.04,65.49,63.38,0.771,0.7699,311.0107,310.2885,0.00412,0.7397,0.7443,0.1461,AVANZAR
1726,86.3,68.54,70.79,67.8,60.63,65.41,65.86,0.7351,0.7595,311.2117,310.4895,0.00412,0.7402,0.7394,0.1461,AVANZAR
1727,86.35,73.09,66.31,68.28,72.95,67.8,60.43,0.7363,0.7525,311.4126,310.6904,0.00412,0.7353,0.7354,0.1461,AVANZAR
1728,86.4,62.44,61.28,67.42,65.6,67.08,65.25,0.8278,0.7751,311.6136,310.8914,0.00412,0.7313,0.7454,0.1461,AVANZAR
1729,86.45,65.54,68.1,62.74,72.59,60.86,72.21,0.7665,0.7725,311.8083,311.0924,0.004055,0.7414,0.745,0.1461,AVANZAR
1730,86.5,68.33,66.67,71.23,66.37,66.29,66.3,0.7587,0.7684,312.0092,311.2933,0.00412,0.7409,0.7435,0.1461,AVANZAR
1731,86.55,58.91,67.12,71.01,68.08,69.44,69.09,0.816,0.7826,312.2102,311.4943,0.00412,0.7394,0.7506,0.1461,AVANZAR
1732,86.6,70.71,66.4,67.2,67.93,65.37,71.27,0.7476,0.7721,312.4112,311.6952,0.00412,0.7465,0.7466,0.1461,AVANZAR
1733,86.65,64.96,66.19,73.18,67.58,68.82,63.78,0.7808,0.7747,312.6121,311.8962,0.00412,0.7425,0.7481,0.1461,AVANZAR
1734,86.7,66.64,60.59,63.54,65.4,64.99,67.78,0.8066,0.7843,312.8131,312.0972,0.00412,0.744,0.7531,0.1461,AVANZAR
1735,86.75,64.81,66.11,69.48,63.14,68.59,66.9,0.7822,0.7837,313.014,312.2981,0.00412,0.749,0.7539,0.1461,AVANZAR
1736,86.8,68.62,67.09,71.69,69.74,64.09,63.28,0.7547,0.775,313.215,312.4991,0.00412,0.7498,0.7505,0.1461,AVANZAR
1737,86.85,67.36,67.49,65.12,66.48,65.49,67.36,0.7594,0.7703,313.416,312.7,0.00412,0.7464,0.7483,0.1461,AVANZAR
1738,86.9,61.7,65.99,68.94,67.69,65.4,71.49,0.8029,0.7801,313.6169,312.901,0.00412,0.7441,0.7527,0.1461,AVANZAR
1739,86.95,61.83,67.21,62.01,65.47,77.71,67.09,0.7949,0.7845,313.8179,313.102,0.00412,0.7486,0.7554,0.1461,AVANZAR
1740,87.0,69.14,110.08,65.1,64.61,68.44,70.2,0.6028,0.73,314.0188,313.3029,0.00412,0.7512,0.7296,0.1461,AVANZAR
1741,87.05,64.6,150.99,74.63,68.26,71.4,66.36,0.5658,0.6808,314.2198,313.5039,0.00412,0.7254,0.7021,0.1461,AVANZAR
1742,87.1,57.61,218.57,68.72,66.87,64.8,68.68,0.5615,0.645,314.4208,313.7048,0.00412,0.698,0.6781,0.1461,AVANZAR
1743,87.15,90.95,465.12,69.63,75.57,67.66,69.95,0.3365,0.5524,314.6217,313.9058,0.00412,0.6739,0.6246,0.1461,AVANZAR
1744,87.2,117.22,597.5,70.13,69.78,67.1,72.25,0.2612,0.4651,314.8227,314.1068,0.00412,0.6205,0.568,0.1461,GIRAR_DERECHA
1745,87.25,64.42,451.93,63.78,64.21,63.3,391.48,0.454,0.4618,314.986,313.9435,0.0,0.568,0.5514,0.1461,GIRAR_DERECHA
1746,87.3,66.27,325.47,68.97,65.13,66.72,588.67,0.4649,0.4627,315.143,313.7865,0.0,0.5514,0.5387,0.1461,GIRAR_DERECHA
1747,87.35,63.07,284.72,71.38,72.04,66.7,1073.55,0.4958,0.4726,315.3,313.6295,0.0,0.5387,0.5325,0.1461,GIRAR_DERECHA
1748,87.4,64.21,167.9,61.21,62.57,69.03,1041.97,0.5512,0.4962,315.4632,313.4662,0.0,0.5325,0.5352,0.1461,GIRAR_DERECHA
1749,87.45,69.35,107.63,62.07,68.64,69.66,838.82,0.607,0.5294,315.6202,313.3092,0.0,0.5352,0.5457,0.1461,GIRAR_DERECHA
1750,87.5,66.92,81.61,65.47,63.07,68.0,533.91,0.6962,0.5795,315.7835,313.1459,0.0,0.5457,0.5677,0.1461,GIRAR_DERECHA
1751,87.55,64.23,69.85,61.92,60.54,66.49,367.08,0.7651,0.6352,315.9405,312.9889,0.0,0.5677,0.5965,0.1461,GIRAR_DERECHA
1752,87.6,65.96,68.51,67.74,63.13,297.65,264.7,0.7618,0.6731,316.1038,312.8256,0.0,0.5965,0.6207,0.1461,CURVA_DERECHA
1753,87.65,65.8,69.58,63.4,70.55,342.97,224.86,0.757,0.6983,316.3048,312.8884,0.002704,0.618,0.6383,0.1461,CURVA_DERECHA
1754,87.7,69.88,69.56,65.47,66.0,341.74,195.26,0.7344,0.7091,316.5057,312.945,0.002639,0.6356,0.6501,0.1461,CURVA_DERECHA
1755,87.75,70.79,69.04,68.91,67.83,362.53,155.79,0.7324,0.7161,316.7067,313.0078,0.002704,0.6474,0.6598,0.1461,CURVA_DERECHA
1756,87.8,64.12,65.77,69.62,66.42,368.18,136.9,0.7884,0.7378,316.9076,313.0706,0.002704,0.6571,0.6763,0.1461,CURVA_DERECHA
1757,87.85,70.42,70.12,63.66,66.19,378.58,121.84,0.7286,0.7351,317.1086,313.1271,0.002639,0.6736,0.6817,0.1461,CURVA_DERECHA
1758,87.9,62.87,68.09,70.5,60.28,417.87,114.5,0.7832,0.7495,317.3096,313.1899,0.002704,0.679,0.6942,0.1461,CURVA_DERECHA
1759,87.95,69.44,64.27,72.52,69.85,369.97,93.61,0.767,0.7547,317.5105,313.2464,0.002639,0.6916,0.7026,0.1461,CURVA_DERECHA
1760,88.0,71.4,72.98,67.12,65.86,351.74,66.29,0.7093,0.7411,317.7115,313.3092,0.002704,0.6999,0.7013,0.1461,CURVA_DERECHA
1761,88.05,61.56,70.24,69.58,66.56,318.11,59.67,0.7803,0.7529,317.9124,313.372,0.002704,0.6986,0.7105,0.1461,CURVA_DERECHA
1762,88.1,67.69,71.4,66.89,68.48,262.44,64.41,0.7367,0.748,318.1071,313.4285,0.002575,0.7079,0.7121,0.1461,CURVA_DERECHA
1763,88.15,62.99,67.97,62.57,70.47,220.31,65.03,0.7831,0.7585,318.3081,313.4913,0.002704,0.7094,0.7202,0.1461,CURVA_DERECHA
1764,88.2,65.56,65.45,67.42,65.15,187.01,66.73,0.7816,0.7655,318.509,313.5478,0.002639,0.7176,0.7269,0.1461,CURVA_DERECHA
1765,88.25,69.73,72.25,66.02,67.98,158.04,72.71,0.7214,0.7523,318.71,313.6106,0.002704,0.7242,0.7238,0.1461,CURVA_DERECHA
1766,88.3,71.19,69.19,69.78,65.75,113.49,70.73,0.7296,0.7455,318.911,313.6734,0.002704,0.7211,0.7223,0.1461,CURVA_DERECHA
1767,88.35,65.5,64.31,67.64,67.18,105.28,72.18,0.7889,0.7585,319.1119,313.73,0.002639,0.7197,0.7298,0.1461,CURVA_DERECHA
1768,88.4,67.95,70.85,64.98,67.52,72.64,73.94,0.7381,0.7524,319.3129,313.7928,0.002704,0.7271,0.7287,0.1461,AVANZAR
1769,88.45,64.46,67.16,67.85,69.32,68.81,65.77,0.7784,0.7602,319.5138,313.9937,0.00412,0.7246,0.7325,0.1461,AVANZAR
1770,88.5,69.8,60.64,67.21,69.52,64.55,67.1,0.7889,0.7688,319.7148,314.1947,0.00412,0.7283,0.7372,0.1461,AVANZAR
1771,88.55,67.79,63.63,72.49,64.1,70.01,68.29,0.78,0.7722,319.9158,314.3956,0.00412,0.7331,0.7399,0.1461,AVANZAR
1772,88.6,64.8,63.94,66.98,67.63,68.28,69.91,0.7955,0.7791,320.1167,314.5966,0.00412,0.7358,0.7445,0.1461,AVANZAR
1773,88.65,70.65,67.86,69.81,67.05,72.19,67.89,0.7396,0.7673,320.3177,314.7976,0.00412,0.7404,0.7403,0.1461,AVANZAR
1774,88.7,65.96,64.92,71.82,65.25,66.13,64.73,0.7824,0.7718,320.5186,314.9985,0.00412,0.7362,0.7429,0.1461,AVANZAR
1775,88.75,67.84,64.21,67.64,66.79,71.32,70.39,0.776,0.7731,320.7196,315.1995,0.00412,0.7388,0.7442,0.1461,AVANZAR
1776,88.8,68.77,68.99,70.3,68.52,61.92,67.5,0.7433,0.7642,320.9206,315.4004,0.00412,0.7401,0.7406,0.1461,AVANZAR
1777,88.85,66.74,66.12,68.25,67.13,69.21,74.81,0.7708,0.7662,321.1215,315.6014,0.00412,0.7365,0.7415,0.1461,AVANZAR
1778,88.9,67.19,67.61,68.74,66.47,68.37,66.44,0.7597,0.7642,321.3225,315.8024,0.00412,0.7374,0.7406,0.1461,AVANZAR
1779,88.95,63.95,62.85,69.83,66.62,68.43,65.12,0.8076,0.7772,321.5234,316.0033,0.00412,0.7365,0.7469,0.1461,AVANZAR
1780,89.0,70.27,69.71,65.72,65.46,73.09,67.77,0.7315,0.7635,321.7244,316.2043,0.00412,0.7428,0.7411,0.1461,AVANZAR
1781,89.05,64.84,69.98,72.67,66.47,68.58,68.35,0.7606,0.7626,321.9254,316.399,0.004055,0.7371,0.7405,0.1461,AVANZAR
1782,89.1,69.75,64.96,71.26,66.09,66.71,65.46,0.7611,0.7622,322.1263,316.5999,0.00412,0.7364,0.74,0.1461,AVANZAR
1783,89.15,68.35,67.67,65.54,72.29,64.33,66.4,0.7528,0.7594,322.3273,316.8009,0.00412,0.7359,0.7384,0.1461,AVANZAR
1784,89.2,65.23,69.62,63.98,69.76,64.02,65.33,0.7601,0.7596,322.5282,317.0018,0.00412,0.7342,0.738,0.1461,AVANZAR
1785,89.25,65.41,70.42,63.42,70.04,67.73,63.26,0.7549,0.7582,322.7292,317.2028,0.00412,0.7339,0.737,0.1461,AVANZAR
1786,89.3,60.33,69.38,69.1,65.63,62.26,71.3,0.7933,0.7687,322.9302,317.4038,0.00412,0.7328,0.7417,0.1461,AVANZAR
1787,89.35,63.05,69.09,68.12,69.34,63.95,68.92,0.7766,0.7711,323.1311,317.6047,0.00412,0.7376,0.7433,0.1461,AVANZAR
1788,89.4,63.25,68.26,69.87,66.57,70.17,59.2,0.7797,0.7737,323.3321,317.8057,0.00412,0.7391,0.7451,0.1461,AVANZAR
1789,89.45,67.66,66.62,66.05,71.61,68.31,67.22,0.7626,0.7703,323.533,318.0066,0.00412,0.7409,0.7441,0.1461,AVANZAR
1790,89.5,61.14,66.45,68.57,66.22,67.59,66.67,0.804,0.7804,323.734,318.2076,0.00412,0.74,0.7493,0.1461,AVANZAR
1791,89.55,68.48,63.78,65.11,67.27,66.02,68.09,0.7752,0.7789,323.935,318.4086,0.00412,0.7452,0.7496,0.1461,AVANZAR
1792,89.6,63.95,67.71,67.36,72.95,71.58,62.94,0.7784,0.7787,324.1359,318.6095,0.00412,0.7455,0.7503,0.1461,AVANZAR
1793,89.65,69.76,70.21,65.03,73.66,70.14,64.08,0.7316,0.7646,324.3369,318.8105,0.00412,0.7462,0.744,0.1461,AVANZAR
1794,89.7,74.54,70.58,63.89,64.03,64.29,63.41,0.7062,0.7471,324.5378,319.0114,0.00412,0.7399,0.735,0.1461,AVANZAR
1795,89.75,67.31,63.04,66.63,67.9,64.65,61.16,0.7864,0.7589,324.7388,319.2124,0.00412,0.7309,0.739,0.1461,AVANZAR
1796,89.8,67.68,66.48,69.63,66.45,73.43,69.24,0.7633,0.7602,324.9398,319.4134,0.00412,0.7349,0.739,0.1461,AVANZAR
1797,89.85,69.04,63.35,70.25,71.64,66.82,66.29,0.7749,0.7646,325.1407,319.6143,0.00412,0.7349,0.7407,0.1461,AVANZAR
1798,89.9,57.9,70.96,66.36,69.3,68.79,70.77,0.8029,0.7761,325.3417,319.8153,0.00412,0.7366,0.7463,0.1461,AVANZAR
1799,89.95,67.36,66.95,64.06,70.0,70.68,67.72,0.7624,0.772,325.5364,320.0162,0.004055,0.7423,0.7452,0.1461,AVANZAR
1800,90.0,66.24,63.55,64.06,69.4,69.25,69.24,0.7893,0.7772,325.7373,320.2172,0.00412,0.7411,0.7481,0.1461,AVANZAR
1801,90.05,64.18,68.57,68.81,69.67,69.77,63.63,0.7723,0.7757,325.9383,320.4182,0.00412,0.744,0.7481,0.1461,AVANZAR
1802,90.1,71.51,70.2,66.07,65.53,65.29,67.24,0.7227,0.7598,326.1392,320.6191,0.00412,0.744,0.7409,0.1461,AVANZAR
1803,90.15,60.8,69.18,66.34,66.22,65.49,61.31,0.7911,0.7692,326.3402,320.8201,0.00412,0.7368,0.7447,0.1461,AVANZAR
1804,90.2,67.84,71.72,70.01,69.05,65.34,68.27,0.7343,0.7587,326.5412,321.021,0.00412,0.7406,0.7397,0.1461,AVANZAR
1805,90.25,62.02,69.88,72.92,71.48,62.28,62.5,0.7791,0.7648,326.7421,321.222,0.00412,0.7356,0.7419,0.1461,AVANZAR
1806,90.3,67.55,69.38,64.52,68.99,72.24,70.28,0.748,0.7598,326.9431,321.423,0.00412,0.7378,0.7393,0.1461,AVANZAR
1807,90.35,71.34,64.48,62.08,74.58,68.29,62.94,0.7559,0.7586,327.144,321.6239,0.00412,0.7352,0.7382,0.1461,AVANZAR
1808,90.4,64.64,65.49,65.98,67.47,67.98,65.62,0.7869,0.7671,327.345,321.8249,0.00412,0.7341,0.7418,0.1461,AVANZAR
1809,90.45,70.49,70.68,60.65,71.64,62.53,61.77,0.7253,0.7546,327.546,322.0258,0.00412,0.7377,0.7359,0.1461,AVANZAR
1810,90.5,64.74,63.74,69.61,61.66,62.38,72.66,0.797,0.7673,327.7469,322.2268,0.00412,0.7317,0.7413,0.1461,AVANZAR
1811,90.55,74.03,73.01,67.35,70.2,63.7,69.55,0.6964,0.746,327.9479,322.4278,0.00412,0.7372,0.7312,0.1461,AVANZAR
1812,90.6,60.52,70.29,68.14,66.4,65.06,69.96,0.7872,0.7584,328.1488,322.6287,0.00412,0.7271,0.7359,0.1461,AVANZAR
1813,90.65,69.98,65.34,71.45,66.61,66.28,68.23,0.7576,0.7582,328.3498,322.8297,0.00412,0.7318,0.7355,0.1461,AVANZAR
1814,90.7,69.59,64.04,60.08,66.27,67.7,66.37,0.7676,0.761,328.5508,323.0306,0.00412,0.7314,0.7367,0.1461,AVANZAR
1815,90.75,60.84,60.19,71.73,72.1,74.88,67.75,0.8461,0.7865,328.7517,323.2316,0.00412,0.7326,0.7492,0.1461,AVANZAR
1816,90.8,66.13,62.37,70.99,65.36,64.95,59.04,0.7976,0.7898,328.9527,323.4326,0.00412,0.745,0.7527,0.1461,AVANZAR
1817,90.85,67.69,71.24,65.91,63.3,68.69,69.32,0.7375,0.7741,329.1536,323.6335,0.00412,0.7486,0.747,0.1461,AVANZAR
1818,90.9,66.95,65.8,68.74,71.03,66.51,67.14,0.7715,0.7733,329.3546,323.8345,0.00412,0.7429,0.747,0.1461,AVANZAR
1819,90.95,61.78,60.67,69.45,67.6,68.46,66.68,0.8363,0.7922,329.5556,324.0292,0.004055,0.743,0.7566,0.1461,AVANZAR
1820,91.0,63.06,68.47,64.38,70.39,76.42,70.74,0.7799,0.7885,329.7565,324.2301,0.00412,0.7525,0.7565,0.1461,AVANZAR
1821,91.05,68.16,70.67,68.4,71.82,61.0,61.27,0.7379,0.7733,329.9575,324.4311,0.00412,0.7524,0.7503,0.1461,AVANZAR
1822,91.1,65.07,71.41,68.1,69.01,66.37,71.55,0.7519,0.7669,330.1584,324.632,0.00412,0.7461,0.747,0.1461,AVANZAR
1823,91.15,68.67,60.7,64.84,69.56,66.11,66.57,0.7946,0.7752,330.3594,324.833,0.00412,0.7429,0.7504,0.1461,AVANZAR
1824,91.2,67.09,65.98,67.63,68.68,66.28,68.02,0.7695,0.7735,330.5604,325.034,0.00412,0.7463,0.7497,0.1461,AVANZAR
1825,91.25,63.54,68.4,63.54,67.73,71.65,68.56,0.7772,0.7746,330.7613,325.2349,0.00412,0.7456,0.7502,0.1461,AVANZAR
1826,91.3,67.9,66.81,67.8,73.83,68.86,60.14,0.7602,0.7703,330.9623,325.4359,0.00412,0.7461,0.7481,0.1461,AVANZAR
1827,91.35,67.74,64.74,71.59,69.2,72.81,70.11,0.7733,0.7712,331.1632,325.6368,0.00412,0.744,0.7483,0.1461,AVANZAR
1828,91.4,68.17,72.15,70.96,65.54,67.02,65.96,0.7303,0.7589,331.3642,325.8378,0.00412,0.7442,0.7422,0.1461,AVANZAR
1829,91.45,65.97,67.98,68.12,62.84,65.33,73.05,0.7646,0.7606,331.5652,326.0388,0.00412,0.738,0.7419,0.1461,AVANZAR
1830,91.5,65.85,63.52,65.4,72.98,65.27,71.67,0.7918,0.77,331.7661,326.2397,0.00412,0.7378,0.7457,0.1461,AVANZAR
1831,91.55,63.76,62.98,68.8,68.95,64.47,67.28,0.8079,0.7814,331.9671,326.4407,0.00412,0.7416,0.7513,0.1461,AVANZAR
1832,91.6,64.8,67.33,67.37,72.3,63.57,68.58,0.7753,0.7795,332.168,326.6416,0.00412,0.7471,0.7513,0.1461,AVANZAR
1833,91.65,67.01,65.8,121.83,65.03,63.05,62.76,0.7711,0.777,332.369,326.8426,0.00412,0.7471,0.7506,0.1461,CURVA_IZQUIERDA
1834,91.7,68.18,67.54,131.69,71.45,61.82,66.46,0.7545,0.7703,332.4255,327.0436,0.002639,0.748,0.749,0.1461,CURVA_IZQUIERDA
1835,91.75,68.42,70.95,138.31,63.65,66.09,71.5,0.735,0.7597,332.4883,327.2445,0.002704,0.7462,0.7446,0.1461,CURVA_IZQUIERDA
1836,91.8,65.31,72.03,141.06,63.12,67.55,67.88,0.7474,0.756,332.5448,327.4455,0.002639,0.742,0.7428,0.1461,CURVA_IZQUIERDA
1837,91.85,70.19,66.65,135.52,65.84,63.57,65.07,0.7488,0.7539,332.6076,327.6464,0.002704,0.7401,0.7413,0.1461,CURVA_IZQUIERDA
1838,91.9,70.62,72.5,124.97,69.0,67.53,68.11,0.7156,0.7424,332.6704,327.8474,0.002704,0.7386,0.7353,0.1461,CURVA_IZQUIERDA
1839,91.95,67.92,68.23,129.3,69.75,66.93,69.48,0.7521,0.7453,332.727,328.0484,0.002639,0.7326,0.7355,0.1461,CURVA_IZQUIERDA
1840,92.0,61.1,67.39,109.87,207.83,69.11,63.83,0.7989,0.7614,332.7898,328.2493,0.002704,0.7328,0.7424,0.1461,CURVA_IZQUIERDA
1841,92.05,66.63,67.45,124.4,203.77,69.04,67.65,0.7638,0.7621,332.8463,328.4503,0.002639,0.7398,0.7433,0.1461,CURVA_IZQUIERDA
1842,92.1,69.26,58.59,108.38,221.4,63.37,66.26,0.8066,0.7754,332.9091,328.6512,0.002704,0.7406,0.7502,0.1461,CURVA_IZQUIERDA
1843,92.15,73.24,68.44,82.06,210.3,66.32,65.27,0.7236,0.7599,332.9719,328.8522,0.002704,0.7475,0.744,0.1461,CURVA_IZQUIERDA
1844,92.2,69.31,69.36,68.63,253.77,60.61,70.12,0.7385,0.7535,333.0284,329.0532,0.002639,0.7414,0.741,0.1461,CURVA_IZQUIERDA
1845,92.25,66.77,67.79,69.74,227.28,65.86,64.05,0.761,0.7557,333.0912,329.2541,0.002704,0.7383,0.7416,0.1461,CURVA_IZQUIERDA
1846,92.3,69.5,69.26,69.44,203.17,60.31,62.39,0.738,0.7504,333.1477,329.4551,0.002639,0.739,0.7388,0.1461,CURVA_IZQUIERDA
1847,92.35,69.7,66.13,66.17,181.42,69.96,71.7,0.7544,0.7516,333.2105,329.656,0.002704,0.7361,0.7388,0.1461,CURVA_IZQUIERDA
1848,92.4,65.5,63.88,77.0,177.23,66.74,68.34,0.7916,0.7636,333.2733,329.857,0.002704,0.7361,0.7442,0.1461,CURVA_IZQUIERDA
1849,92.45,73.23,64.97,66.45,139.24,68.69,62.87,0.7436,0.7576,333.3298,330.058,0.002639,0.7416,0.7419,0.1461,CURVA_IZQUIERDA
1850,92.5,71.07,65.0,69.93,131.66,71.25,66.67,0.7541,0.7565,333.3926,330.2589,0.002704,0.7392,0.7413,0.1461,CURVA_IZQUIERDA
1851,92.55,71.12,66.11,69.05,112.49,65.54,63.33,0.7472,0.7537,333.4492,330.4599,0.002639,0.7387,0.7399,0.1461,CURVA_IZQUIERDA
1852,92.6,65.68,66.98,70.83,90.7,69.53,71.09,0.772,0.7592,333.512,330.6608,0.002704,0.7372,0.7423,0.1461,CURVA_IZQUIERDA
1853,92.65,68.09,68.84,64.59,62.23,62.61,64.42,0.7479,0.7558,333.5748,330.8618,0.002704,0.7396,0.7408,0.1461,AVANZAR
1854,92.7,70.82,66.31,63.59,66.44,71.12,63.94,0.7475,0.7533,333.7757,331.0628,0.00412,0.7367,0.7383,0.1461,AVANZAR
1855,92.75,64.26,68.4,64.7,63.63,64.87,61.41,0.7727,0.7591,333.9704,331.2574,0.003991,0.7343,0.7399,0.1461,AVANZAR
1856,92.8,67.79,66.19,67.25,67.68,68.36,64.22,0.7644,0.7607,334.1714,331.4584,0.00412,0.7358,0.74,0.1461,AVANZAR
1857,92.85,64.87,64.53,66.86,65.62,67.49,68.67,0.7913,0.7699,334.3723,331.6594,0.00412,0.7358,0.7439,0.1461,AVANZAR
1858,92.9,68.2,66.38,68.69,72.98,66.94,69.21,0.7611,0.7672,334.5733,331.8603,0.00412,0.7398,0.7429,0.1461,AVANZAR
1859,92.95,66.26,69.19,70.32,67.87,68.49,67.75,0.7563,0.764,334.7742,332.0613,0.00412,0.7388,0.7414,0.1461,AVANZAR
1860,93.0,62.38,65.72,70.86,74.02,71.11,58.92,0.7999,0.7748,334.9752,332.2622,0.00412,0.7372,0.7464,0.1461,AVANZAR
1861,93.05,67.27,65.76,74.88,70.15,68.32,67.42,0.7698,0.7733,335.1762,332.4632,0.00412,0.7423,0.7463,0.1461,AVANZAR
1862,93.1,71.14,68.04,66.57,71.19,71.68,68.71,0.7361,0.7621,335.3771,332.6642,0.00412,0.7422,0.7413,0.1461,AVANZAR
1863,93.15,72.19,69.02,66.45,67.28,67.19,66.11,0.7255,0.7511,335.5781,332.8651,0.00412,0.7372,0.7355,0.1461,AVANZAR
1864,93.2,67.79,65.42,68.93,65.78,66.97,69.7,0.769,0.7565,335.779,333.0661,0.00412,0.7314,0.7369,0.1461,AVANZAR
1865,93.25,66.78,60.38,66.45,63.47,59.95,66.09,0.8074,0.7718,335.98,333.267,0.00412,0.7327,0.7436,0.1461,AVANZAR
1866,93.3,66.44,68.95,70.51,69.19,66.98,67.71,0.7566,0.7672,336.181,333.468,0.00412,0.7395,0.742,0.1461,AVANZAR
1867,93.35,69.87,76.6,65.07,63.46,72.9,63.69,0.7006,0.7472,336.3819,333.669,0.00412,0.7379,0.7324,0.1461,AVANZAR
1868,93.4,69.61,72.28,65.53,64.07,69.13,69.77,0.7219,0.7396,336.5829,333.8699,0.00412,0.7283,0.7274,0.1461,AVANZAR
1869,93.45,65.35,72.14,66.62,72.02,67.68,68.58,0.7466,0.7417,336.7838,334.0709,0.00412,0.7233,0.7267,0.1461,AVANZAR
1870,93.5,67.6,69.89,67.05,66.0,71.84,61.14,0.745,0.7427,336.9848,334.2718,0.00412,0.7226,0.7258,0.1461,AVANZAR
1871,93.55,63.92,70.24,64.1,64.2,68.12,63.34,0.7649,0.7494,337.1858,334.4728,0.00412,0.7217,0.728,0.1461,AVANZAR
1872,93.6,68.98,64.54,67.47,68.54,65.86,70.66,0.7678,0.7549,337.3867,334.6738,0.00412,0.7239,0.7303,0.1461,AVANZAR
1873,93.65,68.09,68.54,65.18,64.6,65.62,67.45,0.7495,0.7533,337.5877,334.8747,0.00412,0.7262,0.7296,0.1461,AVANZAR
1874,93.7,61.72,69.41,66.23,69.99,62.92,65.09,0.7836,0.7624,337.7886,335.0757,0.00412,0.7255,0.734,0.1461,AVANZAR
1875,93.75,67.91,62.69,65.63,74.68,71.57,69.49,0.7853,0.7693,337.9896,335.2766,0.00412,0.7299,0.738,0.1461,AVANZAR
1876,93.8,66.8,64.7,66.7,69.2,67.66,65.7,0.7789,0.7721,338.1906,335.4776,0.00412,0.7338,0.7404,0.1461,AVANZAR
1877,93.85,64.4,61.37,67.23,61.72,67.53,65.14,0.8147,0.7849,338.3915,335.6786,0.00412,0.7363,0.7478,0.1461,AVANZAR
1878,93.9,70.52,65.89,65.36,67.13,67.16,72.39,0.7515,0.7749,338.5925,335.8795,0.00412,0.7436,0.7448,0.1461,AVANZAR
1879,93.95,67.75,68.76,69.31,65.47,68.62,67.5,0.7501,0.7675,338.7934,336.0805,0.00412,0.7407,0.7421,0.1461,AVANZAR
1880,94.0,69.15,59.92,67.14,68.08,72.87,66.07,0.7974,0.7765,338.9944,336.2814,0.00412,0.7379,0.7466,0.1461,AVANZAR
1881,94.05,67.66,65.01,66.04,64.96,71.44,67.72,0.7722,0.7752,339.1954,336.4824,0.00412,0.7425,0.7468,0.1461,AVANZAR
1882,94.1,64.33,63.42,67.16,70.34,70.88,71.73,0.8016,0.7831,339.3963,336.6834,0.00412,0.7427,0.7513,0.1461,AVANZAR
1883,94.15,67.06,71.64,71.69,67.88,63.91,73.38,0.7391,0.7699,339.5973,336.8843,0.00412,0.7472,0.746,0.1461,AVANZAR
1884,94.2,70.48,68.14,63.06,67.63,68.48,59.22,0.7389,0.7606,339.7982,337.0853,0.00412,0.7419,0.7415,0.1461,AVANZAR
1885,94.25,66.16,69.22,70.29,60.89,67.28,64.65,0.7568,0.7595,339.9992,337.2862,0.00412,0.7373,0.7402,0.1461,AVANZAR
1886,94.3,66.6,66.17,62.23,65.91,67.47,63.78,0.7713,0.763,340.2002,337.4872,0.00412,0.7361,0.7412,0.1461,AVANZAR
1887,94.35,71.89,67.45,65.25,71.21,71.08,68.38,0.7357,0.7548,340.4011,337.6882,0.00412,0.7371,0.7369,0.1461,AVANZAR
1888,94.4,66.57,71.8,71.78,68.92,65.98,73.91,0.7411,0.7507,340.6021,337.8891,0.00412,0.7328,0.734,0.1461,AVANZAR
1889,94.45,65.52,66.21,64.75,66.96,62.92,64.91,0.7774,0.7587,340.803,338.0901,0.00412,0.7299,0.7368,0.1461,AVANZAR
1890,94.5,75.17,63.2,67.2,60.74,61.48,66.48,0.7456,0.7548,341.004,338.291,0.00412,0.7327,0.7346,0.1461,AVANZAR
1891,94.55,66.54,67.35,64.05,69.94,60.32,67.64,0.7648,0.7578,341.205,338.492,0.00412,0.7305,0.7355,0.1461,AVANZAR
1892,94.6,72.63,62.15,69.6,64.94,67.7,65.86,0.7644,0.7598,341.3996,338.6867,0.003991,0.7315,0.7363,0.1461,AVANZAR
1893,94.65,63.76,62.58,64.56,69.97,69.1,70.83,0.8105,0.775,341.6006,338.8876,0.00412,0.7322,0.7436,0.1461,AVANZAR
1894,94.7,65.87,68.77,63.44,72.41,67.26,58.95,0.7609,0.7708,341.8016,339.0886,0.00412,0.7395,0.7426,0.1461,AVANZAR
1895,94.75,64.5,66.33,73.29,71.56,68.82,69.15,0.7829,0.7744,342.0025,339.2896,0.00412,0.7385,0.745,0.1461,AVANZAR
1896,94.8,76.12,60.62,73.09,65.6,63.1,65.79,0.7586,0.7697,342.2035,339.4905,0.00412,0.7409,0.7435,0.1461,AVANZAR
1897,94.85,64.17,66.73,68.18,67.61,65.99,64.88,0.7826,0.7735,342.4044,339.6915,0.00412,0.7393,0.7457,0.1461,AVANZAR
1898,94.9,68.43,62.2,62.81,71.65,60.06,63.24,0.7857,0.7772,342.6054,339.8924,0.00412,0.7415,0.748,0.1461,AVANZAR
1899,94.95,65.49,68.52,62.15,70.48,60.93,67.39,0.7645,0.7734,342.8064,340.0934,0.00412,0.7439,0.7469,0.1461,AVANZAR
1900,95.0,67.46,67.19,67.59,63.45,61.64,70.98,0.7605,0.7695,343.0073,340.2944,0.00412,0.7428,0.7454,0.1461,AVANZAR
1901,95.05,61.42,68.88,59.55,70.05,68.29,72.36,0.7885,0.7752,343.2083,340.4953,0.00412,0.7412,0.7481,0.1461,AVANZAR
1902,95.1,74.05,69.78,64.47,65.75,66.11,68.04,0.7125,0.7564,343.4092,340.6963,0.00412,0.744,0.7394,0.1461,AVANZAR
1903,95.15,64.33,68.96,68.9,74.48,70.27,71.48,0.7692,0.7602,343.6102,340.8972,0.00412,0.7353,0.7403,0.1461,AVANZAR
1904,95.2,70.29,66.61,67.73,68.98,69.29,72.92,0.7485,0.7567,343.8112,341.0982,0.00412,0.7361,0.7379,0.1461,AVANZAR
1905,95.25,65.02,64.66,72.66,65.91,68.3,71.8,0.7896,0.7666,344.0121,341.2992,0.00412,0.7338,0.742,0.1461,AVANZAR
1906,95.3,85.67,64.65,66.39,67.75,67.69,69.56,0.6948,0.7451,344.2131,341.5001,0.00412,0.7379,0.7316,0.1461,AVANZAR
1907,95.35,102.17,68.92,92.87,67.65,71.3,66.01,0.622,0.7081,344.414,341.7011,0.00412,0.7274,0.712,0.1461,CURVA_IZQUIERDA
1908,95.4,111.01,62.8,105.68,61.88,62.0,67.34,0.6383,0.6872,344.4768,341.902,0.002704,0.7093,0.699,0.1461,CURVA_IZQUIERDA
1909,95.45,110.76,68.62,115.65,66.26,66.56,67.93,0.6042,0.6623,344.5334,342.103,0.002639,0.6963,0.6829,0.1461,CURVA_IZQUIERDA
1910,95.5,108.97,72.36,118.35,74.69,62.42,66.02,0.5887,0.6402,344.5962,342.304,0.002704,0.6802,0.6668,0.1461,CURVA_IZQUIERDA
1911,95.55,111.93,67.74,149.9,69.16,66.33,73.28,0.6066,0.6301,344.6527,342.5049,0.002639,0.6642,0.6557,0.1461,CURVA_IZQUIERDA
1912,95.6,110.78,65.34,156.4,71.35,70.14,68.4,0.6229,0.628,344.7155,342.7059,0.002704,0.653,0.6486,0.1461,CURVA_IZQUIERDA
1913,95.65,119.29,70.34,155.86,66.99,71.28,72.08,0.5786,0.6131,344.7783,342.9068,0.002704,0.6459,0.6361,0.1461,CURVA_IZQUIERDA
1914,95.7,118.68,67.94,175.15,65.76,71.63,68.23,0.5925,0.607,344.8348,343.1078,0.002639,0.6334,0.6275,0.1461,CURVA_IZQUIERDA
1915,95.75,117.05,69.7,195.72,91.46,70.0,65.33,0.586,0.6007,344.8976,343.3088,0.002704,0.6248,0.6191,0.1461,CURVA_IZQUIERDA
1916,95.8,114.42,70.42,225.52,119.73,63.89,67.14,0.5873,0.5966,344.9541,343.5097,0.002639,0.6165,0.6122,0.1461,CURVA_IZQUIERDA
1917,95.85,114.42,67.67,231.66,120.43,62.72,67.31,0.6021,0.5983,345.0169,343.7107,0.002704,0.6095,0.6084,0.1461,CURVA_IZQUIERDA
1918,95.9,113.04,65.97,239.25,136.86,66.16,68.14,0.6145,0.6032,345.0797,343.9116,0.002704,0.6057,0.607,0.1461,CURVA_IZQUIERDA
1919,95.95,111.58,68.72,254.26,155.53,68.64,74.21,0.602,0.6028,345.1362,344.1126,0.002639,0.6044,0.604,0.1461,CURVA_IZQUIERDA
1920,96.0,104.73,70.43,275.31,187.01,71.63,68.18,0.6079,0.6043,345.199,344.3136,0.002704,0.6013,0.6023,0.1461,CURVA_IZQUIERDA
1921,96.05,101.19,68.14,261.06,212.57,63.02,69.68,0.6287,0.6116,345.2556,344.5145,0.002639,0.5996,0.6039,0.1461,CURVA_IZQUIERDA
1922,96.1,81.59,64.13,263.2,232.74,67.27,64.48,0.7129,0.642,345.3184,344.7155,0.002704,0.6012,0.6175,0.1461,CURVA_IZQUIERDA
1923,96.15,69.16,70.35,264.78,275.4,64.13,70.8,0.7341,0.6696,345.3812,344.9164,0.002704,0.6148,0.6322,0.1461,CURVA_IZQUIERDA
1924,96.2,65.0,73.39,252.92,299.44,67.52,63.79,0.7427,0.6915,345.4377,345.1174,0.002639,0.6296,0.6461,0.1461,CURVA_IZQUIERDA
1925,96.25,72.32,60.97,228.64,329.17,67.47,60.79,0.7739,0.7162,345.5005,345.3184,0.002704,0.6434,0.6625,0.1461,CURVA_IZQUIERDA
1926,96.3,66.3,65.17,220.63,352.62,71.91,70.81,0.779,0.7351,345.557,345.5193,0.002639,0.6598,0.6772,0.1461,CURVA_IZQUIERDA
1927,96.35,67.61,62.77,210.43,373.23,70.41,74.47,0.7865,0.7505,345.6198,345.7203,0.002704,0.6745,0.6909,0.1461,CURVA_IZQUIERDA
1928,96.4,62.78,64.79,184.94,367.35,67.03,67.21,0.8029,0.7662,345.6826,345.9212,0.002704,0.6882,0.7049,0.1461,CURVA_IZQUIERDA
1929,96.45,69.98,65.44,166.32,366.49,65.14,65.74,0.757,0.7635,345.7391,346.1159,0.002575,0.7024,0.7104,0.1461,CURVA_IZQUIERDA
1930,96.5,68.33,62.86,146.39,367.86,63.24,66.42,0.7819,0.769,345.8019,346.3169,0.002704,0.7077,0.7185,0.1461,CURVA_IZQUIERDA
1931,96.55,69.06,66.53,127.8,368.36,68.56,65.37,0.7555,0.7649,345.8584,346.5178,0.002639,0.7159,0.7217,0.1461,CURVA_IZQUIERDA
1932,96.6,65.02,66.9,111.33,349.29,68.41,66.23,0.7764,0.7684,345.9212,346.7188,0.002704,0.7189,0.7273,0.1461,CURVA_IZQUIERDA
1933,96.65,63.75,65.12,96.45,332.7,67.43,69.95,0.7947,0.7763,345.984,346.9198,0.002704,0.7246,0.7349,0.1461,CURVA_IZQUIERDA
1934,96.7,59.91,68.04,67.97,316.2,60.28,70.83,0.8035,0.7845,346.0406,347.1207,0.002639,0.7322,0.7427,0.1461,CURVA_IZQUIERDA
1935,96.75,68.0,59.27,70.05,289.35,64.81,67.99,0.8084,0.7916,346.1034,347.3217,0.002704,0.74,0.75,0.1461,CURVA_IZQUIERDA
1936,96.8,70.96,61.75,61.51,257.15,66.19,73.42,0.7753,0.7867,346.1599,347.5226,0.002639,0.7473,0.7514,0.1461,CURVA_IZQUIERDA
1937,96.85,73.8,66.0,65.53,223.05,63.39,75.53,0.7348,0.7712,346.2227,347.7236,0.002704,0.7487,0.7467,0.1461,CURVA_IZQUIERDA
1938,96.9,64.59,68.25,70.2,200.05,64.01,68.06,0.7714,0.7712,346.2855,347.9246,0.002704,0.744,0.748,0.1461,CURVA_IZQUIERDA
1939,96.95,64.88,60.42,64.06,172.9,66.87,63.21,0.8183,0.7854,346.342,348.1255,0.002639,0.7453,0.756,0.1461,CURVA_IZQUIERDA
1940,97.0,66.74,65.3,63.98,150.96,72.0,62.16,0.7756,0.7824,346.4048,348.3265,0.002704,0.7533,0.7566,0.1461,CURVA_IZQUIERDA
1941,97.05,69.39,65.3,69.64,123.3,70.27,66.08,0.761,0.776,346.4613,348.5274,0.002639,0.7539,0.7549,0.1461,CURVA_IZQUIERDA
1942,97.1,63.11,65.75,64.5,110.13,63.02,67.4,0.7949,0.7817,346.5241,348.7284,0.002704,0.7522,0.7585,0.1461,CURVA_IZQUIERDA
1943,97.15,67.4,65.57,71.36,102.11,64.46,65.08,0.7702,0.7782,346.5869,348.9294,0.002704,0.7558,0.7579,0.1461,CURVA_IZQUIERDA
1944,97.2,65.26,71.12,65.64,77.24,68.12,70.62,0.7522,0.7704,346.6434,349.1303,0.002639,0.7553,0.7548,0.1461,AVANZAR
1945,97.25,63.24,69.0,66.66,65.07,67.02,63.85,0.7758,0.7721,346.8444,349.3313,0.00412,0.7507,0.7544,0.1461,AVANZAR
1946,97.3,70.47,62.78,72.2,71.92,62.04,64.69,0.7711,0.7718,347.0454,349.5322,0.00412,0.7502,0.7533,0.1461,AVANZAR
1947,97.35,66.08,66.39,68.04,66.34,70.76,62.51,0.773,0.7721,347.2463,349.7332,0.00412,0.7492,0.7527,0.1461,AVANZAR
1948,97.4,63.29,70.53,73.89,71.08,68.06,66.91,0.7674,0.7707,347.4473,349.9342,0.00412,0.7485,0.7513,0.1461,AVANZAR
1949,97.45,71.7,62.19,61.33,72.2,69.3,63.43,0.7687,0.7701,347.6482,350.1351,0.00412,0.7472,0.7503,0.1461,AVANZAR
1950,97.5,71.52,68.18,67.04,64.43,63.4,66.35,0.7334,0.7591,347.8492,350.3361,0.00412,0.7462,0.7443,0.1461,AVANZAR
1951,97.55,69.5,64.72,64.48,65.61,62.52,68.59,0.7639,0.7605,348.0502,350.537,0.00412,0.7402,0.7437,0.1461,AVANZAR
1952,97.6,65.95,69.64,63.4,67.82,65.28,66.39,0.7558,0.7591,348.2511,350.738,0.00412,0.7396,0.7419,0.1461,AVANZAR
1953,97.65,69.24,67.88,65.93,65.16,67.19,68.03,0.7469,0.7554,348.4521,350.939,0.00412,0.7378,0.7391,0.1461,AVANZAR
1954,97.7,65.87,70.74,69.75,69.81,72.11,66.48,0.7506,0.754,348.653,351.1399,0.00412,0.735,0.7373,0.1461,AVANZAR
1955,97.75,62.16,65.83,74.29,63.02,70.12,74.24,0.8007,0.768,348.854,351.3409,0.00412,0.7332,0.743,0.1461,AVANZAR
1956,97.8,59.78,71.01,66.41,63.18,75.39,74.61,0.7887,0.7742,349.055,351.5418,0.00412,0.7389,0.7462,0.1461,AVANZAR
1957,97.85,68.54,68.09,66.91,64.17,72.99,67.57,0.7495,0.7668,349.2559,351.7428,0.00412,0.7421,0.7432,0.1461,AVANZAR
1958,97.9,68.93,64.55,64.9,67.3,65.39,68.38,0.768,0.7672,349.4569,351.9438,0.00412,0.739,0.7433,0.1461,AVANZAR
1959,97.95,69.43,70.09,66.38,67.14,62.25,62.91,0.7339,0.7572,349.6578,352.1447,0.00412,0.7391,0.7384,0.1461,AVANZAR
1960,98.0,69.95,62.29,63.75,63.13,66.28,65.19,0.7769,0.7631,349.8588,352.3457,0.00412,0.7343,0.7405,0.1461,AVANZAR
1961,98.05,60.79,69.52,65.22,68.59,62.75,62.68,0.7894,0.771,350.0598,352.5466,0.00412,0.7364,0.7441,0.1461,AVANZAR
1962,98.1,72.22,61.56,66.54,69.08,69.03,68.86,0.7703,0.7708,350.2607,352.7476,0.00412,0.74,0.7444,0.1461,AVANZAR
1963,98.15,71.87,64.09,58.64,67.12,72.58,66.27,0.7556,0.7662,350.4617,352.9486,0.00412,0.7403,0.7425,0.1461,AVANZAR
1964,98.2,69.93,63.43,63.87,64.66,69.8,64.3,0.7697,0.7673,350.6626,353.1495,0.00412,0.7384,0.743,0.1461,AVANZAR
1965,98.25,67.45,64.72,71.84,64.69,71.19,65.11,0.7751,0.7696,350.8636,353.3442,0.004055,0.7389,0.7442,0.1461,AVANZAR
1966,98.3,70.33,66.36,68.46,63.01,70.18,67.92,0.7498,0.7637,351.0646,353.5452,0.00412,0.7401,0.7415,0.1461,AVANZAR
1967,98.35,67.21,64.17,67.7,58.61,68.64,71.21,0.7799,0.7685,351.2655,353.7461,0.00412,0.7374,0.7436,0.1461,AVANZAR
1968,98.4,62.86,64.63,70.97,62.08,70.51,62.81,0.8034,0.779,351.4665,353.9471,0.00412,0.7395,0.7488,0.1461,AVANZAR
1969,98.45,65.88,62.85,64.69,65.39,66.86,67.28,0.7959,0.7841,351.6674,354.148,0.00412,0.7447,0.7522,0.1461,AVANZAR
1970,98.5,71.25,64.87,68.06,67.18,63.58,70.25,0.7539,0.775,351.8684,354.349,0.00412,0.7481,0.7489,0.1461,AVANZAR
1971,98.55,62.44,67.43,65.85,62.99,68.87,67.36,0.7896,0.7794,352.0694,354.55,0.00412,0.7448,0.7513,0.1461,AVANZAR
1972,98.6,69.67,66.13,68.18,67.28,69.83,67.55,0.7546,0.772,352.2703,354.7509,0.00412,0.7472,0.7483,0.1461,AVANZAR
1973,98.65,71.58,65.75,66.1,70.23,67.56,71.64,0.747,0.7645,352.465,354.9519,0.004055,0.7442,0.7446,0.1461,AVANZAR
1974,98.7,66.95,68.24,69.92,70.02,73.28,63.78,0.7575,0.7624,352.666,355.1528,0.00412,0.7405,0.743,0.1461,AVANZAR
1975,98.75,66.05,68.52,86.71,65.88,67.62,69.89,0.7612,0.762,352.8669,355.3538,0.00412,0.7389,0.7422,0.1461,CURVA_IZQUIERDA
1976,98.8,69.61,70.44,98.52,68.3,60.68,70.69,0.7312,0.7528,352.9297,355.5548,0.002704,0.7394,0.7382,0.1461,CURVA_IZQUIERDA
1977,98.85,69.6,66.04,106.85,63.98,66.52,63.2,0.7555,0.7536,352.9925,355.7557,0.002704,0.7355,0.7385,0.1461,CURVA_IZQUIERDA
1978,98.9,72.45,67.84,105.86,64.61,65.25,69.65,0.7307,0.7467,353.049,355.9567,0.002639,0.7358,0.7351,0.1461,CURVA_IZQUIERDA
1979,98.95,67.22,66.69,112.26,74.12,70.41,67.31,0.7647,0.7521,353.1118,356.1576,0.002704,0.7324,0.7371,0.1461,CURVA_IZQUIERDA
1980,99.0,75.27,69.35,122.15,61.99,64.88,69.09,0.7093,0.7393,353.1684,356.3586,0.002639,0.7345,0.7308,0.1461,CURVA_IZQUIERDA
1981,99.05,64.94,67.7,110.31,64.49,69.48,69.4,0.7724,0.7492,353.2312,356.5596,0.002704,0.7281,0.7346,0.1461,CURVA_IZQUIERDA
1982,99.1,65.0,66.93,107.98,88.38,67.17,67.29,0.7763,0.7574,353.294,356.7605,0.002704,0.7319,0.7384,0.1461,CURVA_IZQUIERDA
1983,99.15,63.39,65.02,112.19,104.34,65.72,65.39,0.7976,0.7694,353.3505,356.9615,0.002639,0.7357,0.7447,0.1461,CURVA_IZQUIERDA
1984,99.2,68.55,68.73,123.53,105.39,72.58,66.65,0.7459,0.7624,353.4133,357.1624,0.002704,0.742,0.7426,0.1461,CURVA_IZQUIERDA
1985,99.25,69.1,67.94,110.41,114.42,64.67,59.09,0.7472,0.7578,353.4698,357.3634,0.002639,0.74,0.741,0.1461,CURVA_IZQUIERDA
1986,99.3,63.34,63.2,110.05,123.14,63.58,62.51,0.8093,0.7733,353.5326,357.5644,0.002704,0.7383,0.7487,0.1461,CURVA_IZQUIERDA
1987,99.35,66.2,66.31,117.25,131.07,69.55,68.9,0.7727,0.7731,353.5954,357.7653,0.002704,0.746,0.7499,0.1461,CURVA_IZQUIERDA
1988,99.4,68.6,64.98,110.75,121.73,67.43,71.59,0.7671,0.7713,353.6519,357.9663,0.002639,0.7473,0.7502,0.1461,CURVA_IZQUIERDA
1989,99.45,70.43,70.35,110.36,151.94,68.44,69.1,0.7274,0.7581,353.7147,358.1672,0.002704,0.7475,0.7445,0.1461,CURVA_IZQUIERDA
1990,99.5,68.69,64.62,95.39,145.71,67.81,59.35,0.7689,0.7614,353.7712,358.3682,0.002639,0.7419,0.7458,0.1461,CURVA_IZQUIERDA
1991,99.55,70.52,66.94,82.77,152.33,66.75,74.38,0.7455,0.7566,353.834,358.5692,0.002704,0.7431,0.7435,0.1461,CURVA_IZQUIERDA
1992,99.6,73.49,67.74,68.73,138.05,64.99,61.57,0.7263,0.7475,353.8968,358.7701,0.002704,0.7408,0.7387,0.1461,CURVA_IZQUIERDA
1993,99.65,71.47,69.95,70.42,143.77,68.59,75.06,0.7242,0.7405,353.9534,358.9711,0.002639,0.736,0.7343,0.1461,CURVA_IZQUIERDA
1994,99.7,61.14,71.77,72.09,150.12,67.88,65.07,0.7754,0.751,354.0162,359.172,0.002704,0.7316,0.738,0.1461,CURVA_IZQUIERDA
1995,99.75,63.31,68.12,67.45,134.44,63.97,63.97,0.7801,0.7597,354.0727,359.373,0.002639,0.7353,0.7419,0.1461,CURVA_IZQUIERDA
1996,99.8,65.25,72.75,67.49,124.25,62.47,66.38,0.7442,0.7551,354.1355,359.574,0.002704,0.7392,0.7399,0.1461,CURVA_IZQUIERDA
1997,99.85,69.74,69.66,72.28,125.41,66.35,75.93,0.7346,0.7489,354.1983,359.7749,0.002704,0.7372,0.7368,0.1461,CURVA_IZQUIERDA
1998,99.9,68.49,69.49,67.82,121.02,68.74,65.21,0.7422,0.7469,354.2548,359.9759,0.002639,0.7342,0.7354,0.1461,CURVA_IZQUIERDA
1999,99.95,68.44,66.85,63.46,118.45,71.51,71.07,0.757,0.7499,354.3176,360.1768,0.002704,0.7327,0.7362,0.1461,CURVA_IZQUIERDA
2000,100.0,64.92,70.5,62.94,108.47,63.66,71.67,0.7574,0.7522,354.3741,360.3778,0.002639,0.7336,0.7371,0.1461,CURVA_IZQUIERDA
2001,100.05,66.59,66.34,72.95,105.61,61.29,65.64,0.7703,0.7576,354.4369,360.5788,0.002704,0.7344,0.7396,0.1461,CURVA_IZQUIERDA
2002,100.1,67.94,67.61,68.0,89.7,64.59,66.16,0.7554,0.757,354.4997,360.7734,0.002639,0.737,0.7397,0.1461,CURVA_IZQUIERDA
2003,100.15,64.81,68.91,67.05,63.6,65.57,67.08,0.7665,0.7598,354.5562,360.9744,0.002639,0.737,0.7413,0.1461,AVANZAR
2004,100.2,70.61,71.21,67.97,66.72,63.81,68.93,0.7221,0.7485,354.7572,361.1754,0.00412,0.7372,0.735,0.1461,AVANZAR
2005,100.25,66.56,73.47,63.37,69.41,67.28,63.69,0.7331,0.7439,354.9582,361.3763,0.00412,0.7309,0.7312,0.1461,AVANZAR
2006,100.3,66.33,64.1,65.7,65.35,65.28,67.13,0.7853,0.7563,355.1591,361.5773,0.00412,0.7271,0.7356,0.1461,AVANZAR
2007,100.35,67.22,62.71,64.22,65.64,70.5,68.07,0.7891,0.7661,355.3601,361.7782,0.00412,0.7315,0.7399,0.1461,AVANZAR
2008,100.4,69.55,67.95,70.14,66.17,70.28,72.47,0.7448,0.7597,355.561,361.9792,0.00412,0.7358,0.7371,0.1461,AVANZAR
2009,100.45,63.45,67.72,59.73,70.69,67.88,76.02,0.7815,0.7663,355.762,362.1802,0.00412,0.733,0.7401,0.1461,AVANZAR
2010,100.5,71.17,69.08,69.52,73.01,61.75,69.05,0.7303,0.7555,355.963,362.3811,0.00412,0.7359,0.7351,0.1461,AVANZAR
2011,100.55,65.89,65.06,66.72,63.67,68.64,69.22,0.782,0.7634,356.1639,362.5821,0.00412,0.731,0.7384,0.1461,AVANZAR
2012,100.6,67.74,70.56,70.78,69.71,74.14,66.85,0.7407,0.7566,356.3649,362.783,0.00412,0.7343,0.7353,0.1461,AVANZAR
2013,100.65,64.27,68.57,68.3,65.63,64.41,61.37,0.7717,0.7611,356.5658,362.984,0.00412,0.7311,0.7371,0.1461,AVANZAR
2014,100.7,66.4,65.51,68.6,71.34,67.73,67.13,0.7763,0.7657,356.7668,363.185,0.00412,0.7329,0.7393,0.1461,AVANZAR
2015,100.75,65.7,68.11,66.1,64.79,69.53,66.83,0.7655,0.7656,356.9678,363.3859,0.00412,0.7352,0.7396,0.1461,AVANZAR
2016,100.8,61.93,65.39,69.51,69.78,71.33,68.52,0.8049,0.7774,357.1687,363.5869,0.00412,0.7355,0.7456,0.1461,AVANZAR
2017,100.85,66.4,67.17,64.7,63.78,72.2,69.41,0.7667,0.7742,357.3697,363.7878,0.00412,0.7415,0.7452,0.1461,AVANZAR
2018,100.9,65.6,69.88,69.65,68.64,64.82,62.84,0.7566,0.7689,357.5706,363.9888,0.00412,0.741,0.7433,0.1461,AVANZAR
2019,100.95,69.86,71.2,64.1,68.65,66.68,66.36,0.726,0.756,357.7716,364.1898,0.00412,0.7392,0.7373,0.1461,AVANZAR
2020,101.0,74.57,70.05,72.2,66.05,62.93,63.43,0.7088,0.7418,357.9726,364.3907,0.00412,0.7331,0.7296,0.1461,AVANZAR
2021,101.05,69.03,66.29,65.7,60.74,66.32,67.25,0.7571,0.7464,358.1735,364.5917,0.00412,0.7255,0.7301,0.1461,AVANZAR
2022,101.1,63.53,63.89,70.53,66.27,67.16,72.31,0.8037,0.7636,358.3745,364.7926,0.00412,0.726,0.7373,0.1461,AVANZAR
2023,101.15,60.97,73.02,70.71,67.8,66.39,67.78,0.7705,0.7657,358.5754,364.9936,0.00412,0.7332,0.7386,0.1461,AVANZAR
2024,101.2,66.61,61.52,63.93,72.17,65.71,64.54,0.8005,0.7761,358.7764,365.1946,0.00412,0.7345,0.7442,0.1461,AVANZAR
2025,101.25,70.25,68.69,71.49,71.76,67.86,61.78,0.7371,0.7644,358.9774,365.3955,0.00412,0.74,0.7396,0.1461,AVANZAR
2026,101.3,73.19,65.94,67.8,68.9,62.25,65.06,0.738,0.7565,359.1783,365.5965,0.00412,0.7355,0.7359,0.1461,AVANZAR
2027,101.35,67.73,69.58,68.04,68.17,69.52,70.74,0.7459,0.7533,359.3793,365.7974,0.00412,0.7317,0.7338,0.1461,AVANZAR
2028,101.4,70.88,64.73,69.58,68.53,68.19,73.21,0.7567,0.7543,359.5802,365.9984,0.00412,0.7297,0.7336,0.1461,AVANZAR
2029,101.45,65.7,67.42,66.09,69.1,61.53,69.92,0.7693,0.7588,359.7812,366.1994,0.00412,0.7295,0.7353,0.1461,AVANZAR
2030,101.5,68.4,70.2,66.19,66.65,71.1,70.05,0.739,0.7529,359.9759,366.4003,0.004055,0.7313,0.7324,0.1461,AVANZAR
2031,101.55,67.02,65.72,64.86,68.21,70.09,71.03,0.7715,0.7585,360.1768,366.6013,0.00412,0.7283,0.7346,0.1461,AVANZAR
2032,101.6,68.64,58.15,64.98,69.33,69.74,64.94,0.8132,0.7749,360.3778,366.8022,0.00412,0.7305,0.7426,0.1461,AVANZAR
2033,101.65,65.08,70.95,71.7,66.03,68.77,69.73,0.7542,0.7687,360.5788,367.0032,0.00412,0.7384,0.7407,0.1461,AVANZAR
2034,101.7,61.25,71.57,73.48,63.77,64.49,66.49,0.7757,0.7708,360.7797,367.2042,0.00412,0.7366,0.7423,0.1461,AVANZAR
2035,101.75,69.48,69.04,63.28,68.2,63.93,66.74,0.7393,0.7613,360.9807,367.4051,0.00412,0.7382,0.7384,0.1461,AVANZAR
2036,101.8,64.26,69.56,72.98,71.11,59.84,72.98,0.7664,0.7629,361.1816,367.6061,0.00412,0.7342,0.7389,0.1461,AVANZAR
2037,101.85,66.83,73.1,68.27,67.25,66.76,67.29,0.7332,0.754,361.3826,367.807,0.00412,0.7348,0.7346,0.1461,AVANZAR
2038,101.9,65.49,68.43,66.86,68.41,59.03,67.05,0.765,0.7573,361.5836,368.008,0.00412,0.7305,0.7355,0.1461,AVANZAR
2039,101.95,63.65,58.57,67.17,65.03,64.64,65.72,0.8393,0.7819,361.7845,368.2027,0.004055,0.7315,0.7472,0.1461,AVANZAR
2040,102.0,63.37,69.51,70.62,70.96,69.02,70.03,0.7723,0.779,361.9855,368.4036,0.00412,0.7431,0.7474,0.1461,AVANZAR
2041,102.05,64.82,70.62,67.57,68.52,61.51,63.22,0.7575,0.7726,362.1864,368.6046,0.00412,0.7432,0.7453,0.1461,AVANZAR
2042,102.1,73.17,72.04,61.3,63.38,70.84,64.05,0.7052,0.7523,362.3874,368.8056,0.00412,0.7412,0.7359,0.1461,AVANZAR
2043,102.15,63.4,64.9,67.4,71.36,62.76,74.85,0.7983,0.7661,362.5884,369.0065,0.00412,0.7318,0.7415,0.1461,AVANZAR
2044,102.2,68.55,71.09,66.17,74.02,61.5,67.74,0.7335,0.7563,362.7893,369.2075,0.00412,0.7374,0.7368,0.1461,AVANZAR
2045,102.25,65.3,64.77,65.42,70.01,69.62,68.5,0.7873,0.7656,362.9903,369.4084,0.00412,0.7327,0.7407,0.1461,AVANZAR
2046,102.3,71.09,63.87,64.83,59.38,64.85,67.92,0.761,0.7642,363.1912,369.6094,0.00412,0.7366,0.7401,0.1461,AVANZAR
2047,102.35,67.13,70.68,65.03,69.97,69.86,71.95,0.7435,0.758,363.3922,369.8104,0.00412,0.736,0.7371,0.1461,AVANZAR
2048,102.4,67.89,67.42,68.51,63.15,67.53,66.77,0.7568,0.7577,363.5932,370.0113,0.00412,0.733,0.7365,0.1461,AVANZAR
2049,102.45,72.76,65.88,62.99,67.68,66.34,67.15,0.7404,0.7525,363.7941,370.2123,0.00412,0.7324,0.7335,0.1461,AVANZAR
2050,102.5,63.65,64.33,70.32,68.4,64.14,65.69,0.8001,0.7668,363.9951,370.4132,0.00412,0.7294,0.7398,0.1461,AVANZAR
2051,102.55,71.48,66.96,70.53,65.19,62.62,65.3,0.7405,0.7589,364.196,370.6142,0.00412,0.7356,0.7363,0.1461,AVANZAR
2052,102.6,60.94,66.4,60.64,69.37,66.14,73.01,0.8056,0.7729,364.397,370.8152,0.00412,0.7322,0.7429,0.1461,AVANZAR
2053,102.65,69.68,64.37,71.35,67.79,68.34,67.47,0.7651,0.7706,364.598,371.0161,0.00412,0.7388,0.7427,0.1461,AVANZAR
2054,102.7,72.3,74.59,64.79,68.57,67.49,62.34,0.6973,0.7486,364.7989,371.2171,0.00412,0.7385,0.7325,0.1461,AVANZAR
2055,102.75,61.28,69.22,69.44,72.55,69.53,70.54,0.7876,0.7603,364.9999,371.418,0.00412,0.7284,0.737,0.1461,AVANZAR
2056,102.8,66.04,63.05,68.6,64.71,65.43,67.45,0.7937,0.7703,365.2008,371.619,0.00412,0.7329,0.7418,0.1461,AVANZAR
2057,102.85,60.65,61.88,64.92,60.54,64.86,68.71,0.8358,0.79,365.4018,371.82,0.00412,0.7377,0.752,0.1461,AVANZAR
2058,102.9,63.78,63.81,67.86,65.23,67.7,65.25,0.8026,0.7937,365.6028,372.0209,0.00412,0.7479,0.7559,0.1461,AVANZAR
2059,102.95,66.53,66.05,71.35,70.12,70.35,65.66,0.7724,0.7873,365.8037,372.2219,0.00412,0.7518,0.7548,0.1461,AVANZAR
2060,103.0,65.67,68.97,67.76,69.37,67.37,69.9,0.761,0.7794,366.0047,372.4228,0.00412,0.7507,0.7522,0.1461,AVANZAR
2061,103.05,67.05,68.34,65.84,66.26,66.05,73.24,0.7564,0.7725,366.2056,372.6238,0.00412,0.7481,0.7493,0.1461,AVANZAR
2062,103.1,69.0,66.42,62.82,64.74,69.05,65.11,0.7565,0.7677,366.4066,372.8248,0.00412,0.7452,0.7468,0.1461,AVANZAR
2063,103.15,65.45,66.98,69.08,64.08,66.15,71.05,0.7733,0.7694,366.6076,373.0257,0.00412,0.7427,0.7472,0.1461,AVANZAR
2064,103.2,62.82,68.26,65.33,66.04,64.73,68.37,0.7826,0.7734,366.8085,373.2267,0.00412,0.743,0.7488,0.1461,AVANZAR
2065,103.25,68.88,67.49,71.22,67.6,73.14,71.46,0.751,0.7666,367.0095,373.4276,0.00412,0.7447,0.7456,0.1461,AVANZAR
2066,103.3,65.09,64.14,65.12,69.75,63.14,65.16,0.7924,0.7744,367.2104,373.6286,0.00412,0.7415,0.7489,0.1461,AVANZAR
2067,103.35,68.67,68.67,65.79,67.99,63.81,63.53,0.7456,0.7657,367.4051,373.8296,0.004055,0.7449,0.745,0.1461,AVANZAR
2068,103.4,69.33,63.72,66.09,72.29,70.87,71.45,0.771,0.7673,367.6061,374.0305,0.00412,0.7409,0.7453,0.1461,AVANZAR
2069,103.45,72.12,69.56,65.81,66.5,67.77,72.81,0.723,0.754,367.807,374.2315,0.00412,0.7412,0.7385,0.1461,AVANZAR
2070,103.5,66.25,66.69,65.24,66.05,67.81,67.67,0.7703,0.7589,368.008,374.4324,0.00412,0.7344,0.7396,0.1461,AVANZAR
2071,103.55,65.48,66.91,62.03,61.59,66.84,65.16,0.7736,0.7633,368.209,374.6334,0.00412,0.7355,0.7411,0.1461,AVANZAR
2072,103.6,70.5,66.2,63.99,65.3,71.21,71.29,0.7498,0.7593,368.4099,374.8344,0.00412,0.737,0.7388,0.1461,AVANZAR
2073,103.65,61.09,75.85,64.38,65.79,57.86,69.78,0.7566,0.7585,368.6109,375.0353,0.00412,0.7347,0.7379,0.1461,AVANZAR
2074,103.7,61.27,66.91,74.26,66.85,66.4,67.85,0.8005,0.7711,368.8118,375.2363,0.00412,0.7338,0.7435,0.1461,AVANZAR
2075,103.75,65.78,69.92,67.78,70.7,66.12,69.46,0.7553,0.7663,369.0128,375.4372,0.00412,0.7394,0.7417,0.1461,AVANZAR
2076,103.8,73.71,64.98,67.01,70.07,66.38,64.44,0.7413,0.7588,369.2138,375.6319,0.004055,0.7377,0.7382,0.1461,AVANZAR
2077,103.85,65.38,67.35,67.78,59.44,68.19,70.47,0.7717,0.7627,369.4147,375.8329,0.00412,0.7341,0.7396,0.1461,AVANZAR
2078,103.9,62.67,65.68,66.62,68.25,61.75,66.51,0.7983,0.7733,369.6157,376.0338,0.00412,0.7355,0.7446,0.1461,AVANZAR
2079,103.95,70.99,66.4,73.33,67.03,70.4,67.01,0.7462,0.7652,369.8166,376.2348,0.00412,0.7405,0.7413,0.1461,AVANZAR
2080,104.0,66.78,69.07,64.48,67.98,61.7,67.91,0.754,0.7618,370.0176,376.4358,0.00412,0.7372,0.7397,0.1461,AVANZAR
2081,104.05,69.85,63.37,70.78,69.07,70.83,59.89,0.7705,0.7644,370.2186,376.6367,0.00412,0.7355,0.7407,0.1461,AVANZAR
2082,104.1,64.94,65.69,65.47,75.95,72.91,65.27,0.7839,0.7703,370.4195,376.8377,0.00412,0.7365,0.7435,0.1461,AVANZAR
2083,104.15,64.13,66.38,64.07,71.18,68.59,68.55,0.7848,0.7746,370.6205,377.0386,0.00412,0.7393,0.746,0.1461,AVANZAR
2084,104.2,72.44,67.85,69.46,69.28,63.72,65.76,0.7307,0.7615,370.8214,377.2396,0.00412,0.7419,0.7402,0.1461,AVANZAR
2085,104.25,66.43,70.15,73.95,65.56,73.8,64.21,0.7503,0.7581,371.0224,377.4406,0.00412,0.7361,0.7382,0.1461,AVANZAR
2086,104.3,68.61,71.22,65.06,68.6,64.91,69.29,0.7326,0.7505,371.2234,377.6415,0.00412,0.7341,0.7338,0.1461,AVANZAR
2087,104.35,76.08,70.17,68.65,69.46,62.18,65.84,0.7013,0.7357,371.4243,377.8425,0.00412,0.7297,0.7256,0.1461,AVANZAR
2088,104.4,70.11,69.25,68.88,66.69,66.6,70.9,0.7348,0.7354,371.6253,378.0434,0.00412,0.7215,0.7234,0.1461,AVANZAR
2089,104.45,63.62,72.74,73.18,70.67,62.16,59.04,0.7543,0.7411,371.8262,378.2444,0.00412,0.7193,0.7244,0.1461,AVANZAR
2090,104.5,68.53,68.51,67.58,64.12,70.07,68.29,0.7472,0.7429,372.0272,378.4454,0.00412,0.7203,0.7242,0.1461,AVANZAR
2091,104.55,68.45,70.47,69.33,61.03,62.84,69.55,0.7373,0.7412,372.2282,378.6463,0.00412,0.7201,0.7226,0.1461,AVANZAR
2092,104.6,73.93,70.51,64.42,65.03,67.91,71.11,0.7094,0.7317,372.4291,378.8473,0.00412,0.7185,0.7172,0.1461,AVANZAR
2093,104.65,66.05,69.14,64.45,67.53,68.7,74.12,0.7579,0.7395,372.6301,379.0482,0.00412,0.713,0.7196,0.1461,AVANZAR
2094,104.7,69.43,68.58,65.74,64.88,66.78,67.04,0.742,0.7403,372.831,379.2492,0.00412,0.7155,0.7193,0.1461,AVANZAR
2095,104.75,59.04,68.4,64.08,63.75,69.46,68.86,0.8079,0.7605,373.032,379.4502,0.00412,0.7152,0.7288,0.1461,AVANZAR
2096,104.8,67.75,75.29,68.15,62.87,65.41,72.9,0.7179,0.7477,373.233,379.6511,0.00412,0.7246,0.7237,0.1461,AVANZAR
2097,104.85,62.85,66.16,68.94,68.65,58.72,68.51,0.7943,0.7617,373.4339,379.8521,0.00412,0.7195,0.7305,0.1461,AVANZAR
2098,104.9,67.55,65.02,64.94,74.44,62.43,67.76,0.7727,0.765,373.6349,380.053,0.00412,0.7263,0.7331,0.1461,AVANZAR
2099,104.95,65.49,71.81,69.16,65.75,70.33,66.16,0.7474,0.7597,373.8358,380.254,0.00412,0.729,0.7317,0.1461,AVANZAR
2100,105.0,62.35,69.01,71.04,63.89,72.39,63.76,0.7815,0.7663,374.0368,380.455,0.00412,0.7276,0.7354,0.1461,AVANZAR
2101,105.05,62.13,66.24,71.64,65.63,65.66,68.67,0.7985,0.7759,374.2378,380.6559,0.00412,0.7313,0.7411,0.1461,AVANZAR
2102,105.1,73.38,72.85,65.33,67.65,66.79,64.45,0.7003,0.7532,374.4387,380.8569,0.00412,0.737,0.7317,0.1461,AVANZAR
2103,105.15,68.04,69.26,70.07,67.76,67.04,71.41,0.7459,0.751,374.6397,381.0578,0.00412,0.7275,0.7302,0.1461,AVANZAR
2104,105.2,65.59,64.19,70.2,72.65,66.55,68.64,0.7891,0.7625,374.8344,381.2588,0.004055,0.7262,0.7354,0.1461,AVANZAR
2105,105.25,70.03,68.88,71.04,63.62,71.2,75.69,0.7372,0.7549,375.0353,381.4598,0.00412,0.7312,0.7321,0.1461,AVANZAR
2106,105.3,72.42,70.07,64.86,65.25,67.72,69.39,0.7188,0.7441,375.2363,381.6607,0.00412,0.728,0.7266,0.1461,AVANZAR
2107,105.35,70.57,65.12,59.27,71.53,64.77,69.84,0.7559,0.7476,375.4372,381.8617,0.00412,0.7225,0.7274,0.1461,AVANZAR
2108,105.4,56.63,68.91,64.37,66.53,67.86,62.46,0.8236,0.7704,375.6382,382.0626,0.00412,0.7233,0.7379,0.1461,AVANZAR
2109,105.45,67.78,67.98,65.56,66.69,68.7,68.77,0.7543,0.7656,375.8392,382.2636,0.00412,0.7338,0.7368,0.1461,AVANZAR
2110,105.5,64.5,61.88,67.39,70.64,66.87,67.2,0.8106,0.7791,376.0401,382.4646,0.00412,0.7327,0.7441,0.1461,AVANZAR
2111,105.55,64.78,65.08,70.87,69.07,67.62,65.02,0.7885,0.7819,376.2411,382.6655,0.00412,0.7399,0.747,0.1461,AVANZAR
2112,105.6,64.24,67.54,65.73,66.36,71.97,66.68,0.7776,0.7806,376.442,382.8665,0.00412,0.7429,0.748,0.1461,AVANZAR
2113,105.65,60.23,69.02,70.15,63.88,65.13,70.69,0.7959,0.7852,376.643,383.0612,0.004055,0.7439,0.7515,0.1461,AVANZAR
2114,105.7,67.35,62.25,70.18,63.87,64.66,67.66,0.7913,0.787,376.844,383.2621,0.00412,0.7474,0.7538,0.1461,AVANZAR
2115,105.75,66.42,64.49,69.07,68.28,71.18,63.43,0.7824,0.7856,377.0449,383.4631,0.00412,0.7497,0.7545,0.1461,AVANZAR
2116,105.8,70.35,64.5,68.83,69.03,66.38,61.21,0.7608,0.7782,377.2459,383.664,0.00412,0.7504,0.7519,0.1461,AVANZAR
2117,105.85,71.2,66.44,64.06,65.56,70.42,66.88,0.7449,0.7682,377.4468,383.865,0.00412,0.7478,0.7473,0.1461,AVANZAR
2118,105.9,62.77,65.4,60.35,70.05,70.7,66.95,0.7993,0.7775,377.6478,384.066,0.00412,0.7432,0.7514,0.1461,AVANZAR
2119,105.95,68.41,66.64,67.68,63.58,60.97,70.04,0.7584,0.7718,377.8488,384.2669,0.00412,0.7473,0.7489,0.1461,AVANZAR
2120,106.0,71.04,69.95,63.56,68.72,63.58,68.58,0.7264,0.7582,378.0497,384.4679,0.00412,0.7448,0.7421,0.1461,AVANZAR
2121,106.05,72.95,67.12,69.59,64.28,66.96,69.38,0.7323,0.7504,378.2507,384.6688,0.00412,0.738,0.7372,0.1461,AVANZAR
2122,106.1,71.5,69.53,65.07,70.98,69.73,66.52,0.7263,0.7432,378.4516,384.8698,0.00412,0.733,0.732,0.1461,AVANZAR
2123,106.15,67.69,69.6,67.53,69.18,67.8,66.7,0.746,0.744,378.6526,385.0708,0.00412,0.7279,0.7306,0.1461,AVANZAR
2124,106.2,68.25,71.22,67.89,66.51,68.42,68.93,0.7345,0.7412,378.8536,385.2717,0.00412,0.7264,0.7276,0.1461,AVANZAR
2125,106.25,62.95,66.96,65.57,66.07,71.38,72.08,0.789,0.7555,379.0545,385.4727,0.00412,0.7235,0.7331,0.1461,AVANZAR
2126,106.3,61.55,67.25,67.02,65.48,69.73,68.85,0.7966,0.7678,379.2555,385.6736,0.00412,0.7289,0.7388,0.1461,AVANZAR
2127,106.35,63.44,63.82,65.74,70.38,65.52,69.61,0.8047,0.7789,379.4564,385.8746,0.00412,0.7347,0.7449,0.1461,AVANZAR
2128,106.4,72.33,70.01,68.33,61.45,66.89,69.48,0.7196,0.7611,379.6574,386.0756,0.00412,0.7408,0.7377,0.1461,AVANZAR
2129,106.45,67.29,60.61,66.66,62.69,67.05,70.0,0.8028,0.7736,379.8584,386.2765,0.00412,0.7336,0.7437,0.1461,AVANZAR
2130,106.5,69.57,64.04,64.61,66.73,70.84,65.3,0.7678,0.7719,380.0593,386.4775,0.00412,0.7396,0.7437,0.1461,AVANZAR
2131,106.55,62.28,65.95,61.33,66.74,68.06,76.37,0.7992,0.7801,380.2603,386.6784,0.00412,0.7396,0.7483,0.1461,AVANZAR
2132,106.6,68.96,73.71,72.53,71.35,64.84,68.59,0.7185,0.7616,380.4612,386.8794,0.00412,0.7442,0.7404,0.1461,AVANZAR
2133,106.65,61.9,66.76,66.51,65.0,71.94,67.87,0.797,0.7722,380.6622,387.0804,0.00412,0.7363,0.7452,0.1461,AVANZAR
2134,106.7,67.81,64.09,65.63,66.17,61.89,66.36,0.777,0.7737,380.8632,387.2813,0.00412,0.7411,0.7463,0.1461,AVANZAR
2135,106.75,72.62,70.44,68.91,65.5,64.3,65.76,0.7159,0.7563,381.0641,387.4823,0.00412,0.7422,0.7384,0.1461,AVANZAR
2136,106.8,66.23,68.59,64.55,59.64,65.45,66.6,0.7598,0.7574,381.2651,387.6832,0.00412,0.7342,0.738,0.1461,AVANZAR
2137,106.85,70.21,64.61,68.04,66.46,68.43,66.28,0.7608,0.7584,381.466,387.8842,0.00412,0.7338,0.7378,0.1461,AVANZAR
2138,106.9,66.72,65.59,66.58,69.1,66.64,64.08,0.774,0.7631,381.667,388.0852,0.00412,0.7337,0.7396,0.1461,AVANZAR
2139,106.95,58.92,65.42,71.95,72.84,60.54,62.26,0.8258,0.7819,381.868,388.2861,0.00412,0.7354,0.7486,0.1461,AVANZAR
2140,107.0,65.35,68.26,60.67,69.45,67.62,68.91,0.7668,0.7774,382.0689,388.4871,0.00412,0.7445,0.7478,0.1461,AVANZAR
2141,107.05,65.69,67.22,72.5,63.07,66.3,73.79,0.7705,0.7753,382.2636,388.688,0.004055,0.7437,0.7476,0.1461,AVANZAR
2142,107.1,64.57,72.13,62.07,66.85,65.35,67.09,0.7514,0.7681,382.4646,388.889,0.00412,0.7435,0.7447,0.1461,AVANZAR
2143,107.15,67.27,62.08,72.53,69.45,73.9,64.58,0.7929,0.7756,382.6655,389.09,0.00412,0.7405,0.7482,0.1461,AVANZAR
2144,107.2,61.44,70.65,65.43,67.13,66.06,69.1,0.779,0.7766,382.8665,389.2909,0.00412,0.7441,0.7492,0.1461,AVANZAR
2145,107.25,69.88,68.07,72.06,67.05,66.25,68.63,0.7425,0.7664,383.0674,389.4919,0.00412,0.7451,0.7447,0.1461,AVANZAR
2146,107.3,64.6,65.47,67.93,59.46,69.69,68.56,0.7873,0.7726,383.2684,389.6928,0.00412,0.7406,0.7474,0.1461,AVANZAR
2147,107.35,69.46,62.36,64.91,63.64,65.93,70.49,0.7791,0.7746,383.4694,389.8938,0.00412,0.7433,0.7485,0.1461,AVANZAR
2148,107.4,64.52,66.18,68.48,61.82,63.09,67.85,0.7836,0.7773,383.6703,390.0948,0.00412,0.7444,0.7501,0.1461,AVANZAR
2149,107.45,63.23,67.86,64.8,62.5,68.95,60.82,0.7821,0.7787,383.8713,390.2957,0.00412,0.746,0.7513,0.1461,AVANZAR
2150,107.5,68.92,62.95,63.91,69.85,68.18,65.89,0.7781,0.7785,384.0722,390.4904,0.004055,0.7472,0.7517,0.1461,AVANZAR
2151,107.55,64.13,63.52,62.49,66.22,65.11,63.97,0.8022,0.7856,384.2732,390.6914,0.00412,0.7476,0.7556,0.1461,AVANZAR
2152,107.6,67.73,66.33,68.03,67.41,72.61,70.42,0.7639,0.7791,384.4742,390.8923,0.00412,0.7515,0.7533,0.1461,AVANZAR
2153,107.65,71.21,63.84,63.44,66.4,63.23,65.27,0.7605,0.7735,384.6751,391.0933,0.00412,0.7492,0.7508,0.1461,AVANZAR
2154,107.7,68.39,67.45,67.33,65.88,75.94,67.44,0.7539,0.7676,384.8761,391.2942,0.00412,0.7467,0.7478,0.1461,AVANZAR
2155,107.75,67.05,68.41,71.04,60.4,73.04,65.23,0.756,0.7641,385.077,391.4952,0.00412,0.7436,0.7454,0.1461,AVANZAR
2156,107.8,67.84,69.48,70.29,66.97,66.35,66.56,0.7458,0.7586,385.278,391.6962,0.00412,0.7413,0.742,0.1461,AVANZAR
2157,107.85,70.28,69.26,69.23,68.89,71.16,68.67,0.7339,0.7512,385.479,391.8971,0.00412,0.7378,0.7373,0.1461,AVANZAR
2158,107.9,71.61,65.36,67.12,70.85,66.28,60.87,0.7492,0.7506,385.6799,392.0981,0.00412,0.7332,0.7355,0.1461,AVANZAR
2159,107.95,65.1,71.97,74.05,65.63,68.87,69.66,0.749,0.7501,385.8809,392.299,0.00412,0.7314,0.734,0.1461,AVANZAR
2160,108.0,73.79,66.12,72.31,68.04,68.68,69.61,0.7341,0.7453,386.0818,392.5,0.00412,0.7298,0.7305,0.1461,AVANZAR
2161,108.05,63.09,61.17,63.67,66.68,62.75,69.49,0.8243,0.769,386.2828,392.701,0.00412,0.7263,0.7406,0.1461,AVANZAR
2162,108.1,66.85,63.82,63.67,68.67,69.33,61.45,0.7841,0.7735,386.4838,392.9019,0.00412,0.7365,0.7435,0.1461,AVANZAR
2163,108.15,65.5,70.75,67.17,64.18,71.99,71.02,0.7527,0.7673,386.6847,393.1029,0.00412,0.7394,0.7413,0.1461,AVANZAR
2164,108.2,63.53,68.82,65.96,60.13,67.0,63.23,0.7749,0.7696,386.8857,393.3038,0.00412,0.7372,0.7427,0.1461,AVANZAR
2165,108.25,63.27,65.86,70.67,71.32,70.08,71.28,0.7933,0.7767,387.0866,393.5048,0.00412,0.7386,0.7466,0.1461,AVANZAR
2166,108.3,65.04,60.3,68.79,60.01,68.01,67.1,0.8181,0.7891,387.2876,393.7058,0.00412,0.7425,0.7535,0.1461,AVANZAR
2167,108.35,63.5,72.67,79.09,61.69,72.43,68.49,0.7554,0.779,387.4886,393.9067,0.00412,0.7494,0.7503,0.1461,CURVA_IZQUIERDA
2168,108.4,70.48,61.89,68.83,68.36,61.11,73.81,0.7768,0.7784,387.5451,394.1077,0.002639,0.7476,0.7519,0.1461,AVANZAR
2169,108.45,63.77,66.45,64.03,62.95,67.41,67.44,0.7867,0.7809,387.746,394.3086,0.00412,0.7478,0.7535,0.1461,AVANZAR
2170,108.5,67.11,68.28,67.1,68.25,67.02,67.6,0.7564,0.7735,387.947,394.5096,0.00412,0.7493,0.7504,0.1461,AVANZAR
2171,108.55,67.96,64.8,66.69,67.17,65.18,66.16,0.7717,0.773,388.148,394.7106,0.00412,0.7463,0.75,0.1461,AVANZAR
2172,108.6,70.49,72.61,67.82,67.11,64.34,65.37,0.7157,0.7558,388.3489,394.9115,0.00412,0.7459,0.7415,0.1461,AVANZAR
2173,108.65,64.83,60.43,64.42,67.58,69.63,62.38,0.8185,0.7746,388.5499,395.1125,0.00412,0.7373,0.7492,0.1461,AVANZAR
2174,108.7,65.85,70.67,65.02,66.03,64.57,62.77,0.751,0.7675,388.7508,395.3134,0.00412,0.7451,0.7459,0.1461,AVANZAR
2175,108.75,68.03,68.17,65.99,68.71,67.11,67.33,0.7518,0.7628,388.9518,395.5144,0.00412,0.7418,0.7433,0.1461,AVANZAR
2176,108.8,66.71,67.41,62.98,64.3,73.3,68.97,0.7635,0.763,389.1528,395.7154,0.00412,0.7392,0.7427,0.1461,AVANZAR
2177,108.85,71.88,68.51,59.68,65.22,68.34,67.32,0.7298,0.7531,389.3537,395.9163,0.00412,0.7386,0.7373,0.1461,AVANZAR
2178,108.9,67.43,70.27,72.26,65.84,69.24,63.96,0.7439,0.7503,389.5547,396.1173,0.00412,0.7332,0.7348,0.1461,AVANZAR
2179,108.95,66.83,67.16,69.77,67.76,66.75,62.86,0.7642,0.7545,389.7556,396.3182,0.00412,0.7306,0.7356,0.1461,AVANZAR
2180,109.0,60.75,73.61,66.14,63.06,66.62,67.07,0.7692,0.7589,389.9566,396.5192,0.00412,0.7314,0.737,0.1461,AVANZAR
2181,109.05,69.62,66.26,71.35,64.22,57.13,71.36,0.754,0.7574,390.1576,396.7202,0.00412,0.7328,0.7359,0.1461,AVANZAR
2182,109.1,70.17,67.09,67.21,64.18,67.84,68.67,0.7464,0.7541,390.3585,396.9211,0.00412,0.7318,0.7339,0.1461,AVANZAR
2183,109.15,66.25,65.91,67.79,66.4,70.29,67.63,0.7749,0.7604,390.5595,397.1221,0.00412,0.7298,0.7364,0.1461,AVANZAR
2184,109.2,69.2,70.78,68.8,68.5,66.13,64.84,0.7316,0.7517,390.7604,397.323,0.00412,0.7323,0.7322,0.1461,AVANZAR
2185,109.25,74.29,71.91,66.51,60.98,72.17,65.16,0.7006,0.7364,390.9614,397.524,0.00412,0.7281,0.7241,0.1461,AVANZAR
2186,109.3,66.41,72.29,72.43,61.35,66.39,67.42,0.7397,0.7374,391.1624,397.725,0.00412,0.7199,0.7228,0.1461,AVANZAR
2187,109.35,63.47,65.01,67.18,69.6,71.36,65.57,0.7971,0.7553,391.3633,397.9196,0.004055,0.7188,0.7302,0.1461,AVANZAR
2188,109.4,70.06,62.29,64.8,67.14,71.38,64.9,0.7764,0.7616,391.5643,398.1206,0.00412,0.7261,0.7334,0.1461,AVANZAR
2189,109.45,66.76,69.74,66.81,59.0,66.84,68.41,0.7506,0.7583,391.7652,398.3216,0.00412,0.7293,0.7324,0.1461,AVANZAR
2190,109.5,69.06,67.57,68.7,72.29,66.35,68.39,0.7495,0.7557,391.9662,398.5225,0.00412,0.7283,0.7314,0.1461,AVANZAR
2191,109.55,67.32,62.46,66.58,61.62,62.86,67.37,0.7901,0.766,392.1672,398.7235,0.00412,0.7273,0.7365,0.1461,AVANZAR
2192,109.6,77.49,73.01,63.46,77.96,64.43,69.96,0.681,0.7405,392.3681,398.9244,0.00412,0.7323,0.7248,0.1461,AVANZAR
2193,109.65,64.78,67.48,59.85,65.35,67.86,66.03,0.7745,0.7507,392.5691,399.1254,0.00412,0.7207,0.7286,0.1461,AVANZAR
2194,109.7,67.76,70.0,61.59,70.66,66.18,72.22,0.7435,0.7486,392.77,399.3264,0.00412,0.7245,0.7272,0.1461,AVANZAR
2195,109.75,66.23,68.48,70.09,66.2,72.02,59.76,0.7604,0.7521,392.971,399.5273,0.00412,0.7231,0.7286,0.1461,AVANZAR
2196,109.8,61.89,60.46,65.89,69.84,67.97,64.06,0.8371,0.7776,393.172,399.7283,0.00412,0.7244,0.7409,0.1461,AVANZAR
2197,109.85,63.57,67.73,60.47,70.39,67.23,66.94,0.7806,0.7785,393.3729,399.9292,0.00412,0.7368,0.7432,0.1461,AVANZAR
2198,109.9,68.1,68.81,67.46,65.84,68.65,65.08,0.748,0.7693,393.5739,400.1302,0.00412,0.7391,0.7404,0.1461,AVANZAR
2199,109.95,66.55,62.69,64.19,64.55,69.82,66.21,0.793,0.7765,393.7748,400.3312,0.00412,0.7363,0.7446,0.1461,AVANZAR
2200,110.0,64.92,67.67,73.19,61.32,68.02,60.88,0.7727,0.7753,393.9758,400.5321,0.00412,0.7404,0.7451,0.1461,AVANZAR
2201,110.05,68.07,68.45,66.49,68.27,72.28,64.16,0.75,0.7677,394.1768,400.7331,0.00412,0.741,0.7423,0.1461,AVANZAR
2202,110.1,73.02,65.93,66.87,68.43,71.7,66.27,0.7389,0.7591,394.3714,400.934,0.004055,0.7383,0.7384,0.1461,AVANZAR
2203,110.15,70.35,62.73,66.58,72.92,65.9,67.81,0.772,0.763,394.5724,401.135,0.00412,0.7343,0.7398,0.1461,AVANZAR
2204,110.2,62.71,63.46,64.52,68.24,68.38,69.62,0.8116,0.7776,394.7734,401.336,0.00412,0.7357,0.7468,0.1461,AVANZAR
2205,110.25,67.93,62.04,66.72,70.19,70.32,63.23,0.7895,0.7812,394.9743,401.5369,0.00412,0.7426,0.7495,0.1461,AVANZAR
2206,110.3,70.0,63.4,64.33,69.38,64.96,71.99,0.7695,0.7777,395.1753,401.7379,0.00412,0.7454,0.7489,0.1461,AVANZAR
2207,110.35,66.2,66.88,61.7,68.15,68.09,69.95,0.7695,0.7752,395.3762,401.9388,0.00412,0.7448,0.7484,0.1461,AVANZAR
2208,110.4,67.25,63.34,66.85,74.8,66.7,66.62,0.7848,0.7781,395.5772,402.1398,0.00412,0.7443,0.7502,0.1461,AVANZAR
2209,110.45,65.5,65.85,69.97,71.73,58.5,68.13,0.7796,0.7785,395.7782,402.3408,0.00412,0.7461,0.751,0.1461,AVANZAR
2210,110.5,72.18,71.04,64.25,66.95,68.14,66.18,0.715,0.7595,395.9791,402.5417,0.00412,0.7468,0.7422,0.1461,AVANZAR
2211,110.55,69.67,68.28,65.09,72.19,59.39,66.0,0.7423,0.7543,396.1801,402.7427,0.00412,0.7381,0.7387,0.1461,AVANZAR
2212,110.6,66.6,69.84,64.85,63.1,64.15,70.62,0.751,0.7533,396.381,402.9436,0.00412,0.7346,0.737,0.1461,AVANZAR
2213,110.65,62.52,64.4,69.39,65.91,64.62,59.34,0.807,0.7694,396.582,403.1446,0.00412,0.7328,0.7437,0.1461,AVANZAR
2214,110.7,67.68,58.76,63.62,67.08,68.94,68.44,0.8139,0.7828,396.783,403.3456,0.00412,0.7396,0.7504,0.1461,AVANZAR
2215,110.75,65.87,72.41,61.91,67.14,67.37,68.06,0.7422,0.7706,396.9839,403.5465,0.00412,0.7463,0.7457,0.1461,AVANZAR
2216,110.8,65.54,64.03,67.53,69.18,68.21,72.15,0.7904,0.7765,397.1849,403.7475,0.00412,0.7416,0.7487,0.1461,AVANZAR
2217,110.85,70.06,68.66,68.0,69.02,71.83,61.79,0.7382,0.7651,397.3858,403.9484,0.00412,0.7446,0.7437,0.1461,AVANZAR
2218,110.9,63.89,58.35,71.78,68.12,69.37,72.38,0.8394,0.7874,397.5868,404.1494,0.00412,0.7396,0.7541,0.1461,AVANZAR
2219,110.95,60.85,68.87,70.24,69.9,63.5,66.96,0.7924,0.7889,397.7878,404.3504,0.00412,0.75,0.7562,0.1461,AVANZAR
2220,111.0,64.94,74.05,70.04,65.9,69.98,68.96,0.7399,0.7742,397.9887,404.5513,0.00412,0.7521,0.7503,0.1461,AVANZAR
2221,111.05,61.45,64.52,72.54,69.79,67.51,67.51,0.8134,0.7859,398.1897,404.7523,0.00412,0.7462,0.756,0.1461,AVANZAR
2222,111.1,64.17,68.97,66.51,70.79,71.06,66.72,0.7701,0.7812,398.3906,404.9532,0.00412,0.7519,0.7546,0.1461,AVANZAR
2223,111.15,63.27,68.54,63.21,66.47,63.48,65.05,0.7781,0.7803,398.5916,405.1542,0.00412,0.7504,0.7545,0.1461,AVANZAR
2224,111.2,65.62,68.63,73.08,66.95,64.64,64.91,0.7631,0.7751,398.7926,405.3489,0.004055,0.7504,0.7523,0.1461,AVANZAR
2225,111.25,71.76,62.55,62.98,67.54,67.48,71.94,0.766,0.7724,398.9935,405.5498,0.00412,0.7482,0.7508,0.1461,AVANZAR
2226,111.3,67.22,67.41,72.05,65.49,64.91,66.19,0.7606,0.7689,399.1945,405.7508,0.00412,0.7467,0.7487,0.1461,AVANZAR
2227,111.35,63.09,63.65,65.83,68.43,70.0,67.14,0.808,0.7806,399.3954,405.9518,0.00412,0.7446,0.7538,0.1461,AVANZAR
2228,111.4,65.47,72.12,65.63,70.04,67.69,69.32,0.746,0.7702,399.5964,406.1527,0.00412,0.7497,0.7492,0.1461,AVANZAR
2229,111.45,64.14,66.57,64.34,64.46,62.54,68.51,0.7837,0.7743,399.7974,406.3537,0.00412,0.745,0.7507,0.1461,AVANZAR
2230,111.5,63.17,65.28,67.1,65.15,67.9,66.37,0.7974,0.7812,399.9983,406.5546,0.00412,0.7466,0.754,0.1461,AVANZAR
2231,111.55,71.26,69.43,65.1,63.02,67.37,67.66,0.728,0.7652,400.1993,406.7556,0.00412,0.7499,0.7467,0.1461,AVANZAR
2232,111.6,67.94,65.02,69.44,63.13,63.3,67.74,0.7705,0.7668,400.4002,406.9566,0.00412,0.7426,0.7466,0.1461,AVANZAR
2233,111.65,71.77,71.72,63.41,70.37,68.47,65.12,0.7136,0.7509,400.6012,407.1575,0.00412,0.7425,0.7383,0.1461,AVANZAR
2234,111.7,67.42,64.2,67.38,69.75,72.57,61.79,0.7784,0.7591,400.8022,407.3585,0.00412,0.7342,0.7407,0.1461,AVANZAR
2235,111.75,73.58,66.4,63.17,66.74,61.4,65.99,0.7334,0.7514,401.0031,407.5594,0.00412,0.7365,0.7361,0.1461,AVANZAR
2236,111.8,69.33,69.91,60.14,63.02,70.27,65.51,0.7354,0.7466,401.2041,407.7604,0.00412,0.732,0.7325,0.1461,AVANZAR
2237,111.85,66.19,64.86,64.63,67.95,65.12,66.77,0.7814,0.7571,401.405,407.9614,0.00412,0.7283,0.7361,0.1461,AVANZAR
2238,111.9,72.8,69.14,66.73,63.91,66.1,68.23,0.7219,0.7465,401.606,408.1623,0.00412,0.732,0.7305,0.1461,AVANZAR
2239,111.95,62.36,62.79,61.87,66.05,65.18,66.44,0.8183,0.7681,401.8007,408.3633,0.004055,0.7265,0.7399,0.1461,AVANZAR
2240,112.0,63.04,64.09,68.83,68.49,63.7,70.3,0.8055,0.7793,402.0016,408.5642,0.00412,0.7358,0.746,0.1461,AVANZAR
2241,112.05,69.57,67.55,69.73,66.93,63.39,72.21,0.7469,0.7696,402.2026,408.7652,0.00412,0.7418,0.7426,0.1461,AVANZAR
2242,112.1,66.25,61.4,67.95,73.81,66.43,65.51,0.8034,0.7797,402.4036,408.9662,0.00412,0.7385,0.7479,0.1461,AVANZAR
2243,112.15,70.9,61.46,63.08,66.71,67.72,68.61,0.7776,0.7791,402.6045,409.1671,0.00412,0.7438,0.7488,0.1461,AVANZAR
2244,112.2,68.5,70.17,59.93,63.86,69.24,75.45,0.7386,0.7669,402.8055,409.3681,0.00412,0.7446,0.7437,0.1461,AVANZAR
2245,112.25,63.63,68.98,69.38,72.02,67.9,70.56,0.7735,0.7689,403.0064,409.569,0.00412,0.7396,0.7446,0.1461,AVANZAR
2246,112.3,67.74,68.53,77.43,66.43,63.34,68.22,0.7515,0.7637,403.2074,409.77,0.00412,0.7405,0.7421,0.1461,AVANZAR
2247,112.35,63.05,62.54,69.81,64.09,62.93,67.89,0.8154,0.7792,403.4084,409.971,0.00412,0.7379,0.7493,0.1461,AVANZAR
2248,112.4,65.22,72.03,71.54,66.46,67.67,65.26,0.7479,0.7698,403.6093,410.1719,0.00412,0.7451,0.7455,0.1461,AVANZAR
2249,112.45,67.2,68.79,65.13,59.04,72.77,60.01,0.7531,0.7648,403.8103,410.3729,0.00412,0.7414,0.7431,0.1461,AVANZAR
2250,112.5,72.25,65.91,65.88,63.43,71.63,62.53,0.7427,0.7582,404.0112,410.5738,0.00412,0.739,0.7396,0.1461,AVANZAR
2251,112.55,65.86,66.8,65.59,67.55,60.92,61.37,0.7719,0.7623,404.2122,410.7748,0.00412,0.7354,0.7408,0.1461,AVANZAR
2252,112.6,66.09,61.58,73.11,68.98,66.62,69.19,0.8031,0.7745,404.4132,410.9758,0.00412,0.7366,0.7463,0.1461,AVANZAR
2253,112.65,65.5,68.69,57.9,65.71,62.48,62.59,0.7635,0.7712,404.6141,411.1767,0.00412,0.7422,0.7453,0.1461,AVANZAR
2254,112.7,63.97,69.99,68.04,64.0,71.71,69.8,0.7659,0.7696,404.8151,411.3777,0.00412,0.7412,0.7448,0.1461,AVANZAR
2255,112.75,61.63,75.09,64.52,64.68,69.47,61.14,0.7563,0.7656,405.016,411.5786,0.00412,0.7407,0.743,0.1461,AVANZAR
2256,112.8,67.16,70.05,68.58,65.46,71.56,71.97,0.7466,0.7599,405.217,411.7796,0.00412,0.7389,0.74,0.1461,AVANZAR
2257,112.85,66.99,66.91,65.85,63.37,67.33,65.98,0.7648,0.7614,405.418,411.9806,0.00412,0.7359,0.7401,0.1461,AVANZAR
2258,112.9,68.46,65.68,58.81,64.16,65.75,67.46,0.7637,0.7621,405.6189,412.1815,0.00412,0.736,0.74,0.1461,AVANZAR
2259,112.95,66.15,66.19,72.97,67.73,65.29,68.51,0.7737,0.7656,405.8199,412.3825,0.00412,0.7359,0.7414,0.1461,AVANZAR
2260,113.0,67.9,67.09,64.62,71.76,68.79,74.15,0.7586,0.7635,406.0208,412.5834,0.00412,0.7373,0.7404,0.1461,AVANZAR
2261,113.05,68.12,67.32,65.04,72.9,64.04,59.69,0.7561,0.7613,406.2218,412.7844,0.00412,0.7363,0.7392,0.1461,AVANZAR
2262,113.1,67.82,65.49,68.76,70.3,67.95,65.67,0.7683,0.7634,406.4228,412.9791,0.004055,0.7351,0.74,0.1461,AVANZAR
2263,113.15,68.69,68.18,61.12,69.09,65.81,62.53,0.7482,0.7588,406.6237,413.18,0.00412,0.7359,0.7377,0.1461,AVANZAR
2264,113.2,67.22,70.52,66.04,65.8,70.61,66.89,0.7439,0.7543,406.8247,413.381,0.00412,0.7336,0.7351,0.1461,AVANZAR
2265,113.25,60.91,59.48,62.59,72.97,64.34,63.6,0.8507,0.7833,407.0256,413.582,0.00412,0.7309,0.7484,0.1461,AVANZAR
2266,113.3,67.27,65.67,64.63,66.6,62.1,72.21,0.7704,0.7794,407.2266,413.7829,0.00412,0.7443,0.7481,0.1461,AVANZAR
2267,113.35,68.59,68.1,70.83,66.67,69.84,67.44,0.7491,0.7703,407.4276,413.9839,0.00412,0.744,0.7448,0.1461,AVANZAR
2268,113.4,66.95,67.98,60.61,66.53,68.21,64.61,0.759,0.7669,407.6285,414.1848,0.00412,0.7406,0.7433,0.1461,AVANZAR
2269,113.45,71.21,75.02,70.02,64.78,68.11,72.87,0.7007,0.7471,407.8295,414.3858,0.00412,0.7392,0.7336,0.1461,AVANZAR
2270,113.5,69.79,67.15,68.83,73.98,67.12,70.75,0.7481,0.7474,408.0304,414.5868,0.00412,0.7295,0.7322,0.1461,AVANZAR
2271,113.55,64.7,66.84,77.22,68.91,69.63,67.91,0.7787,0.7568,408.2314,414.7877,0.00412,0.7281,0.7354,0.1461,AVANZAR
2272,113.6,83.73,68.9,98.47,65.54,63.28,61.54,0.6773,0.7329,408.4324,414.9887,0.00412,0.7313,0.7234,0.1461,CURVA_IZQUIERDA
2273,113.65,95.34,63.26,107.86,66.04,65.05,71.81,0.6732,0.715,408.4889,415.1896,0.002639,0.7208,0.7138,0.1461,CURVA_IZQUIERDA
2274,113.7,93.94,66.77,114.92,62.26,65.13,64.58,0.6559,0.6973,408.5517,415.3906,0.002704,0.7111,0.7031,0.1461,CURVA_IZQUIERDA
2275,113.75,93.22,65.7,122.69,67.77,72.78,62.34,0.6642,0.6874,408.6082,415.5916,0.002639,0.7004,0.6951,0.1461,CURVA_IZQUIERDA
2276,113.8,97.58,65.52,122.52,64.08,70.33,71.02,0.6531,0.6771,408.671,415.7925,0.002704,0.6924,0.6867,0.1461,CURVA_IZQUIERDA
2277,113.85,92.29,58.84,137.21,69.99,66.02,72.79,0.7125,0.6877,408.7338,415.9935,0.002704,0.684,0.6881,0.1461,CURVA_IZQUIERDA
2278,113.9,90.67,64.79,149.77,66.15,71.61,68.47,0.6775,0.6846,408.7903,416.1944,0.002639,0.6855,0.6843,0.1461,CURVA_IZQUIERDA
2279,113.95,95.1,73.89,156.35,84.4,74.18,62.22,0.6156,0.6639,408.8531,416.3954,0.002704,0.6816,0.672,0.1461,CURVA_IZQUIERDA
2280,114.0,87.26,68.14,170.04,110.59,68.57,64.29,0.6691,0.6655,408.9096,416.5964,0.002639,0.6694,0.6693,0.1461,CURVA_IZQUIERDA
2281,114.05,76.65,72.78,169.19,115.62,68.84,71.72,0.6857,0.6716,408.9724,416.7973,0.002704,0.6666,0.6694,0.1461,CURVA_IZQUIERDA
2282,114.1,69.28,68.44,179.14,125.39,64.65,61.94,0.7436,0.6932,409.0352,416.9983,0.002704,0.6667,0.6779,0.1461,CURVA_IZQUIERDA
2283,114.15,64.48,72.58,176.35,137.66,67.76,70.04,0.7497,0.7101,409.0918,417.1992,0.002639,0.6753,0.6862,0.1461,CURVA_IZQUIERDA
2284,114.2,66.24,64.52,176.91,158.03,64.7,64.27,0.7832,0.7321,409.1546,417.4002,0.002704,0.6835,0.698,0.1461,CURVA_IZQUIERDA
2285,114.25,69.17,65.04,171.79,168.09,62.27,67.12,0.7637,0.7416,409.2111,417.6012,0.002639,0.6954,0.7054,0.1461,CURVA_IZQUIERDA
2286,114.3,74.11,67.71,169.44,197.44,68.92,67.76,0.7235,0.7361,409.2739,417.8021,0.002704,0.7027,0.7057,0.1461,CURVA_IZQUIERDA
2287,114.35,73.08,66.42,157.95,220.42,66.09,70.76,0.7357,0.736,409.3367,418.0031,0.002704,0.703,0.7078,0.1461,CURVA_IZQUIERDA
2288,114.4,69.77,66.8,154.9,221.48,61.48,64.73,0.7502,0.7403,409.3932,418.204,0.002639,0.7052,0.7117,0.1461,CURVA_IZQUIERDA
2289,114.45,67.15,72.21,142.01,219.86,72.05,66.96,0.7357,0.7389,409.456,418.405,0.002704,0.709,0.7129,0.1461,CURVA_IZQUIERDA
2290,114.5,65.97,66.15,130.44,242.89,74.77,67.17,0.7751,0.7498,409.5125,418.606,0.002639,0.7103,0.7198,0.1461,CURVA_IZQUIERDA
2291,114.55,65.14,68.47,112.93,239.7,64.16,65.09,0.7669,0.7549,409.5753,418.8069,0.002704,0.7171,0.7243,0.1461,CURVA_IZQUIERDA
2292,114.6,67.64,66.12,118.42,247.81,68.18,74.63,0.7656,0.7581,409.6381,419.0079,0.002704,0.7216,0.7281,0.1461,CURVA_IZQUIERDA
2293,114.65,63.38,64.36,104.84,243.16,63.87,69.45,0.8017,0.7712,409.6946,419.2088,0.002639,0.7254,0.7366,0.1461,CURVA_IZQUIERDA
2294,114.7,71.53,64.91,81.7,229.41,64.24,70.03,0.7523,0.7655,409.7574,419.4098,0.002704,0.7339,0.7366,0.1461,CURVA_IZQUIERDA
2295,114.75,64.84,66.77,75.27,225.24,67.85,68.2,0.7782,0.7693,409.814,419.6108,0.002639,0.7339,0.7404,0.1461,CURVA_IZQUIERDA
2296,114.8,65.54,62.5,66.39,205.41,64.45,72.07,0.8002,0.7786,409.8768,419.8117,0.002704,0.7377,0.7468,0.1461,CURVA_IZQUIERDA
2297,114.85,73.55,68.69,69.32,201.12,66.82,65.31,0.7208,0.7612,409.9396,420.0127,0.002704,0.7441,0.7407,0.1461,CURVA_IZQUIERDA
2298,114.9,66.0,66.69,59.79,183.13,65.04,66.46,0.7717,0.7644,409.9961,420.2074,0.002575,0.7381,0.743,0.1461,CURVA_IZQUIERDA
2299,114.95,61.38,69.04,69.54,160.78,63.19,69.22,0.7879,0.7714,410.0589,420.4083,0.002704,0.7403,0.7473,0.1461,CURVA_IZQUIERDA
2300,115.0,64.95,65.15,72.12,152.61,71.12,68.54,0.7871,0.7761,410.1154,420.6093,0.002639,0.7446,0.7508,0.1461,CURVA_IZQUIERDA
2301,115.05,70.99,67.47,64.88,142.53,66.02,70.44,0.74,0.7653,410.1782,420.8102,0.002704,0.7481,0.747,0.1461,CURVA_IZQUIERDA
2302,115.1,58.85,71.88,66.36,118.64,62.15,63.68,0.7911,0.773,410.241,421.0112,0.002704,0.7443,0.7511,0.1461,CURVA_IZQUIERDA
2303,115.15,65.95,68.01,66.41,112.98,67.49,66.24,0.7646,0.7705,410.2975,421.2122,0.002639,0.7485,0.7508,0.1461,CURVA_IZQUIERDA
2304,115.2,70.35,70.98,66.84,97.22,68.17,68.56,0.7246,0.7567,410.3603,421.4131,0.002704,0.7481,0.7447,0.1461,CURVA_IZQUIERDA
2305,115.25,64.6,64.96,62.37,79.52,63.29,63.66,0.7904,0.7668,410.4168,421.6141,0.002639,0.742,0.7491,0.1461,CURVA_IZQUIERDA
2306,115.3,72.34,72.76,70.07,67.23,60.07,66.27,0.7057,0.7485,410.4796,421.815,0.002704,0.7464,0.7405,0.1461,AVANZAR
2307,115.35,64.7,72.24,59.94,66.44,64.18,65.84,0.7501,0.749,410.6806,422.016,0.00412,0.7363,0.7383,0.1461,AVANZAR
2308,115.4,68.5,62.85,72.49,67.21,67.9,64.83,0.781,0.7586,410.8816,422.217,0.00412,0.7342,0.7411,0.1461,AVANZAR
2309,115.45,63.71,72.1,64.86,67.67,64.63,67.44,0.7569,0.7581,411.0825,422.4179,0.00412,0.7369,0.7399,0.1461,AVANZAR
2310,115.5,73.7,65.88,65.76,69.19,70.53,69.05,0.7359,0.7514,411.2835,422.6189,0.00412,0.7357,0.7358,0.1461,AVANZAR
2311,115.55,72.84,65.88,67.31,65.46,67.65,70.14,0.7401,0.748,411.4844,422.8198,0.00412,0.7316,0.7329,0.1461,AVANZAR
2312,115.6,63.65,71.25,68.36,73.8,73.06,65.59,0.7615,0.7521,411.6854,423.0208,0.00412,0.7288,0.7335,0.1461,AVANZAR
2313,115.65,70.81,68.95,68.36,69.33,67.91,65.33,0.7328,0.7463,411.8864,423.2218,0.00412,0.7294,0.7299,0.1461,AVANZAR
2314,115.7,58.09,64.88,71.79,70.05,66.01,72.61,0.8353,0.773,412.0873,423.4227,0.00412,0.7258,0.7418,0.1461,AVANZAR
2315,115.75,62.86,66.24,72.18,66.1,68.29,65.05,0.7937,0.7792,412.2883,423.6237,0.00412,0.7377,0.7459,0.1461,AVANZAR
2316,115.8,92.11,64.74,73.37,73.71,72.74,70.5,0.6734,0.7475,412.4892,423.8246,0.00412,0.7417,0.7318,0.1461,AVANZAR
2317,115.85,120.81,68.86,71.25,68.38,69.6,63.27,0.5837,0.6983,412.6902,424.0256,0.00412,0.7276,0.7066,0.1461,AVANZAR
2318,115.9,143.9,62.75,71.82,68.88,64.55,63.61,0.5859,0.6646,412.8912,424.2266,0.00412,0.7025,0.6854,0.1461,AVANZAR
2319,115.95,231.28,66.88,69.94,60.88,74.41,71.11,0.4934,0.6132,413.0921,424.4275,0.00412,0.6813,0.6539,0.1461,AVANZAR
2320,116.0,370.37,69.35,64.48,66.82,73.79,69.85,0.4383,0.5608,413.2931,424.6285,0.00412,0.6497,0.6189,0.1461,AVANZAR
2321,116.05,346.19,66.63,66.31,66.07,65.99,71.69,0.4582,0.53,413.494,424.8294,0.00412,0.6147,0.5919,0.1461,GIRAR_DERECHA
2322,116.1,414.86,74.79,71.15,68.53,64.5,69.17,0.404,0.4922,413.651,424.6662,-6.4e-05,0.5919,0.5645,0.1461,GIRAR_IZQUIERDA
2323,116.15,318.81,67.11,66.16,65.59,64.86,65.01,0.4618,0.4831,413.494,424.8294,6.4e-05,0.5644,0.5494,0.1461,GIRAR_IZQUIERDA
2324,116.2,212.6,69.94,66.24,69.51,61.78,74.17,0.4864,0.4841,413.3308,424.9864,-6.4e-05,0.5495,0.5403,0.1461,GIRAR_DERECHA
2325,116.25,337.66,65.75,71.86,68.53,71.06,66.09,0.4652,0.4784,413.494,424.8294,6.4e-05,0.5402,0.5292,0.1461,GIRAR_IZQUIERDA
2326,116.3,215.81,70.38,63.44,70.48,73.47,68.86,0.4824,0.4796,413.3308,424.9864,-6.4e-05,0.5293,0.5224,0.1461,GIRAR_DERECHA
2327,116.35,315.06,62.12,69.66,65.82,66.27,68.23,0.4934,0.4837,413.494,424.8294,6.4e-05,0.5224,0.5181,0.1461,GIRAR_IZQUIERDA
2328,116.4,212.33,63.43,59.85,68.51,67.28,68.27,0.5242,0.4959,413.3308,424.9864,-6.4e-05,0.5182,0.5191,0.1461,GIRAR_IZQUIERDA
2329,116.45,149.52,66.45,65.66,67.73,72.4,69.92,0.5565,0.514,413.1738,425.1497,6.4e-05,0.519,0.5245,0.1461,GIRAR_DERECHA
2330,116.5,213.07,67.41,67.87,64.03,61.45,68.95,0.4999,0.5098,413.3308,424.9864,-6.4e-05,0.5246,0.5209,0.1461,GIRAR_DERECHA
2331,116.55,305.55,65.01,66.44,66.4,65.79,64.42,0.4776,0.5001,413.494,424.8294,6.4e-05,0.5209,0.5146,0.1461,GIRAR_IZQUIERDA
2332,116.6,221.7,67.62,70.19,68.02,68.87,64.43,0.4941,0.4983,413.3308,424.9864,-6.4e-05,0.5146,0.5116,0.1461,GIRAR_IZQUIERDA
2333,116.65,152.5,69.58,67.09,70.22,76.65,66.41,0.5358,0.5096,413.1738,425.1497,6.4e-05,0.5116,0.5151,0.1461,GIRAR_DERECHA
2334,116.7,219.73,60.8,67.46,62.36,69.71,69.15,0.5376,0.518,413.3308,424.9864,-6.4e-05,0.5152,0.5184,0.1461,GIRAR_DERECHA
2335,116.75,300.06,63.7,67.49,72.87,67.17,71.97,0.4872,0.5087,413.494,424.8294,6.4e-05,0.5184,0.5138,0.1461,GIRAR_IZQUIERDA
2336,116.8,233.27,58.98,65.05,70.21,70.34,64.96,0.5438,0.5192,413.3308,424.9864,-6.4e-05,0.5139,0.5182,0.1461,GIRAR_DERECHA
2337,116.85,311.55,65.19,61.2,70.76,64.83,66.97,0.4749,0.5059,413.494,424.8294,6.4e-05,0.5182,0.5119,0.1461,GIRAR_IZQUIERDA
2338,116.9,212.56,62.7,62.59,76.22,65.66,65.36,0.5287,0.5128,413.3308,424.9864,-6.4e-05,0.5119,0.5144,0.1461,GIRAR_IZQUIERDA
2339,116.95,167.3,72.37,68.44,68.66,64.18,66.23,0.5067,0.511,413.1738,425.1497,6.4e-05,0.5143,0.5132,0.1461,GIRAR_IZQUIERDA
2340,117.0,113.63,71.99,543.02,59.58,68.72,67.47,0.5809,0.5319,413.0105,425.3067,-6.4e-05,0.5133,0.5231,0.1461,GIRAR_IZQUIERDA
2341,117.05,63.62,62.96,589.56,68.83,61.61,65.55,0.809,0.615,412.8535,425.47,6.4e-05,0.5231,0.5649,0.1461,GIRAR_IZQUIERDA
2342,117.1,68.2,71.71,354.85,75.82,66.33,67.81,0.7324,0.6502,412.6902,425.627,-6.4e-05,0.5649,0.5894,0.1461,GIRAR_IZQUIERDA
2343,117.15,71.33,72.3,229.31,68.34,64.9,62.25,0.713,0.6691,412.5332,425.7903,6.4e-05,0.5893,0.6074,0.1461,CURVA_IZQUIERDA
2344,117.2,62.19,67.18,206.28,67.25,68.64,69.56,0.7928,0.7062,412.5897,425.9912,0.002639,0.6047,0.6322,0.1461,CURVA_IZQUIERDA
2345,117.25,65.27,63.81,150.37,67.12,61.4,61.34,0.7934,0.7324,412.6525,426.1922,0.002704,0.6295,0.6535,0.1461,CURVA_IZQUIERDA
2346,117.3,71.72,62.23,129.85,69.17,72.42,71.57,0.7683,0.7432,412.7153,426.3932,0.002704,0.6508,0.6679,0.1461,CURVA_IZQUIERDA
2347,117.35,64.49,67.79,110.84,392.36,66.57,63.13,0.7746,0.7526,412.7718,426.5941,0.002639,0.6653,0.6813,0.1461,CURVA_IZQUIERDA
2348,117.4,67.64,68.7,88.74,442.78,73.51,65.57,0.7512,0.7522,412.8346,426.7951,0.002704,0.6786,0.6892,0.1461,CURVA_IZQUIERDA
2349,117.45,69.93,68.36,65.76,364.35,67.06,66.77,0.7406,0.7487,412.8912,426.9898,0.002575,0.6866,0.6945,0.1461,CURVA_IZQUIERDA
2350,117.5,72.91,68.91,65.73,330.35,64.04,66.99,0.7226,0.7409,412.954,427.1907,0.002704,0.6918,0.6963,0.1461,CURVA_IZQUIERDA
2351,117.55,67.17,72.15,61.68,307.39,69.25,63.29,0.7359,0.7394,413.0168,427.3917,0.002704,0.6936,0.6998,0.1461,CURVA_IZQUIERDA
2352,117.6,62.61,68.35,67.34,250.38,63.66,68.89,0.7834,0.7526,413.0733,427.5926,0.002639,0.6971,0.7097,0.1461,CURVA_IZQUIERDA
2353,117.65,59.57,73.1,67.18,227.7,71.38,68.58,0.7799,0.7608,413.1361,427.7936,0.002704,0.707,0.7177,0.1461,CURVA_IZQUIERDA
2354,117.7,66.66,70.36,68.97,180.47,66.64,63.67,0.7479,0.7569,413.1926,427.9946,0.002639,0.715,0.7198,0.1461,CURVA_IZQUIERDA
2355,117.75,63.26,70.37,70.4,129.42,66.72,65.71,0.7685,0.7604,413.2554,428.1955,0.002704,0.7171,0.7246,0.1461,CURVA_IZQUIERDA
2356,117.8,71.96,67.62,69.59,123.13,63.78,68.12,0.7344,0.7526,413.3182,428.3965,0.002704,0.7219,0.7238,0.1461,CURVA_IZQUIERDA
2357,117.85,64.91,67.29,69.53,99.59,66.37,63.95,0.7748,0.7593,413.3747,428.5974,0.002639,0.7211,0.729,0.1461,CURVA_IZQUIERDA
2358,117.9,67.66,72.27,64.97,68.12,64.38,67.38,0.7326,0.7513,413.4375,428.7984,0.002704,0.7263,0.7272,0.1461,AVANZAR
2359,117.95,64.96,61.29,69.3,64.85,65.69,68.93,0.8118,0.7694,413.6385,428.9994,0.00412,0.7231,0.736,0.1461,AVANZAR
2360,118.0,67.78,68.56,67.71,66.01,68.79,72.55,0.751,0.7639,413.8394,429.2003,0.00412,0.7319,0.7347,0.1461,AVANZAR
2361,118.05,63.16,65.78,69.65,65.78,63.05,71.02,0.7945,0.7731,414.0404,429.4013,0.00412,0.7306,0.7399,0.1461,AVANZAR
2362,118.1,66.67,68.07,72.65,69.59,66.82,68.31,0.76,0.7692,414.2414,429.6022,0.00412,0.7358,0.7394,0.1461,AVANZAR
2363,118.15,66.63,68.42,66.73,70.29,75.54,67.93,0.7584,0.7659,414.4423,429.8032,0.00412,0.7352,0.7386,0.1461,AVANZAR
2364,118.2,66.01,68.62,72.46,69.26,72.0,63.72,0.7609,0.7644,414.6433,430.0042,0.00412,0.7345,0.7384,0.1461,AVANZAR
2365,118.25,65.18,61.8,68.38,67.65,67.15,64.09,0.807,0.7772,414.8442,430.2051,0.00412,0.7342,0.7449,0.1461,AVANZAR
2366,118.3,67.4,66.14,63.33,65.63,66.04,71.04,0.7669,0.7741,415.0452,430.4061,0.00412,0.7407,0.7446,0.1461,AVANZAR
2367,118.35,64.44,71.48,66.15,62.65,66.32,65.41,0.7554,0.7685,415.2399,430.607,0.004055,0.7405,0.7427,0.1461,AVANZAR
2368,118.4,68.27,69.5,68.09,69.94,63.56,64.3,0.7433,0.7609,415.4408,430.808,0.00412,0.7386,0.7393,0.1461,AVANZAR
2369,118.45,65.3,64.73,66.01,64.73,70.86,72.82,0.7875,0.7689,415.6418,431.009,0.00412,0.7351,0.7428,0.1461,AVANZAR
2370,118.5,66.38,63.65,68.48,57.08,74.57,66.77,0.7879,0.7746,415.8428,431.2099,0.00412,0.7387,0.7459,0.1461,AVANZAR
2371,118.55,63.61,68.42,70.34,66.27,65.66,74.54,0.7766,0.7752,416.0437,431.4109,0.00412,0.7417,0.7468,0.1461,AVANZAR
2372,118.6,67.83,63.68,64.66,66.66,68.99,67.65,0.7794,0.7765,416.2447,431.6118,0.00412,0.7427,0.7481,0.1461,AVANZAR
2373,118.65,67.84,63.65,66.91,72.01,68.64,68.98,0.7795,0.7774,416.4456,431.8128,0.00412,0.744,0.7492,0.1461,AVANZAR
2374,118.7,66.63,66.33,68.31,67.21,68.08,68.7,0.7701,0.7752,416.6466,432.0138,0.00412,0.745,0.7487,0.1461,AVANZAR
2375,118.75,66.84,64.52,67.97,63.11,64.56,71.6,0.7798,0.7766,416.8476,432.2147,0.00412,0.7446,0.7497,0.1461,AVANZAR
2376,118.8,64.26,66.03,63.21,65.19,59.7,67.37,0.7861,0.7794,417.0485,432.4157,0.00412,0.7456,0.7515,0.1461,AVANZAR
2377,118.85,58.91,67.38,67.86,70.02,63.41,70.77,0.8145,0.79,417.2495,432.6166,0.00412,0.7474,0.7572,0.1461,AVANZAR
2378,118.9,67.2,62.97,76.5,63.89,64.21,70.34,0.7875,0.7892,417.4504,432.8176,0.00412,0.7531,0.7581,0.1461,AVANZAR
2379,118.95,69.44,69.31,73.77,69.45,65.4,65.46,0.738,0.7739,417.6514,433.0186,0.00412,0.754,0.7517,0.1461,AVANZAR
2380,119.0,64.79,68.42,71.14,72.65,62.37,68.33,0.7693,0.7725,417.8524,433.2195,0.00412,0.7475,0.7507,0.1461,AVANZAR
2381,119.05,63.9,70.8,65.72,62.76,62.02,70.94,0.7622,0.7694,418.0533,433.4205,0.00412,0.7466,0.7489,0.1461,AVANZAR
2382,119.1,66.14,69.39,76.84,65.75,66.79,64.24,0.756,0.7654,418.2543,433.6214,0.00412,0.7448,0.7464,0.1461,AVANZAR
2383,119.15,72.18,67.01,66.55,66.27,68.99,66.17,0.7367,0.7568,418.4552,433.8224,0.00412,0.7423,0.7415,0.1461,AVANZAR
2384,119.2,69.58,69.52,69.53,70.13,69.95,68.09,0.7362,0.7506,418.6562,434.0234,0.00412,0.7373,0.7372,0.1461,AVANZAR
2385,119.25,71.41,66.48,65.6,62.62,78.7,64.54,0.7436,0.7485,418.8572,434.2243,0.00412,0.7331,0.7346,0.1461,CURVA_DERECHA
2386,119.3,70.94,66.22,64.91,65.96,65.03,66.16,0.7475,0.7482,419.0581,434.2808,0.002639,0.732,0.7342,0.1461,AVANZAR
2387,119.35,64.17,61.59,67.43,63.76,64.51,64.55,0.8146,0.7681,419.2591,434.4818,0.00412,0.7301,0.7424,0.1461,AVANZAR
2388,119.4,63.53,68.38,65.43,66.13,68.28,68.63,0.7773,0.7709,419.46,434.6828,0.00412,0.7383,0.744,0.1461,AVANZAR
2389,119.45,62.81,69.87,65.37,67.5,68.36,68.95,0.774,0.7718,419.661,434.8837,0.00412,0.7399,0.7449,0.1461,AVANZAR
2390,119.5,63.47,62.37,63.73,68.64,65.95,66.15,0.8138,0.7844,419.862,435.0847,0.00412,0.7408,0.7514,0.1461,AVANZAR
2391,119.55,69.23,61.65,68.95,71.79,68.1,69.98,0.785,0.7846,420.0629,435.2856,0.00412,0.7473,0.7528,0.1461,AVANZAR
2392,119.6,63.94,65.89,74.6,66.76,69.09,67.11,0.7889,0.7859,420.2639,435.4866,0.00412,0.7487,0.7546,0.1461,AVANZAR
2393,119.65,107.21,62.94,68.53,71.59,66.71,69.32,0.6455,0.7438,420.4648,435.6876,0.00412,0.7505,0.7351,0.1461,AVANZAR
2394,119.7,133.21,67.95,69.18,65.34,67.49,72.61,0.5689,0.6913,420.6658,435.8885,0.00412,0.731,0.7073,0.1461,AVANZAR
2395,119.75,200.84,68.15,199.64,68.88,66.45,58.53,0.5031,0.6349,420.8668,436.0895,0.00412,0.7032,0.674,0.1461,CURVA_IZQUIERDA
2396,119.8,256.81,65.52,311.36,66.72,66.78,68.6,0.4904,0.5915,420.9233,436.2904,0.002639,0.6713,0.6449,0.1461,CURVA_IZQUIERDA
2397,119.85,449.18,70.77,602.63,67.58,67.6,66.23,0.4188,0.5397,420.9861,436.4914,0.002704,0.6422,0.6095,0.1461,CURVA_IZQUIERDA
2398,119.9,315.49,67.32,633.31,69.06,66.14,67.02,0.4614,0.5162,421.0489,436.6924,0.002704,0.6068,0.5856,0.1461,GIRAR_IZQUIERDA
2399,119.95,230.16,63.12,936.67,67.12,62.81,68.2,0.5168,0.5164,420.8856,436.8494,-6.4e-05,0.5857,0.5756,0.1461,GIRAR_IZQUIERDA
2400,120.0,166.29,68.22,991.97,67.83,70.82,66.52,0.5292,0.5202,420.7286,437.0126,6.4e-05,0.5755,0.5688,0.1461,GIRAR_IZQUIERDA
2401,120.05,119.04,61.21,767.73,67.03,77.36,65.46,0.6333,0.5541,420.5653,437.1696,-6.4e-05,0.5688,0.5782,0.1461,GIRAR_IZQUIERDA
2402,120.1,64.93,64.2,490.04,186.9,70.76,63.79,0.793,0.6258,420.4083,437.3329,6.4e-05,0.5782,0.6096,0.1461,CURVA_IZQUIERDA
2403,120.15,66.91,67.19,468.87,211.28,64.56,68.23,0.7636,0.6672,420.4648,437.5339,0.002639,0.6069,0.6298,0.1461,CURVA_IZQUIERDA
2404,120.2,67.65,66.67,348.69,235.68,63.27,75.48,0.7624,0.6957,420.5276,437.7348,0.002704,0.6271,0.6469,0.1461,CURVA_IZQUIERDA
2405,120.25,64.76,72.34,337.93,282.27,64.28,70.06,0.7492,0.7118,420.5842,437.9358,0.002639,0.6442,0.6596,0.1461,CURVA_IZQUIERDA
2406,120.3,72.46,65.52,282.17,308.74,69.66,67.3,0.744,0.7214,420.647,438.1368,0.002704,0.6569,0.6696,0.1461,CURVA_IZQUIERDA
2407,120.35,67.8,62.88,222.6,331.71,66.71,64.7,0.7847,0.7404,420.7098,438.3314,0.002639,0.667,0.6842,0.1461,CURVA_IZQUIERDA
2408,120.4,69.61,69.5,199.04,403.28,68.99,68.42,0.7361,0.7391,420.7663,438.5324,0.002639,0.6815,0.6895,0.1461,CURVA_IZQUIERDA
2409,120.45,70.08,65.01,150.67,372.03,59.89,71.36,0.7591,0.7451,420.8291,438.7334,0.002704,0.6868,0.6974,0.1461,CURVA_IZQUIERDA
2410,120.5,69.87,69.16,146.28,373.26,67.36,68.07,0.7365,0.7425,420.8856,438.9343,0.002639,0.6947,0.7008,0.1461,CURVA_IZQUIERDA
2411,120.55,65.59,65.93,114.91,405.56,71.48,66.43,0.7786,0.7533,420.9484,439.1353,0.002704,0.6981,0.7099,0.1461,CURVA_IZQUIERDA
2412,120.6,67.35,69.87,87.58,387.31,68.19,69.88,0.7465,0.7513,421.0112,439.3362,0.002704,0.7072,0.7129,0.1461,CURVA_IZQUIERDA
2413,120.65,64.91,64.26,69.14,357.23,64.81,64.01,0.7928,0.7637,421.0677,439.5372,0.002639,0.7103,0.7223,0.1461,CURVA_IZQUIERDA
2414,120.7,68.08,62.1,66.21,335.59,68.83,71.1,0.7883,0.7711,421.1305,439.7382,0.002704,0.7196,0.7297,0.1461,CURVA_IZQUIERDA
2415,120.75,71.94,64.26,69.41,304.54,68.21,63.15,0.7542,0.766,421.187,439.9391,0.002639,0.727,0.731,0.1461,CURVA_IZQUIERDA
2416,120.8,74.81,64.67,73.88,269.34,70.2,63.17,0.7381,0.7576,421.2498,440.1401,0.002704,0.7283,0.7297,0.1461,CURVA_IZQUIERDA
2417,120.85,68.92,59.68,68.46,228.4,65.77,68.56,0.8004,0.7705,421.3126,440.341,0.002704,0.727,0.7377,0.1461,CURVA_IZQUIERDA
2418,120.9,68.87,68.2,65.58,178.65,67.93,72.34,0.7471,0.7635,421.3692,440.542,0.002639,0.7351,0.7368,0.1461,CURVA_IZQUIERDA
2419,120.95,71.08,69.44,66.99,148.79,69.39,63.57,0.7288,0.7531,421.432,440.743,0.002704,0.7341,0.7334,0.1461,CURVA_IZQUIERDA
2420,121.0,64.14,70.87,70.22,114.37,63.48,68.0,0.7604,0.7553,421.4885,440.9439,0.002639,0.7307,0.7351,0.1461,CURVA_IZQUIERDA
2421,121.05,65.24,64.47,59.93,109.95,67.92,66.21,0.7895,0.7655,421.5513,441.1449,0.002704,0.7324,0.7407,0.1461,CURVA_IZQUIERDA
2422,121.1,65.79,68.25,70.1,75.69,67.21,65.21,0.7642,0.7651,421.6141,441.3458,0.002704,0.738,0.7418,0.1461,AVANZAR
2423,121.15,67.87,66.45,70.22,71.03,68.7,64.27,0.7624,0.7643,421.815,441.5468,0.00412,0.7377,0.7413,0.1461,AVANZAR
2424,121.2,64.47,70.3,63.41,65.09,62.79,66.85,0.7613,0.7634,422.016,441.7478,0.00412,0.7372,0.7407,0.1461,AVANZAR
2425,121.25,63.79,65.76,66.68,68.46,72.31,73.17,0.7906,0.7716,422.217,441.9487,0.00412,0.7366,0.7445,0.1461,AVANZAR
2426,121.3,67.54,67.8,61.48,73.31,69.03,61.33,0.7566,0.7671,422.4179,442.1497,0.00412,0.7404,0.7427,0.1461,AVANZAR
2427,121.35,70.82,64.95,68.9,62.74,64.14,61.14,0.7556,0.7636,422.6189,442.3506,0.00412,0.7386,0.7411,0.1461,AVANZAR
2428,121.4,66.97,66.56,64.59,62.4,68.76,63.21,0.7669,0.7646,422.8198,442.5516,0.00412,0.737,0.7414,0.1461,AVANZAR
2429,121.45,71.52,64.13,69.05,67.43,63.4,65.4,0.7571,0.7624,423.0145,442.7526,0.004055,0.7373,0.7402,0.1461,AVANZAR
2430,121.5,62.04,64.47,67.44,69.99,59.92,64.71,0.8097,0.7766,423.2155,442.9535,0.00412,0.7361,0.7468,0.1461,AVANZAR
2431,121.55,60.97,65.62,70.73,66.13,61.82,69.25,0.81,0.7866,423.4164,443.1545,0.00412,0.7427,0.7525,0.1461,AVANZAR
2432,121.6,71.66,67.16,66.59,68.1,66.71,64.56,0.7384,0.7722,423.6174,443.3554,0.00412,0.7484,0.747,0.1461,AVANZAR
2433,121.65,61.3,63.74,69.13,66.8,62.93,70.33,0.8193,0.7863,423.8184,443.5564,0.00412,0.7429,0.754,0.1461,AVANZAR
2434,121.7,68.24,61.08,70.77,66.24,77.02,64.01,0.7943,0.7887,424.0193,443.7574,0.00412,0.7499,0.7564,0.1461,AVANZAR
2435,121.75,68.41,58.03,65.65,61.59,67.93,65.02,0.8153,0.7967,424.2203,443.9583,0.00412,0.7523,0.7615,0.1461,AVANZAR
2436,121.8,70.16,72.88,69.79,67.8,67.61,71.37,0.7162,0.7725,424.4212,444.1593,0.00412,0.7574,0.7513,0.1461,AVANZAR
2437,121.85,68.35,70.16,67.4,68.91,66.87,65.98,0.7394,0.7626,424.6222,444.3602,0.00412,0.7472,0.7461,0.1461,AVANZAR
2438,121.9,64.48,60.94,69.12,62.25,68.22,63.16,0.8172,0.779,424.8232,444.5612,0.00412,0.742,0.7529,0.1461,AVANZAR
2439,121.95,62.96,68.14,71.63,68.82,62.13,59.51,0.7823,0.78,425.0241,444.7622,0.00412,0.7488,0.7537,0.1461,AVANZAR
2440,122.0,71.7,65.2,62.99,68.25,66.1,70.42,0.7497,0.7709,425.2251,444.9631,0.00412,0.7496,0.7496,0.1461,AVANZAR
2441,122.05,74.54,70.4,65.9,63.11,68.25,68.67,0.7071,0.7517,425.426,445.1641,0.00412,0.7455,0.7399,0.1461,AVANZAR
2442,122.1,68.0,66.13,64.71,63.8,61.75,67.51,0.7636,0.7553,425.627,445.365,0.00412,0.7358,0.7398,0.1461,AVANZAR
2443,122.15,68.48,65.74,63.66,64.18,70.77,66.15,0.7632,0.7577,425.828,445.5597,0.004055,0.7358,0.7398,0.1461,AVANZAR
2444,122.2,67.11,65.41,68.49,63.3,63.96,65.13,0.7728,0.7622,426.0289,445.7607,0.00412,0.7357,0.7411,0.1461,AVANZAR
2445,122.25,64.93,65.58,66.22,60.32,63.19,68.52,0.7847,0.769,426.2299,445.9616,0.00412,0.737,0.7439,0.1461,AVANZAR
2446,122.3,65.08,66.26,69.33,71.49,66.14,73.78,0.7797,0.7722,426.4308,446.1626,0.00412,0.7398,0.7456,0.1461,AVANZAR
2447,122.35,75.02,64.99,67.17,67.79,74.25,72.23,0.7351,0.7611,426.6318,446.3636,0.00412,0.7415,0.7406,0.1461,AVANZAR
2448,122.4,62.69,70.52,72.09,63.48,70.19,60.8,0.7714,0.7642,426.8328,446.5645,0.00412,0.7365,0.7416,0.1461,AVANZAR
2449,122.45,67.44,62.13,70.41,74.52,68.81,66.51,0.7917,0.7724,427.0337,446.7655,0.00412,0.7375,0.7454,0.1461,AVANZAR
2450,122.5,72.06,60.35,61.02,64.6,66.25,72.03,0.7795,0.7745,427.2347,446.9664,0.00412,0.7413,0.7468,0.1461,AVANZAR
2451,122.55,63.9,68.74,64.4,66.86,64.43,68.26,0.7731,0.7741,427.4356,447.1674,0.00412,0.7427,0.7472,0.1461,AVANZAR
2452,122.6,66.48,71.45,69.52,69.05,66.22,70.12,0.7434,0.7649,427.6366,447.3684,0.00412,0.743,0.7431,0.1461,AVANZAR
2453,122.65,59.69,69.14,64.76,67.4,67.96,64.35,0.7992,0.7752,427.8376,447.5693,0.00412,0.739,0.7478,0.1461,AVANZAR
2454,122.7,69.1,61.81,64.63,68.22,70.51,69.69,0.7846,0.778,428.0385,447.7703,0.00412,0.7436,0.7496,0.1461,AVANZAR
2455,122.75,70.69,66.88,61.74,69.85,70.47,69.91,0.7449,0.7681,428.2395,447.9712,0.00412,0.7455,0.7454,0.1461,AVANZAR
2456,122.8,65.02,71.45,65.94,72.14,64.46,66.91,0.752,0.7633,428.4404,448.1722,0.00412,0.7413,0.7429,0.1461,AVANZAR
2457,122.85,71.4,64.79,70.31,60.12,66.99,66.45,0.7537,0.7604,428.6414,448.3732,0.00412,0.7388,0.7409,0.1461,AVANZAR
2458,122.9,66.82,68.08,63.82,66.14,66.95,67.58,0.7591,0.76,428.8424,448.5741,0.00412,0.7368,0.7401,0.1461,AVANZAR
2459,122.95,68.48,68.16,66.2,70.14,65.8,68.81,0.7494,0.7568,429.0433,448.7751,0.00412,0.736,0.7379,0.1461,AVANZAR
2460,123.0,71.55,70.98,64.29,66.37,71.62,60.52,0.7184,0.7453,429.2443,448.976,0.00412,0.7338,0.7316,0.1461,AVANZAR
2461,123.05,65.02,72.51,69.81,66.24,67.32,68.34,0.7468,0.7457,429.4452,449.177,0.00412,0.7274,0.7303,0.1461,AVANZAR
2462,123.1,65.04,69.06,67.87,67.27,72.36,65.0,0.7643,0.7513,429.6462,449.378,0.00412,0.7261,0.7317,0.1461,AVANZAR
2463,123.15,67.64,68.61,71.71,66.12,66.17,66.72,0.7516,0.7514,429.8472,449.5789,0.00412,0.7276,0.7311,0.1461,AVANZAR
2464,123.2,71.79,66.0,71.96,67.35,69.62,72.35,0.7445,0.7493,430.0481,449.7799,0.00412,0.727,0.7295,0.1461,AVANZAR
2465,123.25,63.02,68.8,68.91,63.87,66.65,65.07,0.7783,0.758,430.2491,449.9808,0.00412,0.7254,0.7332,0.1461,AVANZAR
2466,123.3,65.54,72.6,60.74,68.62,67.25,62.22,0.7432,0.7536,430.4438,450.1818,0.004055,0.7291,0.7312,0.1461,AVANZAR
2467,123.35,69.22,63.62,74.04,64.96,66.64,71.61,0.7722,0.7592,430.6447,450.3828,0.00412,0.727,0.7336,0.1461,AVANZAR
2468,123.4,61.84,65.93,76.89,65.36,68.89,67.67,0.8022,0.7721,430.8457,450.5837,0.00412,0.7295,0.7401,0.1461,AVANZAR
2469,123.45,71.61,70.44,76.79,65.64,65.93,63.9,0.7209,0.7568,431.0466,450.7847,0.00412,0.736,0.7338,0.1461,AVANZAR
2470,123.5,62.79,66.17,66.64,60.78,64.46,70.88,0.7946,0.7681,431.2476,450.9856,0.00412,0.7297,0.7392,0.1461,AVANZAR
2471,123.55,64.44,69.89,65.02,65.99,67.14,65.8,0.7636,0.7668,431.4486,451.1866,0.00412,0.7351,0.7392,0.1461,AVANZAR
2472,123.6,61.61,65.55,70.78,67.06,68.29,66.66,0.8061,0.7785,431.6495,451.3876,0.00412,0.7351,0.7455,0.1461,AVANZAR
2473,123.65,71.99,69.68,73.26,68.28,72.53,68.94,0.723,0.7619,431.8505,451.5885,0.00412,0.7414,0.7387,0.1461,AVANZAR
2474,123.7,66.67,67.72,68.52,68.05,64.28,68.81,0.762,0.7619,432.0514,451.7895,0.00412,0.7346,0.7386,0.1461,AVANZAR
2475,123.75,59.0,66.88,72.31,66.48,72.06,70.12,0.8167,0.7783,432.2524,451.9904,0.00412,0.7345,0.7465,0.1461,AVANZAR
2476,123.8,69.24,62.06,69.31,66.64,63.97,63.78,0.7822,0.7795,432.4534,452.1914,0.00412,0.7423,0.7482,0.1461,AVANZAR
2477,123.85,67.11,67.64,72.03,65.95,69.94,69.56,0.76,0.7736,432.6543,452.3924,0.00412,0.7441,0.7464,0.1461,AVANZAR
2478,123.9,72.63,67.32,64.54,67.45,69.71,60.94,0.7328,0.7614,432.8553,452.5933,0.00412,0.7423,0.7409,0.1461,AVANZAR
2479,123.95,63.81,65.5,67.94,64.54,61.81,66.99,0.792,0.7706,433.0562,452.7943,0.00412,0.7367,0.7448,0.1461,AVANZAR
2480,124.0,68.04,72.32,72.04,69.7,68.55,66.88,0.7302,0.7585,433.2572,452.9952,0.00412,0.7407,0.7392,0.1461,AVANZAR
2481,124.05,64.27,62.52,70.9,66.49,65.68,66.79,0.8078,0.7733,433.4582,453.1899,0.004055,0.7351,0.7457,0.1461,AVANZAR
2482,124.1,66.34,67.19,65.56,65.37,72.55,68.34,0.7669,0.7714,433.6591,453.3909,0.00412,0.7416,0.7453,0.1461,AVANZAR
2483,124.15,68.82,66.73,60.54,73.0,60.86,64.4,0.7556,0.7666,433.8601,453.5918,0.00412,0.7412,0.7433,0.1461,AVANZAR
2484,124.2,69.61,69.19,71.07,71.33,67.37,69.89,0.7378,0.758,434.061,453.7928,0.00412,0.7392,0.739,0.1461,AVANZAR
2485,124.25,73.36,62.68,70.77,63.28,66.02,72.95,0.7574,0.7578,434.262,453.9938,0.00412,0.7349,0.7381,0.1461,AVANZAR
2486,124.3,63.63,65.85,65.39,66.77,70.68,64.57,0.7911,0.7678,434.463,454.1947,0.00412,0.734,0.7424,0.1461,AVANZAR
2487,124.35,62.5,67.28,66.12,66.87,72.15,69.23,0.7901,0.7745,434.6639,454.3957,0.00412,0.7383,0.7458,0.1461,AVANZAR
2488,124.4,64.13,69.7,73.23,68.72,69.48,63.03,0.7665,0.7721,434.8649,454.5966,0.00412,0.7417,0.7453,0.1461,AVANZAR
2489,124.45,70.38,67.74,61.3,61.62,66.76,71.45,0.7417,0.763,435.0658,454.7976,0.00412,0.7412,0.7413,0.1461,AVANZAR
2490,124.5,66.91,68.09,71.04,69.14,70.23,70.68,0.7586,0.7617,435.2668,454.9986,0.00412,0.7372,0.7403,0.1461,AVANZAR
2491,124.55,69.27,68.59,63.61,63.9,72.26,63.9,0.7428,0.756,435.4678,455.1995,0.00412,0.7362,0.7371,0.1461,AVANZAR
2492,124.6,69.28,67.23,70.05,60.14,68.17,68.89,0.7503,0.7543,435.6687,455.4005,0.00412,0.733,0.7355,0.1461,AVANZAR
2493,124.65,66.2,65.03,63.75,68.41,61.19,64.2,0.7803,0.7621,435.8697,455.6014,0.00412,0.7314,0.7386,0.1461,AVANZAR
2494,124.7,66.75,65.92,66.36,68.34,66.21,72.46,0.7718,0.765,436.0706,455.8024,0.00412,0.7345,0.7399,0.1461,AVANZAR
2495,124.75,72.18,62.53,67.78,64.21,72.2,62.49,0.7641,0.7647,436.2716,456.0034,0.00412,0.7358,0.7399,0.1461,AVANZAR
2496,124.8,65.09,68.67,71.81,68.41,68.64,65.47,0.7661,0.7651,436.4726,456.2043,0.00412,0.7358,0.7402,0.1461,AVANZAR
2497,124.85,68.16,66.62,64.16,71.19,71.08,65.1,0.7599,0.7635,436.6735,456.4053,0.00412,0.7361,0.7396,0.1461,AVANZAR
2498,124.9,67.11,63.89,69.1,61.93,73.22,60.51,0.7822,0.7691,436.8745,456.6062,0.00412,0.7355,0.7423,0.1461,AVANZAR
2499,124.95,62.36,67.74,65.41,66.99,69.55,64.68,0.7884,0.7749,437.0754,456.8072,0.00412,0.7382,0.7455,0.1461,AVANZAR
2500,125.0,65.15,71.31,68.38,64.44,69.19,73.05,0.7519,0.768,437.2764,457.0082,0.00412,0.7414,0.7429,0.1461,AVANZAR
2501,125.05,67.15,74.37,71.78,68.54,65.42,65.09,0.7255,0.7552,437.4774,457.2091,0.00412,0.7388,0.7368,0.1461,AVANZAR
2502,125.1,68.37,66.97,68.62,67.23,67.49,68.63,0.7567,0.7557,437.6783,457.4101,0.00412,0.7327,0.7362,0.1461,AVANZAR
2503,125.15,64.59,69.96,64.28,64.66,68.7,74.03,0.7623,0.7577,437.873,457.611,0.004055,0.7322,0.7366,0.1461,AVANZAR
2504,125.2,62.37,65.09,68.34,68.26,66.99,68.19,0.8038,0.7715,438.074,457.812,0.00412,0.7325,0.7429,0.1461,AVANZAR
2505,125.25,67.68,68.32,70.04,70.89,70.5,61.55,0.753,0.7659,438.2749,458.013,0.00412,0.7388,0.7408,0.1461,AVANZAR
2506,125.3,68.47,69.28,66.09,69.69,69.61,66.95,0.7434,0.7592,438.4759,458.2139,0.00412,0.7367,0.7377,0.1461,AVANZAR
2507,125.35,66.17,65.54,67.57,65.65,68.94,64.52,0.7775,0.7647,438.6768,458.4149,0.00412,0.7336,0.74,0.1461,AVANZAR
2508,125.4,71.12,68.57,68.74,68.51,69.61,64.32,0.7333,0.7553,438.8778,458.6158,0.00412,0.7359,0.7355,0.1461,AVANZAR
2509,125.45,65.7,66.09,65.18,69.86,65.29,66.26,0.777,0.7618,439.0788,458.8168,0.00412,0.7314,0.738,0.1461,AVANZAR
2510,125.5,66.5,68.58,68.47,68.72,68.26,66.22,0.7583,0.7607,439.2797,459.0178,0.00412,0.7339,0.7375,0.1461,AVANZAR
2511,125.55,68.09,72.83,74.97,59.49,73.54,68.48,0.7275,0.7507,439.4807,459.2187,0.00412,0.7334,0.7325,0.1461,AVANZAR
2512,125.6,68.4,64.87,68.96,70.17,64.92,69.91,0.7689,0.7562,439.6816,459.4197,0.00412,0.7284,0.7343,0.1461,AVANZAR
2513,125.65,61.46,68.6,67.36,60.85,68.02,71.98,0.7897,0.7663,439.8826,459.6206,0.00412,0.7302,0.7389,0.1461,AVANZAR
2514,125.7,59.92,65.62,62.4,66.21,66.43,78.52,0.8174,0.7816,440.0836,459.8216,0.00412,0.7348,0.7468,0.1461,CURVA_DERECHA
2515,125.75,65.83,65.21,69.97,68.95,66.37,75.68,0.7815,0.7816,440.2845,459.8781,0.002639,0.7442,0.7496,0.1461,AVANZAR
2516,125.8,69.93,70.53,63.67,64.18,71.76,81.45,0.7291,0.7658,440.4855,460.0791,0.00412,0.7455,0.7431,0.1461,CURVA_DERECHA
2517,125.85,72.07,71.54,65.33,66.15,61.79,80.56,0.713,0.75,440.6864,460.1419,0.002704,0.7404,0.7364,0.1461,CURVA_DERECHA
2518,125.9,69.6,65.98,65.78,69.98,71.35,79.52,0.7558,0.7517,440.8874,460.1984,0.002639,0.7338,0.737,0.1461,CURVA_DERECHA
2519,125.95,65.18,63.64,69.65,71.69,79.89,77.15,0.795,0.7647,441.0884,460.2612,0.002704,0.7343,0.7432,0.1461,CURVA_DERECHA
2520,126.0,64.62,74.64,67.12,68.0,92.34,70.83,0.7391,0.757,441.2893,460.324,0.002704,0.7405,0.7403,0.1461,CURVA_DERECHA
2521,126.05,76.38,67.31,66.43,75.05,98.75,70.83,0.7155,0.7446,441.4903,460.3805,0.002639,0.7376,0.7344,0.1461,CURVA_DERECHA
2522,126.1,74.3,66.3,62.73,72.52,99.45,62.86,0.7306,0.7404,441.6912,460.4433,0.002704,0.7317,0.7315,0.1461,CURVA_DERECHA
2523,126.15,69.34,64.1,62.89,65.39,103.73,68.22,0.7686,0.7489,441.8922,460.4998,0.002639,0.7289,0.7347,0.1461,CURVA_DERECHA
2524,126.2,64.53,69.54,67.74,63.06,104.27,70.33,0.7648,0.7536,442.0932,460.5626,0.002704,0.732,0.7368,0.1461,CURVA_DERECHA
2525,126.25,67.33,74.13,66.11,68.39,108.93,65.12,0.7256,0.7452,442.2941,460.6254,0.002704,0.7341,0.7328,0.1461,CURVA_DERECHA
2526,126.3,67.25,64.38,67.22,67.67,105.17,66.37,0.7783,0.7552,442.4951,460.682,0.002639,0.7302,0.7372,0.1461,CURVA_DERECHA
2527,126.35,65.89,68.81,73.64,71.1,109.48,62.38,0.7606,0.7568,442.696,460.7448,0.002704,0.7345,0.7383,0.1461,CURVA_DERECHA
2528,126.4,67.88,65.26,66.95,69.53,108.11,66.97,0.7694,0.7606,442.897,460.8013,0.002639,0.7357,0.7406,0.1461,CURVA_DERECHA
2529,126.45,69.23,72.43,62.91,64.8,104.01,65.59,0.7232,0.7494,443.098,460.8641,0.002704,0.7379,0.7358,0.1461,CURVA_DERECHA
2530,126.5,65.61,63.65,70.44,71.74,104.36,64.11,0.7924,0.7623,443.2989,460.9269,0.002704,0.7331,0.7417,0.1461,CURVA_DERECHA
2531,126.55,64.96,69.5,69.34,72.1,93.64,68.02,0.7624,0.7623,443.4999,460.9834,0.002639,0.7391,0.7425,0.1461,CURVA_DERECHA
2532,126.6,66.86,69.26,62.69,65.54,81.92,64.54,0.7525,0.7594,443.7008,461.0462,0.002704,0.7398,0.7417,0.1461,CURVA_DERECHA
2533,126.65,72.48,71.58,72.04,68.83,77.5,63.03,0.7108,0.7448,443.9018,461.1027,0.002639,0.739,0.7349,0.1461,AVANZAR
2534,126.7,63.39,66.85,75.39,68.11,65.19,69.74,0.7868,0.7574,444.1028,461.3037,0.00412,0.7308,0.739,0.1461,AVANZAR
2535,126.75,72.07,66.74,62.68,67.53,70.32,67.21,0.7388,0.7518,444.3037,461.5046,0.00412,0.7348,0.7354,0.1461,AVANZAR
2536,126.8,63.12,72.34,65.34,67.15,72.07,69.76,0.7595,0.7541,444.5047,461.7056,0.00412,0.7313,0.7354,0.1461,AVANZAR
2537,126.85,64.78,69.4,64.95,71.1,68.36,65.55,0.7641,0.7571,444.7056,461.9066,0.00412,0.7313,0.7361,0.1461,AVANZAR
2538,126.9,64.67,64.55,68.32,65.53,68.37,72.07,0.7924,0.7677,444.9066,462.1075,0.00412,0.732,0.7408,0.1461,AVANZAR
2539,126.95,63.34,70.67,67.2,66.02,75.45,67.78,0.7664,0.7673,445.1076,462.3085,0.00412,0.7367,0.741,0.1461,AVANZAR
2540,127.0,65.41,61.76,62.5,63.73,64.38,65.37,0.8059,0.7789,445.3022,462.5094,0.004055,0.737,0.747,0.1461,AVANZAR
2541,127.05,63.55,68.25,70.06,66.13,65.99,67.26,0.7779,0.7786,445.5032,462.7104,0.00412,0.7429,0.748,0.1461,AVANZAR
2542,127.1,64.26,68.16,64.81,64.2,68.9,61.75,0.7739,0.7772,445.7042,462.9114,0.00412,0.7439,0.7483,0.1461,AVANZAR
2543,127.15,69.96,69.42,69.83,66.3,64.11,67.14,0.7347,0.7645,445.9051,463.1123,0.00412,0.7442,0.7428,0.1461,AVANZAR
2544,127.2,65.69,66.14,66.05,62.98,69.81,61.72,0.7768,0.7682,446.1061,463.3133,0.00412,0.7387,0.7442,0.1461,AVANZAR
2545,127.25,63.53,66.17,69.63,72.06,59.76,64.04,0.7898,0.7747,446.307,463.5142,0.00412,0.7401,0.7474,0.1461,AVANZAR
2546,127.3,71.57,72.51,64.53,68.37,68.51,77.25,0.7107,0.7555,446.508,463.7152,0.00412,0.7433,0.7385,0.1461,AVANZAR
2547,127.35,69.71,70.59,71.22,65.52,59.48,62.5,0.7299,0.7478,446.709,463.9162,0.00412,0.7344,0.7337,0.1461,AVANZAR
2548,127.4,65.03,71.1,68.23,66.2,66.73,59.56,0.7537,0.7496,446.9099,464.1171,0.00412,0.7296,0.7331,0.1461,AVANZAR
2549,127.45,62.5,64.64,64.37,68.87,70.68,70.51,0.8056,0.7664,447.1109,464.3181,0.00412,0.729,0.7402,0.1461,AVANZAR
2550,127.5,68.52,64.83,68.1,65.17,65.04,67.26,0.7685,0.767,447.3118,464.519,0.00412,0.7361,0.7408,0.1461,AVANZAR
2551,127.55,66.97,66.83,69.69,69.16,64.65,64.22,0.7653,0.7665,447.5128,464.72,0.00412,0.7367,0.7409,0.1461,AVANZAR
2552,127.6,67.39,63.44,63.82,70.04,70.31,64.23,0.7834,0.7716,447.7138,464.921,0.00412,0.7368,0.7436,0.1461,AVANZAR
2553,127.65,67.25,61.3,66.72,61.99,70.88,70.46,0.7983,0.7796,447.9147,465.1219,0.00412,0.7395,0.7481,0.1461,AVANZAR
2554,127.7,64.8,57.98,67.78,68.63,70.36,67.99,0.8366,0.7967,448.1157,465.3229,0.00412,0.7439,0.7575,0.1461,AVANZAR
2555,127.75,67.6,61.67,68.2,64.64,73.63,69.24,0.7938,0.7958,448.3166,465.5238,0.00412,0.7534,0.7593,0.1461,AVANZAR
2556,127.8,68.95,70.38,67.72,67.57,65.79,65.04,0.735,0.7776,448.5176,465.7248,0.00412,0.7551,0.7522,0.1461,AVANZAR
2557,127.85,67.31,68.01,74.14,66.36,68.54,67.44,0.7567,0.7713,448.7186,465.9258,0.00412,0.7481,0.7493,0.1461,AVANZAR
2558,127.9,66.1,76.52,71.05,69.27,69.15,66.85,0.7218,0.7565,448.9195,466.1267,0.00412,0.7452,0.7418,0.1461,AVANZAR
2559,127.95,69.17,69.13,66.71,64.66,69.97,67.8,0.7404,0.7517,449.1205,466.3277,0.00412,0.7377,0.7381,0.1461,AVANZAR
2560,128.0,64.39,71.26,63.77,67.81,64.2,69.73,0.7568,0.7532,449.3214,466.5286,0.00412,0.734,0.7373,0.1461,AVANZAR
2561,128.05,74.79,68.38,64.13,66.13,63.64,71.22,0.7167,0.7422,449.5224,466.7296,0.00412,0.7332,0.7308,0.1461,AVANZAR
2562,128.1,69.48,65.74,72.91,62.05,65.65,68.87,0.7579,0.7469,449.7234,466.9306,0.00412,0.7267,0.7312,0.1461,AVANZAR
2563,128.15,67.95,68.22,65.28,69.91,73.65,66.06,0.752,0.7484,449.9243,467.1315,0.00412,0.7271,0.7307,0.1461,AVANZAR
2564,128.2,67.65,63.65,68.02,68.66,58.47,63.9,0.7806,0.7581,450.1253,467.3325,0.00412,0.7266,0.7345,0.1461,AVANZAR
2565,128.25,66.3,69.57,68.32,66.12,67.1,71.7,0.7541,0.7569,450.3262,467.5272,0.004055,0.7304,0.7339,0.1461,AVANZAR
2566,128.3,67.09,72.28,66.63,65.2,67.59,71.06,0.7357,0.7506,450.5272,467.7281,0.00412,0.7298,0.7307,0.1461,AVANZAR
2567,128.35,60.22,63.52,69.19,69.38,74.44,65.24,0.8282,0.7738,450.7282,467.9291,0.00412,0.7265,0.7414,0.1461,AVANZAR
2568,128.4,62.67,65.43,66.87,71.58,67.97,64.8,0.7997,0.7816,450.9291,468.13,0.00412,0.7373,0.7464,0.1461,AVANZAR
2569,128.45,63.96,68.73,69.52,69.01,70.08,71.52,0.7727,0.7789,451.1301,468.331,0.00412,0.7423,0.7467,0.1461,AVANZAR
2570,128.5,66.54,71.97,66.92,68.39,69.79,71.59,0.7405,0.7674,451.331,468.532,0.00412,0.7426,0.7423,0.1461,AVANZAR
2571,128.55,67.39,67.3,69.99,66.73,70.27,72.8,0.7603,0.7653,451.532,468.7329,0.00412,0.7382,0.7414,0.1461,AVANZAR
2572,128.6,70.88,68.31,64.75,65.04,67.93,68.16,0.736,0.7565,451.733,468.9339,0.00412,0.7373,0.7371,0.1461,AVANZAR
2573,128.65,66.8,63.77,69.2,65.22,73.69,67.03,0.7847,0.7649,451.9339,469.1348,0.00412,0.733,0.7405,0.1461,AVANZAR
2574,128.7,68.72,67.03,60.08,70.34,64.24,67.24,0.7544,0.7618,452.1349,469.3358,0.00412,0.7364,0.739,0.1461,AVANZAR
2575,128.75,72.68,63.48,63.59,70.68,68.36,63.33,0.7555,0.7599,452.3358,469.5368,0.00412,0.7349,0.7379,0.1461,AVANZAR
2576,128.8,66.67,68.94,64.83,70.31,68.37,68.95,0.7553,0.7585,452.5368,469.7377,0.00412,0.7338,0.7369,0.1461,AVANZAR
2577,128.85,63.86,69.87,69.33,65.28,65.83,67.47,0.7673,0.7611,452.7315,469.9387,0.004055,0.7329,0.7379,0.1461,AVANZAR
2578,128.9,68.7,69.26,66.28,65.42,63.31,61.07,0.7423,0.7555,452.9324,470.1396,0.00412,0.7338,0.735,0.1461,AVANZAR
2579,128.95,65.44,65.23,68.59,65.28,69.71,67.98,0.7837,0.7639,453.1334,470.3406,0.00412,0.7309,0.7386,0.1461,AVANZAR
2580,129.0,66.05,62.51,70.38,64.52,68.26,72.31,0.7971,0.7739,453.3344,470.5416,0.00412,0.7345,0.7436,0.1461,AVANZAR
2581,129.05,67.01,88.43,63.46,67.1,73.09,61.18,0.6716,0.7432,453.5353,470.7425,0.00412,0.7395,0.7296,0.1461,AVANZAR
2582,129.1,65.19,101.08,64.67,69.04,71.67,81.81,0.646,0.714,453.7363,470.9435,0.00412,0.7255,0.7139,0.1461,CURVA_DERECHA
2583,129.15,67.82,115.27,64.08,67.95,67.24,94.86,0.5996,0.6797,453.9372,471.0063,0.002704,0.7112,0.6949,0.1461,CURVA_DERECHA
2584,129.2,66.07,114.48,65.42,62.85,72.89,111.19,0.6111,0.6591,454.1382,471.0628,0.002639,0.6922,0.6804,0.1461,CURVA_DERECHA
2585,129.25,68.39,110.57,63.32,63.99,70.22,115.42,0.6059,0.6431,454.3392,471.1256,0.002704,0.6777,0.6672,0.1461,CURVA_DERECHA
2586,129.3,68.84,119.35,68.41,67.06,68.04,123.69,0.5864,0.6261,454.5401,471.1821,0.002639,0.6645,0.6531,0.1461,CURVA_DERECHA
2587,129.35,62.52,125.59,74.34,66.54,70.26,145.32,0.6133,0.6223,454.7411,471.2449,0.002704,0.6504,0.645,0.1461,CURVA_DERECHA
2588,129.4,69.19,131.63,70.95,70.71,68.07,156.79,0.5645,0.6049,454.942,471.3077,0.002704,0.6423,0.6309,0.1461,CURVA_DERECHA
2589,129.45,68.2,139.95,67.14,64.04,63.6,186.13,0.5583,0.5909,455.143,471.3642,0.002639,0.6283,0.618,0.1461,CURVA_DERECHA
2590,129.5,67.62,141.96,71.35,68.48,71.17,199.68,0.5589,0.5813,455.344,471.427,0.002704,0.6153,0.6071,0.1461,CURVA_DERECHA
2591,129.55,70.72,139.61,63.9,70.5,96.18,221.94,0.5454,0.5705,455.5449,471.4836,0.002639,0.6045,0.5958,0.1461,GIRAR_DERECHA
2592,129.6,70.01,113.56,64.62,71.22,114.64,244.0,0.5911,0.5767,455.7082,471.3266,6.4e-05,0.5958,0.5951,0.1461,GIRAR_DERECHA
2593,129.65,65.18,104.17,68.42,70.12,134.89,217.21,0.6385,0.5952,455.8652,471.1633,-6.4e-05,0.5951,0.6015,0.1461,CURVA_DERECHA
2594,129.7,60.69,94.9,72.74,71.78,140.25,212.1,0.6916,0.6242,456.0662,471.2261,0.002704,0.5988,0.6123,0.1461,CURVA_DERECHA
2595,129.75,66.15,83.14,68.03,67.58,171.06,226.42,0.6949,0.6454,456.2671,471.2889,0.002704,0.6096,0.6221,0.1461,CURVA_DERECHA
2596,129.8,66.14,67.21,66.27,62.98,193.1,223.71,0.768,0.6822,456.4681,471.3454,0.002639,0.6195,0.6412,0.1461,CURVA_DERECHA
2597,129.85,64.0,66.96,65.19,68.8,215.23,216.31,0.7823,0.7122,456.669,471.4082,0.002704,0.6385,0.6595,0.1461,CURVA_DERECHA
2598,129.9,64.32,66.73,63.68,70.77,238.38,210.06,0.7817,0.733,456.87,471.471,0.002704,0.6568,0.675,0.1461,CURVA_DERECHA
2599,129.95,71.32,69.64,69.26,68.09,267.68,206.92,0.7266,0.7311,457.071,471.5275,0.002639,0.6724,0.6803,0.1461,CURVA_DERECHA
2600,130.0,68.5,68.95,69.32,69.98,289.75,197.19,0.745,0.7353,457.2719,471.5903,0.002704,0.6776,0.6874,0.1461,CURVA_DERECHA
2601,130.05,68.31,64.6,62.53,64.73,306.04,177.81,0.7711,0.746,457.4729,471.6468,0.002639,0.6848,0.6974,0.1461,CURVA_DERECHA
2602,130.1,68.01,65.93,65.93,61.27,318.92,158.83,0.7647,0.7516,457.6738,471.7096,0.002704,0.6947,0.7049,0.1461,CURVA_DERECHA
2603,130.15,66.5,70.65,62.83,71.22,308.92,135.98,0.7473,0.7503,457.8748,471.7662,0.002639,0.7023,0.7089,0.1461,CURVA_DERECHA
2604,130.2,68.98,67.8,66.42,69.87,325.97,124.98,0.7487,0.7498,458.0758,471.829,0.002704,0.7062,0.7124,0.1461,CURVA_DERECHA
2605,130.25,67.86,64.74,69.13,68.51,319.35,110.35,0.7727,0.7567,458.2767,471.8918,0.002704,0.7097,0.7189,0.1461,CURVA_DERECHA
2606,130.3,61.22,65.36,68.04,65.29,316.83,103.07,0.8099,0.7726,458.4777,471.9483,0.002639,0.7162,0.7299,0.1461,CURVA_DERECHA
2607,130.35,65.09,64.35,64.8,77.05,290.45,86.63,0.7911,0.7782,458.6786,472.0111,0.002704,0.7272,0.7366,0.1461,CURVA_DERECHA
2608,130.4,69.74,68.31,67.44,64.68,276.81,63.33,0.7418,0.7673,458.8796,472.0676,0.002639,0.7339,0.7351,0.1461,CURVA_DERECHA
2609,130.45,67.3,65.87,73.51,58.83,241.39,70.14,0.769,0.7678,459.0806,472.1304,0.002704,0.7324,0.7377,0.1461,CURVA_DERECHA
2610,130.5,72.79,70.97,66.76,62.27,223.27,69.73,0.7124,0.7512,459.2815,472.1932,0.002704,0.735,0.7317,0.1461,CURVA_DERECHA
2611,130.55,65.32,66.95,68.97,63.14,214.65,66.9,0.7743,0.7581,459.4825,472.2497,0.002639,0.7291,0.7357,0.1461,CURVA_DERECHA
2612,130.6,69.54,63.57,62.58,66.69,183.42,67.52,0.7709,0.7619,459.6772,472.3125,0.002639,0.733,0.7386,0.1461,CURVA_DERECHA
2613,130.65,66.76,67.13,67.82,71.83,154.3,68.12,0.7648,0.7628,459.8781,472.369,0.002639,0.7359,0.7402,0.1461,CURVA_DERECHA
2614,130.7,66.5,63.37,73.93,70.25,145.46,72.28,0.7889,0.7706,460.0791,472.4318,0.002704,0.7374,0.745,0.1461,CURVA_DERECHA
2615,130.75,63.58,66.18,69.41,67.91,124.64,68.44,0.7895,0.7763,460.28,472.4946,0.002704,0.7423,0.7492,0.1461,CURVA_DERECHA
2616,130.8,70.12,67.06,68.34,60.25,116.0,67.87,0.7468,0.7675,460.481,472.5512,0.002639,0.7465,0.7466,0.1461,CURVA_DERECHA
2617,130.85,69.15,67.67,69.49,70.85,95.62,64.51,0.7485,0.7618,460.682,472.614,0.002704,0.7439,0.7445,0.1461,CURVA_DERECHA
2618,130.9,65.41,60.2,62.24,61.07,74.07,69.09,0.8166,0.7782,460.8829,472.6705,0.002639,0.7419,0.7528,0.1461,AVANZAR
2619,130.95,73.1,67.01,66.81,71.55,68.82,67.68,0.7323,0.7644,461.0839,472.8714,0.00412,0.7487,0.7463,0.1461,AVANZAR
2620,131.0,68.24,65.88,66.45,63.13,62.13,66.63,0.7638,0.7642,461.2848,473.0724,0.00412,0.7422,0.7453,0.1461,AVANZAR
2621,131.05,65.84,67.51,59.14,67.1,67.07,70.32,0.768,0.7654,461.4858,473.2734,0.00412,0.7412,0.7451,0.1461,AVANZAR
2622,131.1,61.82,69.52,68.25,69.73,70.08,68.4,0.7823,0.7705,461.6868,473.4743,0.00412,0.741,0.7471,0.1461,AVANZAR
2623,131.15,68.22,69.27,68.28,67.74,68.97,67.79,0.7448,0.7628,461.8877,473.6753,0.00412,0.7429,0.7432,0.1461,AVANZAR
2624,131.2,68.41,72.31,63.63,68.46,65.7,60.64,0.7282,0.7524,462.0887,473.8762,0.00412,0.7391,0.7375,0.1461,AVANZAR
2625,131.25,73.08,65.21,63.3,69.5,66.5,67.43,0.7429,0.7495,462.2896,474.0772,0.00412,0.7334,0.7348,0.1461,AVANZAR
2626,131.3,64.43,71.5,69.36,71.94,65.41,63.53,0.7554,0.7513,462.4906,474.2782,0.00412,0.7306,0.7343,0.1461,AVANZAR
2627,131.35,62.14,61.15,70.47,65.56,65.42,67.12,0.8306,0.7751,462.6916,474.4791,0.00412,0.7301,0.7448,0.1461,AVANZAR
2628,131.4,66.37,64.24,69.75,70.89,69.13,64.14,0.7843,0.7778,462.8925,474.6801,0.00412,0.7407,0.7471,0.1461,AVANZAR
2629,131.45,71.52,70.72,67.91,68.28,55.11,67.57,0.7199,0.7605,463.0935,474.881,0.00412,0.7429,0.7396,0.1461,AVANZAR
2630,131.5,68.66,68.81,62.85,66.82,66.83,63.34,0.7449,0.7558,463.2944,475.082,0.00412,0.7355,0.7368,0.1461,AVANZAR
2631,131.55,64.78,67.95,64.65,66.06,73.54,63.55,0.772,0.7607,463.4954,475.283,0.00412,0.7327,0.7385,0.1461,AVANZAR
2632,131.6,66.82,65.73,69.57,69.77,64.22,65.79,0.7726,0.7642,463.6964,475.4839,0.00412,0.7343,0.7399,0.1461,AVANZAR
2633,131.65,68.11,71.03,74.58,68.16,65.32,74.8,0.7363,0.7558,463.8973,475.6849,0.00412,0.7358,0.7359,0.1461,AVANZAR
2634,131.7,63.47,63.76,67.61,66.35,64.54,68.86,0.8049,0.7706,464.0983,475.8858,0.00412,0.7318,0.7424,0.1461,AVANZAR
2635,131.75,69.93,64.69,72.33,64.11,68.88,69.26,0.7618,0.7679,464.2992,476.0868,0.00412,0.7383,0.7418,0.1461,AVANZAR
2636,131.8,63.6,70.39,63.02,66.49,62.17,68.78,0.7662,0.7674,464.5002,476.2878,0.00412,0.7376,0.7418,0.1461,AVANZAR
2637,131.85,67.04,61.55,65.9,64.22,71.85,74.41,0.7978,0.7765,464.7012,476.4887,0.00412,0.7377,0.7465,0.1461,AVANZAR
2638,131.9,62.93,70.16,64.26,66.09,66.58,64.8,0.7717,0.7751,464.9021,476.6897,0.00412,0.7423,0.7466,0.1461,AVANZAR
2639,131.95,67.94,65.02,69.29,72.32,65.24,64.54,0.7705,0.7737,465.1031,476.8906,0.00412,0.7425,0.7466,0.1461,AVANZAR
2640,132.0,71.13,62.79,69.09,64.82,71.63,66.68,0.7676,0.7719,465.304,477.0916,0.00412,0.7425,0.7462,0.1461,AVANZAR
2641,132.05,69.39,70.4,66.79,65.61,64.61,67.05,0.7325,0.7601,465.505,477.2926,0.00412,0.742,0.7407,0.1461,AVANZAR
2642,132.1,63.88,64.81,66.13,67.1,62.54,65.87,0.7958,0.7708,465.706,477.4935,0.00412,0.7365,0.7452,0.1461,AVANZAR
2643,132.15,67.95,65.28,69.46,72.89,61.37,63.2,0.7689,0.7702,465.9069,477.6945,0.00412,0.7411,0.7451,0.1461,AVANZAR
2644,132.2,67.73,66.37,70.27,69.42,61.93,67.32,0.7637,0.7683,466.1079,477.8954,0.00412,0.741,0.7443,0.1461,AVANZAR
2645,132.25,63.9,68.7,61.79,68.45,65.5,59.12,0.7733,0.7698,466.3088,478.0964,0.00412,0.7402,0.745,0.1461,AVANZAR
2646,132.3,71.59,68.92,64.43,66.39,72.72,71.72,0.7291,0.7576,466.5098,478.2974,0.00412,0.7409,0.7392,0.1461,AVANZAR
2647,132.35,68.09,67.24,67.64,66.02,71.68,71.89,0.7567,0.7573,466.7108,478.4983,0.00412,0.7351,0.7382,0.1461,AVANZAR
2648,132.4,68.76,64.88,61.34,64.53,63.01,69.51,0.7669,0.7602,466.9117,478.6993,0.00412,0.7341,0.7389,0.1461,AVANZAR
2649,132.45,69.9,66.47,67.06,67.91,70.01,65.12,0.7514,0.7575,467.1064,478.9002,0.004055,0.7348,0.7373,0.1461,AVANZAR
2650,132.5,73.6,69.38,70.64,67.39,65.92,74.67,0.7168,0.7453,467.3074,479.1012,0.00412,0.7331,0.7308,0.1461,AVANZAR
2651,132.55,65.18,68.62,63.63,61.77,67.89,71.08,0.7658,0.7515,467.5083,479.3022,0.00412,0.7266,0.7324,0.1461,AVANZAR
2652,132.6,68.17,62.94,61.47,67.5,67.38,67.29,0.7822,0.7607,467.7093,479.5031,0.00412,0.7282,0.7361,0.1461,AVANZAR
2653,132.65,69.45,69.66,72.29,64.31,64.72,70.23,0.7361,0.7533,467.9102,479.7041,0.00412,0.732,0.7326,0.1461,AVANZAR
2654,132.7,64.61,64.99,67.74,68.23,62.03,64.74,0.7901,0.7644,468.1112,479.905,0.00412,0.7285,0.7375,0.1461,AVANZAR
2655,132.75,63.45,60.57,67.39,63.62,73.92,71.41,0.8261,0.7829,468.3122,480.0997,0.004055,0.7334,0.747,0.1461,AVANZAR
2656,132.8,67.94,69.85,66.15,61.12,68.2,71.2,0.7433,0.771,468.5131,480.3007,0.00412,0.7429,0.7429,0.1461,AVANZAR
2657,132.85,69.27,70.67,66.15,74.55,62.12,66.86,0.7318,0.7593,468.7141,480.5016,0.00412,0.7388,0.7378,0.1461,AVANZAR
2658,132.9,64.33,69.0,68.06,67.16,64.95,63.79,0.769,0.7622,468.915,480.7026,0.00412,0.7337,0.7388,0.1461,AVANZAR
2659,132.95,66.83,64.97,68.51,59.44,65.27,69.22,0.7771,0.7666,469.116,480.9036,0.00412,0.7347,0.7409,0.1461,AVANZAR
2660,133.0,68.61,65.19,67.98,64.95,67.56,68.27,0.7658,0.7664,469.317,481.1045,0.00412,0.7368,0.741,0.1461,AVANZAR
2661,133.05,65.55,61.94,65.94,68.76,74.03,67.49,0.8038,0.7776,469.5179,481.3055,0.00412,0.7369,0.7467,0.1461,AVANZAR
2662,133.1,69.47,69.69,68.17,70.68,65.77,68.03,0.7359,0.7651,469.7189,481.5064,0.00412,0.7426,0.7416,0.1461,AVANZAR
2663,133.15,63.55,58.66,64.94,71.15,66.56,65.55,0.8392,0.7873,469.9198,481.7074,0.00412,0.7375,0.7523,0.1461,AVANZAR
2664,133.2,69.7,67.39,74.05,70.42,63.45,69.81,0.7472,0.7753,470.1208,481.9084,0.00412,0.7482,0.7481,0.1461,AVANZAR
2665,133.25,71.53,64.72,64.76,69.55,67.75,72.82,0.7535,0.7687,470.3218,482.1093,0.00412,0.7439,0.7453,0.1461,AVANZAR
2666,133.3,66.66,64.51,67.4,63.58,68.4,65.93,0.7809,0.7724,470.5227,482.3103,0.00412,0.7412,0.747,0.1461,AVANZAR
2667,133.35,67.84,67.62,69.9,63.16,64.92,71.55,0.7559,0.7675,470.7237,482.5112,0.00412,0.7429,0.7448,0.1461,AVANZAR
2668,133.4,67.1,69.95,65.12,70.92,64.45,69.04,0.7475,0.7615,470.9246,482.7122,0.00412,0.7407,0.7417,0.1461,AVANZAR
2669,133.45,68.93,67.1,79.02,67.59,69.66,61.22,0.7529,0.7589,471.1256,482.9132,0.00412,0.7376,0.7398,0.1461,CURVA_IZQUIERDA
2670,133.5,64.86,69.94,62.23,64.28,65.59,65.17,0.7607,0.7594,471.1884,483.1141,0.002704,0.7371,0.7405,0.1461,AVANZAR
2671,133.55,67.9,71.73,71.94,65.44,69.1,63.31,0.7339,0.7518,471.3894,483.3151,0.00412,0.7364,0.7361,0.1461,AVANZAR
2672,133.6,72.66,67.93,69.73,63.07,68.49,70.83,0.7292,0.745,471.584,483.516,0.004055,0.732,0.7316,0.1461,AVANZAR
2673,133.65,68.31,66.35,65.0,71.49,64.27,65.01,0.7606,0.7497,471.785,483.717,0.00412,0.7275,0.7323,0.1461,AVANZAR
2674,133.7,67.36,63.2,73.34,68.96,72.76,69.23,0.7851,0.7603,471.986,483.918,0.00412,0.7282,0.7365,0.1461,AVANZAR
2675,133.75,60.86,65.13,69.89,70.54,70.12,68.85,0.8137,0.7763,472.1869,484.1189,0.00412,0.7324,0.7443,0.1461,AVANZAR
2676,133.8,63.79,67.92,66.83,69.26,64.5,67.75,0.7783,0.7769,472.3879,484.3199,0.00412,0.7402,0.7457,0.1461,AVANZAR
2677,133.85,67.29,64.54,64.93,63.16,69.35,69.08,0.7771,0.777,472.5888,484.5208,0.00412,0.7416,0.7468,0.1461,AVANZAR
2678,133.9,66.03,67.41,67.04,69.15,63.87,70.91,0.7674,0.7741,472.7898,484.7218,0.00412,0.7427,0.7463,0.1461,AVANZAR
2679,133.95,67.69,60.21,70.26,66.65,72.02,69.19,0.8033,0.7829,472.9908,484.9228,0.00412,0.7422,0.7511,0.1461,AVANZAR
2680,134.0,68.19,69.31,63.45,68.33,68.06,67.1,0.7448,0.7715,473.1917,485.1237,0.00412,0.747,0.7467,0.1461,AVANZAR
2681,134.05,66.69,61.75,70.41,64.21,70.38,68.1,0.7984,0.7795,473.3927,485.3247,0.00412,0.7425,0.7507,0.1461,AVANZAR
2682,134.1,69.9,67.29,72.26,64.78,70.62,69.28,0.7467,0.7697,473.5936,485.5256,0.00412,0.7466,0.7466,0.1461,AVANZAR
2683,134.15,71.33,68.09,71.57,65.19,67.33,66.09,0.7349,0.7592,473.7946,485.7266,0.00412,0.7425,0.7414,0.1461,AVANZAR
2684,134.2,67.49,61.85,67.15,59.96,65.34,63.66,0.7932,0.7694,473.9956,485.9276,0.00412,0.7372,0.7454,0.1461,AVANZAR
2685,134.25,68.44,66.79,65.01,65.58,69.69,65.0,0.7574,0.7658,474.1965,486.1285,0.00412,0.7413,0.7436,0.1461,AVANZAR
2686,134.3,71.52,68.01,72.79,66.28,64.52,61.41,0.7344,0.7564,474.3975,486.3295,0.00412,0.7395,0.7388,0.1461,AVANZAR
2687,134.35,64.68,69.8,62.65,66.44,65.07,70.37,0.7625,0.7582,474.5984,486.5304,0.00412,0.7347,0.7387,0.1461,AVANZAR
2688,134.4,61.52,67.17,71.89,66.26,65.71,66.58,0.7972,0.7699,474.7994,486.7314,0.00412,0.7346,0.7438,0.1461,AVANZAR
2689,134.45,69.42,64.34,64.54,73.96,69.72,62.58,0.7667,0.7689,475.0004,486.9324,0.00412,0.7396,0.7436,0.1461,AVANZAR
2690,134.5,60.42,66.05,75.44,68.06,67.69,64.69,0.8113,0.7816,475.2013,487.1333,0.00412,0.7395,0.75,0.1461,AVANZAR
2691,134.55,70.13,64.39,66.49,69.38,67.95,69.29,0.7627,0.776,475.4023,487.3343,0.00412,0.7458,0.7483,0.1461,AVANZAR
2692,134.6,67.19,70.7,67.5,61.09,74.24,67.37,0.7431,0.7661,475.6032,487.529,0.004055,0.7442,0.7441,0.1461,AVANZAR
2693,134.65,70.42,67.95,67.08,69.05,63.93,67.05,0.7403,0.7584,475.8042,487.7299,0.00412,0.74,0.74,0.1461,AVANZAR
2694,134.7,69.35,63.33,67.81,64.51,59.79,70.52,0.7734,0.7629,476.0052,487.9309,0.00412,0.7359,0.7414,0.1461,AVANZAR
2695,134.75,59.54,68.47,64.85,75.52,70.8,69.23,0.8039,0.7752,476.2061,488.1318,0.00412,0.7372,0.747,0.1461,AVANZAR
2696,134.8,70.72,62.91,62.84,66.61,62.19,72.57,0.7689,0.7733,476.4071,488.3328,0.00412,0.7429,0.7467,0.1461,AVANZAR
2697,134.85,63.51,70.18,74.32,59.98,73.61,65.57,0.7679,0.7717,476.608,488.5338,0.00412,0.7425,0.7462,0.1461,AVANZAR
2698,134.9,66.07,69.48,63.83,64.04,63.98,63.09,0.7559,0.7669,476.809,488.7347,0.00412,0.7421,0.7441,0.1461,AVANZAR
2699,134.95,71.96,72.43,65.79,75.36,66.8,70.46,0.7092,0.7496,477.01,488.9357,0.00412,0.74,0.7355,0.1461,AVANZAR
2700,135.0,69.29,64.53,66.08,68.36,64.23,72.89,0.7662,0.7546,477.2109,489.1366,0.00412,0.7314,0.7365,0.1461,AVANZAR
2701,135.05,68.65,61.55,66.42,67.32,66.4,67.41,0.7888,0.7649,477.4119,489.3376,0.00412,0.7324,0.7406,0.1461,AVANZAR
2702,135.1,71.56,66.51,62.95,71.49,61.24,66.98,0.7427,0.7582,477.6128,489.5386,0.00412,0.7365,0.7374,0.1461,AVANZAR
2703,135.15,71.83,70.8,69.64,68.78,69.25,61.59,0.718,0.7461,477.8138,489.7395,0.00412,0.7333,0.731,0.1461,AVANZAR
2704,135.2,64.18,69.39,66.34,71.32,61.71,66.19,0.7678,0.7526,478.0148,489.9405,0.00412,0.7269,0.7329,0.1461,AVANZAR
2705,135.25,74.45,70.33,64.44,73.41,63.74,76.93,0.7079,0.7392,478.2157,490.1414,0.00412,0.7288,0.7257,0.1461,AVANZAR
2706,135.3,69.31,68.93,62.52,70.78,66.65,67.49,0.7407,0.7397,478.4167,490.3424,0.00412,0.7216,0.7244,0.1461,AVANZAR
2707,135.35,66.73,64.45,67.4,70.62,64.78,62.91,0.7809,0.752,478.6176,490.5434,0.00412,0.7203,0.7291,0.1461,AVANZAR
2708,135.4,62.04,68.98,69.91,65.99,72.62,66.68,0.7838,0.7615,478.8186,490.7443,0.00412,0.725,0.7336,0.1461,AVANZAR
2709,135.45,67.15,67.81,64.98,70.12,62.78,66.9,0.7587,0.7607,479.0133,490.9453,0.004055,0.7295,0.7338,0.1461,AVANZAR
2710,135.5,63.24,69.83,73.92,70.83,65.42,76.34,0.7714,0.7639,479.2142,491.1462,0.00412,0.7297,0.7358,0.1461,AVANZAR
2711,135.55,69.67,68.71,68.57,66.63,68.49,64.81,0.74,0.7567,479.4152,491.3472,0.00412,0.7317,0.7329,0.1461,AVANZAR
2712,135.6,60.35,63.24,64.2,64.08,69.54,66.12,0.829,0.7784,479.6162,491.5482,0.00412,0.7288,0.7434,0.1461,AVANZAR
2713,135.65,66.47,69.79,62.23,66.01,63.96,65.82,0.7519,0.7705,479.8171,491.7491,0.00412,0.7393,0.7411,0.1461,AVANZAR
2714,135.7,70.51,69.84,64.33,73.46,61.37,67.2,0.7296,0.7582,480.0181,491.9501,0.00412,0.737,0.7359,0.1461,AVANZAR
2715,135.75,69.1,66.49,71.61,67.26,71.94,78.14,0.7555,0.7574,480.219,492.151,0.00412,0.7318,0.7353,0.1461,CURVA_DERECHA
2716,135.8,71.21,73.37,68.94,69.49,68.03,65.44,0.7084,0.7427,480.42,492.2076,0.002639,0.7326,0.7291,0.1461,AVANZAR
2717,135.85,66.02,70.16,64.9,68.87,68.09,65.42,0.7527,0.7457,480.621,492.4085,0.00412,0.725,0.729,0.1461,AVANZAR
2718,135.9,66.77,65.71,67.79,67.18,62.91,70.47,0.773,0.7539,480.8219,492.6095,0.00412,0.7249,0.7319,0.1461,AVANZAR
2719,135.95,68.23,65.38,70.92,65.99,66.25,69.13,0.7667,0.7577,481.0229,492.8104,0.00412,0.7278,0.7335,0.1461,AVANZAR
2720,136.0,67.56,66.62,69.58,66.31,65.47,60.09,0.7632,0.7594,481.2238,493.0114,0.00412,0.7294,0.7343,0.1461,AVANZAR
2721,136.05,65.84,67.31,70.01,69.96,67.41,75.2,0.7692,0.7623,481.4248,493.2124,0.00412,0.7302,0.7359,0.1461,AVANZAR
2722,136.1,68.76,64.48,67.98,71.05,67.08,69.33,0.7693,0.7644,481.6258,493.4133,0.00412,0.7318,0.7373,0.1461,AVANZAR
2723,136.15,72.97,69.13,69.26,71.74,59.95,67.13,0.7211,0.7514,481.8267,493.6143,0.00412,0.7331,0.7314,0.1461,AVANZAR
2724,136.2,64.63,66.21,67.24,65.69,67.79,69.77,0.7827,0.7608,482.0277,493.8152,0.00412,0.7273,0.7354,0.1461,AVANZAR
2725,136.25,66.27,71.6,63.52,66.14,72.98,66.33,0.7439,0.7557,482.2286,494.0162,0.00412,0.7313,0.7331,0.1461,AVANZAR
2726,136.3,73.74,62.93,64.66,64.84,69.72,65.4,0.754,0.7552,482.4296,494.2172,0.00412,0.729,0.7326,0.1461,AVANZAR
2727,136.35,66.73,70.52,63.82,72.86,70.2,64.05,0.7466,0.7526,482.6306,494.4181,0.00412,0.7285,0.7312,0.1461,AVANZAR
2728,136.4,63.72,66.14,63.63,67.83,64.88,64.99,0.7888,0.7635,482.8315,494.6191,0.00412,0.727,0.7361,0.1461,AVANZAR
2729,136.45,68.72,69.27,66.97,66.94,69.25,73.2,0.7421,0.7571,483.0325,494.82,0.00412,0.7319,0.7334,0.1461,AVANZAR
2730,136.5,68.84,63.48,66.6,71.6,69.87,62.25,0.7752,0.7625,483.2334,495.021,0.00412,0.7293,0.736,0.1461,AVANZAR
2731,136.55,71.39,63.69,67.86,71.47,68.97,62.23,0.7606,0.7619,483.4344,495.222,0.00412,0.7319,0.7361,0.1461,AVANZAR
2732,136.6,70.55,70.77,66.68,67.0,65.44,73.85,0.7246,0.7507,483.6354,495.4229,0.00412,0.732,0.7309,0.1461,AVANZAR
2733,136.65,65.63,67.08,69.46,66.08,62.72,70.98,0.7717,0.757,483.8363,495.6239,0.00412,0.7268,0.7333,0.1461,AVANZAR
2734,136.7,68.79,69.16,61.35,68.99,69.72,66.11,0.7423,0.7526,484.0373,495.8248,0.00412,0.7292,0.7311,0.1461,AVANZAR
2735,136.75,63.93,63.65,65.04,63.16,67.12,64.68,0.8027,0.7676,484.2382,496.0258,0.00412,0.727,0.738,0.1461,AVANZAR
2736,136.8,66.77,62.47,69.51,66.87,64.28,63.43,0.7933,0.7753,484.4392,496.2268,0.00412,0.7339,0.7426,0.1461,AVANZAR
2737,136.85,64.83,60.35,62.46,67.56,59.21,70.91,0.8191,0.7884,484.6402,496.4277,0.00412,0.7385,0.7502,0.1461,AVANZAR
2738,136.9,68.35,70.47,65.96,68.1,65.83,68.12,0.7378,0.7733,484.8411,496.6287,0.00412,0.7461,0.7449,0.1461,AVANZAR
2739,136.95,67.73,73.82,67.23,66.24,65.32,63.53,0.7247,0.7587,485.0421,496.8296,0.00412,0.7408,0.7384,0.1461,AVANZAR
2740,137.0,69.6,68.78,64.18,64.66,67.16,69.57,0.74,0.7531,485.243,497.0306,0.00412,0.7343,0.7352,0.1461,AVANZAR
2741,137.05,68.23,62.91,73.44,68.14,69.3,64.96,0.7821,0.7618,485.444,497.2316,0.00412,0.731,0.7385,0.1461,AVANZAR
2742,137.1,68.05,73.09,68.2,64.1,65.4,69.95,0.7264,0.7512,485.645,497.4325,0.00412,0.7344,0.7332,0.1461,AVANZAR
2743,137.15,67.74,67.82,67.02,63.29,67.05,64.57,0.7554,0.7524,485.8459,497.6335,0.00412,0.7291,0.7329,0.1461,AVANZAR
2744,137.2,69.8,62.78,72.01,67.32,62.9,66.58,0.7745,0.7591,486.0469,497.8344,0.00412,0.7288,0.7355,0.1461,AVANZAR
2745,137.25,74.07,63.36,67.04,66.16,70.71,69.27,0.7496,0.7562,486.2478,498.0354,0.00412,0.7314,0.734,0.1461,AVANZAR
2746,137.3,68.12,67.44,62.84,68.92,66.52,68.85,0.7554,0.756,486.4425,498.2364,0.004055,0.73,0.7337,0.1461,AVANZAR
2747,137.35,67.95,64.77,61.71,67.98,70.21,67.16,0.772,0.7608,486.6435,498.4373,0.00412,0.7296,0.7358,0.1461,AVANZAR
2748,137.4,72.11,64.96,65.09,71.53,69.55,67.64,0.7491,0.7573,486.8444,498.6383,0.00412,0.7317,0.7342,0.1461,AVANZAR
2749,137.45,63.56,67.86,69.89,71.88,66.69,68.3,0.78,0.7641,487.0454,498.8392,0.00412,0.7301,0.7374,0.1461,AVANZAR
2750,137.5,63.56,66.59,67.91,71.48,69.76,62.34,0.7872,0.771,487.2464,499.0402,0.00412,0.7333,0.7411,0.1461,AVANZAR
2751,137.55,66.96,65.94,61.9,65.99,65.24,63.27,0.7706,0.7709,487.4473,499.2412,0.00412,0.737,0.7419,0.1461,AVANZAR
2752,137.6,67.5,66.85,69.96,70.45,69.25,67.94,0.7622,0.7683,487.6483,499.4358,0.004055,0.7379,0.7414,0.1461,AVANZAR
2753,137.65,71.28,70.66,65.11,70.7,68.43,69.97,0.7215,0.7542,487.8492,499.6368,0.00412,0.7373,0.735,0.1461,AVANZAR
2754,137.7,71.15,70.72,66.67,69.7,65.67,69.82,0.7218,0.7445,488.0502,499.8378,0.00412,0.7309,0.7295,0.1461,AVANZAR
2755,137.75,66.87,66.51,64.67,60.46,66.66,64.59,0.7677,0.7515,488.2512,500.0387,0.00412,0.7254,0.7316,0.1461,AVANZAR
2756,137.8,71.72,72.44,71.28,70.81,71.35,64.53,0.7103,0.7391,488.4521,500.2397,0.00412,0.7275,0.725,0.1461,AVANZAR
2757,137.85,71.24,69.36,64.61,64.99,64.08,66.84,0.7284,0.7359,488.6531,500.4406,0.00412,0.7209,0.722,0.1461,AVANZAR
2758,137.9,69.12,65.14,64.25,72.2,68.0,66.75,0.7633,0.7442,488.854,500.6416,0.00412,0.7178,0.7245,0.1461,AVANZAR
2759,137.95,68.2,65.79,66.65,70.01,70.66,65.83,0.7645,0.7503,489.055,500.8426,0.00412,0.7204,0.7268,0.1461,AVANZAR
2760,138.0,66.9,72.19,65.28,73.97,71.97,68.36,0.7373,0.7464,489.256,501.0435,0.00412,0.7227,0.7248,0.1461,AVANZAR
2761,138.05,69.52,69.51,63.54,66.98,67.67,67.62,0.7366,0.7434,489.4569,501.2445,0.00412,0.7207,0.723,0.1461,AVANZAR
2762,138.1,62.78,64.64,74.89,66.08,66.27,63.06,0.8038,0.7615,489.6579,501.4454,0.00412,0.7189,0.7313,0.1461,AVANZAR
2763,138.15,69.37,66.44,64.24,69.8,66.03,64.7,0.7544,0.7594,489.8588,501.6464,0.00412,0.7272,0.7312,0.1461,AVANZAR
2764,138.2,67.32,63.71,63.25,69.5,64.72,67.36,0.7821,0.7662,490.0598,501.8474,0.00412,0.727,0.7351,0.1461,AVANZAR
2765,138.25,63.7,69.66,69.06,67.45,71.26,68.51,0.7694,0.7671,490.2608,502.0483,0.00412,0.731,0.7366,0.1461,AVANZAR
2766,138.3,68.64,67.41,60.44,69.89,70.24,70.34,0.7527,0.7628,490.4617,502.2493,0.00412,0.7325,0.7354,0.1461,AVANZAR
2767,138.35,70.4,62.36,65.61,64.48,67.62,59.02,0.7741,0.7662,490.6627,502.4502,0.00412,0.7313,0.7376,0.1461,AVANZAR
2768,138.4,61.95,68.42,68.69,70.87,71.18,69.49,0.7874,0.7726,490.8636,502.6512,0.00412,0.7334,0.7413,0.1461,AVANZAR
2769,138.45,64.55,69.35,71.55,70.31,64.64,68.69,0.7658,0.7705,491.0646,502.8522,0.00412,0.7372,0.7414,0.1461,AVANZAR
2770,138.5,66.3,71.71,65.85,68.65,68.95,65.99,0.7431,0.7623,491.2656,503.0531,0.00412,0.7373,0.7381,0.1461,AVANZAR
2771,138.55,65.03,68.38,74.33,67.69,64.88,69.42,0.7681,0.764,491.4665,503.2541,0.00412,0.734,0.739,0.1461,AVANZAR
2772,138.6,68.91,68.23,60.67,64.03,68.44,67.53,0.7467,0.7588,491.6675,503.455,0.00412,0.7349,0.7366,0.1461,AVANZAR
2773,138.65,66.8,68.37,69.82,66.06,66.69,63.93,0.7577,0.7585,491.8684,503.656,0.00412,0.7325,0.7362,0.1461,AVANZAR
2774,138.7,65.64,68.64,63.66,65.77,65.97,67.58,0.763,0.7598,492.0694,503.857,0.00412,0.732,0.7366,0.1461,AVANZAR
2775,138.75,71.83,67.54,64.6,71.77,64.7,68.6,0.7354,0.7525,492.2704,504.0579,0.00412,0.7324,0.7329,0.1461,AVANZAR
2776,138.8,67.96,66.94,67.36,64.74,63.36,64.5,0.7591,0.7545,492.4713,504.2589,0.00412,0.7287,0.7332,0.1461,AVANZAR
2777,138.85,61.67,64.64,65.73,64.17,66.25,67.27,0.8111,0.7715,492.6723,504.4598,0.00412,0.7291,0.7411,0.1461,AVANZAR
2778,138.9,64.26,63.69,64.22,70.76,71.49,56.93,0.8003,0.7801,492.8732,504.6608,0.00412,0.7369,0.7462,0.1461,AVANZAR
2779,138.95,64.23,63.37,66.47,67.19,62.17,69.29,0.8025,0.7868,493.0742,504.8618,0.00412,0.7421,0.7509,0.1461,AVANZAR
2780,139.0,67.72,68.96,69.61,60.85,69.58,73.84,0.7493,0.7756,493.2752,505.0627,0.00412,0.7468,0.7471,0.1461,AVANZAR
2781,139.05,60.2,64.13,66.25,71.59,65.53,72.76,0.8245,0.7902,493.4761,505.2637,0.00412,0.743,0.7549,0.1461,AVANZAR
2782,139.1,74.32,67.82,64.98,69.48,65.98,66.55,0.7219,0.7697,493.6771,505.4646,0.00412,0.7508,0.7466,0.1461,AVANZAR
2783,139.15,66.9,65.65,59.18,69.25,60.17,64.62,0.7726,0.7706,493.8718,505.6656,0.004055,0.7425,0.7469,0.1461,AVANZAR
2784,139.2,66.11,64.85,63.34,67.53,68.99,67.36,0.782,0.774,494.0727,505.8666,0.00412,0.7428,0.7485,0.1461,AVANZAR
2785,139.25,64.9,67.09,68.42,69.85,69.7,61.6,0.776,0.7746,494.2737,506.0675,0.00412,0.7444,0.749,0.1461,AVANZAR
2786,139.3,68.42,67.56,69.17,72.33,67.66,63.25,0.753,0.7681,494.4746,506.2685,0.00412,0.7449,0.7461,0.1461,AVANZAR
2787,139.35,65.09,65.52,65.52,65.06,71.73,64.18,0.784,0.7729,494.6756,506.4694,0.00412,0.742,0.7481,0.1461,AVANZAR
2788,139.4,71.22,70.4,65.51,70.37,66.09,70.46,0.7231,0.758,494.8766,506.6704,0.00412,0.744,0.7409,0.1461,AVANZAR
2789,139.45,70.92,67.91,66.9,64.55,66.79,60.09,0.7379,0.752,495.0775,506.8714,0.00412,0.7368,0.737,0.1461,AVANZAR
2790,139.5,68.14,65.67,70.49,65.29,67.52,61.43,0.7655,0.756,495.2785,507.066,0.004055,0.7329,0.7377,0.1461,AVANZAR
2791,139.55,67.54,70.05,67.25,68.55,62.14,67.46,0.7445,0.7525,495.4794,507.267,0.00412,0.7336,0.7352,0.1461,AVANZAR
2792,139.6,69.03,66.29,67.33,67.01,68.18,67.34,0.757,0.7539,495.6804,507.468,0.00412,0.731,0.7348,0.1461,AVANZAR
2793,139.65,69.7,57.22,65.71,67.42,73.47,64.61,0.8147,0.7721,495.8814,507.6689,0.00412,0.7307,0.743,0.1461,AVANZAR
2794,139.7,72.8,68.48,64.88,65.47,61.25,62.95,0.7255,0.7581,496.0823,507.8699,0.00412,0.7389,0.7369,0.1461,AVANZAR
2795,139.75,66.72,70.45,66.19,64.66,69.35,66.42,0.7471,0.7548,496.2833,508.0708,0.00412,0.7328,0.7349,0.1461,AVANZAR
2796,139.8,66.38,72.03,68.32,70.14,65.34,65.77,0.741,0.7507,496.4842,508.2718,0.00412,0.7308,0.7323,0.1461,AVANZAR
2797,139.85,67.44,71.32,57.08,67.19,67.07,66.32,0.7385,0.747,496.6852,508.4728,0.00412,0.7281,0.7297,0.1461,AVANZAR
2798,139.9,64.31,65.31,72.66,61.73,69.61,66.52,0.79,0.7599,496.8862,508.6737,0.00412,0.7255,0.735,0.1461,AVANZAR
2799,139.95,63.65,67.6,67.73,60.95,66.06,69.77,0.7809,0.7662,497.0871,508.8747,0.00412,0.7308,0.7382,0.1461,AVANZAR
2800,140.0,69.57,66.87,74.88,57.57,64.26,62.8,0.7508,0.7616,497.2881,509.0756,0.00412,0.734,0.7365,0.1461,AVANZAR
2801,140.05,63.4,71.72,72.38,63.97,72.8,63.74,0.7608,0.7613,497.489,509.2766,0.00412,0.7324,0.7365,0.1461,AVANZAR
2802,140.1,76.14,67.4,68.17,63.29,63.31,69.47,0.716,0.7478,497.69,509.4776,0.00412,0.7324,0.73,0.1461,AVANZAR
2803,140.15,69.86,61.87,67.6,71.28,63.5,67.45,0.7802,0.7575,497.891,509.6785,0.00412,0.7259,0.7338,0.1461,AVANZAR
2804,140.2,73.05,64.95,68.68,66.72,70.1,66.95,0.7446,0.7536,498.0919,509.8795,0.00412,0.7297,0.7319,0.1461,AVANZAR
2805,140.25,70.33,63.93,69.27,68.68,67.11,69.96,0.7644,0.7569,498.2929,510.0804,0.00412,0.7278,0.7331,0.1461,AVANZAR
2806,140.3,72.88,65.54,68.12,71.06,65.3,69.24,0.7418,0.7524,498.4938,510.2814,0.00412,0.729,0.7309,0.1461,AVANZAR
2807,140.35,70.66,68.2,73.23,69.76,62.95,68.17,0.7377,0.748,498.6948,510.4824,0.00412,0.7268,0.7283,0.1461,AVANZAR
2808,140.4,61.08,72.03,63.73,65.56,66.04,68.17,0.7745,0.7559,498.8958,510.6833,0.00412,0.7242,0.7316,0.1461,AVANZAR
2809,140.45,69.25,68.11,71.33,65.13,72.54,71.62,0.7456,0.7528,499.0967,510.8843,0.00412,0.7275,0.7301,0.1461,AVANZAR
2810,140.5,71.47,69.23,71.88,63.08,64.5,70.74,0.7279,0.7454,499.2977,511.0852,0.00412,0.726,0.7263,0.1461,AVANZAR
2811,140.55,71.35,72.72,65.21,67.18,65.11,61.94,0.7108,0.735,499.4986,511.2862,0.00412,0.7221,0.7205,0.1461,AVANZAR
2812,140.6,64.04,70.94,71.56,73.81,61.5,64.78,0.7606,0.7427,499.6996,511.4872,0.00412,0.7164,0.7228,0.1461,AVANZAR
2813,140.65,67.46,65.57,71.17,74.08,66.01,66.95,0.7699,0.7508,499.9006,511.6881,0.00412,0.7187,0.7262,0.1461,AVANZAR
2814,140.7,75.63,65.92,64.22,72.1,69.53,66.72,0.7269,0.7436,500.1015,511.8891,0.00412,0.7221,0.7228,0.1461,AVANZAR
2815,140.75,64.84,72.42,68.9,74.18,67.67,69.06,0.7483,0.7451,500.3025,512.09,0.00412,0.7187,0.723,0.1461,AVANZAR
2816,140.8,70.14,71.31,66.71,67.98,66.85,67.99,0.724,0.7387,500.5034,512.291,0.00412,0.7189,0.7196,0.1461,AVANZAR
2817,140.85,69.92,66.99,66.38,66.97,73.98,64.81,0.7483,0.7416,500.7044,512.492,0.00412,0.7155,0.7203,0.1461,AVANZAR
2818,140.9,68.62,71.59,69.44,67.02,67.37,72.28,0.7306,0.7383,500.9054,512.6929,0.00412,0.7162,0.7183,0.1461,AVANZAR
2819,140.95,68.26,68.03,71.21,66.01,70.46,64.77,0.7514,0.7422,501.1063,512.8939,0.00412,0.7142,0.7196,0.1461,AVANZAR
2820,141.0,65.37,71.21,59.52,64.5,66.23,63.53,0.7511,0.7449,501.3073,513.0948,0.00412,0.7155,0.7207,0.1461,AVANZAR
2821,141.05,70.98,68.63,62.76,63.44,63.28,64.14,0.7337,0.7415,501.502,513.2958,0.004055,0.7166,0.7191,0.1461,AVANZAR
2822,141.1,65.58,69.51,66.87,65.89,65.75,67.04,0.7587,0.7467,501.7029,513.4968,0.00412,0.715,0.7214,0.1461,AVANZAR
2823,141.15,64.08,65.49,69.57,69.68,75.65,72.31,0.7904,0.7598,501.9039,513.6977,0.00412,0.7173,0.7279,0.1461,AVANZAR
2824,141.2,66.09,65.9,70.29,69.1,64.35,70.95,0.7758,0.7646,502.1048,513.8987,0.00412,0.7238,0.7314,0.1461,AVANZAR
2825,141.25,69.05,65.77,72.4,60.6,71.49,67.8,0.76,0.7632,502.3058,514.0996,0.00412,0.7273,0.7321,0.1461,AVANZAR
2826,141.3,71.91,65.22,63.58,68.06,66.85,68.04,0.7485,0.7588,502.5068,514.3006,0.00412,0.728,0.731,0.1461,AVANZAR
2827,141.35,70.47,65.12,60.94,68.85,63.94,67.4,0.7564,0.7581,502.7077,514.4953,0.004055,0.7269,0.7312,0.1461,AVANZAR
2828,141.4,64.58,65.99,64.72,65.9,64.23,62.75,0.7843,0.766,502.9087,514.6962,0.00412,0.7271,0.7355,0.1461,AVANZAR
2829,141.45,64.13,68.33,62.97,71.34,69.84,65.66,0.7738,0.7683,503.1096,514.8972,0.00412,0.7313,0.7375,0.1461,AVANZAR
2830,141.5,64.96,64.22,66.67,62.03,63.92,69.41,0.7927,0.7756,503.3106,515.0982,0.00412,0.7334,0.7421,0.1461,AVANZAR
2831,141.55,64.48,65.59,65.91,69.03,61.5,67.73,0.7873,0.7791,503.5116,515.2991,0.00412,0.738,0.7452,0.1461,AVANZAR
2832,141.6,61.69,66.76,68.91,71.33,65.75,65.38,0.7984,0.7849,503.7125,515.5001,0.00412,0.7411,0.7494,0.1461,AVANZAR
2833,141.65,71.81,70.43,68.61,68.21,66.79,65.33,0.72,0.7654,503.9135,515.701,0.00412,0.7453,0.7416,0.1461,AVANZAR
2834,141.7,63.02,66.29,66.05,63.5,61.73,72.28,0.7924,0.7735,504.1144,515.902,0.00412,0.7375,0.7455,0.1461,AVANZAR
2835,141.75,72.51,74.8,70.9,65.95,64.0,66.98,0.6953,0.7501,504.3154,516.103,0.00412,0.7414,0.7347,0.1461,AVANZAR
2836,141.8,66.2,69.15,70.91,72.19,69.48,69.18,0.7569,0.7521,504.5164,516.3039,0.00412,0.7305,0.7344,0.1461,AVANZAR
2837,141.85,66.34,64.46,68.06,70.13,70.25,68.57,0.783,0.7614,504.7173,516.5049,0.00412,0.7303,0.738,0.1461,AVANZAR
2838,141.9,64.29,71.0,68.01,68.1,65.94,68.05,0.7587,0.7606,504.9183,516.7058,0.00412,0.7339,0.7375,0.1461,AVANZAR
2839,141.95,66.81,72.82,70.64,65.62,65.9,71.4,0.7347,0.7528,505.1192,516.9068,0.00412,0.7334,0.7336,0.1461,AVANZAR
2840,142.0,64.44,71.23,68.55,65.81,66.7,63.7,0.7567,0.754,505.3202,517.1078,0.00412,0.7294,0.7334,0.1461,AVANZAR
2841,142.05,71.39,64.62,65.21,75.47,66.96,67.66,0.7548,0.7542,505.5212,517.3087,0.00412,0.7293,0.733,0.1461,AVANZAR
2842,142.1,57.86,60.07,62.32,66.7,71.44,67.48,0.8686,0.7885,505.7221,517.5097,0.00412,0.7289,0.7493,0.1461,AVANZAR
2843,142.15,64.44,66.67,63.63,67.05,72.06,66.32,0.7812,0.7863,505.9231,517.7106,0.00412,0.7452,0.7505,0.1461,AVANZAR
2844,142.2,69.57,64.24,68.97,70.29,65.51,67.1,0.7665,0.7804,506.124,517.9116,0.00412,0.7463,0.7493,0.1461,AVANZAR
2845,142.25,66.01,69.44,66.02,68.1,64.26,69.38,0.7565,0.7732,506.325,518.1126,0.00412,0.7452,0.7468,0.1461,AVANZAR
2846,142.3,65.04,64.98,66.84,65.18,67.09,69.88,0.7876,0.7775,506.526,518.3135,0.00412,0.7427,0.7493,0.1461,AVANZAR
2847,142.35,69.85,68.52,65.57,66.17,67.66,68.6,0.7401,0.7663,506.7269,518.5145,0.00412,0.7451,0.7444,0.1461,AVANZAR
2848,142.4,61.11,66.28,68.99,64.24,67.36,69.1,0.8052,0.778,506.9279,518.7154,0.00412,0.7403,0.7498,0.1461,AVANZAR
2849,142.45,65.34,64.56,71.11,70.95,67.09,65.79,0.7883,0.7811,507.1288,518.9164,0.00412,0.7456,0.7519,0.1461,AVANZAR
2850,142.5,65.84,63.12,68.1,67.16,63.71,76.8,0.7944,0.7851,507.3298,519.1174,0.00412,0.7478,0.7546,0.1461,AVANZAR
2851,142.55,70.14,68.46,68.58,64.25,70.37,66.32,0.7389,0.7712,507.5308,519.3183,0.00412,0.7505,0.7488,0.1461,AVANZAR
2852,142.6,70.84,67.41,69.18,66.48,65.42,67.33,0.7411,0.7622,507.7317,519.5193,0.00412,0.7447,0.7441,0.1461,AVANZAR
2853,142.65,66.42,65.56,67.18,70.43,67.38,64.42,0.7759,0.7663,507.9327,519.7202,0.00412,0.74,0.7453,0.1461,AVANZAR
2854,142.7,69.55,68.32,64.13,67.12,63.73,63.07,0.7428,0.7593,508.1336,519.9212,0.00412,0.7411,0.7414,0.1461,AVANZAR
2855,142.75,67.83,64.08,67.95,68.14,70.08,67.19,0.7769,0.7646,508.3346,520.1222,0.00412,0.7373,0.7431,0.1461,AVANZAR
2856,142.8,68.25,66.47,68.89,66.29,72.17,63.98,0.7602,0.7632,508.5356,520.3231,0.00412,0.7389,0.742,0.1461,AVANZAR
2857,142.85,62.53,64.8,64.58,67.74,77.29,72.28,0.8044,0.7756,508.7365,520.5241,0.00412,0.7379,0.7476,0.1461,AVANZAR
2858,142.9,63.82,70.01,67.49,69.5,68.32,71.28,0.7668,0.773,508.9312,520.725,0.004055,0.7436,0.747,0.1461,AVANZAR
2859,142.95,69.65,67.05,61.64,66.53,67.45,68.92,0.7493,0.7659,509.1322,520.926,0.00412,0.7429,0.7438,0.1461,AVANZAR
2860,143.0,64.76,70.85,67.64,74.16,62.72,61.36,0.7566,0.7631,509.3331,521.127,0.00412,0.7397,0.7422,0.1461,AVANZAR
2861,143.05,72.72,70.53,64.28,67.0,64.7,68.12,0.715,0.7487,509.5341,521.3279,0.00412,0.738,0.7347,0.1461,AVANZAR
2862,143.1,64.36,65.3,68.46,70.79,66.48,69.6,0.7898,0.761,509.735,521.5289,0.00412,0.7306,0.7392,0.1461,AVANZAR
2863,143.15,68.02,67.1,69.98,70.81,64.77,71.75,0.7578,0.7601,509.936,521.7298,0.00412,0.7351,0.7384,0.1461,AVANZAR
2864,143.2,72.84,72.11,64.72,65.2,70.05,63.01,0.7064,0.744,510.137,521.9245,0.004055,0.7344,0.7303,0.1461,AVANZAR
2865,143.25,70.68,68.65,67.37,65.06,65.83,69.2,0.7351,0.7413,510.3379,522.1255,0.00412,0.7262,0.7275,0.1461,AVANZAR
2866,143.3,68.12,66.23,70.49,68.26,65.92,61.87,0.7623,0.7476,510.5389,522.3264,0.00412,0.7234,0.729,0.1461,AVANZAR
2867,143.35,71.89,69.13,66.52,73.85,66.13,69.41,0.7264,0.7413,510.7398,522.5274,0.00412,0.7249,0.7251,0.1461,AVANZAR
2868,143.4,75.02,64.94,63.04,70.98,66.42,68.24,0.7354,0.7395,510.9408,522.7284,0.00412,0.721,0.7231,0.1461,AVANZAR
2869,143.45,67.96,71.26,64.54,72.34,64.53,66.57,0.736,0.7384,511.1418,522.9293,0.00412,0.719,0.7215,0.1461,AVANZAR
2870,143.5,69.48,70.52,68.11,62.74,71.51,66.63,0.7315,0.7363,511.3427,523.1303,0.00412,0.7174,0.7194,0.1461,AVANZAR
2871,143.55,69.04,70.94,68.96,75.06,69.86,71.1,0.7317,0.7349,511.5437,523.3312,0.00412,0.7153,0.7177,0.1461,AVANZAR
2872,143.6,67.74,59.75,64.26,69.45,66.49,68.13,0.8064,0.7564,511.7446,523.5322,0.00412,0.7136,0.7271,0.1461,AVANZAR
2873,143.65,69.48,67.29,61.76,68.72,67.15,67.0,0.7489,0.7541,511.9456,523.7332,0.00412,0.723,0.7268,0.1461,AVANZAR
2874,143.7,69.43,67.74,64.64,71.98,63.89,64.09,0.7466,0.7519,512.1466,523.9341,0.00412,0.7227,0.7262,0.1461,AVANZAR
2875,143.75,71.09,67.32,72.84,57.13,66.86,73.69,0.7404,0.7484,512.3475,524.1351,0.00412,0.7221,0.7247,0.1461,AVANZAR
2876,143.8,67.27,65.57,64.53,64.74,64.2,66.02,0.771,0.7552,512.5485,524.336,0.00412,0.7206,0.728,0.1461,AVANZAR
2877,143.85,69.89,69.19,66.46,61.24,71.16,72.24,0.7363,0.7495,512.7494,524.537,0.00412,0.7239,0.7257,0.1461,AVANZAR
2878,143.9,64.49,69.47,63.36,72.35,71.81,65.89,0.7655,0.7543,512.9504,524.738,0.00412,0.7215,0.728,0.1461,AVANZAR
2879,143.95,64.16,72.38,65.18,67.8,61.5,66.96,0.7527,0.7538,513.1514,524.9389,0.00412,0.7238,0.7281,0.1461,AVANZAR
2880,144.0,64.06,68.46,63.13,67.3,71.14,69.38,0.7736,0.7597,513.3523,525.1399,0.00412,0.7239,0.7312,0.1461,AVANZAR
2881,144.05,72.14,68.27,69.28,62.67,65.85,69.18,0.7298,0.7508,513.5533,525.3408,0.00412,0.7271,0.7275,0.1461,AVANZAR
2882,144.1,69.45,68.97,70.73,70.61,69.55,64.57,0.7398,0.7475,513.7542,525.5418,0.00412,0.7234,0.7258,0.1461,AVANZAR
2883,144.15,63.42,64.96,70.58,68.96,63.05,70.64,0.7978,0.7626,513.9552,525.7428,0.00412,0.7216,0.7328,0.1461,AVANZAR
2884,144.2,63.4,68.69,65.32,63.75,73.25,73.88,0.7765,0.7667,514.1562,525.9437,0.00412,0.7286,0.7356,0.1461,AVANZAR
2885,144.25,68.5,68.57,62.83,64.45,70.85,69.34,0.747,0.7608,514.3571,526.1447,0.00412,0.7315,0.7338,0.1461,AVANZAR
2886,144.3,70.34,64.6,68.91,72.84,66.73,64.41,0.7602,0.7607,514.5581,526.3456,0.00412,0.7297,0.7341,0.1461,AVANZAR
2887,144.35,63.18,72.21,66.4,71.17,64.56,67.45,0.7597,0.7604,514.759,526.5466,0.00412,0.73,0.7344,0.1461,AVANZAR
2888,144.4,62.67,67.77,72.82,69.16,68.96,71.78,0.7862,0.7681,514.96,526.7476,0.00412,0.7302,0.7384,0.1461,AVANZAR
2889,144.45,70.56,67.32,61.63,69.06,64.44,63.45,0.743,0.7606,515.161,526.9485,0.00412,0.7343,0.7356,0.1461,AVANZAR
2890,144.5,65.15,70.03,65.99,65.94,68.47,67.44,0.7585,0.76,515.3619,527.1495,0.00412,0.7315,0.7354,0.1461,AVANZAR
2891,144.55,71.29,73.83,63.57,65.31,63.92,69.39,0.7059,0.7437,515.5629,527.3504,0.00412,0.7313,0.7276,0.1461,AVANZAR
2892,144.6,70.9,65.6,65.37,70.1,63.58,64.33,0.7513,0.746,515.7638,527.5514,0.00412,0.7235,0.7275,0.1461,AVANZAR
2893,144.65,66.77,67.23,74.54,67.03,68.56,62.13,0.7642,0.7515,515.9648,527.7524,0.00412,0.7234,0.7294,0.1461,AVANZAR
2894,144.7,70.6,73.18,65.59,64.93,68.21,67.84,0.7125,0.7398,516.1658,527.9533,0.00412,0.7252,0.7234,0.1461,AVANZAR
2895,144.75,67.6,67.74,67.2,67.06,76.05,61.57,0.7566,0.7448,516.3604,528.1543,0.004055,0.7193,0.7248,0.1461,AVANZAR
2896,144.8,74.03,64.35,67.53,68.1,68.61,67.4,0.7436,0.7445,516.5614,528.3552,0.00412,0.7207,0.724,0.1461,AVANZAR
2897,144.85,72.58,71.75,64.02,66.52,69.38,63.05,0.7095,0.734,516.7624,528.5562,0.00412,0.7199,0.7184,0.1461,AVANZAR
2898,144.9,67.6,68.27,68.09,68.27,69.33,68.4,0.7537,0.7399,516.9633,528.7572,0.00412,0.7143,0.72,0.1461,AVANZAR
2899,144.95,70.12,69.72,66.54,65.26,69.26,68.41,0.7323,0.7376,517.1643,528.9581,0.00412,0.7159,0.7183,0.1461,AVANZAR
2900,145.0,65.36,66.68,65.44,67.15,61.23,74.26,0.7756,0.749,517.3652,529.1591,0.00412,0.7142,0.7231,0.1461,AVANZAR
2901,145.05,63.9,71.43,65.89,64.95,63.67,65.19,0.759,0.752,517.5662,529.3538,0.004055,0.7191,0.7249,0.1461,AVANZAR
2902,145.1,61.31,64.78,67.92,66.23,68.32,68.35,0.8127,0.7702,517.7672,529.5547,0.00412,0.7208,0.7342,0.1461,AVANZAR
2903,145.15,65.72,69.21,70.48,62.06,67.99,70.16,0.7594,0.767,517.9681,529.7557,0.00412,0.7301,0.7344,0.1461,AVANZAR
2904,145.2,60.9,67.41,67.73,64.04,64.03,70.14,0.8001,0.7769,518.1691,529.9566,0.00412,0.7303,0.7405,0.1461,AVANZAR
2905,145.25,69.57,71.22,63.41,66.11,70.75,63.6,0.7275,0.7621,518.37,530.1576,0.00412,0.7364,0.7351,0.1461,AVANZAR
2906,145.3,69.45,71.16,68.37,57.04,73.55,67.54,0.7284,0.752,518.571,530.3586,0.00412,0.7309,0.7306,0.1461,AVANZAR
2907,145.35,71.2,69.21,69.6,65.42,60.98,70.77,0.7294,0.7452,518.772,530.5595,0.00412,0.7264,0.7269,0.1461,AVANZAR
2908,145.4,70.96,70.89,68.51,63.57,68.0,71.41,0.7219,0.7382,518.9729,530.7605,0.00412,0.7228,0.7226,0.1461,AVANZAR
2909,145.45,61.84,65.62,70.2,69.42,66.5,69.03,0.8041,0.758,519.1739,530.9614,0.00412,0.7185,0.731,0.1461,AVANZAR
2910,145.5,63.52,65.09,66.19,66.68,63.24,61.42,0.7964,0.7695,519.3748,531.1624,0.00412,0.7269,0.737,0.1461,AVANZAR
2911,145.55,65.63,68.1,72.73,67.48,65.0,91.34,0.766,0.7684,519.5758,531.3634,0.00412,0.7329,0.7378,0.1461,CURVA_DERECHA
2912,145.6,69.11,63.85,68.65,67.3,70.68,95.35,0.7714,0.7693,519.7768,531.4262,0.002704,0.7351,0.7404,0.1461,CURVA_DERECHA
2913,145.65,70.08,69.32,63.05,66.86,68.17,108.22,0.7346,0.7589,519.9777,531.4827,0.002639,0.7377,0.7373,0.1461,CURVA_DERECHA
2914,145.7,64.27,66.24,64.8,65.39,64.25,106.73,0.7848,0.7667,520.1787,531.5455,0.002704,0.7346,0.7419,0.1461,CURVA_DERECHA
2915,145.75,70.47,66.43,64.86,66.34,67.03,110.28,0.7486,0.7613,520.3796,531.6083,0.002704,0.7392,0.7406,0.1461,CURVA_DERECHA
2916,145.8,65.61,69.77,62.68,60.96,69.56,117.84,0.7571,0.76,520.5806,531.6648,0.002639,0.7379,0.7407,0.1461,CURVA_DERECHA
2917,145.85,67.36,73.26,63.21,69.32,71.75,108.23,0.7294,0.7508,520.7816,531.7276,0.002704,0.738,0.7368,0.1461,CURVA_DERECHA
2918,145.9,69.36,67.73,69.33,71.15,85.64,121.69,0.747,0.7497,520.9825,531.7841,0.002639,0.7341,0.736,0.1461,CURVA_DERECHA
2919,145.95,65.19,68.11,64.97,67.12,101.84,117.4,0.7686,0.7554,521.1835,531.8469,0.002704,0.7333,0.7385,0.1461,CURVA_DERECHA
2920,146.0,68.11,72.83,73.31,65.46,107.85,126.71,0.7273,0.747,521.3844,531.9097,0.002704,0.7358,0.7345,0.1461,CURVA_DERECHA
2921,146.05,63.43,64.08,61.75,66.86,108.64,119.56,0.8031,0.7638,521.5854,531.9662,0.002639,0.7319,0.7423,0.1461,CURVA_DERECHA
2922,146.1,65.75,68.28,68.61,68.33,133.78,116.28,0.7643,0.764,521.7864,532.029,0.002704,0.7396,0.7432,0.1461,CURVA_DERECHA
2923,146.15,72.91,64.2,69.93,72.52,136.02,117.38,0.7499,0.7597,521.9873,532.0856,0.002639,0.7406,0.7419,0.1461,CURVA_DERECHA
2924,146.2,66.88,66.54,63.81,67.36,126.6,114.51,0.7675,0.7621,522.1883,532.1484,0.002704,0.7392,0.7434,0.1461,CURVA_DERECHA
2925,146.25,69.18,69.94,62.0,62.84,144.83,110.85,0.7361,0.7543,522.3892,532.2112,0.002704,0.7407,0.74,0.1461,CURVA_DERECHA
2926,146.3,63.08,68.12,64.85,60.9,153.43,104.87,0.7816,0.7625,522.5902,532.2677,0.002639,0.7373,0.7438,0.1461,CURVA_DERECHA
2927,146.35,67.5,62.81,67.26,70.42,148.31,85.9,0.7868,0.7698,522.7912,532.3305,0.002704,0.7411,0.7478,0.1461,CURVA_DERECHA
2928,146.4,62.81,64.01,67.94,67.32,150.8,73.6,0.8075,0.7811,522.9921,532.387,0.002639,0.7451,0.7543,0.1461,CURVA_DERECHA
2929,146.45,67.22,66.12,67.91,68.02,151.42,66.38,0.768,0.7772,523.1931,532.4498,0.002704,0.7516,0.754,0.1461,CURVA_DERECHA
2930,146.5,67.35,67.46,60.23,66.86,152.96,67.97,0.7596,0.7719,523.394,532.5126,0.002704,0.7513,0.7525,0.1461,CURVA_DERECHA
2931,146.55,69.68,65.74,69.1,63.24,146.49,67.95,0.7568,0.7674,523.5887,532.5691,0.002575,0.7499,0.7509,0.1461,CURVA_DERECHA
2932,146.6,64.07,68.47,67.65,69.34,139.74,60.94,0.7734,0.7692,523.7897,532.6319,0.002704,0.7482,0.7519,0.1461,CURVA_DERECHA
2933,146.65,65.31,73.55,68.11,62.9,124.88,69.05,0.7401,0.7604,523.9906,532.6884,0.002639,0.7493,0.7479,0.1461,CURVA_DERECHA
2934,146.7,73.48,63.93,90.42,71.23,124.54,67.25,0.7488,0.757,524.1916,532.7512,0.002704,0.7452,0.7457,0.1461,CURVA_DERECHA
2935,146.75,73.29,68.66,109.73,65.49,124.56,68.93,0.7221,0.7465,524.3926,532.814,0.002704,0.743,0.74,0.1461,CURVA_DERECHA
2936,146.8,66.96,66.96,127.59,62.04,112.9,64.86,0.7646,0.752,524.5935,532.8706,0.002639,0.7373,0.7413,0.1461,CURVA_DERECHA
2937,146.85,68.78,68.91,143.71,74.03,110.4,62.64,0.7437,0.7495,524.7945,532.9334,0.002704,0.7386,0.7394,0.1461,CURVA_DERECHA
2938,146.9,65.06,64.3,191.62,62.09,94.96,68.07,0.7916,0.7621,524.9954,532.9899,0.002639,0.7367,0.7447,0.1461,CURVA_DERECHA
2939,146.95,66.42,72.73,250.17,65.39,80.2,61.85,0.7374,0.7547,525.1964,533.0527,0.002704,0.742,0.7414,0.1461,CURVA_DERECHA
2940,147.0,101.31,69.88,338.67,65.62,67.36,67.49,0.619,0.714,525.3974,533.1155,0.002704,0.7387,0.7212,0.1461,CURVA_IZQUIERDA
2941,147.05,67.0,66.11,413.43,72.91,64.79,56.82,0.7694,0.7306,525.4602,533.3164,0.002704,0.7185,0.7259,0.1461,CURVA_IZQUIERDA
2942,147.1,66.27,64.81,499.82,69.04,70.07,70.36,0.7813,0.7458,525.5167,533.5174,0.002639,0.7233,0.7318,0.1461,CURVA_IZQUIERDA
2943,147.15,67.84,63.86,492.29,69.19,84.59,64.9,0.7783,0.7555,525.5795,533.7184,0.002704,0.729,0.7362,0.1461,CURVA_DERECHA
2944,147.2,69.46,63.17,533.38,68.66,70.35,64.5,0.7738,0.761,525.7804,533.7749,0.002639,0.7336,0.7395,0.1461,CURVA_IZQUIERDA
2945,147.25,68.79,69.57,539.91,67.16,78.33,70.45,0.7401,0.7548,525.8432,533.9758,0.002704,0.7368,0.7373,0.1461,CURVA_DERECHA
2946,147.3,66.92,63.98,519.76,60.15,70.89,70.15,0.7827,0.7631,526.0442,534.0386,0.002704,0.7346,0.7416,0.1461,CURVA_IZQUIERDA
2947,147.35,70.2,69.99,468.98,72.37,81.57,72.92,0.7304,0.7533,526.1007,534.2396,0.002639,0.7389,0.7377,0.1461,CURVA_DERECHA
2948,147.4,67.04,66.28,502.03,73.18,78.13,65.76,0.7681,0.7578,526.3017,534.2961,0.002639,0.7351,0.7399,0.1461,CURVA_DERECHA
2949,147.45,103.74,67.34,625.05,65.99,69.11,71.39,0.627,0.7185,526.5026,534.3589,0.002704,0.7372,0.7211,0.1461,CURVA_IZQUIERDA
2950,147.5,64.88,64.82,653.93,201.3,68.56,67.67,0.7895,0.7398,526.5654,534.5599,0.002704,0.7184,0.7288,0.1461,CURVA_IZQUIERDA
2951,147.55,70.24,67.31,441.32,223.5,84.42,66.07,0.7448,0.7413,526.622,534.7608,0.002639,0.7261,0.7289,0.1461,CURVA_DERECHA
2952,147.6,65.78,66.64,522.71,208.53,69.45,64.69,0.7734,0.7509,526.8229,534.8174,0.002639,0.7262,0.7331,0.1461,CURVA_IZQUIERDA
2953,147.65,66.46,66.55,492.6,211.42,83.77,69.22,0.7699,0.7566,526.8857,535.0183,0.002704,0.7304,0.7362,0.1461,CURVA_DERECHA
2954,147.7,67.62,63.09,591.56,193.22,67.11,74.79,0.7843,0.7649,527.0867,535.0811,0.002704,0.7335,0.7409,0.1461,CURVA_IZQUIERDA
2955,147.75,67.04,69.13,439.74,221.49,82.79,66.78,0.7522,0.7611,527.1432,535.2821,0.002639,0.7383,0.7403,0.1461,CURVA_DERECHA
2956,147.8,69.99,70.52,541.8,203.81,66.36,65.67,0.7288,0.7514,527.3442,535.3386,0.002639,0.7377,0.7364,0.1461,CURVA_IZQUIERDA
2957,147.85,63.73,68.88,448.39,236.29,80.55,63.22,0.7733,0.758,527.407,535.5396,0.002704,0.7337,0.7395,0.1461,CURVA_DERECHA
2958,147.9,63.67,66.15,589.77,225.94,68.97,64.32,0.7891,0.7673,527.6079,535.6024,0.002704,0.7367,0.7444,0.1461,CURVA_IZQUIERDA
2959,147.95,66.22,69.1,447.16,216.38,78.29,64.08,0.7571,0.7643,527.6707,535.8033,0.002704,0.7417,0.7439,0.1461,CURVA_DERECHA
2960,148.0,95.27,69.54,584.99,191.55,68.88,69.55,0.6369,0.726,527.8717,535.8661,0.002704,0.7412,0.726,0.1461,CURVA_IZQUIERDA
2961,148.05,67.33,64.62,462.08,232.11,75.61,70.6,0.7764,0.7411,527.9282,536.0671,0.002639,0.7234,0.7311,0.1461,CURVA_IZQUIERDA
2962,148.1,66.02,67.49,367.72,272.09,86.07,66.18,0.7671,0.7489,527.991,536.268,0.002704,0.7284,0.734,0.1461,CURVA_DERECHA
2963,148.15,71.17,69.18,443.22,222.54,83.1,61.94,0.7297,0.7432,528.192,536.3246,0.002639,0.7314,0.7312,0.1461,CURVA_DERECHA
2964,148.2,76.14,68.16,507.95,182.27,67.81,67.84,0.7118,0.7337,528.3929,536.3874,0.002704,0.7285,0.726,0.1461,CURVA_IZQUIERDA
2965,148.25,65.4,66.91,430.29,207.14,75.64,66.5,0.7741,0.7458,528.4494,536.5883,0.002639,0.7234,0.7308,0.1461,CURVA_IZQUIERDA
2966,148.3,70.45,67.89,377.29,226.17,81.78,67.77,0.7404,0.7442,528.5122,536.7893,0.002704,0.7281,0.7299,0.1461,CURVA_DERECHA
2967,148.35,65.5,68.87,446.37,222.72,78.93,62.99,0.7625,0.7497,528.7132,536.8458,0.002639,0.7272,0.7324,0.1461,CURVA_DERECHA
2968,148.4,72.25,71.18,518.81,187.51,66.76,68.94,0.714,0.739,528.9142,536.9086,0.002704,0.7297,0.7274,0.1461,CURVA_IZQUIERDA
2969,148.45,61.41,62.91,445.8,219.72,79.25,75.51,0.8238,0.7644,528.9707,537.1096,0.002639,0.7248,0.7392,0.1461,CURVA_DERECHA
2970,148.5,67.72,68.05,500.56,186.77,69.75,73.55,0.7542,0.7614,529.1716,537.1661,0.002639,0.7366,0.7392,0.1461,CURVA_IZQUIERDA
2971,148.55,61.44,62.29,443.8,213.32,75.16,70.5,0.8276,0.7812,529.2344,537.367,0.002704,0.7365,0.7498,0.1461,CURVA_IZQUIERDA
2972,148.6,71.1,65.53,376.12,244.37,88.35,67.08,0.7507,0.7721,529.2972,537.568,0.002704,0.7471,0.7476,0.1461,CURVA_DERECHA
2973,148.65,67.21,63.44,447.34,205.61,80.23,68.46,0.7844,0.7758,529.4982,537.6308,0.002704,0.7449,0.7507,0.1461,CURVA_DERECHA
2974,148.7,65.93,69.14,562.24,181.98,68.91,67.93,0.7585,0.7706,529.6929,537.6936,0.002639,0.748,0.7496,0.1461,CURVA_IZQUIERDA
2975,148.75,68.74,70.13,481.16,206.85,72.29,75.07,0.7374,0.7607,529.7557,537.8946,0.002704,0.7469,0.7455,0.1461,CURVA_IZQUIERDA
2976,148.8,69.89,67.83,381.37,229.42,90.48,66.12,0.7437,0.7556,529.8185,538.0955,0.002704,0.7428,0.7429,0.1461,CURVA_DERECHA
2977,148.85,66.66,64.09,525.38,208.73,70.6,72.33,0.7834,0.7639,530.0194,538.152,0.002639,0.7403,0.7466,0.1461,CURVA_IZQUIERDA
2978,148.9,67.33,67.16,425.29,235.99,88.54,65.41,0.7614,0.7632,530.076,538.353,0.002639,0.744,0.7465,0.1461,CURVA_DERECHA
2979,148.95,63.91,69.99,68.11,212.67,80.63,67.51,0.7663,0.7641,530.2769,538.4158,0.002704,0.7438,0.7471,0.1461,CURVA_DERECHA
2980,149.0,69.92,66.8,62.76,177.06,71.65,65.42,0.7494,0.7597,530.4779,538.4723,0.002639,0.7444,0.7452,0.1461,CURVA_IZQUIERDA
2981,149.05,68.07,68.92,70.63,207.47,69.39,65.85,0.7475,0.756,530.5407,538.6733,0.002704,0.7425,0.7432,0.1461,CURVA_IZQUIERDA
2982,149.1,66.83,68.19,65.52,231.12,83.64,71.37,0.7585,0.7568,530.5972,538.8742,0.002639,0.7406,0.7432,0.1461,CURVA_DERECHA
2983,149.15,66.06,62.08,70.65,214.39,72.76,67.48,0.7999,0.7697,530.7982,538.937,0.002704,0.7405,0.7492,0.1461,CURVA_IZQUIERDA
2984,149.2,63.43,67.45,70.04,232.69,81.56,67.47,0.7831,0.7737,530.861,539.138,0.002704,0.7465,0.7518,0.1461,CURVA_DERECHA
2985,149.25,64.49,62.46,65.59,211.1,76.65,67.07,0.8069,0.7837,531.0619,539.1945,0.002639,0.7492,0.7576,0.1461,CURVA_IZQUIERDA
2986,149.3,65.68,63.58,61.69,263.36,80.71,64.1,0.7924,0.7863,531.1247,539.3955,0.002704,0.7549,0.7604,0.1461,CURVA_DERECHA
2987,149.35,69.9,62.26,67.4,250.75,74.1,68.0,0.7774,0.7836,531.3194,539.4583,0.002639,0.7577,0.7606,0.1461,CURVA_IZQUIERDA
2988,149.4,67.84,60.17,64.35,341.9,70.34,68.52,0.8028,0.7894,531.3822,539.6592,0.002704,0.7579,0.7645,0.1461,CURVA_IZQUIERDA
2989,149.45,68.25,68.53,64.37,167.13,79.21,70.56,0.7487,0.7772,531.445,539.8602,0.002704,0.7618,0.7599,0.1461,CURVA_DERECHA
2990,149.5,63.45,71.11,72.08,147.43,72.47,68.31,0.7635,0.7731,531.646,539.9167,0.002639,0.7572,0.7581,0.1461,CURVA_IZQUIERDA
2991,149.55,66.07,65.86,60.45,66.0,70.17,69.06,0.7761,0.774,531.7025,540.1177,0.002639,0.7555,0.7585,0.1461,AVANZAR
2992,149.6,69.33,66.31,71.55,65.37,61.07,63.48,0.7553,0.7684,531.9034,540.3186,0.00412,0.7544,0.7545,0.1461,AVANZAR
2993,149.65,66.77,71.85,69.37,64.82,67.33,70.07,0.7397,0.7598,532.1044,540.5196,0.00412,0.7504,0.7488,0.1461,AVANZAR
2994,149.7,64.56,66.86,69.03,69.38,68.42,69.66,0.7794,0.7657,532.3054,540.7206,0.00412,0.7447,0.7498,0.1461,AVANZAR
2995,149.75,66.35,72.7,66.01,64.2,68.76,65.73,0.7379,0.7574,532.5063,540.9215,0.00412,0.7457,0.7445,0.1461,AVANZAR
2996,149.8,63.51,65.04,66.63,70.89,68.73,66.26,0.7967,0.7692,532.7073,541.1225,0.00412,0.7404,0.7486,0.1461,AVANZAR
2997,149.85,65.33,68.6,66.99,72.08,62.43,67.52,0.765,0.7679,532.9082,541.3234,0.00412,0.7445,0.7475,0.1461,AVANZAR
2998,149.9,63.92,68.71,66.93,64.86,72.53,65.78,0.7731,0.7695,533.1092,541.5244,0.00412,0.7434,0.7477,0.1461,AVANZAR
2999,149.95,66.49,66.65,71.96,66.29,60.05,68.63,0.7692,0.7694,533.3102,541.7254,0.00412,0.7436,0.7473,0.1461,AVANZAR
3000,150.0,71.68,65.23,71.22,70.27,66.9,63.99,0.7496,0.7634,533.5111,541.9263,0.00412,0.7432,0.7442,0.1461,AVANZAR
3001,150.05,73.46,64.62,62.85,70.73,69.3,64.95,0.7447,0.7578,533.7121,542.1273,0.00412,0.74,0.7407,0.1461,AVANZAR
3002,150.1,67.37,67.22,67.75,66.35,74.6,65.52,0.7609,0.7587,533.913,542.3282,0.00412,0.7366,0.7401,0.1461,AVANZAR
3003,150.15,63.75,62.25,64.16,63.93,66.86,68.38,0.8129,0.775,534.114,542.5292,0.00412,0.736,0.7472,0.1461,AVANZAR
3004,150.2,67.47,70.41,68.13,65.39,69.12,63.44,0.743,0.7654,534.315,542.7302,0.00412,0.7431,0.7431,0.1461,AVANZAR
3005,150.25,69.91,72.01,68.74,67.64,64.29,68.55,0.7217,0.7523,534.5159,542.9311,0.00412,0.739,0.7365,0.1461,AVANZAR
3006,150.3,71.2,64.1,71.43,72.35,64.6,61.71,0.7589,0.7543,534.7169,543.1321,0.00412,0.7323,0.7362,0.1461,AVANZAR
3007,150.35,67.96,63.09,63.05,67.65,65.06,68.02,0.7825,0.7627,534.9178,543.333,0.00412,0.7321,0.7395,0.1461,AVANZAR
3008,150.4,66.64,66.49,66.54,66.18,61.07,69.59,0.7692,0.7647,535.1188,543.534,0.00412,0.7353,0.7403,0.1461,AVANZAR
3009,150.45,70.44,64.84,62.96,63.82,68.4,67.15,0.7582,0.7627,535.3198,543.735,0.00412,0.7362,0.7394,0.1461,AVANZAR
3010,150.5,64.93,67.63,65.62,65.86,68.88,70.9,0.7728,0.7658,535.5207,543.9359,0.00412,0.7353,0.7408,0.1461,AVANZAR
3011,150.55,66.5,69.8,72.03,72.03,62.63,64.77,0.7518,0.7616,535.7217,544.1369,0.00412,0.7366,0.7388,0.1461,AVANZAR
3012,150.6,67.22,63.47,67.12,70.35,67.19,65.06,0.7842,0.7683,535.9226,544.3378,0.00412,0.7347,0.742,0.1461,AVANZAR
3013,150.65,65.42,68.88,62.02,68.52,66.26,66.91,0.763,0.7667,536.1236,544.5388,0.00412,0.7378,0.7415,0.1461,AVANZAR
3014,150.7,64.65,69.86,63.5,70.92,73.64,71.58,0.7625,0.7654,536.3246,544.7398,0.00412,0.7374,0.741,0.1461,AVANZAR
3015,150.75,69.59,63.07,66.01,64.38,68.21,64.65,0.7738,0.7679,536.5255,544.9407,0.00412,0.7369,0.7423,0.1461,AVANZAR
3016,150.8,63.59,67.81,68.4,67.15,71.8,70.01,0.7801,0.7716,536.7265,545.1417,0.00412,0.7382,0.7443,0.1461,AVANZAR
3017,150.85,72.22,69.67,66.32,64.45,66.33,61.31,0.7219,0.7567,536.9274,545.3426,0.00412,0.7402,0.7375,0.1461,AVANZAR
3018,150.9,71.93,69.34,64.3,65.51,72.58,70.81,0.7251,0.7472,537.1284,545.5436,0.00412,0.7334,0.7322,0.1461,AVANZAR
3019,150.95,60.94,64.61,68.33,66.26,71.79,64.71,0.8163,0.7679,537.3231,545.7446,0.004055,0.7281,0.741,0.1461,AVANZAR
3020,151.0,67.63,72.77,68.61,66.95,69.96,65.04,0.7304,0.7567,537.524,545.9455,0.00412,0.7369,0.7359,0.1461,AVANZAR
3021,151.05,67.61,94.19,65.53,67.44,66.73,63.95,0.6504,0.7248,537.725,546.1465,0.00412,0.7318,0.7199,0.1461,AVANZAR
3022,151.1,63.1,111.44,69.03,61.95,65.84,75.53,0.6355,0.698,537.926,546.3474,0.00412,0.7158,0.7041,0.1461,AVANZAR
3023,151.15,70.01,120.02,65.92,70.67,72.46,96.04,0.5789,0.6623,538.1269,546.5484,0.00412,0.6999,0.6823,0.1461,CURVA_DERECHA
3024,151.2,66.33,129.9,64.03,64.87,70.74,110.24,0.583,0.6385,538.3279,546.6049,0.002639,0.6796,0.6655,0.1461,CURVA_DERECHA
3025,151.25,66.68,125.8,68.93,72.03,71.52,126.49,0.5874,0.6232,538.5288,546.6677,0.002704,0.6628,0.6518,0.1461,CURVA_DERECHA
3026,151.3,68.28,142.33,67.16,65.15,64.28,131.31,0.5548,0.6026,538.7298,546.7242,0.002639,0.6492,0.6354,0.1461,CURVA_DERECHA
3027,151.35,62.72,158.95,64.2,65.16,68.81,149.49,0.5693,0.5926,538.9308,546.787,0.002704,0.6327,0.6234,0.1461,CURVA_DERECHA
3028,151.4,69.12,173.09,63.7,71.63,65.83,187.18,0.5183,0.5703,539.1317,546.8498,0.002704,0.6207,0.6057,0.1461,CURVA_DERECHA
3029,151.45,70.03,184.65,64.23,66.54,63.1,227.23,0.5042,0.5505,539.3327,546.9064,0.002639,0.6031,0.5886,0.1461,GIRAR_DERECHA
3030,151.5,64.21,161.45,67.04,64.98,66.87,226.06,0.5573,0.5525,539.496,546.7494,6.4e-05,0.5886,0.584,0.1461,GIRAR_DERECHA
3031,151.55,62.31,148.69,61.6,66.84,107.79,239.74,0.583,0.5617,539.653,546.5861,-6.4e-05,0.5841,0.5839,0.1461,GIRAR_DERECHA
3032,151.6,62.52,119.5,66.53,70.2,118.95,222.23,0.6237,0.5803,539.8162,546.4291,6.4e-05,0.5838,0.5897,0.1461,GIRAR_DERECHA
3033,151.65,64.63,99.62,75.04,72.18,137.11,209.79,0.6531,0.6021,539.9732,546.2658,-6.4e-05,0.5897,0.599,0.1461,GIRAR_DERECHA
3034,151.7,65.84,73.76,63.81,70.92,160.73,188.89,0.7359,0.6423,540.1302,546.1088,-0.0,0.599,0.619,0.1461,CURVA_DERECHA
3035,151.75,62.74,71.12,67.78,68.87,181.08,194.23,0.768,0.68,540.3312,546.1716,0.002704,0.6163,0.6385,0.1461,CURVA_DERECHA
3036,151.8,69.84,69.58,70.15,66.73,196.65,176.43,0.7345,0.6963,540.5322,546.2281,0.002639,0.6358,0.6502,0.1461,CURVA_DERECHA
3037,151.85,68.82,66.82,74.74,70.73,222.03,176.47,0.7551,0.714,540.7331,546.2909,0.002704,0.6475,0.6632,0.1461,CURVA_DERECHA
3038,151.9,61.62,64.74,64.32,65.79,234.82,162.31,0.8108,0.743,540.9341,546.3474,0.002639,0.6606,0.6826,0.1461,CURVA_DERECHA
3039,151.95,63.94,68.36,64.82,64.09,228.48,152.91,0.7749,0.7526,541.135,546.4102,0.002704,0.6798,0.6937,0.1461,CURVA_DERECHA
3040,152.0,60.09,70.69,69.29,69.44,259.2,144.97,0.7882,0.7633,541.336,546.4668,0.002639,0.6911,0.7053,0.1461,CURVA_DERECHA
3041,152.05,65.06,73.65,72.6,68.46,265.53,121.23,0.7411,0.7566,541.537,546.5296,0.002704,0.7026,0.7082,0.1461,CURVA_DERECHA
3042,152.1,68.67,66.86,69.78,65.52,267.53,117.78,0.7557,0.7563,541.7379,546.5924,0.002704,0.7055,0.7128,0.1461,CURVA_DERECHA
3043,152.15,67.6,67.26,64.45,65.52,259.31,111.28,0.7593,0.7572,541.9389,546.6489,0.002639,0.7102,0.7174,0.1461,CURVA_DERECHA
3044,152.2,67.7,65.1,65.06,65.53,244.88,91.64,0.7714,0.7615,542.1398,546.7117,0.002704,0.7147,0.723,0.1461,CURVA_DERECHA
3045,152.25,68.99,64.46,65.46,65.93,232.46,65.27,0.7683,0.7635,542.3408,546.7682,0.002639,0.7203,0.7273,0.1461,CURVA_DERECHA
3046,152.3,66.48,69.57,69.21,70.86,233.11,66.82,0.7531,0.7604,542.5418,546.831,0.002704,0.7246,0.7288,0.1461,CURVA_DERECHA
3047,152.35,69.13,64.84,73.95,68.31,220.17,62.53,0.7651,0.7618,542.7427,546.8938,0.002704,0.7261,0.7318,0.1461,CURVA_DERECHA
3048,152.4,66.56,67.05,69.83,68.0,193.25,62.95,0.7664,0.7632,542.9437,546.9503,0.002639,0.7291,0.7346,0.1461,CURVA_DERECHA
3049,152.45,65.78,68.6,69.22,71.52,176.87,72.12,0.7624,0.7629,543.1446,547.0131,0.002704,0.7319,0.7363,0.1461,CURVA_DERECHA
3050,152.5,67.13,67.33,72.14,68.03,156.37,60.97,0.7616,0.7625,543.3456,547.0696,0.002639,0.7337,0.7378,0.1461,CURVA_DERECHA
3051,152.55,61.94,64.83,65.62,63.21,140.54,68.49,0.8082,0.7762,543.5466,547.1324,0.002704,0.7351,0.7457,0.1461,CURVA_DERECHA
3052,152.6,71.06,65.74,69.44,65.42,133.51,66.18,0.7497,0.7683,543.7475,547.1952,0.002704,0.743,0.744,0.1461,CURVA_DERECHA
3053,152.65,67.78,66.93,62.98,64.31,114.48,65.47,0.7602,0.7658,543.9485,547.2518,0.002639,0.7414,0.7441,0.1461,CURVA_DERECHA
3054,152.7,65.72,72.49,67.46,71.46,107.14,68.57,0.7427,0.7589,544.1494,547.3146,0.002704,0.7414,0.7416,0.1461,CURVA_DERECHA
3055,152.75,65.67,65.2,63.92,63.98,86.77,63.02,0.7824,0.7659,544.3504,547.3711,0.002639,0.739,0.7453,0.1461,CURVA_DERECHA
3056,152.8,66.71,70.88,65.37,68.62,63.58,71.37,0.7449,0.7596,544.5514,547.4339,0.002704,0.7426,0.7429,0.1461,AVANZAR
3057,152.85,66.24,70.73,72.74,70.95,66.03,69.99,0.7484,0.7563,544.7523,547.6348,0.00412,0.7388,0.7402,0.1461,AVANZAR
3058,152.9,65.22,59.26,66.52,66.39,70.91,66.29,0.8245,0.7767,544.9533,547.8358,0.00412,0.7361,0.749,0.1461,AVANZAR
3059,152.95,69.23,71.67,70.43,69.67,64.39,61.83,0.7269,0.7618,545.1542,548.0368,0.00412,0.7449,0.7423,0.1461,AVANZAR
3060,153.0,64.83,68.73,70.05,59.35,67.07,66.0,0.7673,0.7635,545.3552,548.2377,0.00412,0.7382,0.7424,0.1461,AVANZAR
3061,153.05,69.85,65.99,68.15,68.05,65.45,59.67,0.7544,0.7608,545.5562,548.4387,0.00412,0.7383,0.7407,0.1461,AVANZAR
3062,153.1,66.84,64.76,64.99,63.46,61.66,70.06,0.7783,0.766,545.7571,548.6396,0.00412,0.7365,0.7426,0.1461,AVANZAR
3063,153.15,64.32,64.77,69.84,73.91,68.65,64.94,0.7932,0.7742,545.9581,548.8406,0.00412,0.7385,0.7465,0.1461,AVANZAR
3064,153.2,72.63,69.59,65.35,64.28,69.32,60.88,0.7203,0.758,546.159,549.0416,0.00412,0.7424,0.7392,0.1461,AVANZAR
3065,153.25,64.83,65.19,69.51,68.94,69.02,64.68,0.7875,0.7669,546.36,549.2425,0.00412,0.7351,0.7427,0.1461,AVANZAR
3066,153.3,65.35,64.01,63.39,62.91,64.92,65.88,0.7917,0.7743,546.561,549.4435,0.00412,0.7386,0.7464,0.1461,AVANZAR
3067,153.35,73.5,65.67,69.24,67.4,64.5,64.77,0.7381,0.7635,546.7619,549.6444,0.00412,0.7422,0.7416,0.1461,AVANZAR
3068,153.4,68.25,69.42,65.34,70.31,60.88,73.11,0.7439,0.7576,546.9629,549.8454,0.00412,0.7375,0.7384,0.1461,AVANZAR
3069,153.45,71.4,66.52,65.8,61.28,63.97,66.72,0.7434,0.7533,547.1638,550.0464,0.00412,0.7343,0.7357,0.1461,AVANZAR
3070,153.5,68.67,74.48,67.68,67.77,70.38,64.93,0.7165,0.7423,547.3648,550.2473,0.00412,0.7315,0.7293,0.1461,AVANZAR
3071,153.55,71.69,68.48,73.91,68.15,71.83,69.77,0.7309,0.7389,547.5595,550.4483,0.004055,0.7253,0.7261,0.1461,AVANZAR
3072,153.6,66.11,65.13,68.4,64.48,71.85,60.42,0.7803,0.7513,547.7604,550.6492,0.00412,0.722,0.7305,0.1461,AVANZAR
3073,153.65,65.0,65.43,64.96,63.4,68.36,70.67,0.7851,0.7614,547.9614,550.8502,0.00412,0.7264,0.735,0.1461,AVANZAR
3074,153.7,64.31,66.51,65.66,67.87,71.79,68.39,0.783,0.7679,548.1624,551.0512,0.00412,0.7308,0.7385,0.1461,AVANZAR
3075,153.75,65.28,68.37,70.44,68.7,58.62,67.19,0.7666,0.7675,548.3633,551.2521,0.00412,0.7343,0.7391,0.1461,AVANZAR
3076,153.8,66.44,65.82,66.65,68.17,71.77,67.27,0.7743,0.7695,548.5643,551.4531,0.00412,0.7349,0.7407,0.1461,AVANZAR
3077,153.85,63.88,64.87,68.46,66.24,71.47,70.17,0.7954,0.7773,548.7652,551.654,0.00412,0.7366,0.7452,0.1461,AVANZAR
3078,153.9,63.85,71.57,61.01,71.1,64.82,63.65,0.7587,0.7717,548.9662,551.8487,0.004055,0.7411,0.7437,0.1461,AVANZAR
3079,153.95,62.99,65.64,66.57,67.13,63.72,69.6,0.7964,0.7791,549.1672,552.0497,0.00412,0.7395,0.7479,0.1461,AVANZAR
3080,154.0,66.45,67.27,71.46,74.45,62.88,64.01,0.7658,0.7751,549.3681,552.2506,0.00412,0.7437,0.747,0.1461,AVANZAR
3081,154.05,65.52,67.43,67.21,62.61,69.28,73.04,0.7704,0.7737,549.5691,552.4516,0.00412,0.7428,0.7469,0.1461,AVANZAR
3082,154.1,62.54,61.76,62.42,72.0,61.17,65.86,0.8238,0.7887,549.77,552.6526,0.00412,0.7428,0.7546,0.1461,AVANZAR
3083,154.15,68.54,74.33,62.05,70.05,70.86,63.97,0.7179,0.7675,549.971,552.8535,0.00412,0.7505,0.7457,0.1461,AVANZAR
3084,154.2,62.99,70.8,63.58,67.25,71.65,67.9,0.768,0.7677,550.172,553.0545,0.00412,0.7416,0.7455,0.1461,AVANZAR
3085,154.25,67.87,65.62,66.85,63.73,61.82,64.68,0.7673,0.7676,550.3729,553.2554,0.00412,0.7413,0.7451,0.1461,AVANZAR
3086,154.3,67.5,66.9,64.92,64.24,68.4,68.55,0.7619,0.7659,550.5739,553.4564,0.00412,0.741,0.7441,0.1461,AVANZAR
3087,154.35,62.73,61.71,68.95,66.69,70.16,68.25,0.823,0.783,550.7748,553.6574,0.00412,0.74,0.7521,0.1461,AVANZAR
3088,154.4,67.11,69.18,65.34,74.62,69.45,67.89,0.7515,0.7735,550.9758,553.8583,0.00412,0.748,0.7485,0.1461,AVANZAR
3089,154.45,70.4,67.04,66.7,71.0,68.95,64.81,0.7455,0.7651,551.1768,554.0593,0.00412,0.7444,0.7445,0.1461,AVANZAR
3090,154.5,64.45,65.5,67.88,63.67,65.97,70.37,0.788,0.772,551.3777,554.2602,0.00412,0.7404,0.7474,0.1461,AVANZAR
3091,154.55,67.85,60.24,65.07,64.03,66.85,70.08,0.8023,0.7811,551.5787,554.4612,0.00412,0.7432,0.7519,0.1461,AVANZAR
3092,154.6,65.82,65.85,61.87,63.29,66.7,61.85,0.7777,0.7801,551.7796,554.6622,0.00412,0.7478,0.7521,0.1461,AVANZAR
3093,154.65,70.08,69.96,63.6,68.0,63.04,64.22,0.7312,0.7654,551.9806,554.8631,0.00412,0.748,0.7456,0.1461,AVANZAR
3094,154.7,68.41,71.75,66.69,68.25,64.46,66.96,0.731,0.7551,552.1816,555.0641,0.00412,0.7414,0.7399,0.1461,AVANZAR
3095,154.75,65.18,66.55,68.02,69.17,65.71,67.32,0.7774,0.7618,552.3825,555.265,0.00412,0.7358,0.7419,0.1461,AVANZAR
3096,154.8,63.12,64.77,71.32,70.47,65.35,66.65,0.8008,0.7735,552.5835,555.466,0.00412,0.7378,0.747,0.1461,AVANZAR
3097,154.85,66.5,66.82,67.2,62.28,68.64,62.52,0.7681,0.7719,552.7844,555.667,0.00412,0.7428,0.7465,0.1461,AVANZAR
3098,154.9,63.72,60.49,63.19,63.82,69.36,65.64,0.825,0.7878,552.9854,555.8679,0.00412,0.7424,0.7545,0.1461,AVANZAR
3099,154.95,66.03,66.5,66.68,64.77,69.06,67.28,0.7727,0.7833,553.1864,556.0689,0.00412,0.7504,0.7536,0.1461,AVANZAR
3100,155.0,67.24,63.54,63.74,65.26,65.81,63.57,0.7836,0.7834,553.3873,556.2698,0.00412,0.7495,0.7545,0.1461,AVANZAR
3101,155.05,65.89,64.71,64.93,65.85,70.32,65.41,0.7842,0.7836,553.5883,556.4708,0.00412,0.7504,0.7553,0.1461,AVANZAR
3102,155.1,70.89,75.23,67.33,66.15,71.77,69.77,0.7014,0.7589,553.7892,556.6718,0.00412,0.7512,0.7439,0.1461,AVANZAR
3103,155.15,68.8,70.44,69.93,67.13,69.04,58.31,0.7355,0.7519,553.9902,556.8727,0.00412,0.7398,0.7392,0.1461,AVANZAR
3104,155.2,68.09,73.07,67.99,72.34,64.59,67.38,0.7263,0.7442,554.1912,557.0737,0.00412,0.735,0.7338,0.1461,AVANZAR
3105,155.25,67.22,60.22,68.26,62.75,66.81,63.92,0.8059,0.7627,554.3921,557.2746,0.00412,0.7296,0.7408,0.1461,AVANZAR
3106,155.3,70.32,67.71,66.24,67.04,62.11,68.74,0.7421,0.7566,554.5931,557.4756,0.00412,0.7367,0.7375,0.1461,AVANZAR
3107,155.35,65.01,67.35,67.12,68.0,66.01,60.99,0.7739,0.7618,554.794,557.6766,0.00412,0.7334,0.7393,0.1461,AVANZAR
3108,155.4,72.26,67.59,71.23,61.63,67.72,69.34,0.733,0.7531,554.9887,557.8775,0.004055,0.7352,0.7349,0.1461,AVANZAR
3109,155.45,68.52,63.09,74.17,66.27,66.68,70.24,0.7793,0.761,555.1897,558.0785,0.00412,0.7308,0.7379,0.1461,AVANZAR
3110,155.5,63.08,75.79,65.32,66.83,61.61,65.55,0.7436,0.7558,555.3906,558.2794,0.00412,0.7338,0.7352,0.1461,AVANZAR
3111,155.55,66.78,68.73,65.78,63.49,68.24,69.04,0.7558,0.7558,555.5916,558.4804,0.00412,0.7311,0.7347,0.1461,AVANZAR
3112,155.6,67.68,67.61,67.85,69.67,68.67,69.21,0.7569,0.7561,555.7926,558.6814,0.00412,0.7306,0.7344,0.1461,AVANZAR
3113,155.65,65.53,65.78,68.34,67.8,64.48,72.66,0.7799,0.7633,555.9935,558.8823,0.00412,0.7303,0.7375,0.1461,AVANZAR
3114,155.7,65.74,67.47,64.27,66.64,66.63,71.82,0.7689,0.7649,556.1945,559.0833,0.00412,0.7334,0.7386,0.1461,AVANZAR
3115,155.75,65.14,69.99,68.85,68.22,71.59,67.19,0.7588,0.7631,556.3954,559.278,0.004055,0.7345,0.7381,0.1461,AVANZAR
3116,155.8,64.53,61.39,67.26,67.53,69.64,68.95,0.8137,0.7783,556.5964,559.4789,0.00412,0.734,0.7456,0.1461,AVANZAR
3117,155.85,72.82,66.03,71.68,74.55,68.79,71.43,0.7393,0.7666,556.7974,559.6799,0.00412,0.7415,0.7412,0.1461,AVANZAR
3118,155.9,69.57,75.11,67.47,68.64,68.69,67.97,0.7088,0.7492,556.9983,559.8808,0.00412,0.737,0.7329,0.1461,AVANZAR
3119,155.95,65.36,66.48,69.36,68.31,64.68,73.3,0.7768,0.7575,557.1993,560.0818,0.00412,0.7288,0.7358,0.1461,AVANZAR
3120,156.0,68.54,63.04,65.42,64.03,68.15,68.63,0.7796,0.7641,557.4002,560.2828,0.00412,0.7317,0.7387,0.1461,AVANZAR
3121,156.05,68.45,69.18,64.39,74.07,60.7,65.43,0.7441,0.7581,557.6012,560.4837,0.00412,0.7346,0.736,0.1461,AVANZAR
3122,156.1,73.35,69.96,65.58,74.49,72.66,70.93,0.7149,0.7452,557.8022,560.6847,0.00412,0.7318,0.7294,0.1461,AVANZAR
3123,156.15,67.17,66.97,68.41,67.84,67.92,62.68,0.7634,0.7506,558.0031,560.8856,0.00412,0.7252,0.7308,0.1461,AVANZAR
3124,156.2,72.18,65.55,68.03,69.65,74.91,62.43,0.7452,0.749,558.2041,561.0866,0.00412,0.7267,0.7294,0.1461,AVANZAR
3125,156.25,70.87,64.18,70.25,65.46,67.99,65.4,0.7601,0.7523,558.405,561.2876,0.00412,0.7253,0.7304,0.1461,AVANZAR
3126,156.3,73.2,66.39,67.42,69.46,65.01,62.55,0.7354,0.7472,558.606,561.4885,0.00412,0.7262,0.7276,0.1461,AVANZAR
3127,156.35,71.42,66.01,65.07,63.41,70.6,70.41,0.7463,0.7469,558.807,561.6895,0.00412,0.7235,0.7268,0.1461,AVANZAR
3128,156.4,64.76,65.83,67.9,67.39,66.35,68.08,0.7842,0.7581,559.0079,561.8904,0.00412,0.7227,0.7317,0.1461,AVANZAR
3129,156.45,69.16,69.32,66.49,68.4,70.3,63.78,0.7395,0.7525,559.2089,562.0914,0.00412,0.7275,0.7293,0.1461,AVANZAR
3130,156.5,70.01,66.96,60.4,64.86,66.95,71.25,0.748,0.7512,559.4098,562.2924,0.00412,0.7252,0.7285,0.1461,AVANZAR
3131,156.55,66.67,61.12,65.0,65.01,69.37,63.46,0.8029,0.7667,559.6108,562.4933,0.00412,0.7244,0.7358,0.1461,AVANZAR
3132,156.6,65.98,74.41,67.95,63.92,69.41,61.6,0.732,0.7563,559.8118,562.6943,0.00412,0.7317,0.7318,0.1461,AVANZAR
3133,156.65,65.02,65.92,67.12,66.42,70.07,63.93,0.7821,0.764,560.0127,562.8952,0.00412,0.7277,0.7356,0.1461,AVANZAR
3134,156.7,67.02,66.77,59.01,68.92,67.28,65.51,0.7654,0.7644,560.2137,563.0962,0.00412,0.7315,0.7364,0.1461,AVANZAR
3135,156.75,61.58,62.18,69.5,69.29,62.54,68.22,0.8274,0.7833,560.4146,563.2972,0.00412,0.7323,0.7462,0.1461,AVANZAR
3136,156.8,67.04,63.72,66.84,65.38,66.47,69.7,0.7836,0.7834,560.6156,563.4981,0.00412,0.7421,0.7482,0.1461,AVANZAR
3137,156.85,67.1,72.97,69.4,66.89,68.34,66.11,0.7323,0.7681,560.8166,563.6991,0.00412,0.744,0.7423,0.1461,AVANZAR
3138,156.9,58.91,67.3,71.86,70.79,72.8,62.69,0.8149,0.7821,561.0175,563.9,0.00412,0.7382,0.7494,0.1461,AVANZAR
3139,156.95,61.9,67.67,74.05,66.76,67.87,62.72,0.7919,0.7851,561.2185,564.101,0.00412,0.7453,0.7521,0.1461,AVANZAR
3140,157.0,64.65,69.73,68.25,68.9,66.89,62.71,0.7631,0.7785,561.4194,564.302,0.00412,0.748,0.7502,0.1461,AVANZAR
3141,157.05,71.99,70.2,64.23,68.93,65.59,68.6,0.7202,0.761,561.6204,564.5029,0.00412,0.7461,0.7423,0.1461,AVANZAR
3142,157.1,73.04,66.91,67.95,68.36,62.15,66.04,0.7331,0.7526,561.8214,564.7039,0.00412,0.7382,0.7374,0.1461,AVANZAR
3143,157.15,67.66,69.35,66.7,67.2,67.18,64.85,0.7475,0.7511,562.0223,564.9048,0.00412,0.7333,0.7354,0.1461,AVANZAR
3144,157.2,64.54,72.63,67.71,70.14,60.07,63.03,0.7491,0.7505,562.2233,565.1058,0.00412,0.7313,0.7339,0.1461,AVANZAR
3145,157.25,65.15,69.44,66.36,62.32,60.88,69.89,0.7616,0.7538,562.418,565.3068,0.004055,0.7298,0.7345,0.1461,AVANZAR
3146,157.3,69.57,69.32,66.11,62.87,62.95,66.68,0.7373,0.7489,562.6189,565.5077,0.00412,0.7304,0.7314,0.1461,AVANZAR
3147,157.35,64.36,68.05,65.41,73.63,64.59,66.26,0.774,0.7564,562.8199,565.7087,0.00412,0.7272,0.7341,0.1461,AVANZAR
3148,157.4,69.38,64.17,69.76,63.06,73.97,64.49,0.7679,0.7599,563.0208,565.9096,0.00412,0.73,0.7355,0.1461,AVANZAR
3149,157.45,68.72,61.74,68.03,67.47,63.41,75.12,0.7871,0.768,563.2218,566.1106,0.00412,0.7314,0.7395,0.1461,AVANZAR
3150,157.5,68.27,67.49,68.61,63.65,69.18,61.43,0.7543,0.7639,563.4228,566.3116,0.00412,0.7354,0.7382,0.1461,AVANZAR
3151,157.55,63.84,66.4,63.71,70.12,60.94,67.84,0.7866,0.7707,563.6237,566.5125,0.00412,0.734,0.7417,0.1461,AVANZAR
3152,157.6,70.43,71.59,68.37,71.07,71.11,71.83,0.7211,0.7558,563.8247,566.7072,0.004055,0.7377,0.7352,0.1461,AVANZAR
3153,157.65,70.0,69.72,71.46,69.63,66.48,68.98,0.7329,0.7489,564.0256,566.9082,0.00412,0.7311,0.7314,0.1461,AVANZAR
3154,157.7,64.46,67.74,74.58,73.77,71.68,72.9,0.7751,0.7568,564.2266,567.1091,0.00412,0.7273,0.7343,0.1461,AVANZAR
3155,157.75,67.87,70.17,67.76,71.19,64.75,64.23,0.742,0.7523,564.4276,567.3101,0.00412,0.7301,0.7319,0.1461,AVANZAR
3156,157.8,71.66,64.64,69.04,66.6,68.25,64.29,0.7533,0.7526,564.6285,567.511,0.00412,0.7277,0.7315,0.1461,AVANZAR
3157,157.85,65.09,62.1,69.42,65.25,65.21,70.03,0.8055,0.7685,564.8295,567.712,0.00412,0.7274,0.7388,0.1461,AVANZAR
3158,157.9,69.51,69.07,64.51,71.08,64.05,70.36,0.7389,0.7596,565.0304,567.913,0.00412,0.7347,0.7353,0.1461,AVANZAR
3159,157.95,64.93,73.14,66.01,64.98,65.79,66.21,0.7443,0.755,565.2314,568.1139,0.00412,0.7312,0.7331,0.1461,AVANZAR
3160,158.0,65.48,69.09,69.27,67.17,69.18,69.43,0.7615,0.757,565.4324,568.3149,0.00412,0.729,0.7337,0.1461,AVANZAR
3161,158.05,67.85,65.21,68.07,66.87,69.67,68.18,0.7699,0.7608,565.6333,568.5158,0.00412,0.7296,0.7355,0.1461,AVANZAR
3162,158.1,64.39,69.18,66.38,61.3,68.54,69.26,0.7676,0.7629,565.8343,568.7168,0.00412,0.7314,0.7367,0.1461,AVANZAR
3163,158.15,67.18,66.29,70.46,67.72,61.29,65.6,0.7672,0.7642,566.0352,568.9178,0.00412,0.7325,0.7376,0.1461,AVANZAR
3164,158.2,72.15,68.03,71.94,66.39,64.95,66.59,0.7311,0.7543,566.2362,569.1187,0.00412,0.7335,0.7331,0.1461,AVANZAR
3165,158.25,71.45,67.38,66.03,72.12,65.96,65.44,0.7382,0.7494,566.4372,569.3197,0.00412,0.729,0.7304,0.1461,AVANZAR
3166,158.3,65.22,68.58,63.65,67.71,62.72,65.67,0.7658,0.7544,566.6381,569.5206,0.00412,0.7262,0.732,0.1461,AVANZAR
3167,158.35,71.22,65.82,62.66,72.23,66.24,64.0,0.7484,0.7526,566.8391,569.7216,0.00412,0.7279,0.7309,0.1461,AVANZAR
3168,158.4,70.71,68.05,68.37,67.5,67.91,66.82,0.7383,0.7483,567.04,569.9226,0.00412,0.7268,0.7285,0.1461,AVANZAR
3169,158.45,64.98,71.84,68.19,67.23,69.23,64.0,0.7503,0.7489,567.241,570.1235,0.00412,0.7243,0.7281,0.1461,AVANZAR
3170,158.5,70.49,64.84,68.05,68.05,69.1,66.62,0.758,0.7516,567.442,570.3245,0.00412,0.724,0.729,0.1461,AVANZAR
3171,158.55,64.64,64.15,64.79,66.76,64.59,69.15,0.7951,0.7647,567.6429,570.5254,0.00412,0.7249,0.7351,0.1461,AVANZAR
3172,158.6,66.35,62.21,66.27,64.97,63.71,63.39,0.7973,0.7745,567.8439,570.7264,0.00412,0.731,0.7407,0.1461,AVANZAR
3173,158.65,61.23,68.9,68.55,64.08,68.39,68.95,0.7897,0.779,568.0448,570.9274,0.00412,0.7366,0.7443,0.1461,AVANZAR
3174,158.7,66.42,70.27,67.14,59.86,63.08,70.33,0.7497,0.7702,568.2458,571.1283,0.00412,0.7402,0.7416,0.1461,AVANZAR
3175,158.75,71.71,62.77,68.25,73.28,64.67,68.44,0.7648,0.7686,568.4468,571.3293,0.00412,0.7375,0.7415,0.1461,AVANZAR
3176,158.8,69.01,73.28,68.33,66.53,71.85,60.21,0.7203,0.7541,568.6477,571.5302,0.00412,0.7374,0.7349,0.1461,AVANZAR
3177,158.85,63.55,64.68,65.33,67.32,62.31,72.31,0.7986,0.7675,568.8487,571.7312,0.00412,0.7307,0.7407,0.1461,AVANZAR
3178,158.9,75.39,64.71,70.97,67.22,59.34,71.6,0.7351,0.7578,569.0496,571.9322,0.00412,0.7365,0.7363,0.1461,AVANZAR
3179,158.95,73.73,60.66,71.73,70.32,64.53,67.84,0.7692,0.7612,569.2506,572.1331,0.00412,0.7322,0.7376,0.1461,AVANZAR
3180,159.0,70.36,68.86,72.4,65.66,70.69,66.43,0.7356,0.7535,569.4516,572.3341,0.00412,0.7335,0.7338,0.1461,AVANZAR
3181,159.05,68.99,68.35,67.37,63.95,65.86,68.61,0.7456,0.7512,569.6525,572.535,0.00412,0.7297,0.732,0.1461,AVANZAR
3182,159.1,66.59,67.8,69.65,65.6,72.57,67.77,0.762,0.7544,569.8535,572.736,0.00412,0.7279,0.7329,0.1461,AVANZAR
3183,159.15,65.05,74.1,66.01,62.78,65.9,69.58,0.739,0.7498,570.0482,572.937,0.004055,0.7288,0.7303,0.1461,AVANZAR
3184,159.2,71.07,60.49,65.16,66.52,67.87,71.45,0.7834,0.7599,570.2491,573.1379,0.00412,0.7262,0.7346,0.1461,AVANZAR
3185,159.25,63.35,68.41,69.84,69.25,65.35,67.75,0.7784,0.7654,570.4501,573.3389,0.00412,0.7304,0.7374,0.1461,AVANZAR
3186,159.3,67.86,69.39,64.68,67.78,63.89,65.57,0.7462,0.7597,570.651,573.5398,0.00412,0.7333,0.7352,0.1461,AVANZAR
3187,159.35,64.78,65.67,66.44,73.52,68.69,67.6,0.7851,0.7673,570.852,573.7408,0.00412,0.7311,0.739,0.1461,AVANZAR
3188,159.4,69.28,65.53,69.98,63.13,64.14,64.34,0.7602,0.7652,571.053,573.9418,0.00412,0.7348,0.7385,0.1461,AVANZAR
3189,159.45,65.74,69.87,65.6,66.52,66.44,64.49,0.7558,0.7623,571.2539,574.1427,0.00412,0.7344,0.7376,0.1461,AVANZAR
3190,159.5,70.01,73.29,57.85,64.98,66.69,65.62,0.715,0.7481,571.4549,574.3374,0.004055,0.7335,0.7308,0.1461,AVANZAR
3191,159.55,68.1,65.89,68.42,68.11,63.87,68.19,0.7645,0.753,571.6558,574.5384,0.00412,0.7267,0.7322,0.1461,AVANZAR
3192,159.6,68.27,68.71,75.39,65.58,65.59,72.47,0.7476,0.7514,571.8568,574.7393,0.00412,0.7281,0.7309,0.1461,AVANZAR
3193,159.65,63.46,63.38,67.19,67.43,63.79,66.15,0.8073,0.7682,572.0578,574.9403,0.00412,0.7268,0.7386,0.1461,AVANZAR
3194,159.7,64.34,64.14,70.36,63.44,67.0,71.47,0.797,0.7768,572.2587,575.1412,0.00412,0.7344,0.7436,0.1461,AVANZAR
3195,159.75,64.1,65.66,64.95,73.24,68.44,60.6,0.7893,0.7805,572.4597,575.3422,0.00412,0.7395,0.7467,0.1461,AVANZAR
3196,159.8,68.89,72.52,67.23,64.07,64.33,66.47,0.7246,0.7638,572.6606,575.5432,0.00412,0.7426,0.74,0.1461,AVANZAR
3197,159.85,76.31,70.99,70.58,66.24,65.34,66.02,0.6961,0.7435,572.8616,575.7441,0.00412,0.7359,0.7301,0.1461,AVANZAR
3198,159.9,58.82,66.72,65.66,71.29,67.94,66.83,0.8189,0.7661,573.0626,575.9451,0.00412,0.7259,0.7395,0.1461,AVANZAR
3199,159.95,67.35,67.38,66.81,68.38,62.7,77.84,0.7601,0.7643,573.2635,576.146,0.00412,0.7354,0.739,0.1461,AVANZAR
3200,160.0,67.02,63.88,70.07,65.58,66.39,65.18,0.7828,0.7698,573.4645,576.347,0.00412,0.7349,0.7419,0.1461,AVANZAR
3201,160.05,69.31,70.9,67.02,69.77,65.67,74.57,0.7304,0.758,573.6654,576.548,0.00412,0.7378,0.7367,0.1461,AVANZAR
3202,160.1,67.5,64.89,74.39,67.56,66.66,61.68,0.7738,0.7627,573.8664,576.7489,0.00412,0.7326,0.7386,0.1461,AVANZAR
3203,160.15,70.77,64.8,65.12,65.19,64.88,64.33,0.7568,0.761,574.0674,576.9499,0.00412,0.7345,0.7377,0.1461,AVANZAR
3204,160.2,65.61,66.75,67.68,69.43,64.83,63.29,0.7737,0.7648,574.2683,577.1508,0.00412,0.7336,0.7395,0.1461,AVANZAR
3205,160.25,72.83,67.87,67.07,63.57,67.06,65.45,0.7287,0.754,574.4693,577.3518,0.00412,0.7354,0.7344,0.1461,AVANZAR
3206,160.3,70.56,64.7,69.06,65.84,66.13,63.14,0.7585,0.7553,574.6702,577.5528,0.00412,0.7303,0.7344,0.1461,AVANZAR
3207,160.35,68.71,58.99,67.64,65.61,69.97,68.14,0.8066,0.7707,574.8712,577.7537,0.00412,0.7303,0.7414,0.1461,AVANZAR
3208,160.4,65.47,68.8,63.62,66.87,69.59,67.69,0.7631,0.7684,575.0722,577.9547,0.00412,0.7373,0.7411,0.1461,AVANZAR
3209,160.45,64.55,63.46,71.59,65.03,63.17,67.8,0.8,0.7779,575.2731,578.1556,0.00412,0.737,0.7462,0.1461,AVANZAR
3210,160.5,69.3,69.91,69.33,66.52,70.69,70.41,0.7356,0.7652,575.4741,578.3566,0.00412,0.742,0.7411,0.1461,AVANZAR
3211,160.55,68.15,69.72,62.07,67.41,70.46,67.65,0.7428,0.7585,575.675,578.5576,0.00412,0.737,0.7378,0.1461,AVANZAR
3212,160.6,70.97,66.91,69.4,64.72,73.26,60.49,0.7433,0.7539,575.876,578.7585,0.00412,0.7337,0.7351,0.1461,AVANZAR
3213,160.65,71.96,67.62,73.2,64.63,74.6,71.31,0.7343,0.7481,576.077,578.9595,0.00412,0.731,0.7315,0.1461,AVANZAR
3214,160.7,60.87,66.64,64.95,67.21,65.38,62.84,0.8047,0.7651,576.2779,579.1604,0.00412,0.7274,0.7387,0.1461,AVANZAR
3215,160.75,66.22,65.23,67.39,73.14,70.61,67.66,0.779,0.7693,576.4789,579.3614,0.00412,0.7346,0.741,0.1461,AVANZAR
3216,160.8,68.82,73.5,67.51,65.47,64.15,63.21,0.7203,0.7546,576.6798,579.5624,0.00412,0.7369,0.7345,0.1461,AVANZAR
3217,160.85,70.92,64.69,64.0,66.65,69.57,66.79,0.7567,0.7552,576.8808,579.7633,0.00412,0.7304,0.7342,0.1461,AVANZAR
3218,160.9,69.7,66.76,67.51,62.15,66.94,62.65,0.7508,0.7539,577.0818,579.9643,0.00412,0.7301,0.7331,0.1461,AVANZAR
3219,160.95,71.99,67.83,68.85,69.24,62.04,69.36,0.733,0.7476,577.2827,580.1652,0.00412,0.729,0.7296,0.1461,AVANZAR
3220,161.0,71.91,66.9,73.39,69.29,65.48,60.62,0.7387,0.7449,577.4774,580.3662,0.004055,0.7255,0.7275,0.1461,AVANZAR
3221,161.05,66.21,68.87,70.04,65.85,62.48,62.65,0.7584,0.749,577.6784,580.5672,0.00412,0.7233,0.7285,0.1461,AVANZAR
3222,161.1,61.42,68.0,69.93,66.39,63.07,61.74,0.7933,0.7623,577.8793,580.7681,0.00412,0.7243,0.7344,0.1461,AVANZAR
3223,161.15,71.78,68.52,66.51,67.47,66.04,69.26,0.7303,0.7527,578.0803,580.9691,0.00412,0.7303,0.7303,0.1461,AVANZAR
3224,161.2,66.02,69.6,72.05,67.52,65.05,66.78,0.7556,0.7535,578.2812,581.17,0.00412,0.7262,0.7305,0.1461,AVANZAR
3225,161.25,67.62,64.84,67.35,63.64,63.27,69.19,0.7734,0.7595,578.4822,581.371,0.00412,0.7263,0.7332,0.1461,AVANZAR
3226,161.3,69.16,64.37,70.37,64.97,65.91,66.15,0.7679,0.762,578.6832,581.572,0.00412,0.7291,0.7348,0.1461,AVANZAR
3227,161.35,64.64,70.51,67.24,67.4,64.22,63.04,0.7591,0.7611,578.8841,581.7666,0.004055,0.7307,0.7349,0.1461,AVANZAR
3228,161.4,70.34,65.43,66.91,75.39,67.04,64.24,0.7552,0.7594,579.0851,581.9676,0.00412,0.7307,0.7343,0.1461,AVANZAR
3229,161.45,69.82,67.03,62.29,61.35,60.73,65.81,0.7485,0.7561,579.286,582.1686,0.00412,0.7302,0.7329,0.1461,AVANZAR
3230,161.5,67.51,63.97,74.02,65.7,71.99,65.57,0.7794,0.7631,579.487,582.3695,0.00412,0.7288,0.7362,0.1461,AVANZAR
3231,161.55,71.62,68.95,71.41,69.64,71.51,66.16,0.7287,0.7528,579.688,582.5705,0.00412,0.732,0.7316,0.1461,AVANZAR
3232,161.6,66.57,64.77,68.97,71.48,62.76,62.99,0.7798,0.7609,579.8889,582.7714,0.00412,0.7274,0.7351,0.1461,AVANZAR
3233,161.65,67.27,70.32,69.74,73.5,69.51,66.01,0.7446,0.756,580.0899,582.9724,0.00412,0.731,0.733,0.1461,AVANZAR
3234,161.7,72.33,66.86,72.33,64.8,66.73,64.47,0.7368,0.7503,580.2908,583.1734,0.00412,0.7288,0.73,0.1461,AVANZAR
3235,161.75,71.37,64.02,60.32,65.18,69.12,69.64,0.7586,0.7527,580.4918,583.3743,0.00412,0.7259,0.7307,0.1461,AVANZAR
3236,161.8,67.33,68.54,66.91,68.72,73.07,60.83,0.7537,0.753,580.6928,583.5753,0.00412,0.7265,0.7305,0.1461,AVANZAR
3237,161.85,76.57,74.14,64.62,65.16,69.44,65.01,0.6796,0.731,580.8937,583.7762,0.00412,0.7264,0.7196,0.1461,AVANZAR
3238,161.9,72.78,71.0,69.41,69.84,71.32,89.24,0.7123,0.7254,581.0947,583.9772,0.00412,0.7154,0.715,0.1461,CURVA_DERECHA
3239,161.95,68.03,67.51,70.04,61.96,59.81,108.73,0.7555,0.7344,581.2956,584.04,0.002704,0.7123,0.7186,0.1461,CURVA_DERECHA
3240,162.0,68.22,67.58,69.7,69.89,69.49,123.28,0.7541,0.7403,581.4966,584.0965,0.002639,0.716,0.7215,0.1461,CURVA_DERECHA
3241,162.05,75.45,65.02,72.21,68.61,69.04,162.94,0.733,0.7381,581.6976,584.1593,0.002704,0.7188,0.7209,0.1461,CURVA_DERECHA
3242,162.1,65.6,70.78,70.13,62.43,68.26,188.43,0.7519,0.7423,581.8985,584.2221,0.002704,0.7182,0.7231,0.1461,CURVA_DERECHA
3243,162.15,62.55,67.14,61.84,66.75,69.64,215.55,0.7906,0.7568,582.0995,584.2786,0.002639,0.7205,0.7307,0.1461,CURVA_DERECHA
3244,162.2,62.48,62.21,61.39,69.62,96.98,284.78,0.8212,0.7761,582.3004,584.3414,0.002704,0.728,0.7416,0.1461,CURVA_DERECHA
3245,162.25,68.62,69.08,66.01,72.26,102.08,334.78,0.7436,0.7664,582.5014,584.398,0.002639,0.739,0.7397,0.1461,CURVA_DERECHA
3246,162.3,69.36,70.35,68.45,63.41,152.34,383.42,0.733,0.7563,582.7024,584.4608,0.002704,0.737,0.7364,0.1461,CURVA_DERECHA
3247,162.35,65.27,63.37,67.95,68.83,218.0,427.13,0.7962,0.7683,582.9033,584.5236,0.002704,0.7337,0.7428,0.1461,CURVA_DERECHA
3248,162.4,65.79,70.32,73.35,67.89,268.02,401.26,0.7531,0.7638,583.1043,584.5801,0.002639,0.7402,0.7421,0.1461,CURVA_DERECHA
3249,162.45,69.36,69.86,64.78,61.09,297.54,337.26,0.7355,0.7553,583.3052,584.6429,0.002704,0.7394,0.7388,0.1461,CURVA_DERECHA
3250,162.5,74.52,63.85,67.36,65.11,284.44,280.05,0.7445,0.752,583.5062,584.6994,0.002639,0.7362,0.7374,0.1461,CURVA_DERECHA
3251,162.55,69.61,68.17,67.17,63.3,334.58,232.03,0.7433,0.7494,583.7072,584.7622,0.002704,0.7347,0.7359,0.1461,CURVA_DERECHA
3252,162.6,66.96,69.11,66.95,65.32,348.84,203.91,0.7528,0.7504,583.9081,584.825,0.002704,0.7332,0.7361,0.1461,CURVA_DERECHA
3253,162.65,68.85,61.66,72.69,71.84,357.39,164.47,0.787,0.7614,584.1091,584.8815,0.002639,0.7334,0.7413,0.1461,CURVA_DERECHA
3254,162.7,67.53,68.4,65.29,68.64,382.16,131.65,0.7533,0.759,584.3038,584.9443,0.002639,0.7386,0.7408,0.1461,CURVA_DERECHA
3255,162.75,69.45,68.0,69.4,63.75,371.09,62.75,0.7451,0.7548,584.511,585.0008,0.002704,0.7381,0.7391,0.1461,CURVA_DERECHA
3256,162.8,60.97,70.19,67.3,68.29,378.67,64.82,0.7846,0.7637,584.7057,585.0636,0.002639,0.7365,0.7435,0.1461,CURVA_DERECHA
3257,162.85,68.3,66.95,73.35,68.22,375.17,62.15,0.7572,0.7618,584.9066,585.1264,0.002704,0.7408,0.7432,0.1461,CURVA_DERECHA
3258,162.9,67.3,64.42,73.43,64.32,359.02,65.36,0.7778,0.7666,585.1076,585.183,0.002639,0.7405,0.746,0.1461,CURVA_DERECHA
3259,162.95,62.46,63.91,66.41,65.59,327.1,68.78,0.8105,0.7797,585.3086,585.2458,0.002704,0.7433,0.7531,0.1461,CURVA_DERECHA
3260,163.0,69.72,64.51,67.79,67.72,257.73,69.37,0.764,0.775,585.5095,585.3023,0.002639,0.7505,0.7524,0.1461,CURVA_DERECHA
3261,163.05,63.84,64.35,69.35,66.12,219.88,68.75,0.7988,0.7822,585.7105,585.3651,0.002704,0.7497,0.7569,0.1461,CURVA_DERECHA
3262,163.1,65.58,68.49,67.04,62.37,65.62,67.08,0.7641,0.7767,585.9114,585.4279,0.002704,0.7542,0.7556,0.1461,AVANZAR
3263,163.15,67.48,65.15,65.18,68.4,67.62,67.72,0.7723,0.7754,586.1124,585.6288,0.00412,0.7515,0.7546,0.1461,AVANZAR
3264,163.2,70.3,69.51,64.52,68.86,70.21,65.3,0.7324,0.7625,586.3134,585.8298,0.00412,0.7504,0.7478,0.1461,AVANZAR
3265,163.25,70.15,64.67,74.78,72.48,62.07,61.01,0.7608,0.762,586.5143,586.0245,0.004055,0.7438,0.7462,0.1461,AVANZAR
3266,163.3,66.49,69.84,67.96,66.12,68.61,66.81,0.7516,0.7589,586.7153,586.2254,0.00412,0.7421,0.7435,0.1461,AVANZAR
3267,163.35,69.15,67.22,68.0,69.5,67.21,65.71,0.751,0.7565,586.9162,586.4264,0.00412,0.7394,0.7411,0.1461,AVANZAR
3268,163.4,69.01,72.88,64.33,67.45,65.84,63.55,0.7222,0.7462,587.1172,586.6274,0.00412,0.737,0.7348,0.1461,AVANZAR
3269,163.45,66.04,65.48,67.32,66.3,69.28,67.45,0.7786,0.756,587.3182,586.8283,0.00412,0.7307,0.7377,0.1461,AVANZAR
3270,163.5,70.8,66.03,69.78,64.32,70.51,65.5,0.7493,0.754,587.5191,587.0293,0.00412,0.7336,0.7359,0.1461,AVANZAR
3271,163.55,65.38,59.68,67.24,69.65,71.16,62.25,0.8205,0.7739,587.7201,587.2302,0.00412,0.7318,0.7447,0.1461,AVANZAR
3272,163.6,62.41,70.59,65.0,66.9,70.32,64.53,0.7729,0.7736,587.921,587.4312,0.00412,0.7406,0.7453,0.1461,AVANZAR
3273,163.65,64.8,68.25,61.05,66.88,64.16,67.9,0.7702,0.7726,588.122,587.6322,0.00412,0.7412,0.7454,0.1461,AVANZAR
3274,163.7,69.87,70.12,68.88,65.71,72.23,68.96,0.7315,0.7602,588.323,587.8331,0.00412,0.7413,0.7399,0.1461,AVANZAR
3275,163.75,59.49,61.31,66.03,66.91,66.67,63.41,0.8478,0.7865,588.5239,588.0341,0.00412,0.7358,0.7521,0.1461,AVANZAR
3276,163.8,67.76,64.5,67.38,65.87,69.97,68.31,0.7747,0.783,588.7249,588.235,0.00412,0.748,0.7519,0.1461,AVANZAR
3277,163.85,67.03,68.11,65.62,69.15,67.52,71.61,0.7578,0.7754,588.9258,588.436,0.00412,0.7478,0.7492,0.1461,AVANZAR
3278,163.9,70.28,67.32,71.57,68.36,70.42,61.51,0.7445,0.7661,589.1268,588.637,0.00412,0.7451,0.745,0.1461,AVANZAR
3279,163.95,68.77,71.91,62.42,70.38,72.71,65.05,0.7283,0.7548,589.3278,588.8379,0.00412,0.7409,0.7391,0.1461,AVANZAR
3280,164.0,68.86,66.39,66.44,62.43,65.81,64.27,0.7574,0.7556,589.5287,589.0389,0.00412,0.7349,0.7382,0.1461,AVANZAR
3281,164.05,55.24,69.53,75.04,72.56,66.33,71.19,0.8316,0.7784,589.7297,589.2398,0.00412,0.7341,0.7484,0.1461,AVANZAR
3282,164.1,68.15,67.63,66.45,68.69,65.56,73.05,0.7542,0.7711,589.9306,589.4408,0.00412,0.7442,0.7457,0.1461,AVANZAR
3283,164.15,69.2,68.06,66.52,69.44,75.09,64.89,0.7461,0.7636,590.1316,589.6418,0.00412,0.7416,0.7422,0.1461,AVANZAR
3284,164.2,62.69,68.75,69.64,77.47,67.37,66.15,0.7807,0.7688,590.3326,589.8427,0.00412,0.7381,0.7443,0.1461,AVANZAR
3285,164.25,68.25,64.34,68.15,66.05,66.92,68.49,0.773,0.77,590.5335,590.0437,0.00412,0.7402,0.745,0.1461,AVANZAR
3286,164.3,69.34,64.36,68.82,65.62,65.31,73.79,0.767,0.7691,590.7345,590.2446,0.00412,0.7409,0.7447,0.1461,AVANZAR
3287,164.35,68.7,65.01,63.56,63.18,65.54,64.63,0.7664,0.7683,590.9354,590.4456,0.00412,0.7406,0.7444,0.1461,AVANZAR
3288,164.4,65.46,70.37,61.68,72.19,63.47,67.11,0.7549,0.7643,591.1364,590.6466,0.00412,0.7402,0.7424,0.1461,AVANZAR
3289,164.45,60.85,69.81,63.2,62.83,63.4,69.17,0.7874,0.7712,591.3374,590.8475,0.00412,0.7383,0.7454,0.1461,AVANZAR
3290,164.5,64.15,62.78,65.5,65.44,69.84,62.14,0.8068,0.7819,591.5383,591.0485,0.00412,0.7413,0.7509,0.1461,AVANZAR
3291,164.55,65.32,67.35,67.91,66.69,64.87,70.3,0.772,0.7789,591.7393,591.2494,0.00412,0.7468,0.7505,0.1461,AVANZAR
3292,164.6,69.42,68.83,68.32,68.83,66.97,67.96,0.7407,0.7675,591.9402,591.4504,0.00412,0.7463,0.7455,0.1461,AVANZAR
3293,164.65,64.46,61.13,66.43,67.15,67.31,67.12,0.8159,0.782,592.1349,591.6514,0.004055,0.7415,0.7523,0.1461,AVANZAR
3294,164.7,70.55,65.66,61.53,62.9,70.34,70.22,0.7528,0.7732,592.3359,591.8523,0.00412,0.7482,0.7489,0.1461,AVANZAR
3295,164.75,67.53,66.02,67.52,70.99,71.19,70.23,0.7668,0.7713,592.5368,592.0533,0.00412,0.7448,0.748,0.1461,AVANZAR
3296,164.8,70.4,68.91,68.04,70.48,65.02,69.44,0.7351,0.7605,592.7378,592.2542,0.00412,0.7439,0.7426,0.1461,AVANZAR
3297,164.85,70.83,68.14,69.79,69.74,62.6,75.51,0.7371,0.7535,592.9388,592.4552,0.00412,0.7385,0.7383,0.1461,AVANZAR
3298,164.9,62.97,68.81,65.88,63.33,65.83,62.52,0.7786,0.761,593.1397,592.6562,0.00412,0.7342,0.7407,0.1461,AVANZAR
3299,164.95,71.3,64.4,67.69,63.05,65.26,70.11,0.7566,0.7597,593.3407,592.8571,0.00412,0.7365,0.7395,0.1461,AVANZAR
3300,165.0,65.66,66.8,61.68,69.12,65.64,65.28,0.7731,0.7637,593.5416,593.0581,0.00412,0.7353,0.7409,0.1461,AVANZAR
3301,165.05,71.95,70.29,67.18,65.3,69.66,65.36,0.72,0.7506,593.7426,593.259,0.00412,0.7367,0.7343,0.1461,AVANZAR
3302,165.1,67.03,72.03,65.55,68.19,63.67,62.4,0.7373,0.7466,593.9436,593.4537,0.004055,0.7302,0.7313,0.1461,AVANZAR
3303,165.15,68.84,64.43,68.33,65.96,69.95,63.1,0.7692,0.7534,594.1445,593.6547,0.00412,0.7272,0.7333,0.1461,AVANZAR
3304,165.2,72.87,71.37,74.63,63.97,68.58,64.13,0.71,0.7404,594.3455,593.8556,0.00412,0.7292,0.7264,0.1461,AVANZAR
3305,165.25,72.35,64.55,74.72,62.92,64.14,63.69,0.7504,0.7434,594.5464,594.0566,0.00412,0.7223,0.7264,0.1461,AVANZAR
3306,165.3,66.97,69.01,66.28,64.55,71.27,60.79,0.7533,0.7463,594.7474,594.2576,0.00412,0.7222,0.7268,0.1461,AVANZAR
3307,165.35,61.61,73.19,63.42,66.17,66.51,66.98,0.7653,0.752,594.9484,594.4585,0.00412,0.7227,0.7289,0.1461,AVANZAR
3308,165.4,63.38,61.96,65.5,69.19,72.5,63.05,0.8171,0.7716,595.1493,594.6595,0.00412,0.7248,0.7383,0.1461,AVANZAR
3309,165.45,63.72,70.36,69.61,68.18,66.32,62.45,0.7656,0.7698,595.3503,594.8604,0.00412,0.7341,0.7387,0.1461,AVANZAR
3310,165.5,69.55,66.67,67.48,64.1,70.44,63.16,0.7521,0.7645,595.5512,595.0614,0.00412,0.7346,0.7372,0.1461,AVANZAR
3311,165.55,68.3,65.97,72.44,66.22,68.02,71.8,0.7629,0.764,595.7522,595.2624,0.00412,0.733,0.7374,0.1461,AVANZAR
3312,165.6,63.69,71.13,71.12,70.11,69.24,68.15,0.7619,0.7633,595.9532,595.4633,0.00412,0.7333,0.7375,0.1461,AVANZAR
3313,165.65,69.78,68.56,63.29,71.6,63.19,63.7,0.7403,0.7564,596.1541,595.6643,0.00412,0.7333,0.7344,0.1461,AVANZAR
3314,165.7,69.18,67.65,65.87,68.85,73.15,59.62,0.7485,0.754,596.3551,595.8652,0.00412,0.7302,0.7329,0.1461,AVANZAR
3315,165.75,63.92,63.84,65.42,64.83,62.9,63.85,0.8015,0.7683,596.556,596.0662,0.00412,0.7288,0.7394,0.1461,AVANZAR
3316,165.8,62.04,71.87,70.91,66.21,65.76,68.63,0.7688,0.7684,596.757,596.2672,0.00412,0.7353,0.7402,0.1461,AVANZAR
3317,165.85,62.85,68.62,69.67,72.1,74.06,66.01,0.7804,0.772,596.958,596.4681,0.00412,0.7361,0.7425,0.1461,AVANZAR
3318,165.9,66.85,65.3,64.88,67.39,65.31,64.79,0.775,0.7729,597.1589,596.6691,0.00412,0.7384,0.7438,0.1461,AVANZAR
3319,165.95,60.86,67.93,65.35,68.93,61.08,70.07,0.7975,0.7803,597.3599,596.87,0.00412,0.7396,0.7481,0.1461,AVANZAR
3320,166.0,66.69,68.29,65.66,63.44,64.04,66.41,0.7588,0.7738,597.5608,597.071,0.00412,0.744,0.7461,0.1461,AVANZAR
3321,166.05,69.25,67.73,72.03,69.25,68.05,75.09,0.7477,0.766,597.7618,597.272,0.00412,0.742,0.7428,0.1461,AVANZAR
3322,166.1,71.19,71.4,66.33,63.22,63.48,67.22,0.7182,0.7516,597.9628,597.4729,0.00412,0.7387,0.7357,0.1461,AVANZAR
3323,166.15,63.0,67.41,67.24,68.81,66.92,66.54,0.7861,0.762,598.1637,597.6739,0.00412,0.7316,0.7396,0.1461,AVANZAR
3324,166.2,72.12,70.43,68.13,67.99,67.12,67.08,0.7184,0.7489,598.3647,597.8748,0.00412,0.7354,0.733,0.1461,AVANZAR
3325,166.25,63.42,71.73,71.26,68.79,69.24,71.2,0.7606,0.7524,598.5656,598.0758,0.00412,0.7288,0.7335,0.1461,AVANZAR
3326,166.3,61.63,69.61,72.87,65.77,70.15,71.11,0.7832,0.7616,598.7666,598.2768,0.00412,0.7293,0.7372,0.1461,AVANZAR
3327,166.35,67.5,61.28,67.15,64.8,63.31,64.09,0.797,0.7723,598.9676,598.4777,0.00412,0.7331,0.7424,0.1461,AVANZAR
3328,166.4,65.31,62.89,63.97,75.76,68.48,60.79,0.7991,0.7803,599.1685,598.6787,0.00412,0.7383,0.7472,0.1461,AVANZAR
3329,166.45,64.18,70.68,65.06,68.73,68.32,64.88,0.7611,0.7745,599.3695,598.8796,0.00412,0.7431,0.7457,0.1461,AVANZAR
3330,166.5,67.63,67.02,69.69,71.08,70.1,64.83,0.7605,0.7703,599.5642,599.0806,0.004055,0.7416,0.7444,0.1461,AVANZAR
3331,166.55,65.01,73.84,68.28,67.85,72.07,66.22,0.7405,0.7614,599.7651,599.2816,0.00412,0.7403,0.7403,0.1461,AVANZAR
3332,166.6,71.45,64.47,69.5,69.47,68.06,62.88,0.7553,0.7596,599.9661,599.4825,0.00412,0.7362,0.739,0.1461,AVANZAR
3333,166.65,66.05,64.21,63.35,65.85,66.92,66.77,0.7863,0.7676,600.167,599.6835,0.00412,0.7349,0.7424,0.1461,AVANZAR
3334,166.7,67.39,68.83,68.91,67.38,68.25,66.41,0.7518,0.7628,600.368,599.8844,0.00412,0.7383,0.7402,0.1461,AVANZAR
3335,166.75,69.98,69.65,66.53,66.33,64.75,62.82,0.7334,0.754,600.569,600.0854,0.00412,0.7361,0.7357,0.1461,AVANZAR
3336,166.8,66.52,66.42,73.64,65.48,63.3,69.29,0.7703,0.7589,600.7699,600.2864,0.00412,0.7316,0.7372,0.1461,AVANZAR
3337,166.85,69.73,64.49,65.45,70.89,60.36,74.72,0.764,0.7604,600.9709,600.4873,0.00412,0.7331,0.7376,0.1461,AVANZAR
3338,166.9,63.39,64.14,64.96,64.43,67.56,68.19,0.803,0.7732,601.1718,600.6883,0.00412,0.7335,0.7437,0.1461,AVANZAR
3339,166.95,66.97,70.86,58.04,65.31,57.82,70.19,0.7436,0.7643,601.3728,600.883,0.004055,0.7396,0.7402,0.1461,AVANZAR
3340,167.0,67.65,73.62,66.82,68.65,67.29,66.85,0.7262,0.7529,601.5738,601.0839,0.00412,0.7361,0.7346,0.1461,AVANZAR
3341,167.05,66.63,65.47,70.63,65.64,62.71,63.98,0.7752,0.7596,601.7747,601.2849,0.00412,0.7305,0.737,0.1461,AVANZAR
3342,167.1,65.83,66.71,69.96,69.01,65.34,65.95,0.7726,0.7635,601.9757,601.4858,0.00412,0.7329,0.7387,0.1461,AVANZAR
3343,167.15,70.24,71.81,66.73,69.68,65.05,72.25,0.721,0.7507,602.1766,601.6868,0.00412,0.7346,0.7326,0.1461,AVANZAR
3344,167.2,71.75,66.79,73.16,69.73,58.75,66.89,0.7401,0.7475,602.3776,601.8878,0.00412,0.7285,0.7302,0.1461,AVANZAR
3345,167.25,65.61,69.53,67.72,66.05,68.86,65.24,0.7584,0.7508,602.5786,602.0887,0.00412,0.7261,0.7308,0.1461,AVANZAR
3346,167.3,68.99,67.31,65.67,70.49,67.61,68.34,0.7514,0.751,602.7795,602.2897,0.00412,0.7267,0.7303,0.1461,AVANZAR
3347,167.35,65.98,67.74,69.45,72.5,54.89,66.15,0.7659,0.7555,602.9805,602.4906,0.00412,0.7262,0.732,0.1461,AVANZAR
3348,167.4,67.89,65.83,62.09,65.69,64.79,66.07,0.766,0.7586,603.1814,602.6916,0.00412,0.7279,0.7334,0.1461,AVANZAR
3349,167.45,70.18,70.98,71.9,66.61,66.65,70.87,0.7255,0.7487,603.3824,602.8926,0.00412,0.7293,0.7287,0.1461,AVANZAR
3350,167.5,68.2,71.38,62.8,67.55,67.28,68.77,0.734,0.7443,603.5834,603.0935,0.00412,0.7246,0.726,0.1461,AVANZAR
3351,167.55,69.52,67.0,62.17,71.48,69.0,62.12,0.7503,0.7461,603.7843,603.2945,0.00412,0.7219,0.726,0.1461,AVANZAR
3352,167.6,66.21,61.36,70.45,62.59,67.44,67.65,0.8039,0.7634,603.9853,603.4954,0.00412,0.7219,0.7339,0.1461,AVANZAR
3353,167.65,61.34,65.04,68.35,66.38,74.49,69.11,0.8109,0.7777,604.1862,603.6964,0.00412,0.7298,0.7416,0.1461,AVANZAR
3354,167.7,72.99,73.09,69.81,71.78,70.64,64.31,0.701,0.7547,604.3872,603.8974,0.00412,0.7375,0.7322,0.1461,AVANZAR
3355,167.75,68.31,66.97,67.86,64.31,69.6,70.4,0.757,0.7554,604.5882,604.0983,0.00412,0.728,0.7323,0.1461,AVANZAR
3356,167.8,60.8,67.59,64.73,65.74,71.86,68.99,0.7998,0.7687,604.7891,604.2993,0.00412,0.7282,0.7386,0.1461,AVANZAR
3357,167.85,62.21,62.36,67.18,68.08,65.38,68.18,0.822,0.7847,604.9901,604.5002,0.00412,0.7345,0.7473,0.1461,AVANZAR
3358,167.9,69.2,73.04,70.45,65.53,67.48,65.89,0.7204,0.7654,605.191,604.7012,0.00412,0.7432,0.7399,0.1461,AVANZAR
3359,167.95,68.64,66.94,60.0,65.46,67.48,67.69,0.7554,0.7624,605.392,604.9022,0.00412,0.7357,0.7386,0.1461,AVANZAR
3360,168.0,68.66,71.86,65.99,67.44,62.77,70.97,0.7291,0.7524,605.593,605.1031,0.00412,0.7345,0.7337,0.1461,AVANZAR
3361,168.05,66.09,69.38,66.12,69.75,66.5,72.16,0.7563,0.7536,605.7939,605.3041,0.00412,0.7296,0.7335,0.1461,AVANZAR
3362,168.1,67.34,69.17,64.71,62.84,64.74,71.63,0.7502,0.7526,605.9949,605.505,0.00412,0.7294,0.7324,0.1461,AVANZAR
3363,168.15,70.21,65.78,68.44,67.14,64.44,68.26,0.7538,0.7529,606.1958,605.706,0.00412,0.7283,0.732,0.1461,AVANZAR
3364,168.2,111.25,69.25,69.69,67.7,67.82,63.56,0.5998,0.707,606.3968,605.907,0.00412,0.7279,0.7092,0.1461,AVANZAR
3365,168.25,151.93,71.98,72.06,65.45,63.03,67.13,0.5241,0.6521,606.5978,606.1079,0.00412,0.7051,0.6786,0.1461,AVANZAR
3366,168.3,281.63,66.87,59.56,66.58,70.64,65.36,0.4737,0.5986,606.7987,606.3089,0.00412,0.6745,0.6452,0.1461,AVANZAR
3367,168.35,347.25,75.36,67.29,61.43,67.89,69.17,0.4134,0.5431,606.9997,606.5098,0.00412,0.6411,0.6078,0.1461,AVANZAR
3368,168.4,340.57,65.92,72.41,69.18,67.12,69.32,0.4635,0.5192,607.1944,606.7108,0.004055,0.6037,0.5833,0.1461,GIRAR_IZQUIERDA
3369,168.45,121.05,74.05,69.23,66.96,62.25,69.09,0.5572,0.5306,607.0374,606.8678,0.0,0.5833,0.5794,0.1461,GIRAR_IZQUIERDA
3370,168.5,70.5,62.59,133.35,69.46,65.54,64.58,0.7722,0.6031,606.8804,607.0311,6.4e-05,0.5794,0.6075,0.1461,CURVA_IZQUIERDA
3371,168.55,65.41,66.01,230.66,68.04,66.22,66.77,0.7792,0.6559,606.9369,607.232,0.002639,0.6049,0.6304,0.1461,CURVA_IZQUIERDA
3372,168.6,71.37,71.05,307.23,66.32,71.26,69.72,0.719,0.6748,606.9997,607.433,0.002704,0.6277,0.641,0.1461,CURVA_IZQUIERDA
3373,168.65,65.99,67.84,414.93,68.32,66.42,67.15,0.7653,0.702,607.0562,607.634,0.002639,0.6384,0.6569,0.1461,CURVA_IZQUIERDA
3374,168.7,69.92,60.01,1228.75,69.57,65.92,64.54,0.7927,0.7292,607.119,607.8349,0.002704,0.6542,0.6745,0.1461,CURVA_IZQUIERDA
3375,168.75,63.79,67.09,292.86,69.09,59.04,63.36,0.7829,0.7453,607.1818,608.0296,0.002639,0.6718,0.688,0.1461,CURVA_IZQUIERDA
3376,168.8,67.12,63.12,149.37,67.44,68.97,65.82,0.787,0.7578,607.2383,608.2306,0.002639,0.6854,0.7002,0.1461,CURVA_IZQUIERDA
3377,168.85,76.68,63.13,74.59,70.29,59.06,67.97,0.7394,0.7523,607.3011,608.4315,0.002704,0.6975,0.7037,0.1461,AVANZAR
3378,168.9,64.67,63.26,66.19,70.37,70.14,72.4,0.8005,0.7668,607.5021,608.6325,0.00412,0.6995,0.7143,0.1461,AVANZAR
3379,168.95,66.56,66.68,68.65,58.63,68.75,68.19,0.7686,0.7673,607.703,608.8334,0.00412,0.7102,0.7187,0.1461,AVANZAR
3380,169.0,66.35,67.03,65.35,71.9,67.23,67.0,0.7678,0.7674,607.904,609.0344,0.00412,0.7146,0.7224,0.1461,AVANZAR
3381,169.05,67.93,70.77,64.18,74.39,66.99,68.2,0.7386,0.7588,608.105,609.2354,0.00412,0.7182,0.7212,0.1461,AVANZAR
3382,169.1,68.03,65.68,65.55,167.57,68.27,64.12,0.7661,0.761,608.3059,609.4363,0.00412,0.7171,0.7243,0.1461,CURVA_IZQUIERDA
3383,169.15,68.36,58.11,69.22,321.18,71.07,66.31,0.815,0.7772,608.3624,609.6373,0.002639,0.7216,0.7353,0.1461,CURVA_IZQUIERDA
3384,169.2,72.23,65.0,68.24,228.01,65.91,66.06,0.7483,0.7685,608.4252,609.8382,0.002704,0.7326,0.7349,0.1461,CURVA_IZQUIERDA
3385,169.25,67.67,64.2,71.73,163.73,65.2,61.61,0.777,0.7711,608.4818,610.0392,0.002639,0.7322,0.7388,0.1461,CURVA_IZQUIERDA
3386,169.3,64.6,63.88,68.86,136.0,67.53,69.96,0.7971,0.7789,608.5446,610.2402,0.002704,0.7361,0.745,0.1461,CURVA_IZQUIERDA
3387,169.35,68.19,72.16,67.61,106.93,66.41,66.9,0.7302,0.7643,608.6074,610.4411,0.002704,0.7423,0.7405,0.1461,CURVA_IZQUIERDA
3388,169.4,67.36,68.21,68.94,67.82,64.5,73.61,0.7554,0.7616,608.6639,610.6421,0.002639,0.7379,0.7404,0.1461,AVANZAR
3389,169.45,60.75,67.06,64.75,66.78,65.73,65.03,0.8031,0.7741,608.8648,610.843,0.00412,0.7363,0.7461,0.1461,AVANZAR
3390,169.5,64.02,64.25,71.47,70.86,62.97,66.82,0.7983,0.7813,609.0658,611.044,0.00412,0.7419,0.7502,0.1461,AVANZAR
3391,169.55,58.75,70.54,69.28,71.34,65.41,64.12,0.7987,0.7865,609.2668,611.245,0.00412,0.7461,0.7538,0.1461,AVANZAR
3392,169.6,65.64,66.33,69.03,68.65,61.15,65.88,0.7759,0.7834,609.4677,611.4459,0.00412,0.7496,0.7535,0.1461,AVANZAR
3393,169.65,69.18,65.57,66.89,63.98,65.82,69.26,0.7605,0.7765,609.6687,611.6469,0.00412,0.7494,0.751,0.1461,AVANZAR
3394,169.7,70.61,63.29,63.5,63.24,66.41,62.89,0.7671,0.7737,609.8696,611.8478,0.00412,0.7469,0.7498,0.1461,AVANZAR
3395,169.75,63.0,67.58,64.09,62.44,72.16,69.83,0.7852,0.7771,610.0706,612.0488,0.00412,0.7457,0.7515,0.1461,AVANZAR
3396,169.8,65.58,65.34,67.48,70.06,73.27,64.44,0.7821,0.7786,610.2716,612.2498,0.00412,0.7473,0.7524,0.1461,AVANZAR
3397,169.85,70.63,62.66,68.54,68.39,65.18,70.05,0.771,0.7763,610.4725,612.4507,0.00412,0.7483,0.7516,0.1461,AVANZAR
3398,169.9,73.27,70.68,61.05,66.16,68.3,64.43,0.7116,0.7569,610.6735,612.6517,0.00412,0.7475,0.7423,0.1461,AVANZAR
3399,169.95,69.36,67.02,67.78,64.62,71.01,70.33,0.7511,0.7552,610.8744,612.8526,0.00412,0.7381,0.74,0.1461,AVANZAR
3400,170.0,65.55,67.6,67.49,71.84,68.26,70.25,0.7692,0.7594,611.0754,613.0536,0.00412,0.7359,0.7408,0.1461,AVANZAR
3401,170.05,65.41,72.18,76.15,61.43,63.04,73.41,0.7461,0.7554,611.2764,613.2546,0.00412,0.7367,0.738,0.1461,AVANZAR
3402,170.1,72.27,64.05,70.09,68.61,63.38,76.88,0.7539,0.7549,611.4773,613.4555,0.00412,0.7339,0.7368,0.1461,AVANZAR
3403,170.15,62.88,64.08,71.06,66.51,64.85,67.2,0.8067,0.7704,611.6783,613.6565,0.00412,0.7327,0.7435,0.1461,AVANZAR
3404,170.2,69.69,70.16,65.89,67.58,73.45,64.19,0.7322,0.759,611.8792,613.8574,0.00412,0.7394,0.7383,0.1461,AVANZAR
3405,170.25,68.63,60.42,65.87,63.09,65.7,69.63,0.7967,0.7703,612.0802,614.0584,0.00412,0.7342,0.7434,0.1461,AVANZAR
3406,170.3,69.53,63.5,64.11,67.76,67.57,72.21,0.7714,0.7706,612.2812,614.2594,0.00412,0.7392,0.7439,0.1461,AVANZAR
3407,170.35,64.38,71.06,64.18,65.53,71.6,73.15,0.7579,0.7668,612.4821,614.4603,0.00412,0.7398,0.7425,0.1461,AVANZAR
3408,170.4,69.13,64.14,65.81,61.71,71.05,73.08,0.7694,0.7676,612.6831,614.6613,0.00412,0.7383,0.7429,0.1461,AVANZAR
3409,170.45,62.64,74.6,67.24,70.21,63.0,65.55,0.7519,0.7629,612.884,614.8622,0.00412,0.7388,0.7407,0.1461,AVANZAR
3410,170.5,67.04,65.6,69.7,74.47,69.6,68.38,0.7721,0.7656,613.085,615.0632,0.00412,0.7366,0.7417,0.1461,AVANZAR
3411,170.55,70.74,72.14,63.87,65.98,70.0,68.91,0.7167,0.751,613.286,615.2579,0.004055,0.7377,0.7346,0.1461,AVANZAR
3412,170.6,68.1,70.74,66.63,69.28,60.23,70.77,0.7378,0.747,613.4869,615.4588,0.00412,0.7305,0.7316,0.1461,AVANZAR
3413,170.65,65.78,64.09,65.46,67.42,68.56,66.58,0.7886,0.7595,613.6879,615.6598,0.00412,0.7274,0.7364,0.1461,AVANZAR
3414,170.7,69.6,68.05,67.39,65.93,64.44,65.34,0.744,0.7549,613.8888,615.8608,0.00412,0.7323,0.734,0.1461,AVANZAR
3415,170.75,67.26,67.01,66.79,67.35,64.69,61.27,0.7627,0.7572,614.0835,616.0617,0.004055,0.7299,0.7347,0.1461,AVANZAR
3416,170.8,69.39,66.23,69.85,71.55,69.39,69.22,0.7555,0.7567,614.2845,616.2627,0.00412,0.7306,0.7342,0.1461,AVANZAR
3417,170.85,66.54,64.97,67.98,68.98,64.98,71.03,0.7788,0.7633,614.4854,616.4636,0.00412,0.7301,0.7372,0.1461,AVANZAR
3418,170.9,63.98,59.11,66.72,68.43,61.82,67.69,0.8332,0.7843,614.6864,616.6646,0.00412,0.7331,0.7477,0.1461,AVANZAR
3419,170.95,68.53,70.74,78.83,70.92,69.85,68.8,0.7355,0.7696,614.8874,616.8656,0.00412,0.7436,0.7424,0.1461,CURVA_IZQUIERDA
3420,171.0,70.65,69.54,97.4,61.47,64.12,65.18,0.7305,0.7579,614.9502,617.0665,0.002704,0.7397,0.7384,0.1461,CURVA_IZQUIERDA
3421,171.05,67.81,69.53,108.07,67.74,68.5,65.55,0.7457,0.7542,615.013,617.2675,0.002704,0.7357,0.7371,0.1461,CURVA_IZQUIERDA
3422,171.1,64.97,66.42,111.83,66.47,63.04,63.61,0.7794,0.7618,615.0695,617.4684,0.002639,0.7345,0.7411,0.1461,CURVA_IZQUIERDA
3423,171.15,63.16,58.75,118.67,67.15,61.26,68.69,0.841,0.7856,615.1323,617.6694,0.002704,0.7383,0.7534,0.1461,CURVA_IZQUIERDA
3424,171.2,70.01,67.27,120.35,65.7,70.73,67.88,0.7462,0.7738,615.1888,617.8704,0.002639,0.7507,0.7501,0.1461,CURVA_IZQUIERDA
3425,171.25,65.25,67.34,118.95,66.2,67.12,69.8,0.7725,0.7734,615.2516,618.0713,0.002704,0.7474,0.751,0.1461,CURVA_IZQUIERDA
3426,171.3,65.19,75.67,124.67,71.31,72.28,63.28,0.731,0.7607,615.3144,618.2723,0.002704,0.7483,0.7458,0.1461,CURVA_IZQUIERDA
3427,171.35,66.55,71.47,126.39,89.16,67.49,71.21,0.7429,0.7553,615.3709,618.4732,0.002639,0.7432,0.7431,0.1461,CURVA_IZQUIERDA
3428,171.4,63.52,67.89,132.39,107.39,62.54,69.19,0.7801,0.7628,615.4337,618.6742,0.002704,0.7404,0.7462,0.1461,CURVA_IZQUIERDA
3429,171.45,68.16,70.23,139.85,120.63,70.68,67.47,0.7401,0.756,615.4902,618.8752,0.002639,0.7436,0.7431,0.1461,CURVA_IZQUIERDA
3430,171.5,67.87,70.71,140.84,122.66,71.39,66.28,0.7393,0.751,615.553,619.0761,0.002704,0.7404,0.7402,0.1461,CURVA_IZQUIERDA
3431,171.55,63.71,63.65,132.82,132.21,69.84,73.29,0.804,0.7669,615.6158,619.2771,0.002704,0.7375,0.7472,0.1461,CURVA_IZQUIERDA
3432,171.6,66.37,67.36,128.89,142.41,70.87,64.58,0.7657,0.7665,615.6724,619.478,0.002639,0.7446,0.7477,0.1461,CURVA_IZQUIERDA
3433,171.65,68.57,62.42,124.36,140.97,64.98,67.71,0.7835,0.7716,615.7352,619.679,0.002704,0.745,0.7506,0.1461,CURVA_IZQUIERDA
3434,171.7,71.1,65.54,116.79,152.61,66.85,73.56,0.7507,0.7653,615.7917,619.88,0.002639,0.748,0.7484,0.1461,CURVA_IZQUIERDA
3435,171.75,73.28,72.02,111.7,162.9,69.76,68.07,0.7048,0.7472,615.8545,620.0809,0.002704,0.7457,0.7397,0.1461,CURVA_IZQUIERDA
3436,171.8,63.4,64.41,103.9,163.11,70.43,70.91,0.8013,0.7634,615.9173,620.2819,0.002704,0.737,0.7464,0.1461,CURVA_IZQUIERDA
3437,171.85,63.63,64.85,98.63,168.94,68.65,68.38,0.7971,0.7735,615.9738,620.4828,0.002639,0.7437,0.7515,0.1461,CURVA_IZQUIERDA
3438,171.9,67.47,69.66,80.79,168.24,71.72,64.34,0.7469,0.7655,616.0366,620.6838,0.002704,0.7488,0.7485,0.1461,CURVA_IZQUIERDA
3439,171.95,67.9,74.65,64.92,170.58,67.08,70.69,0.72,0.7519,616.0931,620.8848,0.002639,0.7459,0.7421,0.1461,CURVA_IZQUIERDA
3440,172.0,70.35,67.01,68.22,167.33,68.7,64.18,0.7459,0.7501,616.1559,621.0857,0.002704,0.7394,0.7404,0.1461,CURVA_IZQUIERDA
3441,172.05,70.15,67.49,70.04,152.79,66.82,64.07,0.7443,0.7483,616.2187,621.2867,0.002704,0.7377,0.7386,0.1461,CURVA_IZQUIERDA
3442,172.1,63.59,67.89,59.59,160.38,72.18,59.82,0.7797,0.7577,616.2752,621.4876,0.002639,0.736,0.7424,0.1461,CURVA_IZQUIERDA
3443,172.15,70.05,68.63,66.51,145.85,62.76,63.79,0.7385,0.752,616.338,621.6886,0.002704,0.7397,0.7395,0.1461,CURVA_IZQUIERDA
3444,172.2,71.33,70.15,66.92,139.9,59.4,61.66,0.7238,0.7435,616.3946,621.8896,0.002639,0.7369,0.7349,0.1461,CURVA_IZQUIERDA
3445,172.25,67.98,72.9,63.21,132.93,64.74,62.85,0.7278,0.7388,616.4574,622.0905,0.002704,0.7322,0.7316,0.1461,CURVA_IZQUIERDA
3446,172.3,68.18,66.12,65.49,115.91,67.25,65.38,0.7626,0.7459,616.5202,622.2915,0.002704,0.7289,0.7338,0.1461,CURVA_IZQUIERDA
3447,172.35,65.77,64.47,63.43,112.13,68.34,70.4,0.7863,0.758,616.5767,622.4924,0.002639,0.7312,0.7392,0.1461,CURVA_IZQUIERDA
3448,172.4,67.76,64.41,67.39,103.39,68.16,67.64,0.7752,0.7632,616.6395,622.6871,0.002639,0.7366,0.7422,0.1461,CURVA_IZQUIERDA
3449,172.45,63.87,67.38,65.29,90.58,66.46,67.1,0.7808,0.7685,616.696,622.8881,0.002639,0.7396,0.7456,0.1461,CURVA_IZQUIERDA
3450,172.5,68.69,59.13,68.69,72.77,65.9,73.12,0.8056,0.7796,616.7588,623.089,0.002704,0.7429,0.7521,0.1461,AVANZAR
3451,172.55,73.74,73.27,68.53,64.5,71.56,65.67,0.6966,0.7547,616.9598,623.29,0.00412,0.7479,0.7404,0.1461,AVANZAR
3452,172.6,70.43,65.7,63.25,64.74,66.67,73.89,0.7531,0.7542,617.1607,623.491,0.00412,0.7363,0.7388,0.1461,AVANZAR
3453,172.65,66.54,69.44,68.08,61.42,65.6,69.95,0.7534,0.754,617.3617,623.6919,0.00412,0.7347,0.7374,0.1461,AVANZAR
3454,172.7,64.9,65.67,60.9,68.65,67.55,70.57,0.7843,0.7631,617.5626,623.8929,0.00412,0.7333,0.7407,0.1461,AVANZAR
3455,172.75,64.3,68.01,68.12,69.73,67.16,75.16,0.7746,0.7665,617.7636,624.0938,0.00412,0.7366,0.7422,0.1461,AVANZAR
3456,172.8,72.44,70.92,71.53,64.29,70.41,70.55,0.7144,0.7509,617.9646,624.2948,0.00412,0.738,0.7346,0.1461,AVANZAR
3457,172.85,68.64,71.47,66.63,63.22,71.36,62.87,0.7311,0.745,618.1655,624.4958,0.00412,0.7305,0.7306,0.1461,AVANZAR
3458,172.9,70.64,68.34,68.79,63.81,64.66,62.28,0.737,0.7426,618.3665,624.6967,0.00412,0.7264,0.728,0.1461,AVANZAR
3459,172.95,70.1,65.2,68.81,63.68,64.9,69.33,0.7578,0.7472,618.5674,624.8977,0.00412,0.7239,0.7288,0.1461,AVANZAR
3460,173.0,68.39,68.39,64.54,65.16,68.11,67.28,0.7487,0.7476,618.7684,625.0986,0.00412,0.7247,0.7282,0.1461,AVANZAR
3461,173.05,70.3,65.02,62.02,65.87,69.16,62.3,0.7579,0.7507,618.9694,625.2996,0.00412,0.7241,0.729,0.1461,AVANZAR
3462,173.1,61.43,68.44,61.19,66.04,68.71,69.42,0.7907,0.7627,619.1703,625.5006,0.00412,0.7249,0.7345,0.1461,AVANZAR
3463,173.15,73.08,65.15,67.86,67.19,65.6,62.72,0.7433,0.7569,619.3713,625.7015,0.00412,0.7304,0.7323,0.1461,AVANZAR
3464,173.2,66.4,67.66,68.0,67.51,70.7,63.04,0.7639,0.759,619.5722,625.9025,0.00412,0.7282,0.7334,0.1461,AVANZAR
3465,173.25,66.73,72.03,73.39,66.67,68.64,63.29,0.7391,0.753,619.7732,626.1034,0.00412,0.7293,0.7307,0.1461,AVANZAR
3466,173.3,73.0,73.33,69.82,67.21,67.67,64.52,0.6998,0.737,619.9742,626.3044,0.00412,0.7266,0.7227,0.1461,AVANZAR
3467,173.35,66.5,72.47,72.31,69.93,63.11,72.44,0.7382,0.7374,620.1688,626.5054,0.004055,0.7186,0.7215,0.1461,AVANZAR
3468,173.4,62.69,70.74,64.51,59.93,72.6,62.2,0.7702,0.7472,620.3698,626.7063,0.00412,0.7174,0.7251,0.1461,AVANZAR
3469,173.45,63.85,69.44,64.96,66.26,63.66,72.55,0.7696,0.754,620.5708,626.9073,0.00412,0.721,0.7281,0.1461,AVANZAR
3470,173.5,68.89,69.07,66.11,64.49,61.35,66.06,0.7423,0.7505,620.7717,627.1082,0.00412,0.724,0.7266,0.1461,AVANZAR
3471,173.55,63.55,73.67,71.8,71.58,71.72,66.13,0.7504,0.7504,620.9727,627.3092,0.00412,0.7225,0.7266,0.1461,AVANZAR
3472,173.6,68.54,62.74,72.19,72.13,70.25,68.83,0.7816,0.7598,621.1736,627.5102,0.00412,0.7225,0.7311,0.1461,AVANZAR
3473,173.65,68.49,69.35,75.94,71.16,66.09,63.05,0.7429,0.7547,621.3746,627.7111,0.00412,0.727,0.7293,0.1461,AVANZAR
3474,173.7,62.64,68.41,62.95,68.91,66.65,69.48,0.7829,0.7632,621.5756,627.9121,0.00412,0.7252,0.7336,0.1461,AVANZAR
3475,173.75,70.17,68.86,72.72,72.03,62.04,65.9,0.7366,0.7552,621.7765,628.113,0.00412,0.7295,0.7305,0.1461,AVANZAR
3476,173.8,67.41,62.34,68.01,68.94,69.5,60.64,0.7904,0.7657,621.9775,628.314,0.00412,0.7264,0.7358,0.1461,AVANZAR
3477,173.85,63.11,64.32,71.31,69.85,68.5,70.06,0.8037,0.7771,622.1784,628.515,0.00412,0.7316,0.7422,0.1461,AVANZAR
3478,173.9,64.27,64.56,65.29,73.36,65.85,68.39,0.7949,0.7825,622.3794,628.7159,0.00412,0.738,0.7463,0.1461,AVANZAR
3479,173.95,67.76,71.44,66.75,70.37,66.95,68.49,0.7361,0.7686,622.5804,628.9169,0.00412,0.7422,0.7413,0.1461,AVANZAR
3480,174.0,68.72,68.93,67.99,68.74,64.33,72.4,0.7439,0.7612,622.7813,629.1178,0.00412,0.7372,0.7382,0.1461,AVANZAR
3481,174.05,69.38,66.35,64.0,67.75,66.7,57.99,0.7548,0.7593,622.9823,629.3188,0.00412,0.7341,0.7371,0.1461,AVANZAR
3482,174.1,72.12,65.62,62.25,70.83,62.71,66.73,0.7451,0.755,623.1832,629.5198,0.00412,0.733,0.7348,0.1461,AVANZAR
3483,174.15,65.63,65.85,70.82,69.8,67.47,61.51,0.7788,0.7622,623.3842,629.7207,0.00412,0.7306,0.7377,0.1461,AVANZAR
3484,174.2,63.61,66.54,68.28,69.35,62.77,61.07,0.7872,0.7697,623.5852,629.9154,0.004055,0.7336,0.7415,0.1461,AVANZAR
3485,174.25,69.01,64.31,70.1,68.41,65.44,71.65,0.769,0.7695,623.7861,630.1164,0.00412,0.7373,0.742,0.1461,AVANZAR
3486,174.3,68.76,67.21,64.92,67.15,69.62,65.32,0.7532,0.7646,623.9871,630.3173,0.00412,0.7378,0.7401,0.1461,AVANZAR
3487,174.35,61.95,57.02,64.31,68.02,60.46,70.89,0.8622,0.7939,624.188,630.5183,0.00412,0.736,0.7544,0.1461,AVANZAR
3488,174.4,66.19,78.94,68.17,70.98,75.08,72.93,0.7111,0.769,624.389,630.7192,0.00412,0.7503,0.7446,0.1461,AVANZAR
3489,174.45,72.18,71.79,66.78,62.22,67.62,73.98,0.7113,0.7517,624.59,630.9202,0.00412,0.7404,0.7362,0.1461,AVANZAR
3490,174.5,63.33,71.7,67.38,67.21,69.0,67.31,0.7613,0.7546,624.7909,631.1212,0.00412,0.7321,0.7363,0.1461,AVANZAR
3491,174.55,66.68,66.75,69.7,61.8,65.73,66.41,0.7674,0.7584,624.9919,631.3221,0.00412,0.7322,0.7374,0.1461,AVANZAR
3492,174.6,65.21,61.97,66.08,72.72,63.73,64.54,0.8057,0.7726,625.1928,631.5231,0.00412,0.7332,0.7438,0.1461,AVANZAR
3493,174.65,68.67,60.99,66.64,69.29,67.93,66.69,0.7925,0.7786,625.3938,631.724,0.00412,0.7397,0.7474,0.1461,AVANZAR
3494,174.7,70.91,67.29,59.47,66.19,63.13,86.9,0.7415,0.7675,625.5948,631.925,0.00412,0.7433,0.743,0.1461,CURVA_DERECHA
3495,174.75,70.39,67.61,62.34,69.19,69.28,100.32,0.7423,0.7599,625.7957,631.9878,0.002704,0.7403,0.7406,0.1461,CURVA_DERECHA
3496,174.8,58.47,62.74,68.82,64.98,68.55,117.66,0.8458,0.7857,625.9967,632.0443,0.002639,0.738,0.7537,0.1461,CURVA_DERECHA
3497,174.85,73.86,68.48,65.61,66.3,70.53,113.78,0.7205,0.7661,626.1976,632.1071,0.002704,0.751,0.7466,0.1461,CURVA_DERECHA
3498,174.9,63.18,69.51,68.8,70.61,80.81,112.49,0.7735,0.7683,626.3986,632.1699,0.002704,0.7439,0.7482,0.1461,CURVA_DERECHA
3499,174.95,65.38,72.38,58.84,63.4,103.09,122.57,0.7452,0.7614,626.5996,632.2264,0.002639,0.7456,0.7455,0.1461,CURVA_DERECHA
3500,175.0,64.02,69.81,64.8,68.89,108.08,110.57,0.7666,0.763,626.8005,632.2892,0.002704,0.7428,0.7463,0.1461,CURVA_DERECHA
3501,175.05,65.05,70.32,71.04,67.17,130.02,102.68,0.7576,0.7614,627.0015,632.3458,0.002639,0.7436,0.7457,0.1461,CURVA_DERECHA
3502,175.1,68.96,64.1,69.49,69.05,142.07,100.69,0.7706,0.7641,627.2024,632.4086,0.002704,0.743,0.747,0.1461,CURVA_DERECHA
3503,175.15,60.64,68.55,65.21,68.07,153.08,98.12,0.7957,0.7736,627.4034,632.4714,0.002704,0.7443,0.7518,0.1461,CURVA_DERECHA
3504,175.2,67.8,67.88,70.25,70.42,173.0,75.62,0.7547,0.7679,627.5981,632.5279,0.002575,0.7492,0.75,0.1461,CURVA_DERECHA
3505,175.25,67.7,72.02,68.5,65.4,200.27,69.02,0.7336,0.7576,627.799,632.5907,0.002704,0.7473,0.7453,0.1461,CURVA_DERECHA
3506,175.3,66.6,69.97,62.71,71.43,191.34,63.89,0.7503,0.7554,628.0,632.6472,0.002639,0.7427,0.7438,0.1461,CURVA_DERECHA
3507,175.35,69.74,63.25,68.37,67.05,165.66,66.5,0.7719,0.7603,628.201,632.71,0.002704,0.7411,0.7456,0.1461,CURVA_DERECHA
3508,175.4,68.33,69.68,65.07,62.21,178.65,60.26,0.742,0.7549,628.4019,632.7728,0.002704,0.7429,0.7428,0.1461,CURVA_DERECHA
3509,175.45,78.15,68.98,63.0,62.69,156.0,75.79,0.6987,0.738,628.6029,632.8293,0.002639,0.7401,0.7341,0.1461,CURVA_DERECHA
3510,175.5,68.5,66.7,68.19,71.71,142.66,68.24,0.7575,0.7439,628.8038,632.8921,0.002704,0.7314,0.7352,0.1461,CURVA_DERECHA
3511,175.55,66.12,64.39,60.85,71.06,132.83,70.99,0.7848,0.7561,629.0048,632.9486,0.002639,0.7325,0.7402,0.1461,CURVA_DERECHA
3512,175.6,65.7,61.75,68.61,70.51,118.23,64.88,0.8042,0.7705,629.2058,633.0114,0.002704,0.7375,0.7472,0.1461,CURVA_DERECHA
3513,175.65,73.2,58.04,70.84,61.23,104.33,66.42,0.7908,0.7766,629.4067,633.0742,0.002704,0.7445,0.7513,0.1461,CURVA_DERECHA
3514,175.7,66.08,74.42,66.92,63.48,87.17,72.22,0.7314,0.763,629.6077,633.1308,0.002639,0.7486,0.7461,0.1461,CURVA_DERECHA
3515,175.75,64.26,72.27,68.07,64.43,67.8,66.67,0.7526,0.7599,629.8086,633.1936,0.002704,0.7434,0.7448,0.1461,AVANZAR
3516,175.8,63.53,65.29,65.74,66.37,68.0,67.34,0.7951,0.7705,630.0096,633.3945,0.00412,0.7406,0.7486,0.1461,AVANZAR
3517,175.85,69.43,67.62,66.13,72.74,63.27,58.83,0.7473,0.7635,630.2106,633.5955,0.00412,0.7445,0.7449,0.1461,AVANZAR
3518,175.9,64.68,74.66,69.79,64.23,64.38,63.76,0.7386,0.7561,630.4115,633.7964,0.00412,0.7408,0.7405,0.1461,AVANZAR
3519,175.95,71.43,69.1,67.04,70.45,66.79,68.94,0.7289,0.7479,630.6125,633.9974,0.00412,0.7363,0.7352,0.1461,AVANZAR
3520,176.0,69.45,68.79,68.2,66.73,70.74,68.84,0.7408,0.7458,630.8134,634.1984,0.00412,0.7311,0.7325,0.1461,AVANZAR
3521,176.05,64.87,68.96,71.38,64.74,69.9,62.12,0.7659,0.7518,631.0144,634.3993,0.00412,0.7284,0.7339,0.1461,AVANZAR
3522,176.1,64.73,68.3,64.08,68.22,65.45,63.32,0.7703,0.7574,631.2154,634.6003,0.00412,0.7298,0.7357,0.1461,AVANZAR
3523,176.15,66.23,70.42,64.08,71.58,69.55,63.75,0.7501,0.7552,631.4163,634.8012,0.00412,0.7316,0.7343,0.1461,AVANZAR
3524,176.2,65.04,65.15,63.02,63.73,71.03,66.86,0.7865,0.7646,631.6173,635.0022,0.00412,0.7302,0.7384,0.1461,AVANZAR
3525,176.25,60.6,72.21,68.56,63.62,62.02,67.73,0.777,0.7683,631.8182,635.2032,0.00412,0.7343,0.7405,0.1461,AVANZAR
3526,176.3,65.98,72.93,71.4,70.04,68.4,68.92,0.739,0.7595,632.0192,635.4041,0.00412,0.7364,0.7368,0.1461,AVANZAR
3527,176.35,64.07,71.42,67.13,72.05,73.29,68.62,0.758,0.7591,632.2202,635.5988,0.004055,0.7327,0.7364,0.1461,AVANZAR
3528,176.4,58.85,69.16,69.47,67.38,65.72,58.1,0.8052,0.7729,632.4211,635.7998,0.00412,0.7323,0.743,0.1461,AVANZAR
3529,176.45,63.14,64.54,64.28,65.22,71.91,72.05,0.8021,0.7817,632.6221,636.0007,0.00412,0.7388,0.7481,0.1461,AVANZAR
3530,176.5,64.38,64.56,67.32,65.82,64.43,72.64,0.7941,0.7854,632.823,636.2017,0.00412,0.744,0.7513,0.1461,AVANZAR
3531,176.55,66.45,66.49,67.58,68.13,65.09,67.94,0.7702,0.7809,633.024,636.4026,0.00412,0.7472,0.7505,0.1461,AVANZAR
3532,176.6,63.33,71.26,65.99,67.68,65.86,67.09,0.7635,0.7756,633.225,636.6036,0.00412,0.7464,0.7489,0.1461,AVANZAR
3533,176.65,69.39,63.42,65.95,60.43,66.74,73.3,0.7726,0.7747,633.4259,636.8046,0.00412,0.7448,0.7489,0.1461,AVANZAR
3534,176.7,63.96,70.49,71.12,70.26,64.98,71.96,0.7634,0.7713,633.6269,637.0055,0.00412,0.7447,0.7475,0.1461,AVANZAR
3535,176.75,70.82,65.02,72.35,68.65,62.38,69.37,0.7552,0.7665,633.8278,637.2065,0.00412,0.7433,0.7451,0.1461,AVANZAR
3536,176.8,67.57,63.29,69.85,66.98,60.75,71.79,0.7833,0.7715,634.0288,637.4074,0.00412,0.741,0.7471,0.1461,AVANZAR
3537,176.85,72.52,68.29,62.54,66.71,68.33,65.38,0.7279,0.7585,634.2298,637.6084,0.00412,0.743,0.7408,0.1461,AVANZAR
3538,176.9,70.27,63.64,69.28,70.82,67.33,63.52,0.7666,0.7609,634.4307,637.8094,0.00412,0.7367,0.7411,0.1461,AVANZAR
3539,176.95,69.21,68.15,66.78,64.29,61.55,70.85,0.7456,0.7563,634.6317,638.0103,0.00412,0.7369,0.7382,0.1461,AVANZAR
3540,177.0,67.89,62.95,67.99,65.28,65.26,63.31,0.7838,0.7645,634.8326,638.2113,0.00412,0.7341,0.7413,0.1461,AVANZAR
3541,177.05,69.09,61.16,71.0,65.91,69.12,65.24,0.7891,0.7719,635.0273,638.4122,0.004055,0.7373,0.7449,0.1461,AVANZAR
3542,177.1,66.08,67.98,67.23,66.69,68.54,71.25,0.764,0.7695,635.2283,638.6132,0.00412,0.7407,0.7441,0.1461,AVANZAR
3543,177.15,68.24,72.46,67.12,63.4,66.64,66.14,0.7284,0.7572,635.4292,638.8142,0.00412,0.74,0.7383,0.1461,AVANZAR
3544,177.2,70.0,61.89,65.64,66.89,69.34,62.12,0.7793,0.7638,635.6302,639.0151,0.00412,0.7342,0.7408,0.1461,AVANZAR
3545,177.25,62.3,70.27,70.66,66.46,66.91,67.48,0.7752,0.7672,635.8312,639.2161,0.00412,0.7367,0.7423,0.1461,AVANZAR
3546,177.3,64.69,70.87,65.24,68.95,69.59,73.73,0.757,0.7642,636.0321,639.417,0.00412,0.7382,0.7409,0.1461,AVANZAR
3547,177.35,68.8,74.13,65.81,66.75,66.41,64.76,0.7174,0.7501,636.2331,639.618,0.00412,0.7368,0.734,0.1461,AVANZAR
3548,177.4,68.08,71.08,67.11,66.78,63.98,66.53,0.7362,0.746,636.434,639.819,0.00412,0.7299,0.7308,0.1461,AVANZAR
3549,177.45,67.87,66.24,64.22,67.26,65.56,62.71,0.7637,0.7513,636.635,640.0199,0.00412,0.7267,0.7321,0.1461,AVANZAR
3550,177.5,67.86,63.68,62.18,68.75,63.93,68.98,0.7793,0.7597,636.836,640.2209,0.00412,0.7279,0.7354,0.1461,AVANZAR
3551,177.55,70.35,70.72,67.02,67.05,65.42,67.38,0.7259,0.7495,637.0369,640.4218,0.00412,0.7313,0.7305,0.1461,AVANZAR
3552,177.6,66.2,85.99,67.92,67.23,66.66,61.47,0.6844,0.73,637.2379,640.6228,0.00412,0.7264,0.7203,0.1461,AVANZAR
3553,177.65,64.74,99.56,66.0,67.32,64.7,78.98,0.6526,0.7068,637.4388,640.8238,0.00412,0.7162,0.7069,0.1461,CURVA_DERECHA
3554,177.7,66.46,114.02,68.22,71.97,62.22,102.87,0.6097,0.6777,637.6398,640.8803,0.002639,0.7042,0.6904,0.1461,CURVA_DERECHA
3555,177.75,68.2,108.23,66.0,70.75,63.33,115.25,0.6119,0.6579,637.8408,640.9431,0.002704,0.6877,0.6766,0.1461,CURVA_DERECHA
3556,177.8,65.55,104.2,65.76,65.17,67.36,113.19,0.6362,0.6514,638.0417,641.0059,0.002704,0.6739,0.6684,0.1461,CURVA_DERECHA
3557,177.85,63.66,111.92,66.74,63.49,61.11,124.95,0.6309,0.6453,638.2427,641.0624,0.002639,0.6658,0.6607,0.1461,CURVA_DERECHA
3558,177.9,65.79,120.66,66.67,65.02,65.39,148.67,0.6013,0.6321,638.4436,641.1252,0.002704,0.658,0.6497,0.1461,CURVA_DERECHA
3559,177.95,69.79,118.51,69.41,64.18,71.62,153.4,0.5828,0.6173,638.6446,641.1817,0.002639,0.6471,0.6377,0.1461,CURVA_DERECHA
3560,178.0,67.0,125.46,66.9,62.34,62.63,174.91,0.5861,0.6079,638.8456,641.2445,0.002704,0.635,0.6278,0.1461,CURVA_DERECHA
3561,178.05,67.9,128.04,69.32,70.26,84.13,201.36,0.577,0.5986,639.0465,641.3073,0.002704,0.6251,0.6181,0.1461,CURVA_DERECHA
3562,178.1,71.54,131.71,67.14,70.31,105.29,223.2,0.5522,0.5847,639.2475,641.3638,0.002639,0.6155,0.6062,0.1461,CURVA_DERECHA
3563,178.15,64.13,125.45,67.84,72.34,114.18,232.75,0.6032,0.5903,639.4484,641.4266,0.002704,0.6035,0.6035,0.1461,CURVA_DERECHA
3564,178.2,67.54,117.74,67.1,71.29,134.64,258.96,0.5965,0.5921,639.6494,641.4832,0.002639,0.6008,0.6002,0.1461,CURVA_DERECHA
3565,178.25,63.29,119.69,66.64,67.17,161.06,276.56,0.6184,0.6,639.8504,641.546,0.002704,0.5975,0.6005,0.1461,CURVA_DERECHA
3566,178.3,68.19,109.59,66.4,67.45,182.26,284.32,0.609,0.6027,640.0513,641.6088,0.002704,0.5978,0.5995,0.1461,GIRAR_DERECHA
3567,178.35,67.2,82.6,69.25,68.15,219.1,247.2,0.6909,0.6292,640.2083,641.4455,-6.4e-05,0.5995,0.6129,0.1461,CURVA_DERECHA
3568,178.4,72.0,64.85,65.46,61.31,218.91,245.95,0.7503,0.6655,640.4093,641.5083,0.002704,0.6102,0.6307,0.1461,CURVA_DERECHA
3569,178.45,77.51,68.44,64.27,67.24,279.25,237.86,0.7043,0.6771,640.6102,641.5648,0.002639,0.628,0.6392,0.1461,CURVA_DERECHA
3570,178.5,90.51,63.14,67.32,69.28,298.19,228.06,0.6883,0.6805,640.8112,641.6276,0.002704,0.6365,0.644,0.1461,CURVA_DERECHA
3571,178.55,101.83,67.09,67.31,70.71,306.75,225.24,0.633,0.6662,641.0122,641.6904,0.002704,0.6413,0.6401,0.1461,CURVA_DERECHA
3572,178.6,105.21,77.34,66.01,72.61,339.3,220.88,0.5743,0.6387,641.2131,641.7469,0.002639,0.6375,0.6282,0.1461,CURVA_DERECHA
3573,178.65,112.55,98.97,68.7,62.91,347.94,179.34,0.4861,0.5929,641.4141,641.8097,0.002704,0.6255,0.6052,0.1461,CURVA_DERECHA
3574,178.7,111.93,114.05,66.95,70.84,361.44,160.87,0.4532,0.551,641.615,641.8662,0.002639,0.6025,0.5807,0.1461,GIRAR_DERECHA
3575,178.75,108.86,115.73,71.67,66.36,346.14,119.94,0.4564,0.5226,641.7783,641.7092,6.4e-05,0.5806,0.5625,0.1461,GIRAR_DERECHA
3576,178.8,95.0,116.82,62.38,67.8,339.41,82.08,0.4886,0.5124,641.9353,641.546,-6.4e-05,0.5625,0.5517,0.1461,GIRAR_DERECHA
3577,178.85,67.09,123.57,66.22,62.58,314.56,101.72,0.5887,0.5353,642.0923,641.389,-0.0,0.5517,0.5572,0.1461,GIRAR_DERECHA
3578,178.9,69.87,113.35,67.53,63.02,268.95,115.62,0.5923,0.5524,642.2556,641.232,6.4e-05,0.5571,0.5622,0.1461,GIRAR_DERECHA
3579,178.95,64.68,116.53,71.11,67.29,223.84,115.37,0.6155,0.5713,642.4126,641.0687,-6.4e-05,0.5623,0.5701,0.1461,GIRAR_DERECHA
3580,179.0,71.18,107.64,64.07,67.36,170.83,134.13,0.5975,0.5792,642.5759,640.9117,6.4e-05,0.57,0.574,0.1461,GIRAR_DERECHA
3581,179.05,63.57,105.13,62.64,65.13,138.21,118.26,0.6462,0.5993,642.7329,640.7484,-6.4e-05,0.5741,0.5846,0.1461,GIRAR_DERECHA
3582,179.1,68.0,78.79,71.03,68.07,109.08,129.42,0.7014,0.6299,642.8962,640.5914,6.4e-05,0.5846,0.6016,0.1461,CURVA_DERECHA
3583,179.15,64.44,61.0,68.92,63.24,71.09,134.18,0.8169,0.686,643.0971,640.6479,0.002639,0.599,0.6308,0.1461,CURVA_DERECHA
3584,179.2,68.77,62.72,66.21,66.18,82.3,137.72,0.7804,0.7143,643.2981,640.7107,0.002704,0.6281,0.6504,0.1461,CURVA_DERECHA
3585,179.25,65.46,65.63,68.38,69.61,106.08,140.03,0.7811,0.7344,643.499,640.7672,0.002639,0.6477,0.6672,0.1461,CURVA_DERECHA
3586,179.3,67.62,64.07,69.15,69.19,115.17,139.65,0.7782,0.7475,643.7,640.83,0.002704,0.6645,0.6811,0.1461,CURVA_DERECHA
3587,179.35,69.22,68.27,66.62,67.42,125.48,159.51,0.7448,0.7467,643.901,640.8928,0.002704,0.6784,0.6881,0.1461,CURVA_DERECHA
3588,179.4,64.06,67.86,67.24,62.98,140.98,150.59,0.7769,0.7558,644.1019,640.9494,0.002639,0.6855,0.6988,0.1461,CURVA_DERECHA
3589,179.45,63.21,71.26,65.47,70.75,140.28,152.52,0.7642,0.7583,644.3029,641.0122,0.002704,0.6961,0.7061,0.1461,CURVA_DERECHA
3590,179.5,68.21,63.98,62.46,69.83,153.94,143.57,0.7754,0.7634,644.5038,641.0687,0.002639,0.7035,0.714,0.1461,CURVA_DERECHA
3591,179.55,69.52,66.6,59.93,67.56,165.54,143.94,0.7526,0.7602,644.6985,641.1315,0.002639,0.7113,0.7174,0.1461,CURVA_DERECHA
3592,179.6,72.44,67.25,69.78,70.31,183.62,131.75,0.7341,0.7524,644.8995,641.1943,0.002704,0.7147,0.7175,0.1461,CURVA_DERECHA
3593,179.65,66.45,62.24,66.93,71.48,181.53,132.13,0.7966,0.7656,645.1004,641.2508,0.002639,0.7149,0.7268,0.1461,CURVA_DERECHA
3594,179.7,70.02,60.88,63.01,70.48,203.32,113.29,0.7861,0.7718,645.3014,641.3136,0.002704,0.7241,0.7331,0.1461,CURVA_DERECHA
3595,179.75,68.23,68.84,64.58,63.27,210.96,114.57,0.7471,0.7644,645.5024,641.3701,0.002639,0.7305,0.7329,0.1461,CURVA_DERECHA
3596,179.8,64.81,69.8,67.29,70.27,204.61,110.57,0.7618,0.7636,645.7033,641.4329,0.002704,0.7302,0.7348,0.1461,CURVA_DERECHA
3597,179.85,66.72,72.24,62.09,60.43,204.72,87.4,0.7381,0.7559,645.9043,641.4957,0.002704,0.7321,0.733,0.1461,CURVA_DERECHA
3598,179.9,65.91,67.6,67.4,68.47,192.36,65.64,0.7671,0.7593,646.1052,641.5522,0.002639,0.7304,0.7357,0.1461,CURVA_DERECHA
3599,179.95,66.38,63.46,62.51,69.73,180.37,71.63,0.7891,0.7682,646.3062,641.615,0.002704,0.733,0.7412,0.1461,CURVA_DERECHA
3600,180.0,67.52,70.3,70.59,63.58,179.43,70.26,0.7433,0.7607,646.5072,641.6716,0.002639,0.7386,0.7393,0.1461,CURVA_DERECHA
3601,180.05,68.15,65.57,69.32,68.85,176.48,67.9,0.766,0.7623,646.7081,641.7344,0.002704,0.7366,0.7409,0.1461,CURVA_DERECHA
3602,180.1,64.15,60.51,71.07,70.12,157.16,67.64,0.8221,0.7803,646.9091,641.7972,0.002704,0.7382,0.7504,0.1461,CURVA_DERECHA
3603,180.15,64.85,62.27,63.46,69.73,144.45,65.95,0.8059,0.788,647.11,641.8537,0.002639,0.7478,0.7563,0.1461,CURVA_DERECHA
3604,180.2,67.33,67.92,74.3,62.31,133.42,67.07,0.7571,0.7787,647.311,641.9165,0.002704,0.7536,0.7541,0.1461,CURVA_DERECHA
3605,180.25,70.12,67.2,68.49,65.91,124.54,69.0,0.746,0.7689,647.512,641.973,0.002639,0.7515,0.7507,0.1461,CURVA_DERECHA
3606,180.3,65.88,66.61,71.49,69.68,110.96,71.0,0.7729,0.7701,647.7129,642.0358,0.002704,0.748,0.7516,0.1461,CURVA_DERECHA
3607,180.35,70.27,66.94,66.71,70.68,111.1,67.15,0.7468,0.7631,647.9139,642.0986,0.002704,0.7489,0.7486,0.1461,CURVA_DERECHA
3608,180.4,70.51,60.73,63.54,61.03,85.81,68.03,0.7846,0.7696,648.1148,642.1551,0.002639,0.746,0.7516,0.1461,CURVA_DERECHA
3609,180.45,67.36,70.91,67.95,68.51,69.78,66.94,0.7411,0.761,648.3158,642.2179,0.002704,0.7489,0.7478,0.1461,AVANZAR
3610,180.5,71.99,65.48,66.57,68.52,65.98,64.69,0.7466,0.7567,648.5168,642.4189,0.00412,0.7436,0.7441,0.1461,AVANZAR
3611,180.55,71.54,63.9,67.93,74.73,62.24,64.06,0.7585,0.7572,648.7177,642.6198,0.00412,0.7399,0.7426,0.1461,AVANZAR
3612,180.6,66.53,60.03,69.56,67.14,78.17,66.18,0.8113,0.7734,648.9187,642.8208,0.00412,0.7385,0.7492,0.1461,CURVA_DERECHA
3613,180.65,67.79,69.82,73.62,64.15,68.79,68.56,0.7443,0.7647,649.1196,642.8773,0.002639,0.7465,0.7462,0.1461,AVANZAR
3614,180.7,66.8,64.03,66.03,70.14,71.4,60.89,0.7831,0.7702,649.3206,643.0783,0.00412,0.7421,0.7481,0.1461,AVANZAR
3615,180.75,65.68,62.46,67.94,67.64,69.94,63.71,0.7996,0.779,649.5216,643.2792,0.00412,0.7439,0.7521,0.1461,AVANZAR
3616,180.8,64.78,70.68,68.88,68.09,68.75,67.66,0.7574,0.7725,649.7225,643.4802,0.00412,0.748,0.7493,0.1461,AVANZAR
3617,180.85,69.04,71.17,59.95,69.69,65.75,67.1,0.7306,0.7599,649.9235,643.6812,0.00412,0.7452,0.7431,0.1461,AVANZAR
3618,180.9,72.25,67.54,71.06,71.12,63.3,65.25,0.7334,0.752,650.1244,643.8821,0.00412,0.739,0.7381,0.1461,AVANZAR
3619,180.95,65.12,64.7,66.04,68.55,66.48,69.62,0.7888,0.763,650.3254,644.0831,0.00412,0.734,0.742,0.1461,AVANZAR
3620,181.0,73.3,66.64,62.41,66.06,73.06,69.7,0.7334,0.7541,650.5264,644.284,0.00412,0.7379,0.7372,0.1461,AVANZAR
3621,181.05,63.6,67.16,69.82,67.7,66.57,66.11,0.7837,0.763,650.7273,644.485,0.00412,0.7331,0.7405,0.1461,AVANZAR
3622,181.1,66.78,64.45,65.24,68.72,64.14,70.02,0.7805,0.7683,650.9283,644.686,0.00412,0.7364,0.7428,0.1461,AVANZAR
3623,181.15,66.96,67.71,65.86,60.44,65.24,69.31,0.7604,0.7659,651.1292,644.8869,0.00412,0.7387,0.7419,0.1461,AVANZAR
3624,181.2,65.82,65.12,64.7,64.59,67.0,72.23,0.7821,0.7707,651.3302,645.0879,0.00412,0.7378,0.7442,0.1461,AVANZAR
3625,181.25,65.76,73.32,69.87,62.4,67.99,70.16,0.7385,0.7611,651.5312,645.2888,0.00412,0.7401,0.7399,0.1461,AVANZAR
3626,181.3,73.18,70.06,62.11,68.82,70.92,65.59,0.7152,0.7473,651.7321,645.4898,0.00412,0.7358,0.7328,0.1461,AVANZAR
3627,181.35,62.25,62.18,67.57,70.08,63.78,66.04,0.823,0.77,651.9331,645.6908,0.00412,0.7286,0.7424,0.1461,AVANZAR
3628,181.4,71.86,73.15,69.63,60.97,62.23,67.41,0.7063,0.7509,652.1278,645.8917,0.004055,0.7384,0.7337,0.1461,AVANZAR
3629,181.45,68.43,66.42,67.92,68.48,64.92,72.94,0.7595,0.7535,652.3287,646.0927,0.00412,0.7296,0.7339,0.1461,AVANZAR
3630,181.5,67.49,66.52,68.66,60.62,65.69,69.56,0.7642,0.7567,652.5297,646.2936,0.00412,0.7298,0.7348,0.1461,AVANZAR
3631,181.55,69.54,71.71,64.27,65.47,67.97,72.63,0.7251,0.7472,652.7306,646.4946,0.00412,0.7307,0.7299,0.1461,AVANZAR
3632,181.6,67.99,61.36,68.34,65.71,67.16,67.66,0.7938,0.7612,652.9316,646.6956,0.00412,0.7258,0.7357,0.1461,AVANZAR
3633,181.65,69.56,67.55,66.02,67.44,65.1,61.53,0.747,0.7569,653.1326,646.8965,0.00412,0.7316,0.7338,0.1461,AVANZAR
3634,181.7,66.99,56.89,65.57,69.4,72.29,64.85,0.8321,0.7795,653.3335,647.0975,0.00412,0.7297,0.7447,0.1461,AVANZAR
3635,181.75,69.29,72.91,65.09,66.48,70.92,70.84,0.7206,0.7618,653.5345,647.2984,0.00412,0.7406,0.7376,0.1461,AVANZAR
3636,181.8,64.59,64.89,63.42,69.54,73.23,71.12,0.7908,0.7705,653.7354,647.4994,0.00412,0.7335,0.7419,0.1461,AVANZAR
3637,181.85,64.5,66.29,64.36,70.69,67.31,65.5,0.7831,0.7743,653.9364,647.7004,0.00412,0.7378,0.7444,0.1461,AVANZAR
3638,181.9,66.32,72.81,67.52,63.9,67.72,71.02,0.7376,0.7633,654.1374,647.9013,0.00412,0.7403,0.7399,0.1461,AVANZAR
3639,181.95,70.53,61.38,67.69,71.21,63.46,65.57,0.78,0.7683,654.3383,648.1023,0.00412,0.7358,0.7422,0.1461,AVANZAR
3640,182.0,75.32,65.46,66.71,65.49,75.34,70.78,0.731,0.7571,654.5393,648.3032,0.00412,0.7381,0.7371,0.1461,AVANZAR
3641,182.05,64.19,66.16,61.53,65.95,70.36,65.89,0.7858,0.7657,654.7402,648.5042,0.00412,0.7329,0.7407,0.1461,AVANZAR
3642,182.1,66.01,65.84,60.79,62.05,66.22,74.74,0.7766,0.769,654.9412,648.7052,0.00412,0.7365,0.7424,0.1461,AVANZAR
3643,182.15,66.59,68.62,69.15,68.87,64.33,68.13,0.7575,0.7655,655.1422,648.9061,0.00412,0.7383,0.7411,0.1461,AVANZAR
3644,182.2,69.42,69.06,65.77,69.88,63.17,65.88,0.7394,0.7577,655.3431,649.1008,0.004055,0.737,0.7374,0.1461,AVANZAR
3645,182.25,66.87,66.43,71.85,60.74,60.71,65.98,0.7682,0.7609,655.5441,649.3018,0.00412,0.7333,0.7384,0.1461,AVANZAR
3646,182.3,65.87,62.08,70.53,67.37,62.92,68.76,0.801,0.7729,655.745,649.5027,0.00412,0.7343,0.744,0.1461,AVANZAR
3647,182.35,70.67,61.07,65.97,67.31,63.08,68.03,0.7814,0.7755,655.946,649.7037,0.00412,0.7399,0.746,0.1461,AVANZAR
3648,182.4,65.96,68.2,67.03,64.22,68.09,65.02,0.7635,0.7719,656.147,649.9046,0.00412,0.7418,0.745,0.1461,AVANZAR
3649,182.45,67.2,69.13,84.33,63.38,70.72,65.91,0.7513,0.7657,656.3479,650.1056,0.00412,0.7409,0.7424,0.1461,CURVA_IZQUIERDA
3650,182.5,66.37,67.18,105.5,69.25,65.17,70.22,0.7667,0.766,656.4107,650.3066,0.002704,0.7397,0.7437,0.1461,CURVA_IZQUIERDA
3651,182.55,60.68,64.18,113.3,63.52,65.76,65.04,0.8207,0.7824,656.4672,650.5075,0.002639,0.741,0.7527,0.1461,CURVA_IZQUIERDA
3652,182.6,68.03,72.97,121.09,66.74,66.99,76.39,0.7271,0.7658,656.53,650.7085,0.002704,0.75,0.7466,0.1461,CURVA_IZQUIERDA
3653,182.65,67.0,72.05,124.73,81.85,73.19,63.65,0.7374,0.7573,656.5866,650.9094,0.002639,0.744,0.743,0.1461,CURVA_IZQUIERDA
3654,182.7,70.48,65.07,134.73,107.33,64.97,72.78,0.7566,0.7571,656.6494,651.1104,0.002704,0.7403,0.7427,0.1461,CURVA_IZQUIERDA
3655,182.75,67.75,65.36,136.21,109.06,59.83,64.21,0.7695,0.7608,656.7122,651.3114,0.002704,0.74,0.7443,0.1461,CURVA_IZQUIERDA
3656,182.8,70.41,64.33,131.0,113.93,68.11,63.86,0.7616,0.7611,656.7687,651.5123,0.002639,0.7417,0.7446,0.1461,CURVA_IZQUIERDA
3657,182.85,65.06,67.89,140.67,130.93,69.61,68.49,0.7706,0.7639,656.8315,651.7133,0.002704,0.7419,0.7461,0.1461,CURVA_IZQUIERDA
3658,182.9,68.56,65.82,135.92,165.64,69.43,68.56,0.7623,0.7634,656.888,651.9142,0.002639,0.7434,0.7462,0.1461,CURVA_IZQUIERDA
3659,182.95,64.03,66.05,120.71,180.04,59.09,62.94,0.7874,0.7706,656.9508,652.1152,0.002704,0.7435,0.7499,0.1461,CURVA_IZQUIERDA
3660,183.0,67.6,64.48,115.24,203.82,68.21,69.94,0.7757,0.7722,657.0136,652.3162,0.002704,0.7472,0.7514,0.1461,CURVA_IZQUIERDA
3661,183.05,69.36,60.85,68.64,234.21,66.66,67.04,0.7898,0.7775,657.0701,652.5171,0.002639,0.7487,0.7547,0.1461,CURVA_IZQUIERDA
3662,183.1,65.27,66.99,68.53,242.26,65.11,69.95,0.7744,0.7765,657.1329,652.7181,0.002704,0.752,0.7553,0.1461,CURVA_IZQUIERDA
3663,183.15,67.12,67.6,64.1,237.55,67.57,72.19,0.7601,0.7716,657.1894,652.919,0.002639,0.7527,0.7537,0.1461,CURVA_IZQUIERDA
3664,183.2,66.42,66.16,66.35,229.04,68.48,69.22,0.7723,0.7718,657.2522,653.12,0.002704,0.751,0.7542,0.1461,CURVA_IZQUIERDA
3665,183.25,66.82,64.03,73.76,228.56,69.44,64.57,0.783,0.7752,657.3088,653.321,0.002639,0.7515,0.7561,0.1461,CURVA_IZQUIERDA
3666,183.3,64.48,61.73,70.45,202.56,69.09,72.97,0.8117,0.7861,657.3716,653.5219,0.002704,0.7534,0.7619,0.1461,CURVA_IZQUIERDA
3667,183.35,64.37,62.71,71.53,203.77,71.0,69.89,0.8059,0.7921,657.4344,653.7229,0.002704,0.7592,0.766,0.1461,CURVA_IZQUIERDA
3668,183.4,68.41,63.97,64.62,66.64,63.81,67.58,0.7744,0.7868,657.4909,653.9238,0.002639,0.7634,0.765,0.1461,AVANZAR
3669,183.45,67.17,70.78,66.3,64.07,71.27,66.15,0.7428,0.7736,657.6918,654.1248,0.00412,0.7609,0.7583,0.1461,AVANZAR
3670,183.5,67.87,66.48,64.46,66.71,65.4,68.29,0.7623,0.7702,657.8928,654.3258,0.00412,0.7541,0.7553,0.1461,AVANZAR
3671,183.55,69.37,70.29,68.9,69.34,74.23,70.88,0.7332,0.7591,658.0938,654.5267,0.00412,0.7512,0.7486,0.1461,AVANZAR
3672,183.6,66.7,68.49,71.54,73.02,63.05,66.41,0.7576,0.7587,658.2947,654.7277,0.00412,0.7445,0.7464,0.1461,AVANZAR
3673,183.65,67.7,64.87,67.53,65.58,62.38,69.61,0.7727,0.7629,658.4957,654.9286,0.00412,0.7423,0.7467,0.1461,AVANZAR
3674,183.7,69.81,71.49,65.23,66.92,63.92,64.21,0.7248,0.7515,658.6966,655.1296,0.00412,0.7426,0.74,0.1461,AVANZAR
3675,183.75,64.46,65.16,70.51,65.53,69.85,60.08,0.79,0.763,658.8976,655.3306,0.00412,0.7359,0.7438,0.1461,AVANZAR
3676,183.8,68.25,71.33,64.38,64.59,64.47,61.56,0.734,0.7543,659.0986,655.5315,0.00412,0.7397,0.7388,0.1461,AVANZAR
3677,183.85,71.84,66.39,71.45,68.12,69.64,65.46,0.7419,0.7506,659.2995,655.7325,0.00412,0.7347,0.7358,0.1461,AVANZAR
3678,183.9,67.41,70.62,67.67,73.41,67.97,64.27,0.7423,0.7481,659.5005,655.9334,0.00412,0.7317,0.7332,0.1461,AVANZAR
3679,183.95,67.73,67.88,62.45,70.53,69.01,72.55,0.7551,0.7502,659.7014,656.1344,0.00412,0.7291,0.7329,0.1461,AVANZAR
3680,184.0,74.47,66.75,69.36,62.8,64.15,76.25,0.7273,0.7433,659.9024,656.3354,0.00412,0.7288,0.7286,0.1461,AVANZAR
3681,184.05,68.57,65.49,66.69,62.37,74.02,66.38,0.7642,0.7496,660.1034,656.53,0.004055,0.7245,0.7303,0.1461,AVANZAR
3682,184.1,69.25,69.31,66.17,67.44,69.92,71.07,0.739,0.7464,660.3043,656.731,0.00412,0.7262,0.7281,0.1461,AVANZAR
3683,184.15,64.71,67.13,69.44,67.11,66.88,66.4,0.777,0.7556,660.5053,656.932,0.00412,0.7239,0.7317,0.1461,AVANZAR
3684,184.2,66.45,66.53,65.2,67.87,63.18,74.07,0.7701,0.7599,660.7062,657.1329,0.00412,0.7276,0.7338,0.1461,AVANZAR
3685,184.25,68.63,68.07,60.53,69.82,67.59,70.92,0.7491,0.7567,660.9072,657.3339,0.00412,0.7297,0.7325,0.1461,AVANZAR
3686,184.3,62.38,66.07,70.43,70.53,70.42,69.74,0.7979,0.769,661.1082,657.5348,0.00412,0.7284,0.7385,0.1461,AVANZAR
3687,184.35,63.28,66.44,69.3,73.95,65.72,68.8,0.7899,0.7753,661.3091,657.7358,0.00412,0.7344,0.7425,0.1461,AVANZAR
3688,184.4,67.35,66.52,70.82,64.02,61.44,61.41,0.765,0.7722,661.5101,657.9368,0.00412,0.7384,0.7423,0.1461,AVANZAR
3689,184.45,68.39,69.35,64.7,71.42,64.51,69.59,0.7435,0.7636,661.711,658.1377,0.00412,0.7382,0.7389,0.1461,AVANZAR
3690,184.5,66.13,70.85,77.04,70.42,66.71,68.01,0.7485,0.759,661.912,658.3387,0.00412,0.7348,0.7368,0.1461,AVANZAR
3691,184.55,69.15,69.04,64.76,69.96,75.87,69.99,0.741,0.7536,662.113,658.5396,0.00412,0.7327,0.7339,0.1461,AVANZAR
3692,184.6,68.24,66.69,67.31,70.32,62.01,68.1,0.759,0.7552,662.3139,658.7406,0.00412,0.7298,0.7341,0.1461,AVANZAR
3693,184.65,67.4,67.9,71.38,69.91,72.98,71.79,0.7568,0.7557,662.5149,658.9416,0.00412,0.7299,0.7339,0.1461,AVANZAR
3694,184.7,68.28,65.5,60.01,65.1,60.31,68.6,0.7657,0.7587,662.7158,659.1425,0.00412,0.7298,0.735,0.1461,AVANZAR
3695,184.75,64.0,68.34,67.64,64.24,65.37,67.33,0.7746,0.7635,662.9168,659.3435,0.00412,0.7309,0.7373,0.1461,AVANZAR
3696,184.8,66.76,66.62,67.02,70.92,67.32,63.85,0.7677,0.7648,663.1178,659.5444,0.00412,0.7332,0.7382,0.1461,AVANZAR
3697,184.85,67.1,67.63,72.34,69.86,62.7,64.94,0.7601,0.7634,663.3187,659.7454,0.00412,0.7341,0.7379,0.1461,AVANZAR
3698,184.9,67.49,71.96,68.04,70.33,70.11,68.65,0.7351,0.7549,663.5134,659.9464,0.004055,0.7338,0.734,0.1461,AVANZAR
3699,184.95,65.99,71.25,62.4,68.78,68.86,64.57,0.7472,0.7526,663.7144,660.1473,0.00412,0.7299,0.7324,0.1461,AVANZAR
3700,185.0,69.77,67.06,63.06,69.39,67.4,70.02,0.7487,0.7514,663.9153,660.3483,0.00412,0.7283,0.7313,0.1461,AVANZAR
3701,185.05,69.02,70.05,67.09,66.39,64.56,65.43,0.7364,0.7469,664.1163,660.5492,0.00412,0.7272,0.7285,0.1461,AVANZAR
3702,185.1,61.82,67.07,70.76,66.96,69.97,66.61,0.7958,0.7616,664.3172,660.7502,0.00412,0.7244,0.7348,0.1461,AVANZAR
3703,185.15,67.68,68.2,64.65,65.89,61.35,65.51,0.7536,0.7592,664.5182,660.9512,0.00412,0.7307,0.734,0.1461,AVANZAR
3704,185.2,76.05,70.9,71.16,68.63,71.35,66.98,0.6977,0.7407,664.7192,661.1521,0.00412,0.7299,0.7252,0.1461,AVANZAR
3705,185.25,65.67,60.59,66.89,61.23,68.18,70.86,0.8124,0.7622,664.9201,661.3531,0.00412,0.7211,0.7344,0.1461,AVANZAR
3706,185.3,67.32,73.3,65.09,63.36,61.3,68.25,0.7296,0.7524,665.1211,661.554,0.00412,0.7303,0.7302,0.1461,AVANZAR
3707,185.35,70.09,63.85,66.05,72.12,64.02,70.91,0.7662,0.7566,665.322,661.755,0.00412,0.7261,0.7319,0.1461,AVANZAR
3708,185.4,65.41,61.45,65.96,68.07,66.96,70.21,0.808,0.772,665.523,661.956,0.00412,0.7278,0.7395,0.1461,AVANZAR
3709,185.45,67.32,67.24,71.49,68.98,63.74,63.39,0.761,0.7687,665.724,662.1569,0.00412,0.7354,0.7392,0.1461,AVANZAR
3710,185.5,67.56,71.97,63.5,66.8,62.7,70.06,0.7346,0.7585,665.9249,662.3579,0.00412,0.735,0.735,0.1461,AVANZAR
3711,185.55,63.83,66.7,63.63,69.36,68.41,66.9,0.7849,0.7664,666.1259,662.5588,0.00412,0.7309,0.7387,0.1461,AVANZAR
3712,185.6,67.96,69.21,68.81,69.34,66.09,67.72,0.7466,0.7604,666.3268,662.7598,0.00412,0.7346,0.7364,0.1461,AVANZAR
3713,185.65,66.51,65.79,70.99,65.9,66.95,63.94,0.774,0.7645,666.5278,662.9608,0.00412,0.7323,0.7384,0.1461,AVANZAR
3714,185.7,74.9,69.84,71.1,69.37,67.33,69.47,0.7083,0.7477,666.7288,663.1617,0.00412,0.7342,0.7304,0.1461,AVANZAR
3715,185.75,70.08,60.61,64.01,68.14,65.44,69.6,0.7876,0.7597,666.9297,663.3627,0.00412,0.7263,0.7353,0.1461,AVANZAR
3716,185.8,70.54,70.03,62.37,63.99,71.62,59.13,0.7285,0.7503,667.1307,663.5636,0.00412,0.7312,0.7308,0.1461,AVANZAR
3717,185.85,63.1,65.93,67.88,63.92,59.14,70.79,0.794,0.7634,667.3316,663.7646,0.00412,0.7267,0.7365,0.1461,AVANZAR
3718,185.9,69.97,67.31,66.51,69.67,70.66,65.65,0.7462,0.7582,667.5326,663.9593,0.004055,0.7324,0.7344,0.1461,AVANZAR
3719,185.95,67.17,70.99,68.71,64.41,68.29,56.87,0.7417,0.7533,667.7336,664.1602,0.00412,0.7303,0.732,0.1461,AVANZAR
3720,186.0,67.61,69.28,57.6,63.12,69.24,72.87,0.7482,0.7518,667.9345,664.3612,0.00412,0.7279,0.7308,0.1461,AVANZAR
3721,186.05,63.61,65.01,66.27,71.78,64.16,71.87,0.7963,0.7651,668.1355,664.5622,0.00412,0.7267,0.7369,0.1461,AVANZAR
3722,186.1,67.56,66.88,70.54,57.92,59.23,74.37,0.7617,0.7641,668.3364,664.7631,0.00412,0.7328,0.737,0.1461,AVANZAR
3723,186.15,70.99,64.69,69.85,70.54,67.53,64.58,0.7563,0.7617,668.5374,664.9641,0.00412,0.7329,0.7363,0.1461,AVANZAR
3724,186.2,68.06,67.55,68.64,70.49,69.42,65.94,0.7551,0.7598,668.7384,665.165,0.00412,0.7322,0.7355,0.1461,AVANZAR
3725,186.25,69.93,67.99,64.97,69.58,69.16,65.61,0.7426,0.7546,668.9393,665.366,0.00412,0.7314,0.733,0.1461,AVANZAR
3726,186.3,69.42,65.91,69.92,66.64,65.51,66.06,0.7572,0.7554,669.1403,665.567,0.00412,0.7289,0.733,0.1461,AVANZAR
3727,186.35,68.11,65.39,64.95,66.11,69.96,72.42,0.7673,0.759,669.3412,665.7679,0.00412,0.7289,0.7345,0.1461,AVANZAR
3728,186.4,67.23,65.05,67.15,66.8,60.95,65.88,0.7744,0.7636,669.5422,665.9689,0.00412,0.7304,0.7368,0.1461,AVANZAR
3729,186.45,66.89,67.41,67.05,66.71,64.36,72.04,0.7624,0.7632,669.7432,666.1698,0.00412,0.7327,0.7371,0.1461,AVANZAR
3730,186.5,68.71,68.72,68.42,65.91,68.25,61.64,0.7451,0.7578,669.9441,666.3708,0.00412,0.7329,0.7347,0.1461,AVANZAR
3731,186.55,67.56,67.66,60.95,68.61,59.58,63.65,0.7573,0.7576,670.1451,666.5718,0.00412,0.7306,0.7345,0.1461,AVANZAR
3732,186.6,67.82,66.72,68.3,64.23,62.15,66.86,0.7612,0.7587,670.346,666.7727,0.00412,0.7304,0.7349,0.1461,AVANZAR
3733,186.65,65.11,69.64,64.44,67.72,72.44,61.86,0.7608,0.7593,670.547,666.9737,0.00412,0.7308,0.7351,0.1461,AVANZAR
3734,186.7,64.6,71.32,68.33,69.34,67.37,68.22,0.7552,0.7581,670.748,667.1746,0.00412,0.731,0.7346,0.1461,AVANZAR
3735,186.75,64.34,67.97,67.34,62.77,62.3,68.8,0.7745,0.763,670.9426,667.3756,0.004055,0.7305,0.7369,0.1461,AVANZAR
3736,186.8,68.19,62.86,69.8,69.15,68.74,65.49,0.7827,0.7689,671.1436,667.5766,0.00412,0.7328,0.7401,0.1461,AVANZAR
3737,186.85,97.73,65.32,69.77,64.35,73.6,70.88,0.6539,0.7344,671.3446,667.7775,0.00412,0.736,0.724,0.1461,AVANZAR
3738,186.9,137.02,69.16,72.79,60.22,68.9,65.12,0.557,0.6812,671.5455,667.9785,0.00412,0.7199,0.6961,0.1461,AVANZAR
3739,186.95,210.12,99.5,108.82,64.96,67.0,65.29,0.3791,0.5906,671.7465,668.1794,0.00412,0.692,0.6462,0.1461,CURVA_IZQUIERDA
3740,187.0,340.8,114.83,178.26,68.65,65.37,64.12,0.298,0.5028,671.8093,668.3804,0.002704,0.6435,0.5931,0.1461,GIRAR_IZQUIERDA
3741,187.05,318.82,68.46,247.63,66.37,67.75,70.6,0.4542,0.4882,671.6523,668.5374,0.0,0.5931,0.5728,0.1461,GIRAR_IZQUIERDA
3742,187.1,268.52,67.16,322.23,74.1,66.39,66.03,0.4765,0.4847,671.489,668.7007,0.0,0.5728,0.5587,0.1461,GIRAR_IZQUIERDA
3743,187.15,227.26,67.76,357.19,63.37,70.9,72.02,0.4904,0.4864,671.332,668.8577,-0.0,0.5587,0.5487,0.1461,GIRAR_IZQUIERDA
3744,187.2,176.5,72.97,457.14,66.48,71.51,69.72,0.4959,0.4893,671.1687,669.021,0.0,0.5487,0.541,0.1461,GIRAR_IZQUIERDA
3745,187.25,138.58,68.45,469.12,74.67,65.26,67.08,0.5587,0.5101,671.0117,669.178,0.0,0.541,0.5436,0.1461,GIRAR_IZQUIERDA
3746,187.3,68.49,65.22,396.14,116.66,70.21,72.89,0.7663,0.587,670.8484,669.3412,0.0,0.5436,0.5761,0.1461,GIRAR_IZQUIERDA
3747,187.35,67.36,70.88,352.64,159.85,67.64,71.95,0.7412,0.6332,670.6914,669.4982,0.0,0.5761,0.6003,0.1461,CURVA_IZQUIERDA
3748,187.4,68.95,69.5,359.58,187.71,60.39,65.92,0.7396,0.6651,670.748,669.6992,0.002639,0.5976,0.6184,0.1461,CURVA_IZQUIERDA
3749,187.45,68.58,65.46,367.0,215.96,69.74,68.28,0.7644,0.6949,670.8108,669.9002,0.002704,0.6157,0.6374,0.1461,CURVA_IZQUIERDA
3750,187.5,68.65,61.12,589.45,327.09,66.43,65.63,0.7918,0.724,670.8736,670.1011,0.002704,0.6347,0.6576,0.1461,CURVA_IZQUIERDA
3751,187.55,66.89,66.02,385.89,315.4,61.33,59.21,0.7705,0.7379,670.9301,670.3021,0.002639,0.655,0.6719,0.1461,CURVA_IZQUIERDA
3752,187.6,72.18,66.31,73.1,332.95,68.57,72.04,0.7408,0.7388,670.9929,670.503,0.002704,0.6692,0.6796,0.1461,CURVA_IZQUIERDA
3753,187.65,68.37,70.19,61.57,352.33,66.82,69.92,0.7392,0.7389,671.0494,670.704,0.002639,0.677,0.6861,0.1461,CURVA_IZQUIERDA
3754,187.7,74.71,66.42,70.63,357.25,62.64,68.42,0.7281,0.7357,671.1122,670.905,0.002704,0.6834,0.6899,0.1461,CURVA_IZQUIERDA
3755,187.75,71.97,64.87,73.16,358.59,66.77,66.71,0.7503,0.7401,671.175,671.1059,0.002704,0.6872,0.6964,0.1461,CURVA_IZQUIERDA
3756,187.8,66.95,69.65,62.32,380.72,67.37,64.57,0.7499,0.743,671.2315,671.3069,0.002639,0.6938,0.702,0.1461,CURVA_IZQUIERDA
3757,187.85,70.68,65.37,69.64,389.93,68.5,71.37,0.7538,0.7463,671.2943,671.5078,0.002704,0.6993,0.7073,0.1461,CURVA_IZQUIERDA
3758,187.9,63.05,74.82,74.49,382.27,65.31,67.98,0.7482,0.7468,671.3508,671.7088,0.002639,0.7046,0.711,0.1461,CURVA_IZQUIERDA
3759,187.95,75.54,64.63,65.24,64.15,69.61,73.13,0.735,0.7433,671.4136,671.9098,0.002704,0.7083,0.7122,0.1461,AVANZAR
3760,188.0,86.63,71.5,62.82,68.54,68.15,68.45,0.6536,0.7164,671.6146,672.1107,0.00412,0.7081,0.7001,0.1461,AVANZAR
3761,188.05,110.92,102.4,62.74,68.86,64.4,68.7,0.4808,0.6457,671.8156,672.3117,0.00412,0.696,0.6645,0.1461,AVANZAR
3762,188.1,116.14,107.97,63.27,67.99,71.22,67.54,0.4575,0.5892,672.0165,672.5126,0.00412,0.6604,0.6308,0.1461,AVANZAR
3763,188.15,133.59,122.72,70.56,62.93,63.29,67.06,0.4002,0.5325,672.2175,672.7136,0.00412,0.6267,0.5936,0.1461,GIRAR_IZQUIERDA
3764,188.2,133.48,112.46,97.58,65.27,66.33,62.96,0.4194,0.4986,672.0542,672.8706,-6.4e-05,0.5936,0.5682,0.1461,GIRAR_IZQUIERDA
3765,188.25,147.78,97.47,110.99,71.09,72.6,63.84,0.4359,0.4798,671.8972,673.0276,0.0,0.5682,0.5489,0.1461,GIRAR_IZQUIERDA
3766,188.3,144.07,68.59,120.43,66.13,70.31,65.75,0.551,0.5011,671.7339,673.1909,0.0,0.5489,0.5492,0.1461,GIRAR_IZQUIERDA
3767,188.35,136.97,64.81,142.91,69.08,70.07,69.04,0.5819,0.5254,671.5769,673.3479,0.0,0.5492,0.5539,0.1461,GIRAR_IZQUIERDA
3768,188.4,117.9,70.84,142.93,69.41,67.91,70.75,0.5785,0.5413,671.4199,673.5112,6.4e-05,0.5539,0.5575,0.1461,GIRAR_IZQUIERDA
3769,188.45,113.02,72.58,155.83,66.19,67.71,67.84,0.5792,0.5527,671.2566,673.6682,-6.4e-05,0.5575,0.5607,0.1461,GIRAR_IZQUIERDA
3770,188.5,109.9,67.26,146.32,71.08,70.17,70.29,0.6136,0.5709,671.0996,673.8314,6.4e-05,0.5606,0.5684,0.1461,GIRAR_IZQUIERDA
3771,188.55,74.65,66.3,143.93,97.47,65.62,63.52,0.7291,0.6184,670.9364,673.9884,-6.4e-05,0.5684,0.5919,0.1461,GIRAR_IZQUIERDA
3772,188.6,65.89,66.86,148.15,111.72,65.14,68.27,0.7714,0.6643,670.7794,674.1517,6.4e-05,0.5918,0.6181,0.1461,CURVA_IZQUIERDA
3773,188.65,58.21,69.15,134.09,120.91,68.37,66.45,0.81,0.708,670.8359,674.3527,0.002639,0.6154,0.6439,0.1461,CURVA_IZQUIERDA
3774,188.7,69.43,65.02,146.0,129.1,60.8,69.68,0.7624,0.7243,670.8987,674.5536,0.002704,0.6412,0.6589,0.1461,CURVA_IZQUIERDA
3775,188.75,64.74,68.89,140.35,134.26,67.97,70.77,0.7671,0.7371,670.9552,674.7546,0.002639,0.6562,0.6724,0.1461,CURVA_IZQUIERDA
3776,188.8,66.74,63.12,139.76,145.69,68.84,64.61,0.7891,0.7527,671.018,674.9556,0.002704,0.6697,0.6872,0.1461,CURVA_IZQUIERDA
3777,188.85,64.11,65.03,127.6,156.55,66.59,70.82,0.7929,0.7648,671.0808,675.1565,0.002704,0.6845,0.7003,0.1461,CURVA_IZQUIERDA
3778,188.9,65.12,70.25,122.74,166.69,64.07,64.97,0.7576,0.7626,671.1373,675.3575,0.002639,0.6977,0.7064,0.1461,CURVA_IZQUIERDA
3779,188.95,61.96,69.21,114.76,176.68,66.81,67.35,0.7831,0.7688,671.2001,675.5584,0.002704,0.7037,0.7153,0.1461,CURVA_IZQUIERDA
3780,189.0,67.61,72.42,108.76,185.67,62.29,66.95,0.7322,0.7578,671.2566,675.7531,0.002575,0.7127,0.7156,0.1461,CURVA_IZQUIERDA
3781,189.05,68.67,68.43,99.07,191.61,63.94,69.46,0.7469,0.7545,671.3194,675.9541,0.002704,0.7129,0.7178,0.1461,CURVA_IZQUIERDA
3782,189.1,68.99,68.62,86.81,194.52,63.25,70.92,0.7442,0.7514,671.3822,676.155,0.002704,0.7151,0.7194,0.1461,CURVA_IZQUIERDA
3783,189.15,68.1,71.31,65.71,177.99,70.98,73.88,0.7349,0.7465,671.4388,676.356,0.002639,0.7167,0.7194,0.1461,CURVA_IZQUIERDA
3784,189.2,67.28,62.75,64.89,174.37,67.81,61.7,0.7884,0.7591,671.5016,676.557,0.002704,0.7167,0.7272,0.1461,CURVA_IZQUIERDA
3785,189.25,63.7,63.89,66.89,161.51,64.53,70.97,0.8026,0.7721,671.5581,676.7579,0.002639,0.7245,0.7359,0.1461,CURVA_IZQUIERDA
3786,189.3,64.08,69.03,66.76,159.09,63.94,66.12,0.7704,0.7716,671.6209,676.9589,0.002704,0.7332,0.7387,0.1461,CURVA_IZQUIERDA
3787,189.35,61.86,63.46,65.69,151.95,63.09,61.79,0.8172,0.7853,671.6837,677.1598,0.002704,0.736,0.7478,0.1461,CURVA_IZQUIERDA
3788,189.4,69.97,69.37,67.27,141.53,69.61,60.79,0.7349,0.7702,671.7402,677.3608,0.002639,0.7452,0.7437,0.1461,CURVA_IZQUIERDA
3789,189.45,71.49,66.41,75.81,137.27,65.93,63.46,0.7436,0.7622,671.803,677.5618,0.002704,0.741,0.7414,0.1461,CURVA_IZQUIERDA
3790,189.5,68.14,69.18,62.34,106.58,62.23,65.14,0.7458,0.7573,671.8595,677.7627,0.002639,0.7387,0.7398,0.1461,CURVA_IZQUIERDA
3791,189.55,63.37,62.25,67.47,110.5,62.93,65.88,0.8152,0.7747,671.9223,677.9637,0.002704,0.7371,0.7485,0.1461,CURVA_IZQUIERDA
3792,189.6,66.46,65.4,63.49,106.56,66.58,67.06,0.7766,0.7752,671.9851,678.1646,0.002704,0.7458,0.7503,0.1461,CURVA_IZQUIERDA
3793,189.65,68.62,70.96,67.29,85.0,66.77,65.84,0.7338,0.7628,672.0416,678.3656,0.002639,0.7476,0.7456,0.1461,CURVA_IZQUIERDA
3794,189.7,65.13,67.04,67.52,68.07,68.42,66.68,0.7749,0.7664,672.1044,678.5666,0.002704,0.7429,0.7476,0.1461,AVANZAR
3795,189.75,70.69,64.85,65.59,70.64,70.32,71.77,0.7569,0.7636,672.3054,678.7675,0.00412,0.7435,0.7454,0.1461,AVANZAR
3796,189.8,65.74,67.9,69.31,70.47,69.89,73.36,0.7664,0.7644,672.5064,678.9685,0.00412,0.7413,0.745,0.1461,AVANZAR
3797,189.85,70.76,64.27,69.52,68.47,65.64,68.45,0.7601,0.7631,672.7073,679.1694,0.00412,0.7409,0.7437,0.1461,AVANZAR
3798,189.9,70.42,69.72,67.99,61.05,71.29,69.43,0.7307,0.7534,672.9083,679.3704,0.00412,0.7396,0.7383,0.1461,AVANZAR
3799,189.95,64.69,68.21,63.81,61.81,71.62,62.94,0.771,0.7587,673.1092,679.5714,0.00412,0.7341,0.7395,0.1461,AVANZAR
3800,190.0,65.61,68.18,73.59,67.92,71.87,68.53,0.7656,0.7608,673.3102,679.7723,0.00412,0.7354,0.7398,0.1461,AVANZAR
3801,190.05,62.5,66.46,68.82,64.61,72.15,65.86,0.7948,0.771,673.5112,679.9733,0.00412,0.7357,0.7443,0.1461,AVANZAR
3802,190.1,66.95,71.04,65.04,66.64,63.4,62.65,0.7428,0.7625,673.7121,680.1742,0.00412,0.7402,0.7406,0.1461,AVANZAR
3803,190.15,68.12,68.49,63.22,69.21,66.38,64.93,0.7496,0.7586,673.9131,680.3752,0.00412,0.7365,0.7384,0.1461,AVANZAR
3804,190.2,67.21,69.63,70.89,64.19,68.31,69.28,0.7486,0.7556,674.114,680.5762,0.00412,0.7343,0.7364,0.1461,AVANZAR
3805,190.25,69.66,66.33,63.99,62.72,72.42,69.74,0.7534,0.755,674.315,680.7771,0.00412,0.7322,0.7353,0.1461,AVANZAR
3806,190.3,73.84,76.46,68.39,59.15,63.39,66.47,0.6815,0.7329,674.516,680.9781,0.00412,0.7312,0.724,0.1461,AVANZAR
3807,190.35,66.83,65.37,72.51,67.57,66.35,69.9,0.7747,0.7455,674.7169,681.179,0.00412,0.7198,0.7279,0.1461,AVANZAR
3808,190.4,65.34,69.43,66.85,65.52,67.27,63.41,0.7605,0.75,674.9116,681.38,0.004055,0.7238,0.7292,0.1461,AVANZAR
3809,190.45,66.08,67.48,63.07,70.56,70.33,62.18,0.7668,0.755,675.1126,681.581,0.00412,0.725,0.7311,0.1461,AVANZAR
3810,190.5,67.42,67.16,72.01,66.58,66.99,69.24,0.7609,0.7568,675.3135,681.7819,0.00412,0.727,0.732,0.1461,AVANZAR
3811,190.55,68.61,65.95,68.65,65.16,63.51,69.63,0.7613,0.7581,675.5145,681.9829,0.00412,0.7278,0.7327,0.1461,AVANZAR
3812,190.6,67.38,68.18,68.5,56.2,71.18,66.5,0.7554,0.7573,675.7154,682.1838,0.00412,0.7286,0.7325,0.1461,AVANZAR
3813,190.65,66.51,67.27,61.76,65.75,64.89,68.89,0.7655,0.7597,675.9164,682.3848,0.00412,0.7284,0.7338,0.1461,AVANZAR
3814,190.7,68.35,69.96,61.15,70.93,72.19,65.58,0.7405,0.754,676.1174,682.5858,0.00412,0.7297,0.7313,0.1461,AVANZAR
3815,190.75,61.52,59.25,62.3,65.36,71.01,70.64,0.8482,0.7822,676.3183,682.7867,0.00412,0.7272,0.7448,0.1461,AVANZAR
3816,190.8,71.06,67.57,67.83,66.17,66.65,67.95,0.7391,0.7693,676.5193,682.9877,0.00412,0.7407,0.7405,0.1461,AVANZAR
3817,190.85,62.66,65.41,66.11,64.66,70.64,64.5,0.8,0.7785,676.7202,683.1824,0.004055,0.7364,0.7457,0.1461,AVANZAR
3818,190.9,61.09,63.67,68.68,65.27,66.29,69.3,0.8211,0.7913,676.9212,683.3833,0.00412,0.7416,0.7532,0.1461,AVANZAR
3819,190.95,63.8,65.8,67.73,67.97,64.18,66.54,0.7903,0.791,677.1222,683.5843,0.00412,0.7491,0.7551,0.1461,AVANZAR
3820,191.0,57.53,63.9,65.75,70.32,69.31,65.65,0.8456,0.8074,677.3231,683.7852,0.00412,0.751,0.7648,0.1461,AVANZAR
3821,191.05,70.72,66.27,67.83,65.02,67.84,71.28,0.7483,0.7897,677.5241,683.9862,0.00412,0.7607,0.7589,0.1461,AVANZAR
3822,191.1,68.13,62.5,68.22,66.76,65.71,70.46,0.7853,0.7884,677.725,684.1872,0.00412,0.7548,0.7592,0.1461,AVANZAR
3823,191.15,67.28,59.58,64.74,71.09,67.56,64.46,0.8102,0.7949,677.926,684.3881,0.00412,0.7551,0.7632,0.1461,AVANZAR
3824,191.2,72.54,71.71,69.09,64.95,69.28,68.01,0.7099,0.7694,678.127,684.5891,0.00412,0.759,0.7519,0.1461,AVANZAR
3825,191.25,62.33,71.26,69.68,69.48,70.75,67.37,0.77,0.7696,678.3279,684.79,0.00412,0.7477,0.751,0.1461,AVANZAR
3826,191.3,64.63,62.57,66.49,63.95,71.05,64.36,0.8052,0.7803,678.5289,684.991,0.00412,0.7469,0.7554,0.1461,AVANZAR
3827,191.35,67.87,66.82,62.8,65.91,70.21,69.6,0.7603,0.7743,678.7298,685.192,0.00412,0.7513,0.7526,0.1461,AVANZAR
3828,191.4,64.24,61.37,61.35,60.95,67.39,66.04,0.8156,0.7867,678.9308,685.3929,0.00412,0.7485,0.7583,0.1461,AVANZAR
3829,191.45,70.22,69.98,61.96,62.5,77.38,65.55,0.7304,0.7698,679.1318,685.5939,0.00412,0.7542,0.7507,0.1461,AVANZAR
3830,191.5,72.63,68.39,67.65,67.53,72.81,67.25,0.7268,0.7569,679.3327,685.7948,0.00412,0.7466,0.7437,0.1461,AVANZAR
3831,191.55,67.41,64.24,64.9,68.6,73.15,68.36,0.7782,0.7633,679.5337,685.9958,0.00412,0.7396,0.7452,0.1461,AVANZAR
3832,191.6,70.13,61.75,63.85,65.02,68.89,67.13,0.7797,0.7682,679.7346,686.1968,0.00412,0.7411,0.7467,0.1461,AVANZAR
3833,191.65,64.6,65.07,62.6,75.97,68.15,62.93,0.7897,0.7747,679.9356,686.3977,0.00412,0.7426,0.7495,0.1461,AVANZAR
3834,191.7,64.59,66.7,73.55,61.4,63.34,70.35,0.7801,0.7763,680.1366,686.5987,0.00412,0.7454,0.7505,0.1461,AVANZAR
3835,191.75,65.15,66.79,67.36,71.95,64.95,69.6,0.7763,0.7763,680.3375,686.7996,0.00412,0.7463,0.7507,0.1461,AVANZAR
3836,191.8,67.1,68.25,69.75,63.13,64.68,67.85,0.7566,0.7704,680.5385,687.0006,0.00412,0.7466,0.7481,0.1461,AVANZAR
3837,191.85,64.31,67.64,65.83,70.99,66.65,71.14,0.7765,0.7722,680.7394,687.2016,0.00412,0.7439,0.7487,0.1461,AVANZAR
3838,191.9,67.5,68.08,65.13,65.34,66.31,62.49,0.7553,0.7671,680.9404,687.4025,0.00412,0.7446,0.7461,0.1461,AVANZAR
3839,191.95,64.99,66.39,65.5,68.5,66.22,63.19,0.7795,0.7709,681.1414,687.6035,0.00412,0.742,0.7475,0.1461,AVANZAR
3840,192.0,66.72,65.07,68.36,67.3,63.75,65.42,0.7771,0.7727,681.3423,687.8044,0.00412,0.7434,0.7483,0.1461,AVANZAR
3841,192.05,73.23,67.08,67.71,69.92,69.22,68.02,0.7312,0.7603,681.5433,688.0054,0.00412,0.7442,0.7423,0.1461,AVANZAR
3842,192.1,69.85,63.86,66.61,69.94,62.77,63.66,0.7674,0.7624,681.7442,688.2064,0.00412,0.7382,0.7424,0.1461,AVANZAR
3843,192.15,63.8,62.01,66.5,72.07,66.25,61.05,0.8141,0.7779,681.9452,688.4073,0.00412,0.7383,0.7494,0.1461,AVANZAR
3844,192.2,69.05,71.34,71.63,66.24,68.09,65.37,0.7296,0.7634,682.1462,688.6083,0.00412,0.7453,0.743,0.1461,AVANZAR
3845,192.25,63.2,67.97,61.52,61.42,70.61,62.05,0.7817,0.7689,682.3408,688.8092,0.004055,0.7389,0.7452,0.1461,AVANZAR
3846,192.3,63.86,66.12,66.02,64.53,64.43,67.41,0.788,0.7746,682.5418,689.0102,0.00412,0.7411,0.7479,0.1461,AVANZAR
3847,192.35,72.57,61.05,66.32,66.52,66.64,61.44,0.7721,0.7739,682.7428,689.2112,0.00412,0.7438,0.7479,0.1461,AVANZAR
3848,192.4,64.93,69.0,64.79,67.71,65.85,69.13,0.7653,0.7713,682.9437,689.4121,0.00412,0.7438,0.747,0.1461,AVANZAR
3849,192.45,63.65,66.99,69.95,63.07,65.54,61.13,0.7844,0.7752,683.1447,689.6131,0.00412,0.7428,0.7489,0.1461,AVANZAR
3850,192.5,62.48,73.32,68.81,63.6,58.92,63.55,0.7589,0.7703,683.3456,689.814,0.00412,0.7448,0.7469,0.1461,AVANZAR
3851,192.55,73.22,102.54,66.31,70.92,64.96,71.15,0.5993,0.719,683.5466,690.015,0.00412,0.7427,0.7218,0.1461,AVANZAR
3852,192.6,73.27,97.52,72.6,66.21,65.63,68.07,0.6119,0.6869,683.7476,690.216,0.00412,0.7177,0.7022,0.1461,AVANZAR
3853,192.65,71.57,99.5,64.39,63.83,66.35,70.7,0.615,0.6653,683.9485,690.4169,0.00412,0.6981,0.6859,0.1461,AVANZAR
3854,192.7,64.88,64.19,71.07,70.27,63.68,68.13,0.7934,0.7037,684.1495,690.6116,0.004055,0.6819,0.6982,0.1461,AVANZAR
3855,192.75,65.78,66.3,72.24,64.2,68.45,61.37,0.7753,0.7252,684.3504,690.8126,0.00412,0.6941,0.7059,0.1461,AVANZAR
3856,192.8,95.92,68.5,63.78,64.83,66.06,65.09,0.6406,0.6998,684.5514,691.0135,0.00412,0.7018,0.6929,0.1461,AVANZAR
3857,192.85,214.35,63.63,60.98,64.16,70.42,67.27,0.5218,0.6464,684.7524,691.2145,0.00412,0.6887,0.6643,0.1461,AVANZAR
3858,192.9,403.85,70.84,67.06,64.82,65.76,65.98,0.4248,0.5799,684.9533,691.4154,0.00412,0.6602,0.6258,0.1461,AVANZAR
3859,192.95,373.38,71.4,69.41,70.02,64.25,65.0,0.4271,0.5341,685.1543,691.6164,0.00412,0.6217,0.5933,0.1461,GIRAR_IZQUIERDA
3860,193.0,289.87,68.28,67.95,62.27,70.64,62.84,0.4633,0.5128,684.9973,691.7797,6.4e-05,0.5932,0.5742,0.1461,GIRAR_DERECHA
3861,193.05,379.48,69.39,68.01,60.82,69.25,66.04,0.4364,0.4899,685.1543,691.6164,-6.4e-05,0.5743,0.5541,0.1461,GIRAR_DERECHA
3862,193.1,159.44,97.84,64.72,73.7,63.25,71.99,0.4222,0.4696,685.3176,691.4594,6.4e-05,0.5541,0.5348,0.1461,GIRAR_IZQUIERDA
3863,193.15,370.39,61.86,68.73,69.97,65.64,66.7,0.483,0.4736,685.1543,691.6164,-6.4e-05,0.5349,0.5273,0.1461,GIRAR_IZQUIERDA
3864,193.2,287.47,74.9,66.36,65.29,66.34,64.47,0.4309,0.4608,684.9973,691.7797,6.4e-05,0.5272,0.5131,0.1461,GIRAR_IZQUIERDA
3865,193.25,204.66,65.23,67.46,59.19,70.42,65.64,0.5175,0.4778,684.834,691.9367,-6.4e-05,0.5132,0.5138,0.1461,GIRAR_DERECHA
3866,193.3,301.4,67.59,69.75,67.36,68.28,71.16,0.4637,0.4736,684.9973,691.7797,6.4e-05,0.5138,0.5065,0.1461,GIRAR_DERECHA
3867,193.35,368.89,64.31,57.14,67.1,69.19,65.83,0.4675,0.4717,685.1543,691.6164,-6.4e-05,0.5065,0.5008,0.1461,GIRAR_DERECHA
3868,193.4,157.0,97.92,68.66,69.84,63.94,64.33,0.4245,0.4576,685.3176,691.4594,6.4e-05,0.5008,0.4896,0.1461,GIRAR_IZQUIERDA
3869,193.45,376.39,71.83,64.28,69.6,67.29,70.52,0.4244,0.4476,685.1543,691.6164,-6.4e-05,0.4897,0.4801,0.1461,GIRAR_DERECHA
3870,193.5,158.45,93.87,63.9,70.09,67.55,64.97,0.4343,0.4436,685.3176,691.4594,6.4e-05,0.4801,0.4734,0.1461,GIRAR_IZQUIERDA
3871,193.55,369.6,63.84,70.95,69.2,72.8,64.29,0.4703,0.4516,685.1543,691.6164,-6.4e-05,0.4735,0.473,0.1461,GIRAR_DERECHA
3872,193.6,182.26,90.14,67.0,68.41,67.73,65.38,0.4245,0.4435,685.3176,691.4594,6.4e-05,0.4729,0.4658,0.1461,GIRAR_IZQUIERDA
3873,193.65,361.17,69.81,61.25,71.35,72.6,67.17,0.4376,0.4417,685.1543,691.6164,-6.4e-05,0.4659,0.4618,0.1461,GIRAR_DERECHA
3874,193.7,162.37,99.61,68.44,62.25,70.89,67.07,0.4147,0.4336,685.3176,691.4594,6.4e-05,0.4617,0.4548,0.1461,GIRAR_DERECHA
3875,193.75,69.24,117.84,65.06,66.25,67.14,72.52,0.587,0.4796,685.4746,691.2961,-6.4e-05,0.4549,0.4742,0.1461,GIRAR_DERECHA
3876,193.8,69.07,171.71,64.57,66.84,64.31,70.45,0.5197,0.4916,685.6378,691.1328,0.0,0.4742,0.4808,0.1461,GIRAR_DERECHA
3877,193.85,64.17,249.76,69.85,67.52,69.37,72.39,0.5014,0.4946,685.7948,690.9758,0.0,0.4808,0.4839,0.1461,GIRAR_DERECHA
3878,193.9,62.3,321.24,70.42,71.29,67.2,64.24,0.4906,0.4934,685.9518,690.8188,0.0,0.4839,0.4848,0.1461,GIRAR_IZQUIERDA
3879,193.95,62.75,251.89,64.4,64.82,66.81,68.82,0.5096,0.4982,685.7948,690.9758,0.0,0.4848,0.4885,0.1461,GIRAR_DERECHA
3880,194.0,63.3,353.11,69.31,69.19,66.92,66.34,0.4769,0.4919,685.9518,690.8188,0.0,0.4885,0.4868,0.1461,GIRAR_IZQUIERDA
3881,194.05,63.26,256.27,74.72,67.22,65.79,69.14,0.5046,0.4957,685.7948,690.9758,0.0,0.4868,0.4894,0.1461,GIRAR_IZQUIERDA
3882,194.1,71.85,173.76,66.07,71.93,70.89,62.79,0.5036,0.4981,685.6378,691.1328,0.0,0.4894,0.4915,0.1461,GIRAR_IZQUIERDA
3883,194.15,67.69,114.83,67.21,68.3,64.52,66.49,0.6011,0.529,685.4746,691.2961,0.0,0.4915,0.5075,0.1461,GIRAR_IZQUIERDA
3884,194.2,269.1,81.59,68.28,65.26,64.29,64.0,0.4089,0.4929,685.3176,691.4594,6.4e-05,0.5074,0.493,0.1461,GIRAR_IZQUIERDA
3885,194.25,373.89,72.72,71.48,71.56,70.05,59.78,0.4205,0.4712,685.1543,691.6164,-6.4e-05,0.4931,0.4825,0.1461,GIRAR_IZQUIERDA
3886,194.3,290.81,62.07,65.02,64.35,61.57,62.42,0.5005,0.48,684.9973,691.7797,6.4e-05,0.4824,0.485,0.1461,GIRAR_IZQUIERDA
3887,194.35,210.8,64.9,71.57,69.05,68.76,65.76,0.5159,0.4908,684.834,691.9367,-6.4e-05,0.4851,0.4896,0.1461,GIRAR_IZQUIERDA
3888,194.4,136.97,67.08,67.71,70.08,66.64,66.64,0.5685,0.5141,684.677,692.1,6.4e-05,0.4895,0.5011,0.1461,GIRAR_IZQUIERDA
3889,194.45,106.43,63.36,858.74,65.13,66.3,62.84,0.6446,0.5532,684.5137,692.257,-6.4e-05,0.5011,0.5221,0.1461,GIRAR_IZQUIERDA
3890,194.5,69.11,67.36,491.34,66.07,68.77,63.79,0.7505,0.6124,684.3567,692.4202,6.4e-05,0.522,0.5554,0.1461,GIRAR_IZQUIERDA
3891,194.55,65.83,66.28,362.75,70.15,64.32,71.31,0.7751,0.6612,684.1934,692.5772,-6.4e-05,0.5555,0.5876,0.1461,GIRAR_IZQUIERDA
3892,194.6,71.26,68.91,223.65,67.85,68.28,67.3,0.7307,0.6821,684.0364,692.7405,6.4e-05,0.5875,0.6084,0.1461,CURVA_IZQUIERDA
3893,194.65,64.82,69.51,182.23,69.67,68.17,63.32,0.7632,0.7064,684.093,692.9415,0.002639,0.6058,0.6288,0.1461,CURVA_IZQUIERDA
3894,194.7,68.35,70.73,140.99,67.19,72.02,69.88,0.7365,0.7154,684.1558,693.1424,0.002704,0.6261,0.6422,0.1461,CURVA_IZQUIERDA
3895,194.75,70.07,65.27,119.8,66.6,64.87,65.28,0.7575,0.7281,684.2186,693.3371,0.002639,0.6396,0.6568,0.1461,CURVA_IZQUIERDA
3896,194.8,67.76,69.93,109.37,380.12,64.32,68.42,0.7439,0.7328,684.2751,693.5381,0.002639,0.6542,0.6673,0.1461,CURVA_IZQUIERDA
3897,194.85,68.69,61.12,88.91,380.29,68.31,68.72,0.7916,0.7505,684.3379,693.739,0.002704,0.6646,0.6831,0.1461,CURVA_IZQUIERDA
3898,194.9,60.98,66.77,65.25,367.77,65.57,61.56,0.8032,0.7663,684.3944,693.94,0.002639,0.6805,0.6984,0.1461,CURVA_IZQUIERDA
3899,194.95,68.01,67.35,70.17,323.26,65.08,72.28,0.7565,0.7634,684.4572,694.141,0.002704,0.6957,0.7046,0.1461,CURVA_IZQUIERDA
3900,195.0,62.94,62.08,70.78,289.42,67.86,67.44,0.8191,0.7801,684.52,694.3419,0.002704,0.7019,0.719,0.1461,CURVA_IZQUIERDA
3901,195.05,60.75,69.43,69.63,232.1,67.24,67.93,0.7901,0.7831,684.5765,694.5429,0.002639,0.7164,0.7272,0.1461,CURVA_IZQUIERDA
3902,195.1,71.94,64.06,66.79,219.03,67.7,68.67,0.7555,0.7748,684.6393,694.7438,0.002704,0.7245,0.729,0.1461,CURVA_IZQUIERDA
3903,195.15,64.87,66.89,64.3,155.69,63.28,70.26,0.7774,0.7756,684.6958,694.9448,0.002639,0.7264,0.7338,0.1461,CURVA_IZQUIERDA
3904,195.2,74.44,70.66,69.5,119.39,59.24,63.37,0.7062,0.7548,684.7586,695.1458,0.002704,0.7311,0.7275,0.1461,CURVA_IZQUIERDA
3905,195.25,64.95,68.28,67.64,124.22,63.56,70.21,0.7691,0.7591,684.8214,695.3467,0.002704,0.7248,0.7312,0.1461,CURVA_IZQUIERDA
3906,195.3,69.28,66.36,71.52,110.77,65.97,66.11,0.7553,0.7579,684.878,695.5477,0.002639,0.7286,0.7325,0.1461,CURVA_IZQUIERDA
3907,195.35,70.35,62.55,66.21,68.12,70.2,67.77,0.7732,0.7625,684.9408,695.7486,0.002704,0.7298,0.7361,0.1461,AVANZAR
3908,195.4,66.79,63.8,67.41,65.07,68.13,65.24,0.7845,0.7691,685.1417,695.9496,0.00412,0.732,0.7397,0.1461,AVANZAR
3909,195.45,67.39,67.38,65.36,65.86,64.82,65.25,0.7599,0.7663,685.3427,696.1506,0.00412,0.7356,0.7391,0.1461,AVANZAR
3910,195.5,75.39,69.64,65.43,75.39,68.48,68.92,0.7072,0.7486,685.5436,696.3515,0.00412,0.735,0.7309,0.1461,AVANZAR
3911,195.55,60.75,63.34,76.56,66.79,64.42,66.67,0.8256,0.7717,685.7446,696.5525,0.00412,0.7268,0.7412,0.1461,AVANZAR
3912,195.6,69.14,68.17,66.51,70.17,71.37,64.34,0.7458,0.7639,685.9456,696.7534,0.00412,0.7371,0.7384,0.1461,AVANZAR
3913,195.65,63.56,69.12,68.07,64.42,71.81,64.85,0.7731,0.7667,686.1465,696.9544,0.00412,0.7343,0.7399,0.1461,AVANZAR
3914,195.7,69.98,66.26,63.83,64.03,65.26,70.01,0.7522,0.7623,686.3475,697.1554,0.00412,0.7358,0.7382,0.1461,AVANZAR
3915,195.75,70.85,64.24,70.35,64.98,65.82,65.46,0.7598,0.7616,686.5484,697.3563,0.00412,0.7341,0.7379,0.1461,AVANZAR
3916,195.8,69.08,69.7,70.92,67.61,73.43,65.69,0.7379,0.7545,686.7494,697.5573,0.00412,0.7337,0.7343,0.1461,AVANZAR
3917,195.85,61.95,64.8,68.5,61.56,64.12,71.63,0.8083,0.7706,686.9504,697.7582,0.00412,0.7302,0.7416,0.1461,AVANZAR
3918,195.9,65.28,73.13,70.3,73.13,64.6,62.38,0.7423,0.7621,687.1513,697.9592,0.00412,0.7375,0.7382,0.1461,AVANZAR
3919,195.95,66.91,69.83,68.51,74.27,58.26,67.81,0.7492,0.7582,687.3523,698.1602,0.00412,0.7341,0.7363,0.1461,AVANZAR
3920,196.0,71.14,63.28,66.32,67.2,73.89,66.43,0.7644,0.7601,687.547,698.3611,0.004055,0.7322,0.7369,0.1461,AVANZAR
3921,196.05,67.52,61.43,68.03,70.92,69.55,63.02,0.7959,0.7708,687.7479,698.5621,0.00412,0.7328,0.742,0.1461,AVANZAR
3922,196.1,63.86,65.49,62.74,64.61,67.01,65.55,0.7917,0.7771,687.9489,698.763,0.00412,0.7379,0.7458,0.1461,AVANZAR
3923,196.15,67.29,69.6,67.47,64.87,66.93,65.12,0.7483,0.7684,688.1498,698.964,0.00412,0.7417,0.7426,0.1461,AVANZAR
3924,196.2,70.9,69.32,70.5,65.75,71.76,69.97,0.7304,0.757,688.3508,699.165,0.00412,0.7385,0.7373,0.1461,AVANZAR
3925,196.25,71.97,68.33,69.7,64.08,67.31,74.9,0.7304,0.749,688.5518,699.3659,0.00412,0.7332,0.7328,0.1461,AVANZAR
3926,196.3,65.67,77.69,72.1,67.55,73.53,62.65,0.7193,0.7401,688.7527,699.5669,0.00412,0.7287,0.7273,0.1461,AVANZAR
3927,196.35,63.75,68.68,68.56,67.96,66.28,68.78,0.7743,0.7504,688.9537,699.7678,0.00412,0.7232,0.7306,0.1461,AVANZAR
3928,196.4,67.52,65.96,69.68,72.53,65.61,64.4,0.7672,0.7554,689.1546,699.9688,0.00412,0.7265,0.7325,0.1461,AVANZAR
3929,196.45,65.29,73.89,66.72,68.62,69.59,67.54,0.7386,0.7504,689.3556,700.1698,0.00412,0.7284,0.7299,0.1461,AVANZAR
3930,196.5,63.76,78.03,68.65,60.91,59.35,69.51,0.7296,0.7441,689.5566,700.3707,0.00412,0.7257,0.7263,0.1461,AVANZAR
3931,196.55,67.64,64.28,67.05,65.88,72.37,59.65,0.7768,0.7539,689.7575,700.5717,0.00412,0.7222,0.7301,0.1461,AVANZAR
3932,196.6,68.41,60.13,61.05,66.6,67.29,59.55,0.8,0.7677,689.9585,700.7664,0.004055,0.7261,0.7369,0.1461,AVANZAR
3933,196.65,68.69,65.11,66.04,74.37,70.86,69.03,0.7659,0.7672,690.1594,700.9673,0.00412,0.7328,0.7376,0.1461,AVANZAR
3934,196.7,66.65,66.84,65.79,67.23,68.46,66.29,0.7671,0.7671,690.3604,701.1683,0.00412,0.7335,0.7384,0.1461,AVANZAR
3935,196.75,66.86,67.42,62.16,70.71,64.71,66.68,0.7626,0.7658,690.5614,701.3692,0.00412,0.7343,0.7384,0.1461,AVANZAR
3936,196.8,71.34,72.88,66.86,68.99,72.3,66.66,0.7101,0.7491,690.7623,701.5702,0.00412,0.7343,0.7308,0.1461,AVANZAR
3937,196.85,73.07,64.08,69.82,67.69,66.13,68.13,0.7499,0.7493,690.9633,701.7712,0.00412,0.7266,0.73,0.1461,AVANZAR
3938,196.9,64.27,67.54,69.81,62.92,72.33,66.02,0.7774,0.7577,691.1642,701.9721,0.00412,0.7259,0.7334,0.1461,AVANZAR
3939,196.95,68.49,66.94,65.62,63.1,67.81,69.52,0.7562,0.7573,691.3652,702.1731,0.00412,0.7293,0.7332,0.1461,AVANZAR
3940,197.0,65.06,69.22,71.19,67.78,71.88,64.84,0.7633,0.7591,691.5662,702.374,0.00412,0.7291,0.7341,0.1461,AVANZAR
3941,197.05,68.2,64.19,67.06,66.46,70.76,67.64,0.7742,0.7636,691.7671,702.575,0.00412,0.73,0.7364,0.1461,AVANZAR
3942,197.1,62.15,61.05,66.72,66.15,67.79,66.91,0.8313,0.7839,691.9681,702.776,0.00412,0.7323,0.7468,0.1461,AVANZAR
3943,197.15,69.6,61.43,73.87,66.23,74.76,68.47,0.7845,0.7841,692.169,702.9769,0.00412,0.7427,0.7488,0.1461,AVANZAR
3944,197.2,70.89,66.0,70.39,63.27,72.49,65.24,0.749,0.7736,692.37,703.1779,0.00412,0.7447,0.7453,0.1461,AVANZAR
3945,197.25,72.94,67.23,63.27,64.02,69.95,65.64,0.7318,0.761,692.571,703.3788,0.00412,0.7412,0.7398,0.1461,AVANZAR
3946,197.3,67.55,66.38,69.81,67.17,66.81,66.55,0.7646,0.7621,692.7719,703.5798,0.00412,0.7357,0.7399,0.1461,AVANZAR
3947,197.35,63.7,68.85,70.38,67.55,62.76,75.38,0.7737,0.7656,692.9729,703.7808,0.00412,0.7358,0.7413,0.1461,AVANZAR
3948,197.4,68.93,68.68,71.83,66.31,67.14,65.33,0.7441,0.7591,693.1738,703.9817,0.00412,0.7372,0.7382,0.1461,AVANZAR
3949,197.45,67.39,64.59,66.3,65.42,61.65,68.74,0.7762,0.7643,693.3748,704.1827,0.00412,0.7341,0.7403,0.1461,AVANZAR
3950,197.5,63.76,64.78,71.65,72.81,64.26,68.97,0.7966,0.774,693.5758,704.3836,0.00412,0.7361,0.745,0.1461,AVANZAR
3951,197.55,63.52,68.74,68.27,72.91,68.32,68.65,0.7754,0.7744,693.7767,704.5846,0.00412,0.7409,0.7459,0.1461,AVANZAR
3952,197.6,69.77,70.02,72.08,68.07,71.13,65.02,0.7325,0.7619,693.9777,704.7856,0.00412,0.7418,0.7404,0.1461,AVANZAR
3953,197.65,67.8,70.65,64.65,66.09,65.83,66.72,0.74,0.7553,694.1786,704.9865,0.00412,0.7363,0.7368,0.1461,AVANZAR
3954,197.7,71.96,68.34,67.44,66.27,68.4,64.94,0.7304,0.7478,694.3796,705.1875,0.00412,0.7327,0.7324,0.1461,AVANZAR
3955,197.75,65.77,64.51,72.29,64.55,67.59,72.48,0.7861,0.7593,694.5806,705.3884,0.00412,0.7283,0.7367,0.1461,AVANZAR
3956,197.8,61.96,66.11,70.05,62.71,64.2,69.62,0.8004,0.7716,694.7815,705.5894,0.00412,0.7326,0.7425,0.1461,AVANZAR
3957,197.85,66.89,70.71,69.81,67.17,69.77,69.48,0.7448,0.7636,694.9762,705.7904,0.004055,0.7384,0.7394,0.1461,AVANZAR
3958,197.9,68.92,70.03,62.19,65.99,71.56,65.81,0.737,0.7556,695.1772,705.9913,0.00412,0.7352,0.7355,0.1461,AVANZAR
3959,197.95,67.7,60.2,73.52,65.77,65.99,66.53,0.8034,0.7699,695.3781,706.1923,0.00412,0.7314,0.7419,0.1461,AVANZAR
3960,198.0,71.24,64.03,70.74,67.89,67.61,65.67,0.7592,0.7667,695.5791,706.3932,0.00412,0.7378,0.7409,0.1461,AVANZAR
3961,198.05,62.59,73.54,70.25,68.0,65.57,71.62,0.7572,0.7639,695.78,706.5942,0.00412,0.7368,0.7398,0.1461,AVANZAR
3962,198.1,67.45,69.42,64.3,67.39,64.48,69.13,0.7483,0.7592,695.981,706.7952,0.00412,0.7357,0.7375,0.1461,AVANZAR
3963,198.15,67.02,68.86,73.99,67.13,67.18,61.22,0.7537,0.7575,696.182,706.9961,0.00412,0.7334,0.7364,0.1461,AVANZAR
3964,198.2,70.3,72.85,65.36,63.47,72.21,64.96,0.7156,0.7449,696.3829,707.1971,0.00412,0.7322,0.7298,0.1461,AVANZAR
3965,198.25,69.3,73.23,64.8,65.16,69.97,73.62,0.719,0.7372,696.5839,707.398,0.00412,0.7257,0.7247,0.1461,AVANZAR
3966,198.3,62.35,62.63,65.36,63.79,72.31,66.5,0.8193,0.7618,696.7848,707.599,0.00412,0.7206,0.735,0.1461,AVANZAR
3967,198.35,71.49,67.3,64.85,73.09,66.98,72.81,0.7384,0.7548,696.9858,707.8,0.00412,0.7309,0.732,0.1461,AVANZAR
3968,198.4,66.21,69.45,68.15,68.41,69.02,66.16,0.7553,0.7549,697.1868,708.0009,0.00412,0.7279,0.7319,0.1461,AVANZAR
3969,198.45,66.91,62.53,62.85,66.94,69.51,65.34,0.792,0.7661,697.3877,708.1956,0.004055,0.7278,0.7372,0.1461,AVANZAR
3970,198.5,71.05,63.75,64.21,73.73,71.87,64.09,0.7619,0.7648,697.5887,708.3966,0.00412,0.7331,0.7373,0.1461,AVANZAR
3971,198.55,67.33,63.92,60.88,71.57,68.34,70.33,0.7808,0.7696,697.7896,708.5975,0.00412,0.7332,0.7401,0.1461,AVANZAR
3972,198.6,69.16,65.4,65.0,69.24,62.74,68.59,0.7616,0.7672,697.9906,708.7985,0.00412,0.736,0.7397,0.1461,AVANZAR
3973,198.65,66.42,69.58,66.41,71.78,68.02,64.31,0.7533,0.763,698.1916,708.9994,0.00412,0.7356,0.7382,0.1461,AVANZAR
3974,198.7,67.06,64.03,64.62,66.97,69.3,62.63,0.7816,0.7686,698.3925,709.2004,0.00412,0.7341,0.741,0.1461,AVANZAR
3975,198.75,70.4,67.41,70.91,66.24,64.53,65.29,0.7434,0.761,698.5935,709.4014,0.00412,0.7369,0.7379,0.1461,AVANZAR
3976,198.8,67.78,71.3,63.51,65.55,67.64,67.03,0.7367,0.7537,698.7944,709.6023,0.00412,0.7337,0.7342,0.1461,AVANZAR
3977,198.85,72.45,70.46,74.28,66.12,66.5,68.61,0.7167,0.7426,698.9954,709.8033,0.00412,0.7301,0.7281,0.1461,AVANZAR
3978,198.9,61.32,68.64,62.75,67.93,64.16,68.16,0.7905,0.757,699.1964,710.0042,0.00412,0.724,0.7337,0.1461,AVANZAR
3979,198.95,61.92,70.76,73.31,69.75,75.61,67.85,0.7752,0.7624,699.3973,710.2052,0.00412,0.7296,0.7362,0.1461,AVANZAR
3980,199.0,65.93,64.63,64.98,69.92,67.78,65.57,0.7844,0.769,699.5983,710.4062,0.00412,0.7321,0.7398,0.1461,AVANZAR
3981,199.05,60.75,67.88,63.58,64.24,71.84,65.87,0.7985,0.7779,699.7992,710.6071,0.00412,0.7356,0.7448,0.1461,AVANZAR
3982,199.1,68.85,68.22,70.95,70.74,72.83,64.78,0.7471,0.7686,700.0002,710.8081,0.00412,0.7407,0.7416,0.1461,AVANZAR
3983,199.15,68.65,67.82,61.75,64.92,66.17,71.07,0.7504,0.7632,700.2012,711.009,0.00412,0.7375,0.7394,0.1461,AVANZAR
3984,199.2,64.4,71.15,66.64,71.86,62.09,70.73,0.7573,0.7614,700.4021,711.21,0.00412,0.7353,0.7385,0.1461,AVANZAR
3985,199.25,67.54,64.52,70.88,61.6,66.52,71.21,0.7758,0.7657,700.6031,711.411,0.00412,0.7344,0.7404,0.1461,AVANZAR
3986,199.3,67.17,72.17,66.6,61.5,65.31,65.38,0.7358,0.7568,700.804,711.6119,0.00412,0.7363,0.7362,0.1461,AVANZAR
3987,199.35,58.68,69.16,69.89,65.65,60.58,66.33,0.8064,0.7717,701.005,711.8129,0.00412,0.7321,0.743,0.1461,AVANZAR
3988,199.4,69.12,62.83,68.11,68.83,64.4,70.47,0.7778,0.7735,701.206,712.0138,0.00412,0.7389,0.7445,0.1461,AVANZAR
3989,199.45,65.46,63.86,66.45,64.43,66.51,62.68,0.792,0.779,701.4069,712.2148,0.00412,0.7404,0.748,0.1461,AVANZAR
3990,199.5,73.22,65.79,67.05,69.69,66.15,60.11,0.7388,0.767,701.6079,712.4158,0.00412,0.7438,0.7431,0.1461,AVANZAR
3991,199.55,64.28,61.15,64.3,62.47,70.43,63.81,0.8169,0.7819,701.8088,712.6167,0.00412,0.739,0.7504,0.1461,AVANZAR
3992,199.6,72.83,70.4,66.4,71.83,61.19,68.83,0.7152,0.7619,702.0098,712.8177,0.00412,0.7462,0.7417,0.1461,AVANZAR
3993,199.65,69.22,66.92,68.83,61.25,66.83,72.09,0.7524,0.7591,702.2108,713.0186,0.00412,0.7376,0.7398,0.1461,AVANZAR
3994,199.7,66.8,68.77,66.76,71.49,66.91,73.05,0.7555,0.758,702.4054,713.2196,0.004055,0.7357,0.7386,0.1461,AVANZAR
3995,199.75,65.97,69.55,64.69,66.34,69.61,64.33,0.7561,0.7574,702.6064,713.4206,0.00412,0.7345,0.7376,0.1461,AVANZAR
3996,199.8,70.56,72.72,67.79,68.7,65.97,68.13,0.7149,0.7447,702.8074,713.6215,0.00412,0.7335,0.7308,0.1461,AVANZAR
3997,199.85,70.14,62.76,70.45,61.69,60.88,67.1,0.7729,0.7531,703.0083,713.8225,0.00412,0.7267,0.7334,0.1461,AVANZAR
3998,199.9,68.23,67.74,66.97,70.89,71.82,65.08,0.7531,0.7531,703.2093,714.0234,0.00412,0.7293,0.7328,0.1461,AVANZAR
3999,199.95,67.46,70.75,69.33,66.35,67.92,69.25,0.7414,0.7496,703.4102,714.2244,0.00412,0.7287,0.7305,0.1461,AVANZAR
4000,200.0,62.13,61.34,61.75,61.56,63.32,72.41,0.8294,0.7735,703.6112,714.4254,0.00412,0.7264,0.7414,0.1461,AVANZAR
4001,200.05,64.19,71.13,70.58,68.83,66.62,67.04,0.7588,0.7691,703.8122,714.6263,0.00412,0.7373,0.7405,0.1461,AVANZAR
4002,200.1,67.41,76.72,69.98,61.37,62.9,72.2,0.7134,0.7524,704.0131,714.8273,0.00412,0.7363,0.733,0.1461,AVANZAR
4003,200.15,68.49,67.46,63.12,69.79,65.15,68.46,0.7532,0.7527,704.2141,715.0282,0.00412,0.7289,0.7324,0.1461,AVANZAR
4004,200.2,68.3,68.62,71.52,67.5,65.04,68.35,0.7479,0.7512,704.415,715.2292,0.00412,0.7283,0.7312,0.1461,AVANZAR
4005,200.25,70.29,68.36,65.77,60.14,68.11,68.13,0.7387,0.7475,704.616,715.4302,0.00412,0.7271,0.7288,0.1461,AVANZAR
4006,200.3,69.62,70.61,65.86,67.31,70.86,65.57,0.7303,0.7423,704.817,715.6248,0.004055,0.7247,0.7255,0.1461,AVANZAR
4007,200.35,67.56,63.3,68.21,67.93,66.57,67.1,0.7834,0.7546,705.0179,715.8258,0.00412,0.7214,0.7305,0.1461,AVANZAR
4008,200.4,69.05,65.34,64.81,66.91,66.59,70.33,0.7625,0.757,705.2189,716.0268,0.00412,0.7263,0.7316,0.1461,AVANZAR
4009,200.45,64.0,62.76,78.03,68.54,71.05,68.31,0.8079,0.7723,705.4198,716.2277,0.00412,0.7275,0.7392,0.1461,CURVA_IZQUIERDA
4010,200.5,57.84,66.63,60.64,66.64,67.71,71.55,0.8268,0.7886,705.4826,716.4287,0.002704,0.7365,0.7497,0.1461,AVANZAR
4011,200.55,64.29,72.67,64.08,65.25,64.22,67.5,0.7505,0.7772,705.6836,716.6296,0.00412,0.7456,0.7463,0.1461,AVANZAR
4012,200.6,62.47,67.39,72.25,72.46,66.58,67.48,0.7897,0.7809,705.8846,716.8306,0.00412,0.7422,0.7491,0.1461,AVANZAR
4013,200.65,68.35,62.63,70.68,61.17,65.59,63.6,0.7833,0.7816,706.0855,717.0316,0.00412,0.745,0.7506,0.1461,AVANZAR
4014,200.7,65.18,66.44,69.96,67.6,71.1,72.5,0.7781,0.7806,706.2865,717.2325,0.00412,0.7465,0.7511,0.1461,AVANZAR
4015,200.75,70.01,62.79,64.49,71.53,64.1,68.34,0.7733,0.7784,706.4874,717.4335,0.00412,0.747,0.7508,0.1461,AVANZAR
4016,200.8,68.13,68.36,71.35,63.58,63.7,68.67,0.7503,0.77,706.6884,717.6344,0.00412,0.7467,0.7472,0.1461,AVANZAR
4017,200.85,62.39,67.81,63.16,65.84,70.42,57.21,0.7879,0.7753,706.8831,717.8354,0.004055,0.7432,0.7497,0.1461,AVANZAR
4018,200.9,68.01,63.5,70.19,75.36,67.59,65.61,0.7796,0.7766,707.084,718.0364,0.00412,0.7456,0.7506,0.1461,AVANZAR
4019,200.95,68.6,65.51,66.87,67.16,65.56,65.5,0.7639,0.7728,707.285,718.2373,0.00412,0.7464,0.749,0.1461,AVANZAR
4020,201.0,62.1,63.57,68.27,69.35,68.85,65.4,0.8149,0.7854,707.486,718.4383,0.00412,0.7449,0.7551,0.1461,AVANZAR
4021,201.05,63.44,71.83,66.05,65.94,61.03,67.8,0.7599,0.7778,707.6869,718.6392,0.00412,0.751,0.7523,0.1461,AVANZAR
4022,201.1,64.98,67.82,69.09,62.83,73.12,70.79,0.7714,0.7759,707.8879,718.8402,0.00412,0.7482,0.7516,0.1461,AVANZAR
4023,201.15,67.97,62.62,67.31,62.93,71.87,64.18,0.7855,0.7787,708.0888,719.0412,0.00412,0.7474,0.753,0.1461,AVANZAR
4024,201.2,69.87,70.13,63.11,68.51,67.11,69.36,0.7314,0.7646,708.2898,719.2421,0.00412,0.7489,0.7463,0.1461,AVANZAR
4025,201.25,64.48,64.48,65.25,63.59,64.92,63.24,0.7941,0.7734,708.4908,719.4431,0.00412,0.7422,0.7498,0.1461,AVANZAR
4026,201.3,65.5,68.35,68.32,73.51,71.45,73.81,0.7654,0.771,708.6917,719.644,0.00412,0.7457,0.7485,0.1461,AVANZAR
4027,201.35,73.22,69.15,69.36,67.96,67.77,69.49,0.7199,0.7556,708.8927,719.845,0.00412,0.7444,0.7408,0.1461,AVANZAR
4028,201.4,64.61,64.95,71.13,69.65,64.2,63.65,0.7904,0.7661,709.0936,720.046,0.00412,0.7367,0.7446,0.1461,AVANZAR
4029,201.45,66.12,66.29,65.02,69.31,67.96,66.48,0.7734,0.7683,709.2946,720.2469,0.00412,0.7404,0.7452,0.1461,AVANZAR
4030,201.5,63.61,69.4,63.43,64.47,69.07,60.61,0.7713,0.7692,709.4956,720.4479,0.00412,0.7411,0.7455,0.1461,AVANZAR
4031,201.55,69.72,65.62,66.62,68.56,63.58,65.81,0.7573,0.7656,709.6965,720.6488,0.00412,0.7414,0.7437,0.1461,AVANZAR
4032,201.6,66.95,64.63,67.89,66.79,68.5,69.89,0.7784,0.7695,709.8975,720.8498,0.00412,0.7396,0.7453,0.1461,AVANZAR
4033,201.65,63.0,64.68,67.02,72.24,70.28,66.88,0.8021,0.7793,710.0984,721.0508,0.00412,0.7412,0.7501,0.1461,AVANZAR
4034,201.7,69.11,69.55,70.86,71.29,60.83,70.33,0.7385,0.767,710.2994,721.2517,0.00412,0.746,0.7449,0.1461,AVANZAR
4035,201.75,69.14,59.15,69.58,64.01,69.21,65.57,0.8031,0.7779,710.5004,721.4527,0.00412,0.7408,0.7499,0.1461,AVANZAR
4036,201.8,65.3,64.25,73.24,67.44,68.53,67.35,0.7905,0.7816,710.7013,721.6536,0.00412,0.7457,0.7523,0.1461,AVANZAR
4037,201.85,66.75,63.32,70.31,64.05,64.05,67.72,0.7879,0.7835,710.9023,721.8546,0.00412,0.7482,0.754,0.1461,AVANZAR
4038,201.9,71.03,68.31,65.94,67.1,68.1,73.36,0.7352,0.769,711.1032,722.0556,0.00412,0.7498,0.7477,0.1461,AVANZAR
4039,201.95,68.27,65.71,69.53,65.3,69.11,64.99,0.7646,0.7677,711.3042,722.2565,0.00412,0.7436,0.7466,0.1461,AVANZAR
4040,202.0,64.85,63.65,67.53,63.78,62.65,69.33,0.7969,0.7765,711.5052,722.4575,0.00412,0.7425,0.7505,0.1461,AVANZAR
4041,202.05,66.26,69.65,62.24,69.44,67.98,69.79,0.7539,0.7697,711.7061,722.6584,0.00412,0.7464,0.7475,0.1461,AVANZAR
4042,202.1,66.22,68.39,66.79,64.02,72.95,63.47,0.7609,0.7671,711.9071,722.8594,0.00412,0.7433,0.7459,0.1461,AVANZAR
4043,202.15,72.36,68.67,67.38,57.41,69.82,58.31,0.7266,0.7549,712.108,723.0541,0.004055,0.7419,0.7396,0.1461,AVANZAR
4044,202.2,72.31,67.04,66.84,67.37,76.46,63.67,0.7359,0.7492,712.309,723.255,0.00412,0.7355,0.7356,0.1461,AVANZAR
4045,202.25,73.81,63.2,68.54,65.26,67.47,69.7,0.7519,0.75,712.51,723.456,0.00412,0.7314,0.7344,0.1461,AVANZAR
4046,202.3,62.83,71.18,68.22,71.16,69.22,66.22,0.7671,0.7551,712.7109,723.657,0.00412,0.7303,0.7357,0.1461,AVANZAR
4047,202.35,70.85,63.4,60.87,69.12,60.51,77.03,0.7651,0.7581,712.9119,723.8579,0.00412,0.7316,0.7365,0.1461,AVANZAR
4048,202.4,65.6,60.5,69.16,64.7,67.8,62.44,0.8134,0.7747,713.1128,724.0589,0.00412,0.7323,0.7442,0.1461,AVANZAR
4049,202.45,66.86,67.51,70.58,58.57,69.27,74.11,0.7621,0.7709,713.3138,724.2598,0.00412,0.7401,0.7433,0.1461,AVANZAR
4050,202.5,65.47,70.3,68.05,65.94,69.96,67.23,0.7552,0.7662,713.5148,724.4608,0.00412,0.7392,0.7415,0.1461,AVANZAR
4051,202.55,65.31,59.9,67.18,66.0,64.34,68.12,0.8194,0.7822,713.7157,724.6618,0.00412,0.7374,0.7494,0.1461,AVANZAR
4052,202.6,65.99,64.7,67.53,67.1,66.34,67.59,0.7836,0.7826,713.9167,724.8627,0.00412,0.7452,0.7508,0.1461,AVANZAR
4053,202.65,70.18,65.6,66.55,71.83,63.01,71.62,0.755,0.7743,714.1176,725.0637,0.00412,0.7467,0.7479,0.1461,AVANZAR
4054,202.7,68.11,70.86,69.23,71.72,70.52,77.6,0.7371,0.7631,714.3186,725.2646,0.00412,0.7438,0.7428,0.1461,AVANZAR
4055,202.75,70.11,62.1,63.81,62.92,66.83,69.51,0.7774,0.7674,714.5133,725.4656,0.004055,0.7388,0.7444,0.1461,AVANZAR
4056,202.8,69.88,71.24,67.92,71.2,61.32,104.06,0.7257,0.7549,714.7142,725.6666,0.00412,0.7403,0.7382,0.1461,CURVA_DERECHA
4057,202.85,66.43,70.32,64.36,67.85,72.26,110.28,0.7494,0.7533,714.9152,725.7294,0.002704,0.7355,0.7375,0.1461,CURVA_DERECHA
4058,202.9,65.38,67.04,71.09,68.4,68.43,117.85,0.7734,0.7593,715.1162,725.7859,0.002639,0.7349,0.7405,0.1461,CURVA_DERECHA
4059,202.95,65.75,65.49,75.53,63.89,80.35,112.61,0.7803,0.7656,715.3171,725.8487,0.002704,0.7378,0.744,0.1461,CURVA_DERECHA
4060,203.0,70.81,67.19,67.43,70.6,105.78,122.66,0.7425,0.7587,715.5181,725.9115,0.002704,0.7413,0.7415,0.1461,CURVA_DERECHA
4061,203.05,70.47,67.3,65.7,65.24,109.21,122.54,0.7437,0.7542,715.719,725.968,0.002639,0.7388,0.7395,0.1461,CURVA_DERECHA
4062,203.1,69.31,64.22,61.89,69.65,129.2,126.02,0.768,0.7583,715.92,726.0308,0.002704,0.7368,0.7414,0.1461,CURVA_DERECHA
4063,203.15,71.66,68.36,67.2,72.4,141.16,117.36,0.7317,0.7503,716.121,726.0873,0.002639,0.7387,0.7377,0.1461,CURVA_DERECHA
4064,203.2,61.19,67.56,69.97,67.27,158.44,64.84,0.7973,0.7644,716.3219,726.1501,0.002704,0.735,0.7441,0.1461,CURVA_DERECHA
4065,203.25,67.3,70.57,64.29,69.66,163.86,67.95,0.7432,0.758,716.5229,726.2129,0.002704,0.7414,0.7417,0.1461,CURVA_DERECHA
4066,203.3,64.3,64.51,64.27,62.38,184.4,63.48,0.795,0.7691,716.7238,726.2694,0.002639,0.739,0.7472,0.1461,CURVA_DERECHA
4067,203.35,67.7,63.65,67.11,65.2,207.19,67.91,0.7804,0.7725,716.9248,726.3322,0.002704,0.7445,0.7497,0.1461,CURVA_DERECHA
4068,203.4,66.17,66.23,60.96,63.25,198.12,64.47,0.7734,0.7728,717.1258,726.3888,0.002639,0.7471,0.751,0.1461,CURVA_DERECHA
4069,203.45,61.88,63.78,61.94,66.44,208.0,63.23,0.8151,0.7855,717.3267,726.4516,0.002704,0.7482,0.758,0.1461,CURVA_DERECHA
4070,203.5,65.88,70.83,64.42,66.96,179.82,69.06,0.7501,0.7748,717.5277,726.5144,0.002704,0.7553,0.7545,0.1461,CURVA_DERECHA
4071,203.55,67.68,67.92,67.53,68.05,66.17,68.73,0.7552,0.7689,717.7286,726.5709,0.002639,0.7519,0.7524,0.1461,AVANZAR
4072,203.6,62.92,68.98,66.28,66.78,68.12,68.37,0.778,0.7717,717.9296,726.7718,0.00412,0.7483,0.7526,0.1461,AVANZAR
4073,203.65,66.33,64.96,72.7,67.65,64.14,61.9,0.7801,0.7742,718.1306,726.9728,0.00412,0.7485,0.7531,0.1461,AVANZAR
4074,203.7,68.53,70.04,68.45,69.04,65.83,67.52,0.7391,0.7637,718.3315,727.1738,0.00412,0.749,0.7475,0.1461,AVANZAR
4075,203.75,66.53,69.19,67.23,67.63,64.18,67.8,0.7548,0.761,718.5325,727.3747,0.00412,0.7434,0.7451,0.1461,AVANZAR
4076,203.8,66.43,69.82,70.38,69.9,67.71,67.7,0.752,0.7583,718.7334,727.5757,0.00412,0.741,0.7426,0.1461,AVANZAR
4077,203.85,75.14,63.1,68.55,69.77,61.4,65.77,0.7464,0.7547,718.9344,727.7766,0.00412,0.7385,0.7396,0.1461,AVANZAR
4078,203.9,68.2,67.62,68.81,68.2,74.51,68.81,0.7539,0.7545,719.1354,727.9776,0.00412,0.7355,0.7382,0.1461,AVANZAR
4079,203.95,60.83,66.16,64.29,66.38,61.04,70.69,0.8078,0.7705,719.3363,728.1786,0.00412,0.7341,0.7448,0.1461,AVANZAR
4080,204.0,68.58,65.09,70.27,69.64,69.07,68.39,0.7666,0.7693,719.5373,728.3795,0.00412,0.7407,0.7445,0.1461,AVANZAR
4081,204.05,69.31,67.97,67.23,66.81,70.94,68.09,0.746,0.7623,719.7382,728.5805,0.00412,0.7404,0.7412,0.1461,AVANZAR
4082,204.1,66.21,67.67,60.31,64.0,64.03,71.28,0.765,0.7631,719.9392,728.7814,0.00412,0.7371,0.7412,0.1461,AVANZAR
4083,204.15,65.99,64.59,70.03,67.67,68.39,65.48,0.7843,0.7695,720.1402,728.9824,0.00412,0.737,0.7439,0.1461,AVANZAR
4084,204.2,69.07,65.27,70.56,61.73,65.62,71.34,0.7628,0.7675,720.3411,729.1834,0.00412,0.7398,0.7432,0.1461,AVANZAR
4085,204.25,64.8,68.76,65.04,68.82,70.3,63.05,0.7674,0.7674,720.5421,729.3843,0.00412,0.7391,0.7432,0.1461,AVANZAR
4086,204.3,64.05,67.91,62.28,64.3,61.03,66.08,0.7766,0.7702,720.743,729.5853,0.00412,0.7391,0.7446,0.1461,AVANZAR
4087,204.35,64.61,63.68,66.67,69.88,73.94,66.45,0.7983,0.7786,720.944,729.7862,0.00412,0.7404,0.7489,0.1461,AVANZAR
4088,204.4,67.39,60.03,63.76,65.17,66.06,68.95,0.8064,0.7869,721.145,729.9872,0.00412,0.7448,0.7538,0.1461,AVANZAR
4089,204.45,61.62,66.87,70.88,67.2,65.39,71.17,0.7983,0.7903,721.3459,730.1882,0.00412,0.7497,0.7568,0.1461,AVANZAR
4090,204.5,73.89,63.3,74.44,69.68,68.58,63.87,0.7509,0.7785,721.5469,730.3891,0.00412,0.7526,0.7524,0.1461,AVANZAR
4091,204.55,70.92,67.43,69.01,68.13,61.33,63.95,0.7406,0.7671,721.7416,730.5901,0.004055,0.7483,0.7472,0.1461,AVANZAR
4092,204.6,67.24,63.95,68.23,72.41,71.78,67.22,0.781,0.7713,721.9425,730.791,0.00412,0.7431,0.7486,0.1461,AVANZAR
4093,204.65,63.52,67.18,65.65,67.46,65.04,67.97,0.7841,0.7751,722.1435,730.992,0.00412,0.7445,0.7503,0.1461,AVANZAR
4094,204.7,71.79,69.18,65.91,69.3,67.48,68.14,0.7267,0.7606,722.3444,731.193,0.00412,0.7462,0.7433,0.1461,AVANZAR
4095,204.75,69.73,66.7,72.28,64.38,67.63,69.39,0.751,0.7577,722.5454,731.3876,0.004055,0.7393,0.741,0.1461,AVANZAR
4096,204.8,67.4,65.65,66.08,64.33,67.33,66.02,0.7698,0.7613,722.7464,731.5886,0.00412,0.7369,0.7417,0.1461,AVANZAR
4097,204.85,68.49,64.79,65.41,66.34,66.35,65.1,0.7689,0.7636,722.9473,731.7896,0.00412,0.7375,0.7421,0.1461,AVANZAR
4098,204.9,66.73,64.63,66.98,68.5,65.66,65.03,0.7798,0.7685,723.1483,731.9905,0.00412,0.738,0.7441,0.1461,AVANZAR
4099,204.95,66.16,64.36,64.93,70.33,68.8,68.35,0.7847,0.7733,723.3492,732.1915,0.00412,0.74,0.7465,0.1461,AVANZAR
4100,205.0,66.82,70.44,72.25,63.99,70.51,69.44,0.7465,0.7653,723.5502,732.3924,0.00412,0.7424,0.743,0.1461,AVANZAR
4101,205.05,69.1,65.95,68.0,71.44,68.51,63.61,0.7586,0.7633,723.7512,732.5934,0.00412,0.7389,0.7418,0.1461,AVANZAR
4102,205.1,72.22,63.67,67.55,64.35,68.2,71.03,0.7565,0.7613,723.9521,732.7944,0.00412,0.7377,0.7404,0.1461,AVANZAR
4103,205.15,66.87,73.09,63.79,65.86,63.82,66.93,0.733,0.7528,724.1531,732.9953,0.00412,0.7363,0.7358,0.1461,AVANZAR
4104,205.2,67.66,67.1,71.05,65.37,69.85,66.68,0.7598,0.7549,724.354,733.1963,0.00412,0.7317,0.7358,0.1461,AVANZAR
4105,205.25,68.04,65.58,66.82,66.84,61.66,59.45,0.7666,0.7584,724.555,733.3972,0.00412,0.7317,0.7368,0.1461,AVANZAR
4106,205.3,66.55,64.86,65.99,67.35,69.56,66.27,0.7794,0.7647,724.756,733.5982,0.00412,0.7327,0.7395,0.1461,AVANZAR
4107,205.35,73.1,71.87,73.17,70.12,70.03,71.05,0.7064,0.7472,724.9569,733.7992,0.00412,0.7354,0.7311,0.1461,AVANZAR
4108,205.4,69.6,62.41,68.48,66.62,73.43,68.51,0.778,0.7565,725.1579,734.0001,0.00412,0.727,0.7345,0.1461,AVANZAR
4109,205.45,68.31,71.23,71.11,67.36,66.99,67.05,0.7342,0.7498,725.3588,734.2011,0.00412,0.7304,0.7309,0.1461,AVANZAR
4110,205.5,60.25,68.26,68.82,71.83,72.05,67.59,0.7999,0.7648,725.5598,734.402,0.00412,0.7268,0.7375,0.1461,AVANZAR
4111,205.55,67.88,64.03,58.88,72.49,67.87,70.01,0.7769,0.7684,725.7608,734.603,0.00412,0.7333,0.7397,0.1461,AVANZAR
4112,205.6,69.64,72.99,63.21,65.58,65.1,69.29,0.7183,0.7534,725.9617,734.804,0.00412,0.7356,0.7331,0.1461,AVANZAR
4113,205.65,67.82,65.69,63.86,66.9,64.66,66.19,0.7672,0.7575,726.1627,735.0049,0.00412,0.729,0.7345,0.1461,AVANZAR
4114,205.7,65.74,68.39,61.25,72.35,69.63,65.73,0.7637,0.7594,726.3636,735.2059,0.00412,0.7304,0.7353,0.1461,AVANZAR
4115,205.75,71.14,69.36,69.81,69.14,65.75,61.09,0.7289,0.7503,726.5646,735.4068,0.00412,0.7312,0.7308,0.1461,AVANZAR
4116,205.8,69.98,66.99,61.38,59.99,66.77,69.18,0.748,0.7496,726.7656,735.6078,0.00412,0.7267,0.7298,0.1461,AVANZAR
4117,205.85,68.13,65.82,65.64,65.43,61.73,69.34,0.7647,0.7541,726.9665,735.8088,0.00412,0.7257,0.7314,0.1461,AVANZAR
4118,205.9,63.66,68.09,69.56,69.21,67.06,63.31,0.7781,0.7613,727.1675,736.0097,0.00412,0.7273,0.7347,0.1461,AVANZAR
4119,205.95,68.23,68.6,68.24,70.45,67.03,66.63,0.7484,0.7574,727.3684,736.2107,0.00412,0.7306,0.7332,0.1461,AVANZAR
4120,206.0,62.67,69.1,69.53,65.14,68.19,72.99,0.7789,0.7639,727.5694,736.4116,0.00412,0.7291,0.7364,0.1461,AVANZAR
4121,206.05,67.69,69.76,67.16,69.41,69.74,59.68,0.7451,0.7583,727.7704,736.6126,0.00412,0.7322,0.7341,0.1461,AVANZAR
4122,206.1,71.61,65.07,72.68,70.52,68.15,73.29,0.7509,0.756,727.9713,736.8136,0.00412,0.73,0.7331,0.1461,AVANZAR
4123,206.15,70.35,70.07,68.21,65.01,72.01,61.85,0.7292,0.748,728.1723,737.0145,0.00412,0.7289,0.729,0.1461,AVANZAR
4124,206.2,69.4,69.15,64.54,67.68,70.49,72.02,0.7391,0.7453,728.3732,737.2155,0.00412,0.7249,0.7269,0.1461,AVANZAR
4125,206.25,74.46,71.48,68.1,64.41,67.97,70.71,0.702,0.7323,728.5742,737.4164,0.00412,0.7228,0.7198,0.1461,AVANZAR
4126,206.3,65.76,67.95,64.09,68.36,69.57,74.77,0.766,0.7424,728.7752,737.6174,0.00412,0.7157,0.723,0.1461,AVANZAR
4127,206.35,72.55,67.37,65.02,68.62,73.98,69.09,0.7328,0.7396,728.9761,737.8184,0.00412,0.7189,0.7209,0.1461,AVANZAR
4128,206.4,63.44,68.28,66.43,68.68,66.22,67.8,0.7784,0.7512,729.1708,738.0193,0.004055,0.7169,0.7259,0.1461,AVANZAR
4129,206.45,64.16,68.62,66.69,64.76,72.19,61.69,0.7721,0.7575,729.3718,738.2203,0.00412,0.7218,0.7291,0.1461,AVANZAR
4130,206.5,67.9,65.75,63.84,68.32,64.34,62.86,0.7664,0.7601,729.5727,738.4212,0.00412,0.725,0.731,0.1461,AVANZAR
4131,206.55,67.04,67.06,66.03,73.15,65.94,64.4,0.7636,0.7612,729.7737,738.6222,0.00412,0.7269,0.7323,0.1461,AVANZAR
4132,206.6,64.25,65.04,68.67,64.13,64.62,65.94,0.7921,0.7704,729.9746,738.8169,0.004055,0.7282,0.7375,0.1461,AVANZAR
4133,206.65,64.56,70.57,65.9,72.57,74.72,65.47,0.7593,0.7671,730.1756,739.0178,0.00412,0.7334,0.7372,0.1461,AVANZAR
4134,206.7,69.8,70.14,68.2,64.03,65.93,63.39,0.7317,0.7565,730.3766,739.2188,0.00412,0.7331,0.7329,0.1461,AVANZAR
4135,206.75,61.81,66.41,66.74,67.74,64.82,67.3,0.7997,0.7694,730.5775,739.4198,0.00412,0.7288,0.7391,0.1461,AVANZAR
4136,206.8,66.98,62.52,70.11,69.2,63.64,63.15,0.7917,0.7761,730.7785,739.6207,0.00412,0.735,0.7433,0.1461,AVANZAR
4137,206.85,58.26,64.24,63.29,65.89,62.78,66.01,0.8379,0.7947,730.9794,739.8217,0.00412,0.7392,0.7536,0.1461,AVANZAR
4138,206.9,68.61,63.93,71.3,65.53,72.82,71.37,0.7736,0.7883,731.1804,740.0226,0.00412,0.7495,0.753,0.1461,AVANZAR
4139,206.95,69.64,60.56,66.15,68.8,65.14,67.06,0.7904,0.7889,731.3814,740.2236,0.00412,0.7489,0.7549,0.1461,AVANZAR
4140,207.0,68.06,67.12,64.2,67.07,65.68,65.31,0.7576,0.7795,731.5823,740.4246,0.00412,0.7508,0.7518,0.1461,AVANZAR
4141,207.05,63.05,66.42,62.95,66.02,63.84,68.02,0.7914,0.7831,731.7833,740.6255,0.00412,0.7477,0.7541,0.1461,AVANZAR
4142,207.1,69.25,64.84,70.31,72.99,70.16,63.92,0.7645,0.7775,731.9842,740.8265,0.00412,0.75,0.7521,0.1461,AVANZAR
4143,207.15,68.77,66.53,67.34,66.01,68.53,55.69,0.757,0.7714,732.1852,741.0274,0.00412,0.748,0.7493,0.1461,AVANZAR
4144,207.2,72.42,67.7,67.66,62.59,67.18,62.16,0.7316,0.7595,732.3862,741.2284,0.00412,0.7452,0.7432,0.1461,AVANZAR
4145,207.25,63.14,68.99,64.29,68.72,64.93,68.93,0.7765,0.7646,732.5871,741.4294,0.00412,0.7391,0.7445,0.1461,AVANZAR
4146,207.3,67.74,65.41,67.07,68.08,69.25,69.42,0.7693,0.766,732.7881,741.6303,0.00412,0.7404,0.7446,0.1461,AVANZAR
4147,207.35,64.76,66.61,70.43,64.7,64.81,63.33,0.7797,0.7701,732.989,741.8313,0.00412,0.7405,0.7462,0.1461,AVANZAR
4148,207.4,69.1,70.09,62.69,70.11,64.96,65.82,0.7357,0.7598,733.19,742.0322,0.00412,0.7421,0.7412,0.1461,AVANZAR
4149,207.45,64.48,68.42,70.79,66.75,70.0,70.86,0.7712,0.7632,733.391,742.2332,0.00412,0.7371,0.742,0.1461,AVANZAR
4150,207.5,61.18,66.63,67.08,60.53,65.85,65.33,0.8027,0.775,733.5919,742.4342,0.00412,0.7379,0.7474,0.1461,AVANZAR
4151,207.55,63.66,68.66,62.62,68.26,74.09,63.02,0.775,0.775,733.7929,742.6351,0.00412,0.7433,0.7479,0.1461,AVANZAR
4152,207.6,64.68,65.85,65.56,61.78,63.55,67.4,0.7846,0.7779,733.9938,742.8361,0.00412,0.7438,0.7497,0.1461,AVANZAR
4153,207.65,71.88,81.7,68.79,65.51,67.43,66.85,0.6695,0.7454,734.1948,743.037,0.00412,0.7456,0.7345,0.1461,AVANZAR
4154,207.7,70.73,101.71,65.76,66.8,68.94,62.88,0.6136,0.7058,734.3958,743.238,0.00412,0.7304,0.7133,0.1461,AVANZAR
4155,207.75,91.53,116.8,63.25,67.31,65.22,71.96,0.4989,0.6438,734.5967,743.439,0.00412,0.7092,0.6785,0.1461,AVANZAR
4156,207.8,108.01,128.82,65.33,68.65,67.19,79.36,0.4357,0.5814,734.7977,743.6399,0.00412,0.6744,0.6395,0.1461,CURVA_DERECHA
4157,207.85,107.82,146.02,63.28,68.45,64.05,102.65,0.4127,0.5308,734.9986,743.6964,0.002639,0.6369,0.6041,0.1461,CURVA_DERECHA
4158,207.9,107.49,145.81,67.09,68.01,67.89,116.21,0.4137,0.4957,735.1996,743.7592,0.002704,0.6014,0.574,0.1461,GIRAR_DERECHA
4159,207.95,100.69,158.69,58.79,63.39,67.41,119.11,0.4156,0.4716,735.3566,743.6022,0.0,0.574,0.5508,0.1461,GIRAR_DERECHA
4160,208.0,67.86,151.33,62.03,67.6,71.03,140.28,0.5464,0.4941,735.5199,743.439,-0.0,0.5508,0.5502,0.1461,GIRAR_DERECHA
4161,208.05,66.15,142.23,67.93,66.87,71.32,157.59,0.567,0.5159,735.6769,743.282,0.0,0.5502,0.5526,0.1461,GIRAR_DERECHA
4162,208.1,61.25,142.34,65.21,67.77,65.77,169.48,0.5978,0.5405,735.8402,743.1187,0.0,0.5526,0.5592,0.1461,GIRAR_DERECHA
4163,208.15,69.75,114.42,69.99,68.82,61.78,177.63,0.5907,0.5556,735.9972,742.9617,0.0,0.5592,0.5638,0.1461,GIRAR_DERECHA
4164,208.2,69.14,107.13,69.11,69.75,96.48,178.77,0.6092,0.5717,736.1542,742.7984,-6.4e-05,0.5639,0.5705,0.1461,GIRAR_DERECHA
4165,208.25,65.46,81.7,66.28,64.84,112.12,157.49,0.7044,0.6115,736.3174,742.6414,6.4e-05,0.5705,0.59,0.1461,GIRAR_DERECHA
4166,208.3,65.45,68.96,66.72,66.55,123.26,147.76,0.7624,0.6567,736.4744,742.4781,-6.4e-05,0.5901,0.6153,0.1461,CURVA_DERECHA
4167,208.35,64.82,72.14,63.98,63.36,130.45,163.16,0.7498,0.6847,736.6754,742.5409,0.002704,0.6126,0.6326,0.1461,CURVA_DERECHA
4168,208.4,68.25,64.02,66.43,66.57,146.24,145.89,0.775,0.7117,736.8764,742.6037,0.002704,0.6299,0.6511,0.1461,CURVA_DERECHA
4169,208.45,69.3,71.59,68.89,73.03,154.18,140.17,0.727,0.7163,737.0773,742.6602,0.002639,0.6485,0.6599,0.1461,CURVA_DERECHA
4170,208.5,72.78,68.6,68.81,70.38,180.08,144.03,0.725,0.7189,737.2783,742.723,0.002704,0.6572,0.6671,0.1461,CURVA_DERECHA
4171,208.55,66.35,74.07,64.19,66.75,178.89,124.34,0.7314,0.7227,737.4792,742.7796,0.002639,0.6645,0.6743,0.1461,CURVA_DERECHA
4172,208.6,72.28,70.76,65.51,68.6,194.35,122.61,0.716,0.7207,737.6802,742.8424,0.002704,0.6716,0.6781,0.1461,CURVA_DERECHA
4173,208.65,64.21,71.04,67.8,66.77,195.68,111.26,0.759,0.7322,737.8812,742.9052,0.002704,0.6754,0.6876,0.1461,CURVA_DERECHA
4174,208.7,67.68,64.19,65.11,61.72,205.72,109.86,0.7771,0.7457,738.0821,742.9617,0.002639,0.6849,0.6984,0.1461,CURVA_DERECHA
4175,208.75,67.07,72.61,67.36,69.5,198.01,98.39,0.7342,0.7422,738.2831,743.0245,0.002704,0.6957,0.7013,0.1461,CURVA_DERECHA
4176,208.8,66.65,65.28,70.47,68.94,196.62,76.31,0.7763,0.7524,738.484,743.081,0.002639,0.6987,0.71,0.1461,CURVA_DERECHA
4177,208.85,66.94,70.07,60.61,65.49,185.95,61.39,0.7478,0.751,738.685,743.1438,0.002704,0.7073,0.7132,0.1461,CURVA_DERECHA
4178,208.9,62.23,71.31,67.32,61.22,183.63,66.41,0.7704,0.7568,738.886,743.2066,0.002704,0.7105,0.7193,0.1461,CURVA_DERECHA
4179,208.95,64.21,59.98,68.66,69.92,172.4,68.18,0.8256,0.7775,739.0869,743.2631,0.002639,0.7166,0.7325,0.1461,CURVA_DERECHA
4180,209.0,61.7,65.36,69.62,64.26,164.3,66.7,0.8066,0.7862,739.2879,743.3259,0.002704,0.7298,0.7411,0.1461,CURVA_DERECHA
4181,209.05,62.74,68.69,62.74,64.78,147.43,66.87,0.7807,0.7846,739.4888,743.3824,0.002639,0.7384,0.7446,0.1461,CURVA_DERECHA
4182,209.1,68.12,67.46,68.87,70.2,134.02,66.52,0.7553,0.7758,739.6898,743.4452,0.002704,0.7419,0.7439,0.1461,CURVA_DERECHA
4183,209.15,69.18,68.92,63.82,68.12,120.89,64.18,0.7415,0.7655,739.8908,743.508,0.002704,0.7412,0.7412,0.1461,CURVA_DERECHA
4184,209.2,61.47,67.12,67.4,68.26,113.55,72.89,0.7979,0.7752,740.0917,743.5646,0.002639,0.7386,0.7472,0.1461,CURVA_DERECHA
4185,209.25,67.53,70.99,66.32,72.93,104.79,63.8,0.7397,0.7646,740.2927,743.6274,0.002704,0.7445,0.7438,0.1461,CURVA_DERECHA
4186,209.3,67.51,62.48,68.33,62.56,94.73,68.06,0.7889,0.7719,740.4936,743.6839,0.002639,0.7412,0.7482,0.1461,CURVA_DERECHA
4187,209.35,70.16,68.29,66.29,74.04,74.67,66.37,0.7398,0.7623,740.6946,743.7467,0.002704,0.7455,0.7446,0.1461,AVANZAR
4188,209.4,65.66,68.26,69.01,67.7,67.78,67.24,0.7649,0.7631,740.8956,743.9476,0.00412,0.7405,0.7441,0.1461,AVANZAR
4189,209.45,64.54,65.49,65.55,67.26,61.85,69.46,0.7876,0.7704,741.0965,744.1486,0.00412,0.74,0.7469,0.1461,AVANZAR
4190,209.5,66.61,66.16,65.87,61.0,71.48,64.82,0.7713,0.7707,741.2975,744.3496,0.00412,0.7428,0.747,0.1461,AVANZAR
4191,209.55,72.13,71.37,63.46,64.47,65.26,70.93,0.7136,0.7535,741.4984,744.5505,0.00412,0.7428,0.7386,0.1461,AVANZAR
4192,209.6,70.68,71.83,65.37,67.0,71.01,65.08,0.7186,0.7431,741.6994,744.7515,0.00412,0.7344,0.7321,0.1461,AVANZAR
4193,209.65,69.88,67.6,68.51,64.48,69.38,68.19,0.745,0.7436,741.9004,744.9524,0.00412,0.728,0.7305,0.1461,AVANZAR
4194,209.7,67.6,65.2,74.59,64.72,65.09,65.83,0.7713,0.752,742.1013,745.1534,0.00412,0.7264,0.7329,0.1461,AVANZAR
4195,209.75,70.65,64.87,66.54,65.86,69.21,74.73,0.7569,0.7535,742.3023,745.3544,0.00412,0.7288,0.7329,0.1461,AVANZAR
4196,209.8,63.71,64.83,68.23,67.79,73.5,70.37,0.7967,0.7664,742.5032,745.5553,0.00412,0.7288,0.7387,0.1461,AVANZAR
4197,209.85,66.86,74.3,74.05,65.65,72.58,64.18,0.7274,0.7547,742.7042,745.7563,0.00412,0.7346,0.7336,0.1461,AVANZAR
4198,209.9,68.13,67.58,68.41,62.37,65.69,69.97,0.7545,0.7547,742.8989,745.9572,0.004055,0.7295,0.7332,0.1461,AVANZAR
4199,209.95,64.93,67.34,65.14,66.76,72.48,64.36,0.7744,0.7606,743.0998,746.1582,0.00412,0.729,0.7357,0.1461,AVANZAR
4200,210.0,70.69,69.85,71.8,64.84,69.51,70.6,0.7286,0.751,743.3008,746.3592,0.00412,0.7316,0.7311,0.1461,AVANZAR
4201,210.05,69.94,66.1,66.73,61.07,64.78,61.48,0.7533,0.7517,743.5018,746.5601,0.00412,0.727,0.7309,0.1461,AVANZAR
4202,210.1,76.04,63.76,63.96,70.7,70.22,64.23,0.7382,0.7477,743.7027,746.7611,0.00412,0.7267,0.7284,0.1461,AVANZAR
4203,210.15,68.81,71.16,59.31,69.1,65.19,68.81,0.7318,0.7429,743.9037,746.962,0.00412,0.7243,0.7254,0.1461,AVANZAR
4204,210.2,64.08,65.19,68.5,74.77,69.77,65.43,0.7922,0.7577,744.1046,747.1567,0.004055,0.7213,0.7317,0.1461,AVANZAR
4205,210.25,64.26,64.49,66.05,63.09,64.06,67.35,0.7954,0.769,744.3056,747.3577,0.00412,0.7276,0.7375,0.1461,AVANZAR
4206,210.3,62.16,67.56,63.36,66.75,61.27,68.31,0.7908,0.7755,744.5066,747.5586,0.00412,0.7333,0.7417,0.1461,AVANZAR
4207,210.35,66.16,62.49,64.46,67.8,73.6,72.83,0.7966,0.7818,744.7075,747.7596,0.00412,0.7376,0.7462,0.1461,AVANZAR
4208,210.4,64.99,63.14,62.83,66.68,67.62,69.8,0.7994,0.7871,744.9085,747.9606,0.00412,0.7421,0.7505,0.1461,AVANZAR
4209,210.45,69.27,59.82,67.95,67.53,70.34,68.24,0.7975,0.7902,745.1094,748.1615,0.00412,0.7464,0.7538,0.1461,AVANZAR
4210,210.5,74.16,72.56,74.06,64.96,61.32,65.4,0.698,0.7626,745.3104,748.3625,0.00412,0.7497,0.7422,0.1461,AVANZAR
4211,210.55,65.94,66.78,71.92,69.03,67.74,66.93,0.7716,0.7653,745.5114,748.5634,0.00412,0.738,0.7429,0.1461,AVANZAR
4212,210.6,58.68,67.75,61.89,63.4,75.81,66.58,0.8141,0.7799,745.7123,748.7644,0.00412,0.7388,0.7498,0.1461,AVANZAR
4213,210.65,69.66,71.09,65.53,68.54,69.5,67.36,0.7276,0.7642,745.9133,748.9654,0.00412,0.7457,0.7431,0.1461,AVANZAR
4214,210.7,66.26,71.71,66.27,67.28,66.31,64.44,0.7433,0.758,746.1142,749.1663,0.00412,0.7389,0.7396,0.1461,AVANZAR
4215,210.75,68.06,76.21,66.27,66.13,61.58,65.71,0.7121,0.7442,746.3152,749.3673,0.00412,0.7355,0.732,0.1461,AVANZAR
4216,210.8,65.85,73.08,71.4,66.32,70.3,69.88,0.7391,0.7427,746.5162,749.5682,0.00412,0.7279,0.7295,0.1461,AVANZAR
4217,210.85,63.39,67.84,71.78,74.17,69.04,66.23,0.7812,0.7542,746.7171,749.7692,0.00412,0.7254,0.7336,0.1461,AVANZAR
4218,210.9,71.55,67.84,100.76,68.06,64.2,70.01,0.7352,0.7485,746.9181,749.9702,0.00412,0.7295,0.7303,0.1461,CURVA_IZQUIERDA
4219,210.95,66.18,64.48,101.9,63.72,66.34,66.34,0.7839,0.7591,746.9809,750.1711,0.002704,0.7276,0.7358,0.1461,CURVA_IZQUIERDA
4220,211.0,68.22,58.24,106.8,64.09,62.43,75.39,0.8148,0.7758,747.0374,750.3721,0.002639,0.7332,0.7451,0.1461,CURVA_IZQUIERDA
4221,211.05,66.23,67.24,107.81,67.26,69.73,62.62,0.7672,0.7733,747.1002,750.573,0.002704,0.7424,0.746,0.1461,CURVA_IZQUIERDA
4222,211.1,68.89,66.98,110.31,91.03,68.7,67.0,0.7538,0.7674,747.1567,750.774,0.002639,0.7434,0.7449,0.1461,CURVA_IZQUIERDA
4223,211.15,63.0,68.61,126.66,101.21,69.34,65.77,0.7795,0.7711,747.2195,750.975,0.002704,0.7422,0.7477,0.1461,CURVA_IZQUIERDA
4224,211.2,60.88,65.9,118.56,113.87,64.53,66.42,0.809,0.7824,747.2823,751.1759,0.002704,0.745,0.7543,0.1461,CURVA_IZQUIERDA
4225,211.25,64.09,66.17,110.24,129.75,67.45,67.66,0.7863,0.7836,747.3388,751.3769,0.002639,0.7517,0.7567,0.1461,CURVA_IZQUIERDA
4226,211.3,63.9,62.77,124.1,140.25,65.99,66.84,0.8085,0.7911,747.4016,751.5778,0.002704,0.754,0.762,0.1461,CURVA_IZQUIERDA
4227,211.35,68.47,62.43,105.74,149.72,67.94,65.68,0.7839,0.7889,747.4582,751.7788,0.002639,0.7594,0.7629,0.1461,CURVA_IZQUIERDA
4228,211.4,66.84,63.28,67.57,163.86,68.45,70.32,0.7876,0.7885,747.521,751.9798,0.002704,0.7602,0.7642,0.1461,CURVA_IZQUIERDA
4229,211.45,72.39,67.45,63.74,183.34,68.83,63.82,0.7332,0.7719,747.5838,752.1807,0.002704,0.7615,0.7574,0.1461,CURVA_IZQUIERDA
4230,211.5,67.76,64.78,66.3,186.28,64.39,68.07,0.773,0.7722,747.6403,752.3817,0.002639,0.7548,0.7574,0.1461,CURVA_IZQUIERDA
4231,211.55,70.74,62.04,67.22,199.44,71.26,67.88,0.7745,0.7729,747.7031,752.5826,0.002704,0.7547,0.7576,0.1461,CURVA_IZQUIERDA
4232,211.6,68.84,62.12,60.54,187.85,65.97,67.89,0.784,0.7762,747.7596,752.7836,0.002639,0.755,0.7592,0.1461,CURVA_IZQUIERDA
4233,211.65,63.41,67.87,66.87,166.1,62.76,69.14,0.7809,0.7776,747.8224,752.9846,0.002704,0.7565,0.7601,0.1461,CURVA_IZQUIERDA
4234,211.7,67.53,70.46,63.48,161.15,69.93,67.22,0.7424,0.7671,747.8852,753.1855,0.002704,0.7574,0.7552,0.1461,CURVA_IZQUIERDA
4235,211.75,66.88,70.85,65.12,140.9,64.58,64.77,0.7441,0.7602,747.9417,753.3865,0.002639,0.7525,0.7513,0.1461,CURVA_IZQUIERDA
4236,211.8,67.78,68.52,64.52,68.05,63.43,62.03,0.7513,0.7575,748.0045,753.5874,0.002704,0.7486,0.749,0.1461,AVANZAR
4237,211.85,67.52,67.2,63.76,67.12,69.14,65.71,0.7601,0.7583,748.2055,753.7884,0.00412,0.7449,0.7471,0.1461,AVANZAR
4238,211.9,68.15,69.5,67.35,67.45,69.38,68.39,0.744,0.754,748.4064,753.9894,0.00412,0.743,0.7431,0.1461,AVANZAR
4239,211.95,71.85,65.44,69.2,73.29,68.87,69.98,0.7475,0.7521,748.6074,754.1903,0.00412,0.739,0.7403,0.1461,AVANZAR
4240,212.0,65.51,64.66,70.48,66.34,65.02,69.79,0.7867,0.7624,748.8084,754.385,0.004055,0.7362,0.7436,0.1461,AVANZAR
4241,212.05,64.03,66.75,67.6,62.27,67.61,63.9,0.7833,0.7687,749.0093,754.586,0.00412,0.7395,0.7459,0.1461,AVANZAR
4242,212.1,67.58,65.68,71.36,66.85,67.33,63.44,0.7686,0.7687,749.2103,754.7869,0.00412,0.7417,0.7457,0.1461,AVANZAR
4243,212.15,72.38,69.14,66.65,59.76,64.52,62.89,0.7239,0.7552,749.4112,754.9879,0.00412,0.7415,0.739,0.1461,AVANZAR
4244,212.2,71.76,64.47,72.78,66.0,68.47,65.26,0.7538,0.7548,749.6122,755.1888,0.00412,0.7349,0.7376,0.1461,AVANZAR
4245,212.25,68.13,66.17,67.88,64.18,69.36,64.26,0.7626,0.7572,749.8069,755.3898,0.004055,0.7336,0.7378,0.1461,AVANZAR
4246,212.3,65.39,66.63,62.23,60.6,71.77,67.99,0.7757,0.7627,750.0078,755.5908,0.00412,0.7337,0.7398,0.1461,AVANZAR
4247,212.35,67.99,66.99,61.12,69.21,67.56,75.45,0.7587,0.7615,750.2088,755.7917,0.00412,0.7357,0.7391,0.1461,AVANZAR
4248,212.4,65.71,66.97,68.41,67.47,70.8,65.75,0.7719,0.7646,750.4098,755.9927,0.00412,0.7349,0.7403,0.1461,AVANZAR
4249,212.45,67.53,60.59,70.53,70.44,68.33,71.58,0.8016,0.7757,750.6107,756.1936,0.00412,0.7362,0.7458,0.1461,AVANZAR
4250,212.5,72.74,60.13,61.91,68.45,68.36,61.21,0.7776,0.7763,750.8117,756.3946,0.00412,0.7417,0.7469,0.1461,AVANZAR
4251,212.55,67.35,71.29,66.1,70.17,67.25,66.93,0.7392,0.7652,751.0126,756.5956,0.00412,0.7428,0.7423,0.1461,AVANZAR
4252,212.6,72.01,67.77,65.45,76.01,64.81,63.92,0.7333,0.7556,751.2136,756.7965,0.00412,0.7382,0.7374,0.1461,AVANZAR
4253,212.65,65.83,62.75,66.52,72.5,68.41,66.84,0.7969,0.768,751.4146,756.9975,0.00412,0.7333,0.7426,0.1461,AVANZAR
4254,212.7,69.93,60.78,66.43,66.76,65.3,64.18,0.7872,0.7738,751.6155,757.1984,0.00412,0.7385,0.7456,0.1461,AVANZAR
4255,212.75,65.24,61.26,70.09,64.03,69.12,65.08,0.8103,0.7847,751.8165,757.3994,0.00412,0.7415,0.7515,0.1461,AVANZAR
4256,212.8,69.12,64.47,68.05,65.5,61.23,64.75,0.7674,0.7795,752.0174,757.6004,0.00412,0.7474,0.7503,0.1461,AVANZAR
4257,212.85,64.26,66.78,64.38,65.31,64.0,67.55,0.7817,0.7802,752.2184,757.8013,0.00412,0.7462,0.7514,0.1461,AVANZAR
4258,212.9,70.78,67.25,67.47,69.12,64.93,65.0,0.7424,0.7688,752.4194,758.0023,0.00412,0.7473,0.7466,0.1461,AVANZAR
4259,212.95,63.77,70.33,69.64,66.12,66.3,66.43,0.7654,0.7678,752.6203,758.2032,0.00412,0.7425,0.7458,0.1461,AVANZAR
4260,213.0,69.93,67.99,65.43,65.78,72.08,70.23,0.7426,0.7602,752.8213,758.4042,0.00412,0.7417,0.7418,0.1461,AVANZAR
4261,213.05,71.23,69.95,68.33,64.69,61.58,63.72,0.7254,0.7498,753.0222,758.6052,0.00412,0.7377,0.7359,0.1461,AVANZAR
4262,213.1,68.65,67.84,64.78,69.71,69.28,61.66,0.7503,0.7499,753.2232,758.8061,0.00412,0.7318,0.7345,0.1461,AVANZAR
4263,213.15,70.93,72.17,69.91,67.48,65.75,68.37,0.7156,0.7396,753.4242,759.0071,0.00412,0.7304,0.7282,0.1461,AVANZAR
4264,213.2,65.37,66.02,70.05,61.63,68.98,65.67,0.7794,0.7516,753.6251,759.208,0.00412,0.7241,0.7322,0.1461,AVANZAR
4265,213.25,63.44,67.32,68.05,70.83,68.22,70.97,0.7838,0.7612,753.8261,759.409,0.00412,0.728,0.7362,0.1461,AVANZAR
4266,213.3,68.33,66.92,69.24,67.99,65.94,70.13,0.7572,0.76,754.027,759.61,0.00412,0.7321,0.7357,0.1461,AVANZAR
4267,213.35,69.88,67.64,68.53,66.52,68.73,65.81,0.7448,0.7555,754.228,759.8109,0.00412,0.7316,0.7335,0.1461,AVANZAR
4268,213.4,65.48,68.74,73.34,64.97,67.61,63.55,0.7634,0.7578,754.429,760.0119,0.00412,0.7294,0.7344,0.1461,AVANZAR
4269,213.45,68.53,62.55,69.69,70.36,61.7,65.45,0.7828,0.7653,754.6299,760.2128,0.00412,0.7303,0.7379,0.1461,AVANZAR
4270,213.5,69.94,69.96,73.63,63.57,64.54,69.56,0.732,0.7553,754.8309,760.4138,0.00412,0.7338,0.7336,0.1461,AVANZAR
4271,213.55,64.72,68.23,68.63,64.92,65.31,71.93,0.7707,0.7599,755.0318,760.6148,0.00412,0.7294,0.7355,0.1461,AVANZAR
4272,213.6,64.31,63.7,68.38,62.28,62.63,63.91,0.8,0.7719,755.2328,760.8157,0.00412,0.7314,0.7414,0.1461,AVANZAR
4273,213.65,65.91,68.28,65.2,63.68,64.06,64.95,0.7633,0.7694,755.4338,761.0167,0.00412,0.7373,0.7411,0.1461,AVANZAR
4274,213.7,66.47,66.5,69.9,65.41,67.46,64.25,0.7701,0.7696,755.6347,761.2176,0.00412,0.7369,0.7418,0.1461,AVANZAR
4275,213.75,69.43,68.2,69.3,67.1,67.94,62.27,0.7441,0.7619,755.8357,761.4186,0.00412,0.7377,0.7386,0.1461,AVANZAR
4276,213.8,61.16,66.55,67.46,62.75,67.58,64.67,0.8032,0.7743,756.0366,761.6196,0.00412,0.7345,0.7445,0.1461,AVANZAR
4277,213.85,70.61,68.47,63.42,68.35,71.65,71.54,0.7365,0.763,756.2376,761.8142,0.004055,0.7405,0.7399,0.1461,AVANZAR
4278,213.9,64.82,64.82,74.82,65.84,69.91,65.69,0.7899,0.7711,756.4386,762.0152,0.00412,0.7358,0.7437,0.1461,AVANZAR
4279,213.95,65.33,71.39,60.53,70.62,68.69,69.06,0.7505,0.7649,756.6395,762.2162,0.00412,0.7396,0.7412,0.1461,AVANZAR
4280,214.0,65.62,68.01,69.08,65.79,68.08,68.73,0.7665,0.7654,756.8405,762.4171,0.00412,0.737,0.7414,0.1461,AVANZAR
4281,214.05,70.55,66.96,72.99,73.99,68.77,67.66,0.7452,0.7593,757.0414,762.6181,0.00412,0.7372,0.7384,0.1461,AVANZAR
4282,214.1,70.41,61.21,68.16,68.84,61.9,59.2,0.7818,0.7661,757.2361,762.819,0.004055,0.7343,0.7413,0.1461,AVANZAR
4283,214.15,64.98,73.15,71.54,67.69,66.35,63.62,0.7439,0.7594,757.4371,763.02,0.00412,0.7372,0.7381,0.1461,AVANZAR
4284,214.2,66.29,72.05,65.57,64.15,65.88,64.14,0.7415,0.754,757.638,763.221,0.00412,0.734,0.7351,0.1461,AVANZAR
4285,214.25,65.96,71.28,69.26,68.15,68.51,68.92,0.7473,0.752,757.839,763.4219,0.00412,0.731,0.7334,0.1461,AVANZAR
4286,214.3,68.29,67.96,67.35,68.11,67.12,65.13,0.7516,0.7519,758.04,763.6229,0.00412,0.7293,0.7325,0.1461,AVANZAR
4287,214.35,66.91,64.24,73.77,67.96,65.23,64.44,0.7811,0.7607,758.2409,763.8238,0.00412,0.7284,0.7361,0.1461,AVANZAR
4288,214.4,67.78,68.32,64.44,61.8,66.6,67.72,0.7524,0.7582,758.4419,764.0248,0.00412,0.732,0.735,0.1461,AVANZAR
4289,214.45,72.64,71.92,66.55,59.76,69.08,66.84,0.7084,0.7432,758.6428,764.2258,0.00412,0.7308,0.7276,0.1461,AVANZAR
4290,214.5,63.4,66.92,66.8,61.67,65.24,72.44,0.7863,0.7562,758.8438,764.4267,0.00412,0.7234,0.7326,0.1461,AVANZAR
4291,214.55,70.95,63.51,69.28,66.51,66.19,62.79,0.7639,0.7585,759.0448,764.6277,0.00412,0.7285,0.7337,0.1461,AVANZAR
4292,214.6,74.3,64.54,72.93,63.97,69.75,64.97,0.7412,0.7533,759.2457,764.8286,0.00412,0.7296,0.7313,0.1461,AVANZAR
4293,214.65,63.72,65.99,69.28,70.73,68.77,66.24,0.7897,0.7642,759.4467,765.0296,0.00412,0.7271,0.7363,0.1461,AVANZAR
4294,214.7,65.07,62.78,68.07,66.34,64.55,68.41,0.8012,0.7753,759.6476,765.2306,0.00412,0.7322,0.7423,0.1461,AVANZAR
4295,214.75,69.34,62.88,66.81,66.73,72.29,64.31,0.7763,0.7756,759.8486,765.4315,0.00412,0.7381,0.7437,0.1461,AVANZAR
4296,214.8,67.56,66.9,65.46,71.85,65.92,64.15,0.7616,0.7714,760.0496,765.6325,0.00412,0.7396,0.7428,0.1461,AVANZAR
4297,214.85,70.74,70.09,63.69,68.58,69.38,62.81,0.7271,0.7581,760.2505,765.8334,0.00412,0.7387,0.737,0.1461,AVANZAR
4298,214.9,70.08,71.83,65.5,62.34,70.63,68.46,0.7217,0.7472,760.4515,766.0344,0.00412,0.7329,0.7312,0.1461,AVANZAR
4299,214.95,69.44,66.49,68.53,72.07,66.21,65.7,0.7537,0.7491,760.6524,766.2354,0.00412,0.7271,0.731,0.1461,AVANZAR
4300,215.0,67.94,66.14,68.06,69.79,74.35,71.9,0.7638,0.7536,760.8534,766.4363,0.00412,0.7269,0.7323,0.1461,AVANZAR
4301,215.05,67.41,65.22,62.74,68.03,76.32,66.03,0.7723,0.7592,761.0544,766.6373,0.00412,0.7282,0.7346,0.1461,AVANZAR
4302,215.1,67.5,65.34,66.61,62.37,77.02,67.78,0.771,0.7627,761.2553,766.8382,0.00412,0.7305,0.7364,0.1461,AVANZAR
4303,215.15,64.72,63.29,65.42,60.71,90.44,71.82,0.8,0.7739,761.4563,767.0392,0.00412,0.7323,0.7422,0.1461,CURVA_DERECHA
4304,215.2,64.75,70.71,70.66,71.89,100.69,67.89,0.7574,0.769,761.6572,767.0957,0.002639,0.7396,0.7422,0.1461,CURVA_DERECHA
4305,215.25,70.46,66.74,67.65,72.59,99.7,67.09,0.7469,0.7623,761.8582,767.1585,0.002704,0.7395,0.7405,0.1461,CURVA_DERECHA
4306,215.3,64.54,67.26,68.36,62.06,101.56,65.05,0.7773,0.7668,762.0592,767.2213,0.002704,0.7378,0.7436,0.1461,CURVA_DERECHA
4307,215.35,66.47,72.6,62.53,65.56,110.88,65.21,0.7377,0.7581,762.2601,767.2778,0.002639,0.741,0.7405,0.1461,CURVA_DERECHA
4308,215.4,67.88,65.36,66.74,71.67,109.07,64.63,0.7688,0.7613,762.4611,767.3406,0.002704,0.7378,0.7423,0.1461,CURVA_DERECHA
4309,215.45,69.84,65.06,67.9,66.78,103.11,68.74,0.76,0.7609,762.662,767.3972,0.002639,0.7397,0.7427,0.1461,CURVA_DERECHA
4310,215.5,63.83,60.54,74.33,67.44,110.83,70.64,0.8239,0.7798,762.863,767.46,0.002704,0.74,0.7522,0.1461,CURVA_DERECHA
4311,215.55,71.26,66.72,66.12,73.04,106.83,68.39,0.7429,0.7688,763.064,767.5228,0.002704,0.7495,0.7486,0.1461,CURVA_DERECHA
4312,215.6,68.3,69.07,58.0,61.9,100.49,64.93,0.7455,0.7618,763.2649,767.5793,0.002639,0.7459,0.7459,0.1461,CURVA_DERECHA
4313,215.65,67.07,64.41,64.76,64.87,93.84,67.31,0.7792,0.767,763.4659,767.6421,0.002704,0.7431,0.7484,0.1461,CURVA_DERECHA
4314,215.7,66.71,75.91,65.35,62.8,88.28,64.22,0.721,0.7532,763.6668,767.6986,0.002639,0.7458,0.7421,0.1461,CURVA_DERECHA
4315,215.75,67.83,66.6,64.89,67.39,67.92,67.34,0.7618,0.7558,763.8678,767.7614,0.002704,0.7394,0.7427,0.1461,AVANZAR
4316,215.8,62.26,65.24,69.15,67.21,70.32,68.9,0.8036,0.7701,764.0688,767.9624,0.00412,0.7386,0.7481,0.1461,AVANZAR
4317,215.85,71.86,70.42,63.91,70.2,66.09,65.6,0.7198,0.755,764.2697,768.1633,0.00412,0.744,0.7404,0.1461,AVANZAR
4318,215.9,65.84,65.6,68.94,69.48,63.81,66.5,0.7791,0.7622,764.4707,768.3643,0.00412,0.7363,0.7426,0.1461,AVANZAR
4319,215.95,69.65,68.23,64.34,67.59,65.6,68.47,0.7428,0.7564,764.6654,768.5652,0.004055,0.7385,0.7391,0.1461,AVANZAR
4320,216.0,63.15,70.41,70.29,66.67,65.62,71.06,0.7689,0.7601,764.8663,768.7662,0.00412,0.735,0.74,0.1461,AVANZAR
4321,216.05,64.59,71.23,67.13,64.2,67.46,72.22,0.7557,0.7588,765.0673,768.9672,0.00412,0.7358,0.7387,0.1461,AVANZAR
4322,216.1,64.34,62.07,66.37,70.45,72.36,65.94,0.8103,0.7743,765.2682,769.1681,0.00412,0.7346,0.7457,0.1461,AVANZAR
4323,216.15,61.31,60.47,67.26,67.0,73.99,71.41,0.8409,0.7943,765.4692,769.3691,0.00412,0.7416,0.7561,0.1461,AVANZAR
4324,216.2,67.62,72.28,63.71,73.43,79.18,67.01,0.7328,0.7758,765.6702,769.57,0.00412,0.752,0.7492,0.1461,CURVA_DERECHA
4325,216.25,70.11,79.4,66.65,65.21,68.57,65.96,0.6876,0.7493,765.8711,769.6266,0.002639,0.7465,0.7379,0.1461,AVANZAR
4326,216.3,73.39,96.22,75.74,71.94,73.19,71.71,0.6149,0.709,766.0721,769.8275,0.00412,0.7338,0.7164,0.1461,AVANZAR
4327,216.35,68.06,108.48,61.49,66.04,54.23,83.45,0.6121,0.6799,766.273,770.0285,0.00412,0.7123,0.6977,0.1461,CURVA_DERECHA
4328,216.4,64.33,111.24,66.09,67.45,66.07,108.47,0.6281,0.6644,766.474,770.0913,0.002704,0.695,0.6852,0.1461,CURVA_DERECHA
4329,216.45,72.82,118.91,71.61,62.09,70.5,114.91,0.5668,0.6351,766.675,770.1478,0.002639,0.6825,0.6656,0.1461,CURVA_DERECHA
4330,216.5,70.22,121.38,67.71,68.05,63.49,123.97,0.5755,0.6172,766.8759,770.2106,0.002704,0.6629,0.6502,0.1461,CURVA_DERECHA
4331,216.55,68.37,135.4,69.04,70.88,65.47,145.85,0.5635,0.6011,767.0769,770.2734,0.002704,0.6475,0.6352,0.1461,CURVA_DERECHA
4332,216.6,65.78,138.28,62.83,66.9,68.17,157.82,0.5743,0.5931,767.2778,770.3299,0.002639,0.6325,0.624,0.1461,CURVA_DERECHA
4333,216.65,63.27,147.32,64.16,69.6,70.18,180.66,0.5784,0.5887,767.4788,770.3927,0.002704,0.6213,0.6151,0.1461,CURVA_DERECHA
4334,216.7,69.56,150.19,65.06,71.52,67.39,215.69,0.5385,0.5736,767.6798,770.4492,0.002639,0.6124,0.6016,0.1461,CURVA_DERECHA
4335,216.75,65.22,152.34,66.08,65.26,84.48,226.74,0.5606,0.5697,767.8807,770.512,0.002704,0.5989,0.5933,0.1461,GIRAR_DERECHA
4336,216.8,72.55,126.95,67.1,58.85,108.73,235.23,0.5545,0.5651,768.0377,770.355,0.0,0.5933,0.5876,0.1461,GIRAR_DERECHA
4337,216.85,68.99,113.17,63.88,71.51,132.14,239.89,0.5973,0.5748,768.201,770.1918,0.0,0.5876,0.589,0.1461,GIRAR_DERECHA
4338,216.9,74.57,88.46,64.89,70.14,147.73,214.21,0.6327,0.5922,768.358,770.0348,-0.0,0.589,0.5954,0.1461,GIRAR_DERECHA
4339,216.95,67.4,73.97,61.81,65.23,179.1,189.05,0.7259,0.6323,768.5213,769.8715,0.0,0.5954,0.6145,0.1461,CURVA_DERECHA
4340,217.0,68.07,68.82,66.65,61.96,191.69,177.79,0.7481,0.667,768.7222,769.9343,0.002704,0.6118,0.6317,0.1461,CURVA_DERECHA
4341,217.05,67.8,61.87,68.08,71.6,209.38,173.5,0.7913,0.7043,768.9232,769.9908,0.002639,0.6291,0.6528,0.1461,CURVA_DERECHA
4342,217.1,68.7,68.5,69.21,64.88,213.62,156.83,0.7464,0.7169,769.1242,770.0536,0.002704,0.6501,0.6641,0.1461,CURVA_DERECHA
4343,217.15,67.64,66.83,66.04,70.15,221.27,146.96,0.7615,0.7303,769.3251,770.1164,0.002704,0.6614,0.6761,0.1461,CURVA_DERECHA
4344,217.2,72.31,72.24,71.83,62.89,241.39,139.77,0.7084,0.7237,769.5261,770.1729,0.002639,0.6734,0.6785,0.1461,CURVA_DERECHA
4345,217.25,67.7,61.47,69.2,69.7,248.01,126.44,0.7946,0.745,769.727,770.2357,0.002704,0.6758,0.6932,0.1461,CURVA_DERECHA
4346,217.3,69.92,64.18,69.57,66.14,252.15,120.47,0.765,0.751,769.928,770.2922,0.002639,0.6905,0.7014,0.1461,CURVA_DERECHA
4347,217.35,64.0,70.8,64.13,68.88,257.71,106.24,0.7616,0.7542,770.129,770.355,0.002704,0.6987,0.7079,0.1461,CURVA_DERECHA
4348,217.4,71.0,70.72,66.67,65.33,245.88,87.35,0.7225,0.7447,770.3299,770.4178,0.002704,0.7052,0.7077,0.1461,CURVA_DERECHA
4349,217.45,67.4,72.92,66.79,65.09,228.55,62.0,0.7309,0.7406,770.5309,770.4744,0.002639,0.7051,0.7089,0.1461,CURVA_DERECHA
4350,217.5,70.41,68.74,66.51,65.71,225.17,69.12,0.736,0.7392,770.7318,770.5372,0.002704,0.7062,0.7105,0.1461,CURVA_DERECHA
4351,217.55,69.07,71.8,73.84,68.01,211.73,64.85,0.7272,0.7356,770.9328,770.5937,0.002639,0.7079,0.7107,0.1461,CURVA_DERECHA
4352,217.6,67.59,70.27,75.61,68.95,191.36,66.18,0.7431,0.7378,771.1338,770.6565,0.002704,0.708,0.7131,0.1461,CURVA_DERECHA
4353,217.65,71.89,69.19,69.05,59.59,169.8,66.36,0.7261,0.7343,771.3284,770.7193,0.002639,0.7105,0.7128,0.1461,CURVA_DERECHA
4354,217.7,70.47,63.49,65.64,60.11,150.48,66.89,0.7665,0.744,771.5294,770.7758,0.002639,0.7101,0.7184,0.1461,CURVA_DERECHA
4355,217.75,69.58,63.82,71.4,70.47,140.68,71.83,0.769,0.7515,771.7304,770.8386,0.002704,0.7157,0.7235,0.1461,CURVA_DERECHA
4356,217.8,59.77,66.64,69.24,65.71,125.49,66.35,0.8124,0.7698,771.9313,770.8951,0.002639,0.7208,0.7342,0.1461,CURVA_DERECHA
4357,217.85,68.48,63.54,69.3,71.84,116.33,69.3,0.7768,0.7719,772.1323,770.9579,0.002704,0.7315,0.7381,0.1461,CURVA_DERECHA
4358,217.9,71.09,65.85,66.39,69.17,110.2,71.16,0.7489,0.765,772.3332,771.0207,0.002704,0.7354,0.7374,0.1461,CURVA_DERECHA
4359,217.95,62.33,68.64,66.9,70.76,82.75,68.6,0.7837,0.7706,772.5342,771.0772,0.002639,0.7347,0.7419,0.1461,CURVA_DERECHA
4360,218.0,68.41,72.38,60.63,66.38,73.71,67.24,0.7279,0.7578,772.7352,771.14,0.002704,0.7392,0.7375,0.1461,AVANZAR
4361,218.05,68.83,75.42,69.17,71.02,66.28,63.91,0.7113,0.7438,772.9361,771.341,0.00412,0.7334,0.7302,0.1461,AVANZAR
4362,218.1,58.0,69.05,69.7,61.8,68.16,62.38,0.8121,0.7643,773.1371,771.542,0.00412,0.7261,0.7386,0.1461,AVANZAR
4363,218.15,66.5,67.88,64.26,66.82,64.37,64.16,0.7621,0.7637,773.338,771.7429,0.00412,0.7345,0.7386,0.1461,AVANZAR
4364,218.2,67.04,67.62,66.74,68.78,71.78,61.51,0.7605,0.7627,773.539,771.9439,0.00412,0.7344,0.7382,0.1461,AVANZAR
4365,218.25,65.12,69.91,65.14,73.54,67.57,71.19,0.7593,0.7617,773.74,772.1448,0.00412,0.7341,0.7378,0.1461,AVANZAR
4366,218.3,64.48,70.03,69.63,63.36,69.42,68.55,0.7626,0.762,773.9409,772.3458,0.00412,0.7337,0.7379,0.1461,AVANZAR
4367,218.35,67.16,67.2,67.39,62.61,68.82,65.83,0.7621,0.762,774.1419,772.5468,0.00412,0.7338,0.7379,0.1461,AVANZAR
4368,218.4,67.37,68.45,68.65,64.48,71.98,65.52,0.754,0.7596,774.3428,772.7477,0.00412,0.7338,0.7368,0.1461,AVANZAR
4369,218.45,66.16,65.78,71.25,69.44,72.8,65.52,0.7761,0.7646,774.5438,772.9487,0.00412,0.7326,0.739,0.1461,AVANZAR
4370,218.5,71.33,59.38,60.1,66.4,68.67,65.17,0.79,0.7722,774.7448,773.1496,0.00412,0.7349,0.7429,0.1461,AVANZAR
4371,218.55,67.88,61.67,72.47,64.77,71.17,63.61,0.7922,0.7782,774.9457,773.3506,0.00412,0.7388,0.7466,0.1461,AVANZAR
4372,218.6,60.15,69.87,67.48,63.17,62.28,64.37,0.792,0.7823,775.1467,773.5516,0.00412,0.7425,0.7497,0.1461,AVANZAR
4373,218.65,64.18,62.73,68.95,67.28,65.72,65.49,0.8069,0.7897,775.3476,773.7462,0.004055,0.7457,0.7546,0.1461,AVANZAR
4374,218.7,71.19,70.14,70.73,69.54,66.58,73.25,0.7246,0.7702,775.5486,773.9472,0.00412,0.7505,0.7467,0.1461,AVANZAR
4375,218.75,65.22,62.56,66.44,64.15,70.14,68.46,0.8017,0.7796,775.7496,774.1482,0.00412,0.7426,0.7512,0.1461,AVANZAR
4376,218.8,64.92,62.27,65.9,75.82,67.08,68.26,0.8054,0.7874,775.9505,774.3491,0.00412,0.7471,0.7556,0.1461,AVANZAR
4377,218.85,68.25,66.53,65.4,65.42,65.2,66.11,0.7599,0.7791,776.1515,774.5501,0.00412,0.7515,0.7527,0.1461,AVANZAR
4378,218.9,68.14,67.3,65.65,66.99,69.33,65.77,0.7561,0.7722,776.3524,774.751,0.00412,0.7486,0.7497,0.1461,AVANZAR
4379,218.95,68.44,64.97,67.35,61.71,67.29,67.28,0.7681,0.771,776.5534,774.952,0.00412,0.7456,0.7489,0.1461,AVANZAR
4380,219.0,71.01,73.15,67.23,68.55,63.9,64.35,0.7105,0.7528,776.7544,775.153,0.00412,0.7447,0.7397,0.1461,AVANZAR
4381,219.05,68.31,66.35,69.24,66.74,65.75,62.34,0.7606,0.7552,776.9553,775.3539,0.00412,0.7356,0.7393,0.1461,AVANZAR
4382,219.1,66.07,71.31,68.45,69.8,69.03,63.97,0.7464,0.7526,777.1563,775.5549,0.00412,0.7352,0.7368,0.1461,AVANZAR
4383,219.15,68.9,64.95,64.61,70.86,63.27,73.27,0.7657,0.7565,777.3572,775.7558,0.00412,0.7327,0.7375,0.1461,AVANZAR
4384,219.2,67.23,58.77,65.3,64.43,64.67,74.09,0.8163,0.7744,777.5582,775.9568,0.00412,0.7334,0.7455,0.1461,AVANZAR
4385,219.25,61.96,71.88,66.84,67.19,72.12,62.26,0.7693,0.7729,777.7592,776.1578,0.00412,0.7414,0.7455,0.1461,AVANZAR
4386,219.3,61.67,68.77,64.16,66.11,70.32,66.81,0.7874,0.7772,777.9601,776.3587,0.00412,0.7413,0.7481,0.1461,AVANZAR
4387,219.35,65.08,69.11,64.55,64.83,64.72,70.35,0.7638,0.7732,778.1611,776.5597,0.00412,0.744,0.7469,0.1461,AVANZAR
4388,219.4,63.69,72.52,71.84,65.48,64.07,64.81,0.7549,0.7677,778.362,776.7606,0.00412,0.7427,0.7445,0.1461,AVANZAR
4389,219.45,64.8,64.42,62.25,69.99,63.57,69.86,0.7924,0.7751,778.563,776.9616,0.00412,0.7404,0.748,0.1461,AVANZAR
4390,219.5,67.21,65.54,70.0,67.9,76.33,68.62,0.7715,0.774,778.7577,777.1626,0.004055,0.7439,0.748,0.1461,AVANZAR
4391,219.55,68.89,63.42,68.57,68.61,62.25,105.41,0.7752,0.7744,778.9586,777.3635,0.00412,0.7438,0.7484,0.1461,CURVA_DERECHA
4392,219.6,61.73,65.44,69.39,69.1,69.09,116.92,0.8059,0.7839,779.1596,777.4263,0.002704,0.7457,0.7545,0.1461,CURVA_DERECHA
4393,219.65,73.58,76.39,68.41,65.13,65.47,136.51,0.6831,0.7536,779.3606,777.4828,0.002639,0.7519,0.7418,0.1461,CURVA_DERECHA
4394,219.7,67.28,82.48,71.33,68.52,77.13,188.57,0.6909,0.7348,779.5615,777.5456,0.002704,0.7391,0.7321,0.1461,CURVA_DERECHA
4395,219.75,66.0,78.26,61.78,71.06,64.54,219.53,0.715,0.7289,779.7625,777.6022,0.002639,0.7294,0.7273,0.1461,CURVA_DERECHA
4396,219.8,68.52,86.24,69.84,71.99,78.26,308.51,0.6705,0.7113,779.9634,777.665,0.002704,0.7246,0.7167,0.1461,CURVA_DERECHA
4397,219.85,68.32,84.21,57.99,71.33,110.26,382.56,0.6787,0.7015,780.1644,777.7278,0.002704,0.714,0.7089,0.1461,CURVA_DERECHA
4398,219.9,65.44,91.74,65.55,67.74,136.62,521.31,0.6703,0.6922,780.3654,777.7843,0.002639,0.7062,0.701,0.1461,CURVA_DERECHA
4399,219.95,65.13,71.93,75.42,68.86,191.99,674.21,0.7489,0.7092,780.5663,777.8471,0.002704,0.6983,0.7057,0.1461,CURVA_DERECHA
4400,220.0,64.03,66.84,64.15,66.14,205.54,460.49,0.7828,0.7313,780.7673,777.9036,0.002639,0.703,0.7147,0.1461,CURVA_DERECHA
4401,220.05,63.46,68.95,63.31,67.39,278.48,363.68,0.7747,0.7443,780.9682,777.9664,0.002704,0.712,0.7211,0.1461,CURVA_DERECHA
4402,220.1,65.31,68.07,68.23,68.83,276.38,333.21,0.768,0.7514,781.1692,778.0292,0.002704,0.7184,0.7257,0.1461,CURVA_DERECHA
4403,220.15,67.51,64.74,62.08,70.83,301.08,296.23,0.7746,0.7584,781.3702,778.0857,0.002639,0.723,0.7306,0.1461,CURVA_DERECHA
4404,220.2,62.22,62.43,63.36,72.23,326.45,226.85,0.8215,0.7773,781.5711,778.1485,0.002704,0.7279,0.7416,0.1461,CURVA_DERECHA
4405,220.25,69.79,64.22,64.87,63.65,336.17,202.48,0.7655,0.7738,781.7721,778.205,0.002639,0.7389,0.7428,0.1461,CURVA_DERECHA
4406,220.3,68.31,59.62,69.91,64.88,356.59,172.47,0.8041,0.7829,781.973,778.2678,0.002704,0.7401,0.7494,0.1461,CURVA_DERECHA
4407,220.35,65.76,62.86,70.17,64.68,413.86,136.25,0.7966,0.787,782.174,778.3306,0.002704,0.7467,0.754,0.1461,CURVA_DERECHA
4408,220.4,61.6,71.28,67.08,64.43,366.07,59.92,0.7747,0.7833,782.375,778.3872,0.002639,0.7514,0.7548,0.1461,CURVA_DERECHA
4409,220.45,65.32,74.42,70.8,70.82,382.77,66.73,0.7359,0.7691,782.5759,778.45,0.002704,0.7521,0.7497,0.1461,CURVA_DERECHA
4410,220.5,66.82,65.05,68.52,68.1,391.66,63.65,0.7767,0.7714,782.7769,778.5065,0.002639,0.7471,0.7514,0.1461,CURVA_DERECHA
4411,220.55,62.94,59.74,68.12,64.9,361.08,62.98,0.8353,0.7905,782.9778,778.5693,0.002704,0.7487,0.7614,0.1461,CURVA_DERECHA
4412,220.6,73.23,72.89,66.03,60.23,321.74,66.98,0.7008,0.7636,783.1788,778.6321,0.002704,0.7587,0.7502,0.1461,CURVA_DERECHA
4413,220.65,70.39,67.13,71.9,67.17,293.77,68.28,0.7451,0.7581,783.3798,778.6886,0.002639,0.7476,0.7472,0.1461,CURVA_DERECHA
4414,220.7,64.26,73.5,68.71,67.09,219.75,74.19,0.7467,0.7546,783.5807,778.7514,0.002704,0.7445,0.7448,0.1461,CURVA_DERECHA
4415,220.75,71.82,61.01,66.35,61.38,64.88,66.71,0.7761,0.7611,783.7817,778.8079,0.002639,0.7422,0.7471,0.1461,AVANZAR
4416,220.8,70.26,70.08,70.64,63.74,63.62,62.67,0.7296,0.7516,783.9826,779.0089,0.00412,0.743,0.741,0.1461,AVANZAR
4417,220.85,67.68,70.17,65.46,74.93,70.25,70.52,0.7431,0.7491,784.1836,779.2098,0.00412,0.7369,0.7378,0.1461,AVANZAR
4418,220.9,69.38,64.51,59.9,62.13,76.19,66.5,0.7658,0.7541,784.3846,779.4108,0.00412,0.7337,0.7384,0.1461,AVANZAR
4419,220.95,65.13,65.57,65.4,62.65,67.87,65.84,0.7835,0.7629,784.5855,779.6118,0.00412,0.7343,0.7415,0.1461,AVANZAR
4420,221.0,65.73,60.67,67.32,68.47,65.99,70.65,0.8114,0.7775,784.7865,779.8127,0.00412,0.7373,0.7482,0.1461,AVANZAR
4421,221.05,68.7,66.14,69.84,69.53,71.78,64.65,0.7597,0.7721,784.9874,780.0137,0.00412,0.7441,0.7463,0.1461,AVANZAR
4422,221.1,67.51,65.14,67.48,67.89,68.09,68.01,0.7722,0.7722,785.1884,780.2146,0.00412,0.7422,0.7466,0.1461,AVANZAR
4423,221.15,66.66,67.53,68.7,65.7,65.57,65.15,0.7632,0.7695,785.3894,780.4156,0.00412,0.7425,0.7455,0.1461,AVANZAR
4424,221.2,66.11,68.32,70.07,68.78,68.67,62.24,0.7619,0.7672,785.5903,780.6166,0.00412,0.7414,0.7444,0.1461,AVANZAR
4425,221.25,64.33,66.82,73.77,71.0,68.31,66.91,0.7811,0.7714,785.7913,780.8175,0.00412,0.7403,0.7462,0.1461,AVANZAR
4426,221.3,68.89,69.04,63.76,66.9,72.16,65.96,0.7424,0.7627,785.986,781.0185,0.004055,0.7422,0.7422,0.1461,AVANZAR
4427,221.35,71.43,65.0,71.02,69.78,68.08,68.85,0.7523,0.7596,786.1869,781.2194,0.00412,0.7381,0.7402,0.1461,AVANZAR
4428,221.4,73.56,69.11,64.21,63.7,66.02,68.67,0.7184,0.7472,786.3879,781.4204,0.00412,0.736,0.7335,0.1461,AVANZAR
4429,221.45,67.84,70.75,72.56,65.19,65.2,62.12,0.7392,0.7448,786.5888,781.6214,0.00412,0.7293,0.7308,0.1461,AVANZAR
4430,221.5,62.6,70.18,64.01,73.1,68.95,64.29,0.7737,0.7535,786.7898,781.8223,0.00412,0.7267,0.7335,0.1461,AVANZAR
4431,221.55,76.39,67.06,67.51,72.64,67.52,67.6,0.7168,0.7425,786.9908,782.0233,0.00412,0.7294,0.7276,0.1461,AVANZAR
4432,221.6,67.97,70.26,67.09,68.04,64.3,69.18,0.741,0.742,787.1917,782.2242,0.00412,0.7235,0.726,0.1461,AVANZAR
4433,221.65,70.47,66.49,67.42,62.23,65.71,66.22,0.7483,0.7439,787.3927,782.4252,0.00412,0.7219,0.7258,0.1461,AVANZAR
4434,221.7,64.88,64.63,60.53,67.05,73.59,72.22,0.7907,0.758,787.5936,782.6262,0.00412,0.7216,0.7317,0.1461,AVANZAR
4435,221.75,70.93,71.85,67.54,70.6,67.09,64.95,0.7172,0.7457,787.7946,782.8271,0.00412,0.7276,0.7261,0.1461,AVANZAR
4436,221.8,62.95,67.95,73.56,69.79,66.26,73.44,0.7834,0.757,787.9956,783.0281,0.00412,0.722,0.731,0.1461,AVANZAR
4437,221.85,62.05,67.03,67.2,65.23,67.9,68.89,0.7945,0.7683,788.1965,783.229,0.00412,0.7268,0.7367,0.1461,AVANZAR
4438,221.9,67.07,70.08,59.95,63.6,65.33,66.66,0.747,0.7619,788.3975,783.43,0.00412,0.7326,0.7347,0.1461,AVANZAR
4439,221.95,65.73,69.77,61.75,67.83,64.06,65.05,0.7564,0.7602,788.5984,783.631,0.00412,0.7306,0.7344,0.1461,AVANZAR
4440,222.0,67.76,70.74,64.85,69.83,67.62,68.93,0.7397,0.7541,788.7994,783.8319,0.00412,0.7302,0.7316,0.1461,AVANZAR
4441,222.05,68.0,66.26,66.95,73.3,64.33,74.25,0.7628,0.7567,789.0004,784.0329,0.00412,0.7275,0.7327,0.1461,AVANZAR
4442,222.1,64.23,63.86,66.76,63.95,73.28,67.81,0.7995,0.7695,789.2013,784.2338,0.00412,0.7285,0.7389,0.1461,AVANZAR
4443,222.15,68.28,64.04,68.09,67.07,67.42,68.39,0.7747,0.7711,789.4023,784.4348,0.00412,0.7348,0.7406,0.1461,AVANZAR
4444,222.2,68.93,60.74,63.84,65.04,69.31,66.25,0.7929,0.7776,789.6032,784.6358,0.00412,0.7365,0.7447,0.1461,AVANZAR
4445,222.25,59.95,65.73,69.96,69.99,68.67,68.46,0.8165,0.7893,789.8042,784.8367,0.00412,0.7406,0.7517,0.1461,AVANZAR
4446,222.3,67.35,64.04,68.44,63.51,65.11,63.37,0.7798,0.7864,790.0052,785.0377,0.00412,0.7476,0.7523,0.1461,AVANZAR
4447,222.35,66.02,70.19,65.54,64.73,67.54,66.34,0.7525,0.7763,790.2061,785.2386,0.00412,0.7482,0.7488,0.1461,AVANZAR
4448,222.4,62.76,62.9,68.5,70.42,67.25,67.15,0.8149,0.7878,790.4071,785.4333,0.004055,0.7448,0.755,0.1461,AVANZAR
4449,222.45,68.62,61.03,61.14,65.99,68.87,58.4,0.7926,0.7893,790.608,785.6343,0.00412,0.7509,0.757,0.1461,AVANZAR
4450,222.5,70.63,67.37,66.59,69.03,65.94,64.58,0.7424,0.7752,790.809,785.8352,0.00412,0.7528,0.7513,0.1461,AVANZAR
4451,222.55,61.89,68.62,67.33,71.82,74.85,63.68,0.7867,0.7787,791.01,786.0362,0.00412,0.7472,0.753,0.1461,AVANZAR
4452,222.6,66.37,68.36,67.46,67.44,62.25,63.89,0.7602,0.7731,791.2109,786.2372,0.00412,0.7489,0.7505,0.1461,AVANZAR
4453,222.65,62.53,69.81,72.96,72.18,70.15,70.87,0.7762,0.774,791.4119,786.4381,0.00412,0.7464,0.7507,0.1461,AVANZAR
4454,222.7,70.32,82.56,65.69,65.06,67.72,66.33,0.6741,0.7441,791.6128,786.6391,0.00412,0.7466,0.736,0.1461,AVANZAR
4455,222.75,66.33,117.68,69.87,67.01,71.98,84.1,0.6035,0.7019,791.8138,786.84,0.00412,0.7319,0.7131,0.1461,CURVA_DERECHA
4456,222.8,59.07,192.32,72.73,67.75,63.53,119.51,0.5665,0.6613,792.0148,786.9028,0.002704,0.7104,0.6894,0.1461,CURVA_DERECHA
4457,222.85,64.72,194.04,67.73,71.18,63.68,146.37,0.5275,0.6211,792.2157,786.9594,0.002639,0.6868,0.6635,0.1461,CURVA_DERECHA
4458,222.9,63.39,298.67,64.0,67.19,69.11,232.64,0.4895,0.5817,792.4167,787.0222,0.002704,0.6608,0.6358,0.1461,CURVA_DERECHA
4459,222.95,67.79,500.06,63.72,63.68,64.48,437.67,0.4288,0.5358,792.6176,787.085,0.002704,0.6331,0.6032,0.1461,CURVA_DERECHA
4460,223.0,71.66,353.13,72.66,63.53,69.55,472.31,0.4298,0.504,792.8186,787.1415,0.002639,0.6006,0.5756,0.1461,GIRAR_DERECHA
4461,223.05,62.32,297.09,65.13,67.98,67.47,649.33,0.497,0.5019,792.9756,786.9845,0.0,0.5756,0.5641,0.1461,GIRAR_DERECHA
4462,223.1,74.58,60.37,70.41,60.08,66.23,1009.18,0.7673,0.5815,793.1326,786.8212,-6.4e-05,0.5642,0.5939,0.1461,GIRAR_DERECHA
4463,223.15,67.61,62.82,72.57,66.48,109.45,989.0,0.7862,0.6429,793.2959,786.6642,6.4e-05,0.5938,0.6219,0.1461,CURVA_DERECHA
4464,223.2,66.79,66.0,67.85,62.49,118.55,830.91,0.7712,0.6814,793.4968,786.727,0.002704,0.6192,0.6414,0.1461,CURVA_DERECHA
4465,223.25,71.83,66.06,62.74,64.1,135.44,782.53,0.7439,0.7001,793.6978,786.7835,0.002639,0.6388,0.6541,0.1461,CURVA_DERECHA
4466,223.3,60.56,63.36,68.91,66.73,162.23,705.1,0.8267,0.7381,793.8988,786.8463,0.002704,0.6514,0.677,0.1461,CURVA_DERECHA
4467,223.35,65.93,66.25,70.57,65.22,184.08,67.98,0.7747,0.7491,794.0997,786.9028,0.002639,0.6744,0.6891,0.1461,CURVA_DERECHA
4468,223.4,70.98,72.9,63.87,64.28,215.87,64.87,0.7118,0.7379,794.3007,786.9656,0.002704,0.6864,0.6901,0.1461,CURVA_DERECHA
4469,223.45,68.25,63.27,68.26,73.73,234.32,69.92,0.7797,0.7505,794.5016,787.0284,0.002704,0.6874,0.7009,0.1461,CURVA_DERECHA
4470,223.5,66.25,65.39,69.47,67.79,279.01,64.65,0.7779,0.7587,794.7026,787.085,0.002639,0.6982,0.7099,0.1461,CURVA_DERECHA
4471,223.55,63.97,68.1,65.12,63.29,310.2,70.31,0.7761,0.7639,794.9036,787.1478,0.002704,0.7072,0.7172,0.1461,CURVA_DERECHA
4472,223.6,64.95,65.22,65.32,66.56,329.56,67.71,0.7866,0.7707,795.1045,787.2043,0.002639,0.7146,0.7251,0.1461,CURVA_DERECHA
4473,223.65,68.85,62.2,64.33,63.93,414.41,63.82,0.7834,0.7745,795.3055,787.2671,0.002704,0.7224,0.7313,0.1461,CURVA_DERECHA
4474,223.7,67.94,70.04,65.54,73.27,64.76,61.03,0.7423,0.7649,795.5064,787.3299,0.002704,0.7286,0.7306,0.1461,AVANZAR
4475,223.75,66.9,74.08,68.14,67.98,70.34,66.88,0.7282,0.7539,795.7074,787.5246,0.004055,0.7266,0.7268,0.1461,AVANZAR
4476,223.8,70.42,71.25,63.95,67.82,62.03,66.89,0.7228,0.7446,795.9084,787.7255,0.00412,0.7227,0.7227,0.1461,AVANZAR
4477,223.85,73.95,68.19,70.91,67.41,66.36,69.73,0.7216,0.7377,796.1093,787.9265,0.00412,0.7186,0.719,0.1461,AVANZAR
4478,223.9,61.18,60.47,66.56,67.12,59.51,64.64,0.8418,0.7689,796.3103,788.1274,0.00412,0.7149,0.7334,0.1461,AVANZAR
4479,223.95,67.91,68.29,70.88,63.76,68.18,71.76,0.7519,0.7638,796.5112,788.3284,0.00412,0.7293,0.7326,0.1461,AVANZAR
4480,224.0,62.05,69.82,66.43,66.12,69.45,70.78,0.7792,0.7684,796.7059,788.5294,0.004055,0.7286,0.736,0.1461,AVANZAR
4481,224.05,73.01,68.57,74.37,62.98,69.05,63.7,0.724,0.7551,796.9069,788.7303,0.00412,0.7318,0.7307,0.1461,AVANZAR
4482,224.1,67.65,71.98,66.77,66.43,66.62,67.96,0.7341,0.7488,797.1078,788.9313,0.00412,0.7266,0.7277,0.1461,AVANZAR
4483,224.15,71.14,66.9,67.07,63.69,63.65,66.62,0.7425,0.7469,797.3088,789.1322,0.00412,0.7235,0.7263,0.1461,AVANZAR
4484,224.2,68.96,69.68,65.35,65.98,60.97,61.99,0.7386,0.7444,797.5098,789.3332,0.00412,0.7222,0.7246,0.1461,AVANZAR
4485,224.25,66.74,68.93,68.43,66.36,66.01,69.68,0.755,0.7476,797.7107,789.5342,0.00412,0.7205,0.7255,0.1461,AVANZAR
4486,224.3,66.04,73.32,67.96,66.11,63.62,70.06,0.7368,0.7444,797.9117,789.7351,0.00412,0.7214,0.7237,0.1461,AVANZAR
4487,224.35,76.77,63.6,64.12,69.59,70.88,72.2,0.736,0.7418,798.1126,789.9361,0.00412,0.7195,0.7219,0.1461,AVANZAR
4488,224.4,67.61,73.35,67.67,66.37,59.67,69.84,0.7276,0.7376,798.3136,790.137,0.00412,0.7178,0.7192,0.1461,AVANZAR
4489,224.45,68.2,59.13,73.72,63.31,73.02,66.48,0.8083,0.7588,798.5146,790.338,0.00412,0.7151,0.7287,0.1461,AVANZAR
4490,224.5,65.67,64.88,67.1,67.87,63.79,69.33,0.7844,0.7665,798.7155,790.539,0.00412,0.7246,0.7334,0.1461,AVANZAR
4491,224.55,66.72,67.68,66.46,66.7,65.84,69.69,0.762,0.7651,798.9165,790.7399,0.00412,0.7292,0.734,0.1461,AVANZAR
4492,224.6,64.64,66.12,59.13,68.47,74.51,74.2,0.7832,0.7706,799.1174,790.9409,0.00412,0.7299,0.7377,0.1461,AVANZAR
4493,224.65,66.31,62.11,67.54,62.47,67.77,67.69,0.7983,0.7789,799.3184,791.1418,0.00412,0.7336,0.743,0.1461,AVANZAR
4494,224.7,72.5,66.35,66.53,66.64,67.36,62.78,0.7389,0.7669,799.5194,791.3428,0.00412,0.7389,0.7389,0.1461,AVANZAR
4495,224.75,69.75,73.62,70.88,61.06,65.56,68.25,0.7148,0.7512,799.7203,791.5438,0.00412,0.7348,0.7319,0.1461,AVANZAR
4496,224.8,66.93,63.23,68.26,75.33,65.86,67.48,0.7874,0.7621,799.9213,791.7447,0.00412,0.7277,0.7365,0.1461,AVANZAR
4497,224.85,64.68,66.8,68.4,71.38,74.96,64.62,0.779,0.7672,800.1222,791.9457,0.00412,0.7323,0.7392,0.1461,AVANZAR
4498,224.9,65.56,62.95,63.52,64.28,63.37,67.69,0.7971,0.7762,800.3232,792.1466,0.00412,0.735,0.7441,0.1461,AVANZAR
4499,224.95,69.84,63.35,66.81,69.03,60.31,67.86,0.7706,0.7745,800.5242,792.3476,0.00412,0.74,0.7445,0.1461,AVANZAR
4500,225.0,91.94,68.54,69.67,70.66,72.37,69.44,0.652,0.7377,800.7251,792.5486,0.00412,0.7403,0.7274,0.1461,AVANZAR
4501,225.05,100.49,72.93,68.63,65.87,60.39,68.94,0.6058,0.6981,800.9261,792.7495,0.00412,0.7233,0.7061,0.1461,AVANZAR
4502,225.1,113.17,103.84,69.89,64.99,66.84,71.01,0.4727,0.6305,801.127,792.9505,0.00412,0.702,0.6685,0.1461,AVANZAR
4503,225.15,125.57,107.4,62.33,66.58,68.49,62.68,0.4422,0.574,801.328,793.1514,0.00412,0.6644,0.6319,0.1461,AVANZAR
4504,225.2,152.67,129.96,87.28,68.16,64.75,66.92,0.3647,0.5112,801.529,793.3524,0.00412,0.6278,0.5894,0.1461,GIRAR_IZQUIERDA
4505,225.25,157.39,107.16,113.82,62.25,65.27,67.43,0.4016,0.4783,801.3657,793.5094,-6.4e-05,0.5894,0.562,0.1461,GIRAR_IZQUIERDA
4506,225.3,152.32,89.89,127.56,66.34,65.22,59.62,0.4529,0.4707,801.2087,793.6727,6.4e-05,0.5619,0.546,0.1461,GIRAR_IZQUIERDA
4507,225.35,154.69,64.18,147.26,73.48,66.75,63.71,0.5644,0.4988,801.0454,793.8297,-6.4e-05,0.546,0.5487,0.1461,GIRAR_IZQUIERDA
4508,225.4,137.11,72.72,156.63,67.55,64.62,72.97,0.5387,0.5108,800.8884,793.993,6.4e-05,0.5487,0.5472,0.1461,GIRAR_IZQUIERDA
4509,225.45,135.57,62.82,166.91,65.52,60.28,60.83,0.5964,0.5365,800.7314,794.15,-0.0,0.5472,0.5544,0.1461,GIRAR_IZQUIERDA
4510,225.5,122.82,66.37,177.78,65.58,67.81,70.45,0.5941,0.5538,800.5681,794.307,-6.4e-05,0.5545,0.5603,0.1461,GIRAR_IZQUIERDA
4511,225.55,106.68,63.72,170.14,98.09,61.86,60.21,0.6417,0.5801,800.4111,794.4702,6.4e-05,0.5602,0.5721,0.1461,GIRAR_IZQUIERDA
4512,225.6,70.5,61.85,154.15,117.32,67.42,65.34,0.7771,0.6392,800.2478,794.6272,-6.4e-05,0.5722,0.6021,0.1461,CURVA_IZQUIERDA
4513,225.65,61.77,69.06,161.8,124.93,60.45,66.73,0.7851,0.683,800.3106,794.8282,0.002704,0.5994,0.6265,0.1461,CURVA_IZQUIERDA
4514,225.7,65.87,70.31,167.87,128.11,69.71,67.45,0.7527,0.7039,800.3672,795.0292,0.002639,0.6239,0.6427,0.1461,CURVA_IZQUIERDA
4515,225.75,68.6,63.98,164.19,146.96,63.73,67.14,0.7733,0.7247,800.43,795.2301,0.002704,0.64,0.6595,0.1461,CURVA_IZQUIERDA
4516,225.8,68.35,66.53,161.63,158.91,70.86,58.89,0.7593,0.7351,800.4928,795.4311,0.002704,0.6568,0.6718,0.1461,CURVA_IZQUIERDA
4517,225.85,64.58,68.37,163.69,179.81,69.1,67.85,0.7708,0.7458,800.5493,795.632,0.002639,0.6691,0.684,0.1461,CURVA_IZQUIERDA
4518,225.9,70.65,64.56,148.43,197.91,68.99,71.34,0.7589,0.7497,800.6121,795.833,0.002704,0.6813,0.6926,0.1461,CURVA_IZQUIERDA
4519,225.95,62.27,65.54,154.88,202.02,67.31,67.89,0.8017,0.7653,800.6686,796.034,0.002639,0.69,0.7063,0.1461,CURVA_IZQUIERDA
4520,226.0,59.73,69.87,128.93,211.01,65.57,68.2,0.795,0.7742,800.7314,796.2349,0.002704,0.7036,0.717,0.1461,CURVA_IZQUIERDA
4521,226.05,63.6,65.04,125.44,220.71,69.09,68.79,0.7961,0.7808,800.7942,796.4359,0.002704,0.7143,0.7262,0.1461,CURVA_IZQUIERDA
4522,226.1,70.66,64.62,121.91,225.85,69.85,66.52,0.7585,0.7741,800.8507,796.6368,0.002639,0.7236,0.7287,0.1461,CURVA_IZQUIERDA
4523,226.15,67.5,70.98,104.65,227.09,66.37,66.8,0.7399,0.7638,800.9135,796.8378,0.002704,0.726,0.728,0.1461,CURVA_IZQUIERDA
4524,226.2,61.56,64.76,98.22,223.73,66.93,67.3,0.8112,0.778,800.97,797.0388,0.002639,0.7254,0.7379,0.1461,CURVA_IZQUIERDA
4525,226.25,64.25,63.63,87.5,226.44,66.29,68.18,0.8007,0.7849,801.0328,797.2397,0.002704,0.7352,0.7448,0.1461,CURVA_IZQUIERDA
4526,226.3,71.64,59.19,69.1,215.94,68.09,64.06,0.7898,0.7863,801.0956,797.4407,0.002704,0.7421,0.7491,0.1461,CURVA_IZQUIERDA
4527,226.35,70.79,62.75,67.5,201.73,65.25,62.99,0.7696,0.7813,801.1522,797.6416,0.002639,0.7464,0.7498,0.1461,CURVA_IZQUIERDA
4528,226.4,71.77,69.6,73.18,195.93,68.61,63.44,0.7245,0.7643,801.215,797.8426,0.002704,0.7471,0.7438,0.1461,CURVA_IZQUIERDA
4529,226.45,65.93,70.39,68.02,178.14,68.27,74.71,0.752,0.7606,801.2715,798.0436,0.002639,0.7412,0.7427,0.1461,CURVA_IZQUIERDA
4530,226.5,73.72,66.82,67.76,152.18,63.97,60.4,0.7304,0.7515,801.3343,798.2445,0.002704,0.74,0.7386,0.1461,CURVA_IZQUIERDA
4531,226.55,69.87,70.01,63.99,144.41,69.02,67.28,0.7321,0.7457,801.3971,798.4455,0.002704,0.7359,0.7354,0.1461,CURVA_IZQUIERDA
4532,226.6,69.84,68.04,67.8,126.52,68.64,69.31,0.7428,0.7448,801.4536,798.6464,0.002639,0.7327,0.7342,0.1461,CURVA_IZQUIERDA
4533,226.65,72.03,69.49,64.35,115.85,67.06,63.9,0.7238,0.7385,801.5164,798.8474,0.002704,0.7315,0.7304,0.1461,CURVA_IZQUIERDA
4534,226.7,73.62,71.68,56.52,108.07,64.12,68.93,0.7049,0.7284,801.5729,799.0484,0.002639,0.7277,0.7244,0.1461,CURVA_IZQUIERDA
4535,226.75,68.02,66.37,69.92,91.57,63.21,64.74,0.7621,0.7385,801.6357,799.2493,0.002704,0.7217,0.7276,0.1461,CURVA_IZQUIERDA
4536,226.8,64.81,63.1,70.54,75.33,70.22,65.45,0.8007,0.7572,801.6985,799.4503,0.002704,0.7249,0.736,0.1461,AVANZAR
4537,226.85,68.82,67.93,59.81,66.58,68.13,62.55,0.7489,0.7547,801.8995,799.6512,0.00412,0.7318,0.7343,0.1461,AVANZAR
4538,226.9,67.34,71.74,68.71,62.6,68.46,68.36,0.737,0.7494,802.0942,799.8522,0.004055,0.7303,0.7313,0.1461,AVANZAR
4539,226.95,65.18,71.01,62.88,65.72,64.41,70.14,0.7532,0.7505,802.2951,800.0532,0.00412,0.7271,0.731,0.1461,AVANZAR
4540,227.0,67.76,72.04,66.41,66.17,64.98,67.02,0.7331,0.7453,802.4961,800.2541,0.00412,0.7268,0.7278,0.1461,AVANZAR
4541,227.05,65.6,68.33,69.53,68.94,73.11,70.32,0.7649,0.7512,802.697,800.4551,0.00412,0.7236,0.7297,0.1461,AVANZAR
4542,227.1,64.99,62.01,71.71,63.18,67.56,68.2,0.8067,0.7679,802.898,800.656,0.00412,0.7255,0.7374,0.1461,AVANZAR
4543,227.15,60.72,65.76,63.21,63.45,68.74,71.83,0.8109,0.7808,803.099,800.857,0.00412,0.7333,0.7446,0.1461,AVANZAR
4544,227.2,70.05,68.5,66.71,66.51,69.84,71.62,0.7392,0.7683,803.2999,801.0517,0.004055,0.7406,0.7404,0.1461,AVANZAR
4545,227.25,66.24,69.69,71.53,70.33,62.4,67.67,0.7538,0.7639,803.5009,801.2526,0.00412,0.7363,0.7388,0.1461,AVANZAR
4546,227.3,65.63,73.51,72.33,71.04,61.6,69.76,0.7383,0.7562,803.7018,801.4536,0.00412,0.7347,0.7352,0.1461,AVANZAR
4547,227.35,68.38,62.2,73.16,63.52,67.82,66.87,0.7859,0.7651,803.9028,801.6546,0.00412,0.7311,0.7391,0.1461,AVANZAR
4548,227.4,61.23,72.0,69.51,68.5,65.38,67.76,0.7736,0.7677,804.1038,801.8555,0.00412,0.735,0.7406,0.1461,AVANZAR
4549,227.45,70.13,64.54,65.44,63.16,68.69,66.99,0.7617,0.7659,804.3047,802.0565,0.00412,0.7365,0.7402,0.1461,AVANZAR
4550,227.5,69.46,69.02,67.7,73.3,70.24,67.31,0.7395,0.758,804.5057,802.2574,0.00412,0.7361,0.7366,0.1461,AVANZAR
4551,227.55,66.31,67.03,68.97,67.12,64.32,68.14,0.768,0.761,804.7066,802.4584,0.00412,0.7324,0.7376,0.1461,AVANZAR
4552,227.6,67.28,69.17,68.23,67.49,71.86,65.03,0.7506,0.7578,804.9076,802.6594,0.00412,0.7335,0.736,0.1461,AVANZAR
4553,227.65,66.66,62.54,70.57,69.1,69.05,66.87,0.7934,0.7685,805.1086,802.8603,0.00412,0.7319,0.7409,0.1461,AVANZAR
4554,227.7,62.43,70.16,67.45,65.08,68.71,66.82,0.7749,0.7704,805.3095,803.0613,0.00412,0.7368,0.7423,0.1461,AVANZAR
4555,227.75,65.03,66.49,64.02,61.18,66.92,64.26,0.7787,0.7729,805.5105,803.2622,0.00412,0.7382,0.7441,0.1461,AVANZAR
4556,227.8,71.91,61.19,69.81,64.01,61.85,68.44,0.7744,0.7734,805.7114,803.4632,0.00412,0.74,0.745,0.1461,AVANZAR
4557,227.85,64.53,59.9,65.11,70.78,65.45,61.01,0.8241,0.7886,805.9124,803.6642,0.00412,0.7409,0.7531,0.1461,AVANZAR
4558,227.9,67.73,65.53,77.71,71.46,66.52,67.28,0.7686,0.7826,806.1134,803.8651,0.00412,0.749,0.7518,0.1461,AVANZAR
4559,227.95,66.33,62.5,63.1,62.73,71.02,68.76,0.7955,0.7865,806.3143,804.0661,0.00412,0.7477,0.7547,0.1461,AVANZAR
4560,228.0,63.93,72.76,70.06,63.09,66.91,69.09,0.7523,0.7762,806.5153,804.267,0.00412,0.7506,0.7508,0.1461,AVANZAR
4561,228.05,64.49,64.29,71.03,64.84,69.97,62.04,0.7951,0.7819,806.7162,804.468,0.00412,0.7467,0.7538,0.1461,AVANZAR
4562,228.1,66.64,69.17,67.41,71.12,67.15,63.36,0.7543,0.7736,806.9172,804.669,0.00412,0.7497,0.7503,0.1461,AVANZAR
